person_id,work_id
020045890d23,W2015674562
020045890d23,W2275005455
020045890d23,W2738389408
020045890d23,W2742929568
020045890d23,W2752759852
020045890d23,W2784390971
020045890d23,W2804204366
020045890d23,W2831145637
020045890d23,W2887036473
020045890d23,W2898278889
020045890d23,W2905662949
020045890d23,W2969496492
020045890d23,W3035847802
020045890d23,W3045833482
020045890d23,W3129698899
020045890d23,W3155880636
020045890d23,W3156098670
020045890d23,W3158526280
020045890d23,W3161093677
020045890d23,W3164959107
020045890d23,W3191266891
020045890d23,W3194556472
020045890d23,W4206999276
020045890d23,W4213300152
020045890d23,W4220905106
020045890d23,W4229024345
020045890d23,W4231857056
020045890d23,W4232435270
020045890d23,W4236283650
020045890d23,W4236876207
020045890d23,W4240280223
020045890d23,W4241225173
020045890d23,W4254652188
020045890d23,W4281897748
020045890d23,W4283366093
020045890d23,W4286621925
020045890d23,W4294190734
020045890d23,W4297369685
020045890d23,W4311709718
020045890d23,W4321601302
020045890d23,W4328116293
020045890d23,W4353070729
020045890d23,W4366985880
020045890d23,W4378214507
020045890d23,W4380077743
020045890d23,W4385222854
020045890d23,W4385225444
020045890d23,W4386272252
020045890d23,W4386330229
020045890d23,W4387910430
020045890d23,W4390617084
020045890d23,W4391260924
020045890d23,W4391629219
020045890d23,W4399524008
020045890d23,W4403036292
020045890d23,W4403241183
020045890d23,W4403430226
020045890d23,W4403510391
020045890d23,W4403926545
020045890d23,W4404110491
020045890d23,W4408753294
020045890d23,W4408818139
020045890d23,W4411330568
020045890d23,W4414594332
020045890d23,W4415945798
020045890d23,W4415966190
020045890d23,W4416000707
020045890d23,W7202211366
027fb5efdc82,W1480987567
027fb5efdc82,W1538108491
027fb5efdc82,W1538887405
027fb5efdc82,W1594192217
027fb5efdc82,W164549
027fb5efdc82,W1721801679
027fb5efdc82,W1755791727
027fb5efdc82,W1971062813
027fb5efdc82,W1971301841
027fb5efdc82,W1972514865
027fb5efdc82,W1980929753
027fb5efdc82,W1986243355
027fb5efdc82,W1990210672
027fb5efdc82,W1993925502
027fb5efdc82,W1993979041
027fb5efdc82,W1996645350
027fb5efdc82,W1999021497
027fb5efdc82,W2001124589
027fb5efdc82,W2005694422
027fb5efdc82,W2009453175
027fb5efdc82,W2030118973
027fb5efdc82,W2031125651
027fb5efdc82,W2044086377
027fb5efdc82,W2064182530
027fb5efdc82,W2081156940
027fb5efdc82,W2095804521
027fb5efdc82,W2100222495
027fb5efdc82,W2100434688
027fb5efdc82,W2101553297
027fb5efdc82,W2106100370
027fb5efdc82,W2118508845
027fb5efdc82,W2118864347
027fb5efdc82,W2123639391
027fb5efdc82,W2129168188
027fb5efdc82,W2130518563
027fb5efdc82,W2131054856
027fb5efdc82,W2134195716
027fb5efdc82,W2136685821
027fb5efdc82,W2138410680
027fb5efdc82,W2140053249
027fb5efdc82,W2141038596
027fb5efdc82,W2146536023
027fb5efdc82,W2149784807
027fb5efdc82,W2158957398
027fb5efdc82,W2161673253
027fb5efdc82,W2168318267
027fb5efdc82,W2168868899
027fb5efdc82,W2169531926
027fb5efdc82,W2177722048
027fb5efdc82,W2183620196
027fb5efdc82,W2183724832
027fb5efdc82,W2187430030
027fb5efdc82,W2226233279
027fb5efdc82,W2251666602
027fb5efdc82,W2266315496
027fb5efdc82,W2291698658
027fb5efdc82,W2292560873
027fb5efdc82,W2295816104
027fb5efdc82,W2296757461
027fb5efdc82,W2304102200
027fb5efdc82,W2315356839
027fb5efdc82,W2339547588
027fb5efdc82,W2395498967
027fb5efdc82,W2395519003
027fb5efdc82,W2396235778
027fb5efdc82,W2396361046
027fb5efdc82,W2396566415
027fb5efdc82,W2397105195
027fb5efdc82,W2397173205
027fb5efdc82,W2397225800
027fb5efdc82,W2397983623
027fb5efdc82,W2398390498
027fb5efdc82,W2398490608
027fb5efdc82,W2399043999
027fb5efdc82,W2399230125
027fb5efdc82,W2399323185
027fb5efdc82,W2399664373
027fb5efdc82,W2400139163
027fb5efdc82,W2400267034
027fb5efdc82,W2400380515
027fb5efdc82,W2400769979
027fb5efdc82,W2401126384
027fb5efdc82,W2401771225
027fb5efdc82,W2402272953
027fb5efdc82,W2402997540
027fb5efdc82,W2403088957
027fb5efdc82,W2404266963
027fb5efdc82,W2404500387
027fb5efdc82,W2404856694
027fb5efdc82,W2406360021
027fb5efdc82,W2408311675
027fb5efdc82,W2410049319
027fb5efdc82,W2462504294
027fb5efdc82,W2475227985
027fb5efdc82,W2475253740
027fb5efdc82,W2481192300
027fb5efdc82,W2488227055
027fb5efdc82,W2488689056
027fb5efdc82,W2504555135
027fb5efdc82,W2514541602
027fb5efdc82,W2518063274
027fb5efdc82,W2523868740
027fb5efdc82,W2525032226
027fb5efdc82,W2541634749
027fb5efdc82,W2553227964
027fb5efdc82,W2568606478
027fb5efdc82,W2574269384
027fb5efdc82,W2574797849
027fb5efdc82,W2575856964
027fb5efdc82,W2576930241
027fb5efdc82,W2577547690
027fb5efdc82,W2578611807
027fb5efdc82,W2593730212
027fb5efdc82,W2595479191
027fb5efdc82,W2610216373
027fb5efdc82,W2620571475
027fb5efdc82,W2626199808
027fb5efdc82,W2626472310
027fb5efdc82,W2740219182
027fb5efdc82,W2754656208
027fb5efdc82,W2757692936
027fb5efdc82,W2766350651
027fb5efdc82,W2767250560
027fb5efdc82,W2767592606
027fb5efdc82,W2768381684
027fb5efdc82,W2768705452
027fb5efdc82,W2772732614
027fb5efdc82,W2775835067
027fb5efdc82,W2776371147
027fb5efdc82,W2776409970
027fb5efdc82,W2777018554
027fb5efdc82,W2777178471
027fb5efdc82,W2777660616
027fb5efdc82,W2777672493
027fb5efdc82,W2778093318
027fb5efdc82,W2779370474
027fb5efdc82,W2780600737
027fb5efdc82,W2780709959
027fb5efdc82,W2780755327
027fb5efdc82,W2781187601
027fb5efdc82,W2781449863
027fb5efdc82,W2781651597
027fb5efdc82,W2781793189
027fb5efdc82,W2781973653
027fb5efdc82,W2782009241
027fb5efdc82,W2782278703
027fb5efdc82,W2782390463
027fb5efdc82,W2782398081
027fb5efdc82,W2782905495
027fb5efdc82,W2784704986
027fb5efdc82,W2785183465
027fb5efdc82,W2785359669
027fb5efdc82,W2785496809
027fb5efdc82,W2785499458
027fb5efdc82,W2785660982
027fb5efdc82,W2785824787
027fb5efdc82,W2785836990
027fb5efdc82,W2786088222
027fb5efdc82,W2786368772
027fb5efdc82,W2786936521
027fb5efdc82,W2787205448
027fb5efdc82,W2787566244
027fb5efdc82,W2787640525
027fb5efdc82,W2787865175
027fb5efdc82,W2787915713
027fb5efdc82,W2788237350
027fb5efdc82,W2790062600
027fb5efdc82,W2791637438
027fb5efdc82,W2791802880
027fb5efdc82,W2795577448
027fb5efdc82,W2800813250
027fb5efdc82,W2801575510
027fb5efdc82,W2807881096
027fb5efdc82,W2811186159
027fb5efdc82,W2811735700
027fb5efdc82,W2883469905
027fb5efdc82,W2883630960
027fb5efdc82,W2883633984
027fb5efdc82,W2884256690
027fb5efdc82,W2884280691
027fb5efdc82,W2892301206
027fb5efdc82,W2893297073
027fb5efdc82,W2893772008
027fb5efdc82,W2900456377
027fb5efdc82,W2902938021
027fb5efdc82,W2910821810
027fb5efdc82,W2913119044
027fb5efdc82,W2913314774
027fb5efdc82,W2914205977
027fb5efdc82,W2916709617
027fb5efdc82,W2930441784
027fb5efdc82,W2935158194
027fb5efdc82,W2936257342
027fb5efdc82,W2939684195
027fb5efdc82,W2940550985
027fb5efdc82,W2940717601
027fb5efdc82,W2940744317
027fb5efdc82,W2941030307
027fb5efdc82,W2941156205
027fb5efdc82,W2941358529
027fb5efdc82,W2941687576
027fb5efdc82,W2941854726
027fb5efdc82,W2942494792
027fb5efdc82,W2943456001
027fb5efdc82,W2943906602
027fb5efdc82,W2945694595
027fb5efdc82,W2945933075
027fb5efdc82,W2948689670
027fb5efdc82,W2950758804
027fb5efdc82,W2950820404
027fb5efdc82,W2952163693
027fb5efdc82,W2952957494
027fb5efdc82,W2953073808
027fb5efdc82,W2953778678
027fb5efdc82,W2954987451
027fb5efdc82,W2955060386
027fb5efdc82,W2955960843
027fb5efdc82,W2962676568
027fb5efdc82,W2964384002
027fb5efdc82,W2964774183
027fb5efdc82,W2968094157
027fb5efdc82,W2974342968
027fb5efdc82,W2978573329
027fb5efdc82,W2978824220
027fb5efdc82,W2978979089
027fb5efdc82,W2979081724
027fb5efdc82,W2979266675
027fb5efdc82,W2980887164
027fb5efdc82,W2990079994
027fb5efdc82,W2990310315
027fb5efdc82,W2995437964
027fb5efdc82,W2996639768
027fb5efdc82,W3007452670
027fb5efdc82,W3008437814
027fb5efdc82,W3008498659
027fb5efdc82,W3009215973
027fb5efdc82,W3009332203
027fb5efdc82,W3014476453
027fb5efdc82,W3017120527
027fb5efdc82,W3023308127
027fb5efdc82,W3024482629
027fb5efdc82,W3026826216
027fb5efdc82,W3027808821
027fb5efdc82,W3034272812
027fb5efdc82,W3036076479
027fb5efdc82,W3037422085
027fb5efdc82,W3038727590
027fb5efdc82,W3039128880
027fb5efdc82,W3040745977
027fb5efdc82,W3046471626
027fb5efdc82,W3047100490
027fb5efdc82,W3048184612
027fb5efdc82,W3084747096
027fb5efdc82,W3088253679
027fb5efdc82,W3102574417
027fb5efdc82,W3104413395
027fb5efdc82,W3107313323
027fb5efdc82,W3111682768
027fb5efdc82,W3119948327
027fb5efdc82,W3126868669
027fb5efdc82,W3129951553
027fb5efdc82,W3133948151
027fb5efdc82,W3134249078
027fb5efdc82,W3134643436
027fb5efdc82,W3134674144
027fb5efdc82,W3134843203
027fb5efdc82,W3135025481
027fb5efdc82,W3135131435
027fb5efdc82,W3135547793
027fb5efdc82,W3137537418
027fb5efdc82,W3146622096
027fb5efdc82,W3154553588
027fb5efdc82,W3157105336
027fb5efdc82,W3160088219
027fb5efdc82,W3160103348
027fb5efdc82,W3160753038
027fb5efdc82,W3160821388
027fb5efdc82,W3161922277
027fb5efdc82,W3162231828
027fb5efdc82,W3162437619
027fb5efdc82,W3163385305
027fb5efdc82,W3163891380
027fb5efdc82,W3163934194
027fb5efdc82,W3164003079
027fb5efdc82,W3164459966
027fb5efdc82,W3164800000
027fb5efdc82,W3164855302
027fb5efdc82,W3165074024
027fb5efdc82,W3165477897
027fb5efdc82,W3167009206
027fb5efdc82,W3167452705
027fb5efdc82,W3168702883
027fb5efdc82,W3170039508
027fb5efdc82,W3172600728
027fb5efdc82,W3175201286
027fb5efdc82,W3175740371
027fb5efdc82,W3177130825
027fb5efdc82,W3177770702
027fb5efdc82,W3183908238
027fb5efdc82,W3185417146
027fb5efdc82,W3185925742
027fb5efdc82,W3186040138
027fb5efdc82,W3186508144
027fb5efdc82,W3201089379
027fb5efdc82,W3204815468
027fb5efdc82,W3210098775
027fb5efdc82,W3210654785
027fb5efdc82,W3213074988
027fb5efdc82,W3213916331
027fb5efdc82,W3216869777
027fb5efdc82,W4200526505
027fb5efdc82,W4206039057
027fb5efdc82,W4206981040
027fb5efdc82,W4210419129
027fb5efdc82,W4213114893
027fb5efdc82,W4213117155
027fb5efdc82,W4214534115
027fb5efdc82,W4220777686
027fb5efdc82,W4224241270
027fb5efdc82,W4225376899
027fb5efdc82,W4226030126
027fb5efdc82,W4230041923
027fb5efdc82,W4230342701
027fb5efdc82,W4230439177
027fb5efdc82,W4230593775
027fb5efdc82,W4230637005
027fb5efdc82,W4230687284
027fb5efdc82,W4233331466
027fb5efdc82,W4233649963
027fb5efdc82,W4234791661
027fb5efdc82,W4235088240
027fb5efdc82,W4235161313
027fb5efdc82,W4235299433
027fb5efdc82,W4235649655
027fb5efdc82,W4235777371
027fb5efdc82,W4236059879
027fb5efdc82,W4236264280
027fb5efdc82,W4236620258
027fb5efdc82,W4236632812
027fb5efdc82,W4237567604
027fb5efdc82,W4238633227
027fb5efdc82,W4239274216
027fb5efdc82,W4239527558
027fb5efdc82,W4240428676
027fb5efdc82,W4240682539
027fb5efdc82,W4241062884
027fb5efdc82,W4241482853
027fb5efdc82,W4241489836
027fb5efdc82,W4241961269
027fb5efdc82,W4243341362
027fb5efdc82,W4243976755
027fb5efdc82,W4244868372
027fb5efdc82,W4245724486
027fb5efdc82,W4246031374
027fb5efdc82,W4246245578
027fb5efdc82,W4246880314
027fb5efdc82,W4247436893
027fb5efdc82,W4247533034
027fb5efdc82,W4249026462
027fb5efdc82,W4251679160
027fb5efdc82,W4252034684
027fb5efdc82,W4253135078
027fb5efdc82,W4253358094
027fb5efdc82,W4253379987
027fb5efdc82,W4253947715
027fb5efdc82,W4254144427
027fb5efdc82,W4254399446
027fb5efdc82,W4254421226
027fb5efdc82,W4254991573
027fb5efdc82,W4280508579
027fb5efdc82,W4280516957
027fb5efdc82,W4280531643
027fb5efdc82,W4281707731
027fb5efdc82,W4281733607
027fb5efdc82,W4281872670
027fb5efdc82,W4283374319
027fb5efdc82,W4283781738
027fb5efdc82,W4285043753
027fb5efdc82,W4285098844
027fb5efdc82,W4285763145
027fb5efdc82,W4287215694
027fb5efdc82,W4287757752
027fb5efdc82,W4293005076
027fb5efdc82,W4294255314
027fb5efdc82,W4294912038
027fb5efdc82,W4298395550
027fb5efdc82,W4299365019
027fb5efdc82,W4304957345
027fb5efdc82,W4308060942
027fb5efdc82,W4308231222
027fb5efdc82,W4308680070
027fb5efdc82,W4309190850
027fb5efdc82,W4309757293
027fb5efdc82,W4310937812
027fb5efdc82,W4311834038
027fb5efdc82,W4312069611
027fb5efdc82,W4312070144
027fb5efdc82,W4312120068
027fb5efdc82,W4313291869
027fb5efdc82,W4313640636
027fb5efdc82,W4315498632
027fb5efdc82,W4315641074
027fb5efdc82,W4318161560
027fb5efdc82,W4321784565
027fb5efdc82,W4322631583
027fb5efdc82,W4327568982
027fb5efdc82,W4353081983
027fb5efdc82,W4365515921
027fb5efdc82,W4366822679
027fb5efdc82,W4372081958
027fb5efdc82,W4376114088
027fb5efdc82,W4378832567
027fb5efdc82,W4379793961
027fb5efdc82,W4382240547
027fb5efdc82,W4382404016
027fb5efdc82,W4382404227
027fb5efdc82,W4385363516
027fb5efdc82,W4385459923
027fb5efdc82,W4385953436
027fb5efdc82,W4386022555
027fb5efdc82,W4386044331
027fb5efdc82,W4386333952
027fb5efdc82,W4386347008
027fb5efdc82,W4386596863
027fb5efdc82,W4386966972
027fb5efdc82,W4387115551
027fb5efdc82,W4387660825
027fb5efdc82,W4388479433
027fb5efdc82,W4388501853
027fb5efdc82,W4388637372
027fb5efdc82,W4388709340
027fb5efdc82,W4388825532
027fb5efdc82,W4388850051
027fb5efdc82,W4390698650
027fb5efdc82,W4390841474
027fb5efdc82,W4390912049
027fb5efdc82,W4390916829
027fb5efdc82,W4391653977
027fb5efdc82,W4391654754
027fb5efdc82,W4393853364
027fb5efdc82,W4393968405
027fb5efdc82,W4394863495
027fb5efdc82,W4396571992
027fb5efdc82,W4396668017
027fb5efdc82,W4396893649
027fb5efdc82,W4398996885
027fb5efdc82,W4399153076
027fb5efdc82,W4399162789
027fb5efdc82,W4399628341
027fb5efdc82,W4399655482
027fb5efdc82,W4399759499
027fb5efdc82,W4399794219
027fb5efdc82,W4399807372
027fb5efdc82,W4400117942
027fb5efdc82,W4400200459
027fb5efdc82,W4400352747
027fb5efdc82,W4400889759
027fb5efdc82,W4400952841
027fb5efdc82,W4401671107
027fb5efdc82,W4401792959
027fb5efdc82,W4401799613
027fb5efdc82,W4402253710
027fb5efdc82,W4402714419
027fb5efdc82,W4402904484
027fb5efdc82,W4403362766
027fb5efdc82,W4403516938
027fb5efdc82,W4403719913
027fb5efdc82,W4403740426
027fb5efdc82,W4404271611
027fb5efdc82,W4404562765
027fb5efdc82,W4404773061
027fb5efdc82,W4404782836
027fb5efdc82,W4404944529
027fb5efdc82,W4404957577
027fb5efdc82,W4404964504
027fb5efdc82,W4405251846
027fb5efdc82,W4406178811
027fb5efdc82,W4406179107
027fb5efdc82,W4407080436
027fb5efdc82,W4407314402
027fb5efdc82,W4407393904
027fb5efdc82,W4407558150
027fb5efdc82,W4407734496
027fb5efdc82,W4408176855
027fb5efdc82,W4408194610
027fb5efdc82,W4408195410
027fb5efdc82,W4408928175
027fb5efdc82,W4409058660
027fb5efdc82,W4409059214
027fb5efdc82,W4409424401
027fb5efdc82,W4409631643
027fb5efdc82,W4409656349
027fb5efdc82,W4409658947
027fb5efdc82,W4410003322
027fb5efdc82,W4410024214
027fb5efdc82,W4410069607
027fb5efdc82,W4410183617
027fb5efdc82,W4410253802
027fb5efdc82,W4410306130
027fb5efdc82,W4410641652
027fb5efdc82,W4410709203
027fb5efdc82,W4410896158
027fb5efdc82,W4411264718
027fb5efdc82,W4411339636
027fb5efdc82,W4411403101
027fb5efdc82,W4411631869
027fb5efdc82,W4411848383
027fb5efdc82,W4412605752
027fb5efdc82,W4412825853
027fb5efdc82,W4412853744
027fb5efdc82,W4412938098
027fb5efdc82,W4413097906
027fb5efdc82,W4413152707
027fb5efdc82,W4413420993
027fb5efdc82,W4413556475
027fb5efdc82,W4413819078
027fb5efdc82,W4414014408
027fb5efdc82,W4414140946
027fb5efdc82,W4414162126
027fb5efdc82,W4414593219
027fb5efdc82,W4414593452
027fb5efdc82,W4414997717
027fb5efdc82,W4415051150
027fb5efdc82,W4415247329
027fb5efdc82,W4415410718
027fb5efdc82,W4415444800
027fb5efdc82,W4415629714
027fb5efdc82,W4415630381
027fb5efdc82,W4415796790
027fb5efdc82,W4415985910
027fb5efdc82,W4416023365
027fb5efdc82,W4416507634
027fb5efdc82,W4417288816
027fb5efdc82,W4417417655
027fb5efdc82,W4417427782
027fb5efdc82,W58377777
027fb5efdc82,W7103893404
027fb5efdc82,W7154089674
027fb5efdc82,W7154146288
027fb5efdc82,W7155016654
027fb5efdc82,W7155199329
027fb5efdc82,W7160990239
027fb5efdc82,W7161061751
027fb5efdc82,W7161764664
027fb5efdc82,W7161774311
027fb5efdc82,W7161937288
027fb5efdc82,W7162226917
027fb5efdc82,W7162632368
027fb5efdc82,W7162639197
027fb5efdc82,W7162639693
027fb5efdc82,W7162641030
027fb5efdc82,W7162641104
027fb5efdc82,W7162645320
027fb5efdc82,W7162647326
027fb5efdc82,W7162647733
027fb5efdc82,W7162654465
027fb5efdc82,W7162654831
027fb5efdc82,W7162668046
027fb5efdc82,W7162668601
027fb5efdc82,W7162670029
027fb5efdc82,W7162671337
027fb5efdc82,W7162671649
027fb5efdc82,W7162672064
027fb5efdc82,W7162675677
027fb5efdc82,W7162675861
027fb5efdc82,W7162677902
027fb5efdc82,W7162678032
027fb5efdc82,W7162681948
027fb5efdc82,W7162683475
027fb5efdc82,W7162684223
027fb5efdc82,W7162687078
027fb5efdc82,W7162687933
027fb5efdc82,W7162688692
027fb5efdc82,W7162689755
027fb5efdc82,W7162692924
027fb5efdc82,W7162695538
027fb5efdc82,W7162697241
027fb5efdc82,W7163737801
027fb5efdc82,W7163777334
027fb5efdc82,W7163781964
027fb5efdc82,W7163785121
027fb5efdc82,W7163786461
027fb5efdc82,W7163791203
027fb5efdc82,W7163793350
027fb5efdc82,W7163793965
027fb5efdc82,W7163795625
027fb5efdc82,W7163796275
027fb5efdc82,W7163796721
027fb5efdc82,W7163797267
027fb5efdc82,W7163798918
027fb5efdc82,W7163829031
027fb5efdc82,W7164000948
027fb5efdc82,W7164007000
027fb5efdc82,W7164091108
027fb5efdc82,W7164091757
027fb5efdc82,W7164095587
027fb5efdc82,W7164096227
027fb5efdc82,W7164098336
027fb5efdc82,W7164100500
027fb5efdc82,W7164101268
027fb5efdc82,W7164103000
027fb5efdc82,W7164103795
027fb5efdc82,W7164104984
027fb5efdc82,W7164107274
027fb5efdc82,W7164108223
027fb5efdc82,W7164108343
027fb5efdc82,W7164108399
027fb5efdc82,W7164110795
027fb5efdc82,W7164111031
027fb5efdc82,W7164528628
027fb5efdc82,W7165003914
027fb5efdc82,W7165048277
027fb5efdc82,W7165647334
027fb5efdc82,W7165796794
027fb5efdc82,W7167238040
027fb5efdc82,W7167284853
027fb5efdc82,W7167607079
027fb5efdc82,W7167636343
027fb5efdc82,W7167892367
027fb5efdc82,W7171535916
027fb5efdc82,W7172347840
027fb5efdc82,W7201992379
027fb5efdc82,W7202156313
027fb5efdc82,W774517544
027fb5efdc82,W815898224
027fb5efdc82,W852054051
02aa4ea465d9,W3150020114
02aa4ea465d9,W3191721219
02aa4ea465d9,W3201866125
02aa4ea465d9,W3209131153
02aa4ea465d9,W4221040698
02aa4ea465d9,W4250222839
02aa4ea465d9,W4293068350
02aa4ea465d9,W4362700701
02aa4ea465d9,W4388698718
02aa4ea465d9,W4389132237
02aa4ea465d9,W4390721566
02aa4ea465d9,W4394133479
02aa4ea465d9,W4394181132
02aa4ea465d9,W4394470704
02aa4ea465d9,W4409146945
02aa4ea465d9,W4414876758
02f15d4aa458,W4212807124
02f15d4aa458,W4285802491
02f15d4aa458,W4293462689
02f15d4aa458,W4296715787
02f15d4aa458,W4309994196
02f15d4aa458,W4311163352
02f15d4aa458,W4312089128
02f15d4aa458,W4320482578
02f15d4aa458,W4361217415
02f15d4aa458,W4388798755
02f15d4aa458,W4388961195
02f15d4aa458,W4390825543
02f15d4aa458,W4391548038
02f15d4aa458,W4391569291
02f15d4aa458,W4391585184
02f15d4aa458,W4391585276
02f15d4aa458,W4392897180
02f15d4aa458,W4394947221
02f15d4aa458,W4396853698
02f15d4aa458,W4399922055
02f15d4aa458,W4401514729
02f15d4aa458,W4402462774
02f15d4aa458,W4405917984
02f15d4aa458,W4407493597
02f15d4aa458,W4411136840
02f15d4aa458,W4415411310
02f15d4aa458,W4415411360
02f15d4aa458,W4415668760
02f15d4aa458,W7124819315
02f15d4aa458,W7124888082
02f15d4aa458,W7127255927
02f15d4aa458,W7167571007
02f15d4aa458,W7168115713
02f15d4aa458,W7169513357
02f15d4aa458,W7169765320
03aa01c8233c,W1992455815
03aa01c8233c,W1993871814
03aa01c8233c,W2010450338
03aa01c8233c,W2048465186
03aa01c8233c,W2053402164
03aa01c8233c,W2079285057
03aa01c8233c,W2082466797
03aa01c8233c,W2140081727
03aa01c8233c,W2168583567
03aa01c8233c,W2615483438
03aa01c8233c,W2740005378
03aa01c8233c,W4405929629
03aa01c8233c,W4408293312
03aa01c8233c,W4408541013
03aa01c8233c,W4414887238
03aa01c8233c,W4416818361
046ad4dc94a3,W4220757339
046ad4dc94a3,W4407758141
046ad4dc94a3,W4408801135
04a74276696c,W16446529
04a74276696c,W1964070759
04a74276696c,W1965092508
04a74276696c,W1966841101
04a74276696c,W1981716107
04a74276696c,W1984834573
04a74276696c,W1987585578
04a74276696c,W1990654608
04a74276696c,W1991547742
04a74276696c,W1994069895
04a74276696c,W2015342024
04a74276696c,W2040397162
04a74276696c,W2046100318
04a74276696c,W2048034644
04a74276696c,W2066590741
04a74276696c,W2068049125
04a74276696c,W2075707980
04a74276696c,W2075740800
04a74276696c,W2077727485
04a74276696c,W2077834512
04a74276696c,W2078621206
04a74276696c,W2081431639
04a74276696c,W2086648914
04a74276696c,W2087370662
04a74276696c,W2088883658
04a74276696c,W2089246517
04a74276696c,W2104217358
04a74276696c,W2109556141
04a74276696c,W2114551991
04a74276696c,W2135482934
04a74276696c,W2137888928
04a74276696c,W2144443493
04a74276696c,W2149360209
04a74276696c,W2154183956
04a74276696c,W2234624406
04a74276696c,W2293202700
04a74276696c,W2312286984
04a74276696c,W2312505825
04a74276696c,W2312854804
04a74276696c,W2314624147
04a74276696c,W2315264808
04a74276696c,W2316210715
04a74276696c,W2317032845
04a74276696c,W2317536463
04a74276696c,W2318422815
04a74276696c,W2320378033
04a74276696c,W2321511203
04a74276696c,W2322107885
04a74276696c,W2322664461
04a74276696c,W2322844863
04a74276696c,W2323067373
04a74276696c,W2323504576
04a74276696c,W2323635180
04a74276696c,W2325096648
04a74276696c,W2325369580
04a74276696c,W2325737127
04a74276696c,W2325956628
04a74276696c,W2326119580
04a74276696c,W2327252918
04a74276696c,W2327712973
04a74276696c,W2328243138
04a74276696c,W2328841730
04a74276696c,W2330354748
04a74276696c,W2331389233
04a74276696c,W2331428912
04a74276696c,W2332406424
04a74276696c,W2332553361
04a74276696c,W2332592747
04a74276696c,W2333062380
04a74276696c,W2334879732
04a74276696c,W2334977394
04a74276696c,W2335387631
04a74276696c,W2475614946
04a74276696c,W2482059684
04a74276696c,W2482126781
04a74276696c,W2482905675
04a74276696c,W2484489347
04a74276696c,W2485834296
04a74276696c,W2488341664
04a74276696c,W2490166820
04a74276696c,W2490539020
04a74276696c,W2496618304
04a74276696c,W2497281561
04a74276696c,W2501932167
04a74276696c,W2502184134
04a74276696c,W2503654682
04a74276696c,W2517070680
04a74276696c,W2556850200
04a74276696c,W2785225054
04a74276696c,W2916697788
04a74276696c,W2977703522
04a74276696c,W2978112647
04a74276696c,W3016531235
04a74276696c,W3026016154
04a74276696c,W3040664913
04a74276696c,W3082414225
04a74276696c,W3153020781
04a74276696c,W3154015863
04a74276696c,W3154805811
04a74276696c,W3155703646
04a74276696c,W3173479179
04a74276696c,W3174002440
04a74276696c,W3175131732
04a74276696c,W3176112532
04a74276696c,W4205191965
04a74276696c,W4213014018
04a74276696c,W4224241842
04a74276696c,W4236341715
04a74276696c,W4249954991
04a74276696c,W4253388673
04a74276696c,W4317767243
04a74276696c,W4319780899
04a74276696c,W4362449272
04a74276696c,W4404773061
04a74276696c,W4410942299
04a74276696c,W443241892
04a74276696c,W494730729
04a74276696c,W657223817
04a74276696c,W7164807462
04a74276696c,W7166804272
05276ee1c91b,W1139827496
05276ee1c91b,W1500428425
05276ee1c91b,W1974101760
05276ee1c91b,W1987297273
05276ee1c91b,W1989600987
05276ee1c91b,W2036970657
05276ee1c91b,W2100678352
05276ee1c91b,W2102393246
05276ee1c91b,W2106309138
05276ee1c91b,W2111467434
05276ee1c91b,W2115965766
05276ee1c91b,W2116688954
05276ee1c91b,W2117643870
05276ee1c91b,W2118789830
05276ee1c91b,W2123084923
05276ee1c91b,W2123596287
05276ee1c91b,W2126040689
05276ee1c91b,W2126057108
05276ee1c91b,W2134929000
05276ee1c91b,W2142515822
05276ee1c91b,W2146214556
05276ee1c91b,W2146530076
05276ee1c91b,W2154719194
05276ee1c91b,W2155706205
05276ee1c91b,W2155963662
05276ee1c91b,W2156178134
05276ee1c91b,W2158451776
05276ee1c91b,W2165508369
05276ee1c91b,W2166960727
05276ee1c91b,W2207537423
05276ee1c91b,W2502513602
05276ee1c91b,W2515986586
05276ee1c91b,W2527283966
05276ee1c91b,W2580011312
05276ee1c91b,W2623852020
05276ee1c91b,W2741623719
05276ee1c91b,W2761210617
05276ee1c91b,W2761320470
05276ee1c91b,W2762989187
05276ee1c91b,W2775141665
05276ee1c91b,W2776372296
05276ee1c91b,W2776951592
05276ee1c91b,W2777640773
05276ee1c91b,W2778787110
05276ee1c91b,W2779867589
05276ee1c91b,W2780575541
05276ee1c91b,W2780622634
05276ee1c91b,W2781027045
05276ee1c91b,W2781190457
05276ee1c91b,W2783403262
05276ee1c91b,W2784014837
05276ee1c91b,W2784857720
05276ee1c91b,W2787543444
05276ee1c91b,W2787834535
05276ee1c91b,W2789813079
05276ee1c91b,W2792882963
05276ee1c91b,W2793821575
05276ee1c91b,W2793903869
05276ee1c91b,W2796296816
05276ee1c91b,W2796987170
05276ee1c91b,W2799470208
05276ee1c91b,W2801833425
05276ee1c91b,W2802830926
05276ee1c91b,W2805259185
05276ee1c91b,W2806374088
05276ee1c91b,W2807188181
05276ee1c91b,W2809102192
05276ee1c91b,W2809366775
05276ee1c91b,W2809913857
05276ee1c91b,W2810320295
05276ee1c91b,W2810357346
05276ee1c91b,W2810562851
05276ee1c91b,W2810912101
05276ee1c91b,W2811130896
05276ee1c91b,W2887882077
05276ee1c91b,W2891565358
05276ee1c91b,W2894782219
05276ee1c91b,W2894912487
05276ee1c91b,W2895531446
05276ee1c91b,W2895906745
05276ee1c91b,W2900798673
05276ee1c91b,W2901759365
05276ee1c91b,W2918252943
05276ee1c91b,W2925746042
05276ee1c91b,W2932432176
05276ee1c91b,W2936303112
05276ee1c91b,W2950000763
05276ee1c91b,W2950165132
05276ee1c91b,W2953411324
05276ee1c91b,W2963455571
05276ee1c91b,W2992251831
05276ee1c91b,W3034534996
05276ee1c91b,W3035808519
05276ee1c91b,W3040701687
05276ee1c91b,W3047817574
05276ee1c91b,W3048064798
05276ee1c91b,W3097262719
05276ee1c91b,W3112492425
05276ee1c91b,W3113423324
05276ee1c91b,W3124579262
05276ee1c91b,W3125290403
05276ee1c91b,W3127027101
05276ee1c91b,W3129046511
05276ee1c91b,W3133573850
05276ee1c91b,W3153957898
05276ee1c91b,W3161257786
05276ee1c91b,W3161490342
05276ee1c91b,W3162783686
05276ee1c91b,W3164362338
05276ee1c91b,W3171110326
05276ee1c91b,W3172392762
05276ee1c91b,W3175558740
05276ee1c91b,W3184069620
05276ee1c91b,W3187630655
05276ee1c91b,W3187831100
05276ee1c91b,W3199705966
05276ee1c91b,W4206719909
05276ee1c91b,W4210951683
05276ee1c91b,W4230449523
05276ee1c91b,W4231465988
05276ee1c91b,W4235919264
05276ee1c91b,W4237498510
05276ee1c91b,W4240868649
05276ee1c91b,W4241517288
05276ee1c91b,W4248295590
05276ee1c91b,W4249736384
05276ee1c91b,W4251013648
05276ee1c91b,W4252015841
05276ee1c91b,W4255290595
05276ee1c91b,W4281684275
05276ee1c91b,W4286560735
05276ee1c91b,W4293105734
05276ee1c91b,W4297223429
05276ee1c91b,W4307605174
05276ee1c91b,W4315436411
05276ee1c91b,W4368368891
05276ee1c91b,W4391610010
05276ee1c91b,W4400929700
05276ee1c91b,W4401429097
05276ee1c91b,W4401906305
05276ee1c91b,W4406311116
05276ee1c91b,W4406410738
05276ee1c91b,W4408737230
05276ee1c91b,W4409658733
05276ee1c91b,W4410632436
05276ee1c91b,W4411050817
05276ee1c91b,W4411489686
05276ee1c91b,W4411542143
05276ee1c91b,W4412128761
05276ee1c91b,W4412495413
05276ee1c91b,W4412495901
05276ee1c91b,W4412924955
05276ee1c91b,W4414789514
05276ee1c91b,W4415986035
05276ee1c91b,W778770115
05a341f76075,W1971099452
05a341f76075,W2051058086
05a341f76075,W2069516592
05a341f76075,W2088242673
05a341f76075,W2400792481
05a341f76075,W2406979079
05a341f76075,W2418628482
05a341f76075,W2432470935
05a341f76075,W2946638743
05a341f76075,W2956678322
05a341f76075,W2975726478
05a341f76075,W2976002835
05a341f76075,W2976524817
05a341f76075,W4213388469
05a341f76075,W4387777643
05a341f76075,W4389794706
05a341f76075,W4391576417
05a341f76075,W4395028880
05a341f76075,W4406401042
05a341f76075,W4407724874
05a341f76075,W4408081835
05a341f76075,W4415995745
05a341f76075,W7106675832
05a341f76075,W7106710056
05a341f76075,W7107956564
05a341f76075,W7107960280
05a5f48672e6,W1584254677
05a5f48672e6,W1591551234
05a5f48672e6,W1837857318
05a5f48672e6,W1941846123
05a5f48672e6,W1969257202
05a5f48672e6,W1981807178
05a5f48672e6,W1985709069
05a5f48672e6,W1987105678
05a5f48672e6,W1987647161
05a5f48672e6,W1990760454
05a5f48672e6,W1999483896
05a5f48672e6,W2004704125
05a5f48672e6,W2005795408
05a5f48672e6,W2006334407
05a5f48672e6,W2011933937
05a5f48672e6,W2018361563
05a5f48672e6,W2024150892
05a5f48672e6,W2033674186
05a5f48672e6,W2039640216
05a5f48672e6,W2040468793
05a5f48672e6,W2043294741
05a5f48672e6,W2045315979
05a5f48672e6,W2047264134
05a5f48672e6,W2052818757
05a5f48672e6,W2054512083
05a5f48672e6,W2056272694
05a5f48672e6,W2063493487
05a5f48672e6,W2064618117
05a5f48672e6,W2065331347
05a5f48672e6,W2070119737
05a5f48672e6,W2073074679
05a5f48672e6,W2075833429
05a5f48672e6,W2076633409
05a5f48672e6,W2086577673
05a5f48672e6,W2091872300
05a5f48672e6,W2098001536
05a5f48672e6,W2098728364
05a5f48672e6,W2100287454
05a5f48672e6,W2102340592
05a5f48672e6,W2107616635
05a5f48672e6,W2109588653
05a5f48672e6,W2110874898
05a5f48672e6,W2112878070
05a5f48672e6,W2117016272
05a5f48672e6,W2118455719
05a5f48672e6,W2119372920
05a5f48672e6,W2122569711
05a5f48672e6,W2122659308
05a5f48672e6,W2126043413
05a5f48672e6,W2126677036
05a5f48672e6,W2134496529
05a5f48672e6,W2135060565
05a5f48672e6,W2143531031
05a5f48672e6,W2144587972
05a5f48672e6,W2144897669
05a5f48672e6,W2147150913
05a5f48672e6,W2153423306
05a5f48672e6,W2259208726
05a5f48672e6,W2345664862
05a5f48672e6,W2479129535
05a5f48672e6,W2480680594
05a5f48672e6,W2481875508
05a5f48672e6,W2529732678
05a5f48672e6,W2750714499
05a5f48672e6,W2751778071
05a5f48672e6,W2770323970
05a5f48672e6,W2776784459
05a5f48672e6,W2780575541
05a5f48672e6,W2783734350
05a5f48672e6,W2791235221
05a5f48672e6,W2791905316
05a5f48672e6,W2793450571
05a5f48672e6,W2807188181
05a5f48672e6,W2807661107
05a5f48672e6,W2883646603
05a5f48672e6,W2899760448
05a5f48672e6,W2914740272
05a5f48672e6,W2922341726
05a5f48672e6,W2923881191
05a5f48672e6,W2926798907
05a5f48672e6,W2949084499
05a5f48672e6,W2950165132
05a5f48672e6,W2952426235
05a5f48672e6,W2969118802
05a5f48672e6,W2971865767
05a5f48672e6,W2974302972
05a5f48672e6,W2986808514
05a5f48672e6,W3042050162
05a5f48672e6,W3085564230
05a5f48672e6,W3119389127
05a5f48672e6,W3121155638
05a5f48672e6,W3121407790
05a5f48672e6,W3122821865
05a5f48672e6,W3145528563
05a5f48672e6,W3160172164
05a5f48672e6,W3161886388
05a5f48672e6,W3163557688
05a5f48672e6,W3177077490
05a5f48672e6,W3178834668
05a5f48672e6,W3213611814
05a5f48672e6,W4205400412
05a5f48672e6,W4206184411
05a5f48672e6,W4210295615
05a5f48672e6,W4210381651
05a5f48672e6,W4213357461
05a5f48672e6,W4221049240
05a5f48672e6,W4229775191
05a5f48672e6,W4229775499
05a5f48672e6,W4231628150
05a5f48672e6,W4232022344
05a5f48672e6,W4232464982
05a5f48672e6,W4232568532
05a5f48672e6,W4234339524
05a5f48672e6,W4234703455
05a5f48672e6,W4235340615
05a5f48672e6,W4237547507
05a5f48672e6,W4238097691
05a5f48672e6,W4240282994
05a5f48672e6,W4241022996
05a5f48672e6,W4241061993
05a5f48672e6,W4242802050
05a5f48672e6,W4243860636
05a5f48672e6,W4244235726
05a5f48672e6,W4246052863
05a5f48672e6,W4246293580
05a5f48672e6,W4247162290
05a5f48672e6,W4247692597
05a5f48672e6,W4247694283
05a5f48672e6,W4249638518
05a5f48672e6,W4250421109
05a5f48672e6,W4250573207
05a5f48672e6,W4251843641
05a5f48672e6,W4252093745
05a5f48672e6,W4252841998
05a5f48672e6,W4252904077
05a5f48672e6,W4253475924
05a5f48672e6,W4253547570
05a5f48672e6,W4255141957
05a5f48672e6,W4255186465
05a5f48672e6,W4255253638
05a5f48672e6,W4256038773
05a5f48672e6,W4379880701
05a5f48672e6,W4387184551
05a5f48672e6,W4388914280
05a5f48672e6,W4388935125
05a5f48672e6,W4388935129
05a5f48672e6,W43912618
05a5f48672e6,W4394611577
05a5f48672e6,W4400742437
05a5f48672e6,W4401799138
05a5f48672e6,W4401799614
05a5f48672e6,W4402282083
05a5f48672e6,W4403185743
05a5f48672e6,W4404304552
05a5f48672e6,W4406946826
05a5f48672e6,W4407783948
05a5f48672e6,W4408613704
05a5f48672e6,W4408903234
05a5f48672e6,W4408903293
05a5f48672e6,W4409667571
05a5f48672e6,W4409679548
05a5f48672e6,W4410538150
05a5f48672e6,W4410594206
05a5f48672e6,W4411539539
05a5f48672e6,W4413732735
05a5f48672e6,W4414465313
05a5f48672e6,W4416400663
05a5f48672e6,W4416417462
05a5f48672e6,W585955735
05a5f48672e6,W587124612
05a5f48672e6,W7122651503
05a5f48672e6,W7130511346
05a5f48672e6,W7155679921
05a5f48672e6,W7163545327
05a5f48672e6,W7167381812
05a5f48672e6,W7168072547
05a5f48672e6,W760928355
05a60723b80d,W2623517287
05a60723b80d,W4245935471
05a60723b80d,W4401812829
05a60723b80d,W4407221275
05a60723b80d,W4408095706
05a60723b80d,W4411373853
05a60723b80d,W4413273662
05a60723b80d,W4415416458
05a60723b80d,W4415416634
05a60723b80d,W7171298507
05a60723b80d,W7171328066
05a60723b80d,W7201872105
05a60723b80d,W7202161313
0626d6cf1a6c,W2954255654
0626d6cf1a6c,W3035086128
0626d6cf1a6c,W3080999050
0626d6cf1a6c,W3127238667
0626d6cf1a6c,W3134934442
0626d6cf1a6c,W3138418749
0626d6cf1a6c,W3158331127
0626d6cf1a6c,W3159580775
0626d6cf1a6c,W3166175833
0626d6cf1a6c,W3168831882
0626d6cf1a6c,W3180148351
0626d6cf1a6c,W3194616762
0626d6cf1a6c,W4214693795
0626d6cf1a6c,W4230860361
0626d6cf1a6c,W4235731940
0626d6cf1a6c,W4238642965
0626d6cf1a6c,W4283204014
0626d6cf1a6c,W4283811902
0626d6cf1a6c,W4286219945
0626d6cf1a6c,W4296127859
0626d6cf1a6c,W4311089488
0626d6cf1a6c,W4323045938
0626d6cf1a6c,W4367556820
0626d6cf1a6c,W4375864548
0626d6cf1a6c,W4377102937
0626d6cf1a6c,W4379208282
0626d6cf1a6c,W4380625399
0626d6cf1a6c,W4386223967
0626d6cf1a6c,W4387308674
0626d6cf1a6c,W4390886911
0626d6cf1a6c,W4391910789
0626d6cf1a6c,W4392555995
0626d6cf1a6c,W4392908826
0626d6cf1a6c,W4394752339
0626d6cf1a6c,W4399993633
0626d6cf1a6c,W4400102374
0626d6cf1a6c,W4401544292
0626d6cf1a6c,W4403174204
0626d6cf1a6c,W4404776915
0626d6cf1a6c,W4405166240
0626d6cf1a6c,W4405281750
0626d6cf1a6c,W4405329221
0626d6cf1a6c,W4409131637
0626d6cf1a6c,W4409141871
0626d6cf1a6c,W4409263827
0626d6cf1a6c,W4409270993
0626d6cf1a6c,W4409657169
0626d6cf1a6c,W4409912763
0626d6cf1a6c,W4409969823
0626d6cf1a6c,W4409990258
0626d6cf1a6c,W4410198150
0626d6cf1a6c,W4410611977
0626d6cf1a6c,W4410727107
0626d6cf1a6c,W4410727220
0626d6cf1a6c,W4410727359
0626d6cf1a6c,W4410871129
0626d6cf1a6c,W4410902561
0626d6cf1a6c,W4411096507
0626d6cf1a6c,W4411188602
0626d6cf1a6c,W4411642777
0626d6cf1a6c,W4412495647
0626d6cf1a6c,W4413270859
0626d6cf1a6c,W4414039047
0626d6cf1a6c,W4414060439
0626d6cf1a6c,W4414132255
0626d6cf1a6c,W4414672984
0626d6cf1a6c,W4414892475
0626d6cf1a6c,W4414902333
0626d6cf1a6c,W4415161000
0626d6cf1a6c,W4416959060
0626d6cf1a6c,W4417409950
0626d6cf1a6c,W7119495624
0626d6cf1a6c,W7122348479
0626d6cf1a6c,W7132826065
0626d6cf1a6c,W7135201638
0626d6cf1a6c,W7136862808
0626d6cf1a6c,W7138450694
0626d6cf1a6c,W7139353982
0626d6cf1a6c,W7139362667
0626d6cf1a6c,W7143331261
0626d6cf1a6c,W7146957397
0626d6cf1a6c,W7153957694
0626d6cf1a6c,W7160679688
0626d6cf1a6c,W7160728475
0626d6cf1a6c,W7160729020
0626d6cf1a6c,W7160742922
0626d6cf1a6c,W7160746126
0626d6cf1a6c,W7161459897
0626d6cf1a6c,W7162896052
0626d6cf1a6c,W7163791987
0626d6cf1a6c,W7163880618
0626d6cf1a6c,W7165486011
0626d6cf1a6c,W7167445664
0626d6cf1a6c,W7167559835
0626d6cf1a6c,W7167725198
0626d6cf1a6c,W7172238757
0688d08defaf,W2324225329
0688d08defaf,W2333556113
0688d08defaf,W2494839117
0688d08defaf,W2784201186
0688d08defaf,W2786300987
0688d08defaf,W2796913106
0688d08defaf,W2797818414
0688d08defaf,W2798168935
0688d08defaf,W2806932576
0688d08defaf,W2899370870
0688d08defaf,W2946721775
0688d08defaf,W3007670024
0688d08defaf,W3011350159
0688d08defaf,W3018818544
0688d08defaf,W3048748303
0688d08defaf,W3082732507
0688d08defaf,W3087840785
0688d08defaf,W3097615760
0688d08defaf,W3119871913
0688d08defaf,W3121797013
0688d08defaf,W3133838554
0688d08defaf,W3135996518
0688d08defaf,W3136158989
0688d08defaf,W3138569490
0688d08defaf,W3160188438
0688d08defaf,W3161574919
0688d08defaf,W3161710183
0688d08defaf,W3163627121
0688d08defaf,W3164749218
0688d08defaf,W3164920942
0688d08defaf,W3169736440
0688d08defaf,W3184121730
0688d08defaf,W3207083771
0688d08defaf,W3216046583
0688d08defaf,W4200104492
0688d08defaf,W4206701788
0688d08defaf,W4212987609
0688d08defaf,W4221068836
0688d08defaf,W4225150315
0688d08defaf,W4225310425
0688d08defaf,W4229536725
0688d08defaf,W4246170015
0688d08defaf,W4251020985
0688d08defaf,W4283825898
0688d08defaf,W4286632955
0688d08defaf,W4310009444
0688d08defaf,W4311954575
0688d08defaf,W4321369124
0688d08defaf,W4367839096
0688d08defaf,W4380872702
0688d08defaf,W4385320224
0688d08defaf,W4392295344
0688d08defaf,W4393193555
0688d08defaf,W4395012855
0688d08defaf,W4399490076
0688d08defaf,W4400222083
0688d08defaf,W4401116979
0688d08defaf,W4401534041
0688d08defaf,W4406654923
0688d08defaf,W4406658300
0688d08defaf,W4409163633
0688d08defaf,W4409363486
0688d08defaf,W4409363795
0688d08defaf,W4409522923
0688d08defaf,W4410828243
0688d08defaf,W4410914866
0688d08defaf,W4410936276
0688d08defaf,W4413140928
0688d08defaf,W4413154917
0688d08defaf,W4414328109
0688d08defaf,W4416137302
0688d08defaf,W4416344635
0688d08defaf,W7127907742
0688d08defaf,W7128103609
0688d08defaf,W7130631869
0688d08defaf,W7131319283
0688d08defaf,W7131434534
0688d08defaf,W7133174989
0688d08defaf,W7133499997
0688d08defaf,W7134026842
0688d08defaf,W7134251033
0688d08defaf,W7134863885
0688d08defaf,W7134880559
0688d08defaf,W7135171166
0688d08defaf,W7143260973
0688d08defaf,W7147130244
0688d08defaf,W7147498765
0688d08defaf,W7149222855
0688d08defaf,W7160459842
0688d08defaf,W7160466681
0688d08defaf,W7160585910
0688d08defaf,W7160740165
0688d08defaf,W7162251666
0688d08defaf,W7164760757
0688d08defaf,W7167439563
0688d08defaf,W7167451030
0688d08defaf,W7167892204
0688d08defaf,W7167996812
0688d08defaf,W7170142279
06b417bbb007,W1185030048
06b417bbb007,W1575346815
06b417bbb007,W2240360610
06b417bbb007,W2672156571
06b417bbb007,W2774742475
06b417bbb007,W2924708273
06b417bbb007,W2925657523
06b417bbb007,W2945318338
06b417bbb007,W2946931784
06b417bbb007,W2976324129
06b417bbb007,W2983182144
06b417bbb007,W2989859520
06b417bbb007,W3014436301
06b417bbb007,W3037772529
06b417bbb007,W3167465137
06b417bbb007,W3174991528
06b417bbb007,W3206230784
06b417bbb007,W3207685293
06b417bbb007,W3208227840
06b417bbb007,W3208316700
06b417bbb007,W3208545404
06b417bbb007,W3208781837
06b417bbb007,W3208975204
06b417bbb007,W3209740796
06b417bbb007,W3209844508
06b417bbb007,W3210188655
06b417bbb007,W3210755081
06b417bbb007,W3213376660
06b417bbb007,W3216983356
06b417bbb007,W4200606620
06b417bbb007,W4205986932
06b417bbb007,W4224251548
06b417bbb007,W4232033139
06b417bbb007,W4285036188
06b417bbb007,W4288287718
06b417bbb007,W4288366172
06b417bbb007,W4316092671
06b417bbb007,W4390608077
06b417bbb007,W4393421855
06b417bbb007,W4393487563
06b417bbb007,W4393545270
06b417bbb007,W4393632466
06b417bbb007,W4393699947
06b417bbb007,W4393777394
06b417bbb007,W4393779270
06b417bbb007,W4394045053
06b417bbb007,W4394073830
06b417bbb007,W4394376349
06b417bbb007,W4394547251
06b417bbb007,W4394830231
06b417bbb007,W4407302865
06b417bbb007,W4408285958
06b417bbb007,W4410326911
06b417bbb007,W4410611130
06b417bbb007,W4410826427
06b417bbb007,W4411828413
06b417bbb007,W4413308152
06b417bbb007,W4413919142
06b417bbb007,W4414781489
06b417bbb007,W4414793336
06b417bbb007,W616749682
06b417bbb007,W7108597935
06b417bbb007,W7108664560
06b417bbb007,W7160594258
06b417bbb007,W7162091773
06b417bbb007,W7162123949
06b417bbb007,W7162131716
06c36cc495e0,W2995206954
06c36cc495e0,W3008577390
06c36cc495e0,W3200959544
06c36cc495e0,W4205613887
06c36cc495e0,W4207024315
06c36cc495e0,W4283818020
06c36cc495e0,W4385507275
06c36cc495e0,W4386118911
06c36cc495e0,W4389243395
06c36cc495e0,W4392452378
06c36cc495e0,W4400338813
06c36cc495e0,W4401604420
06c36cc495e0,W4404963386
06d0b79da0cb,W2158906421
06d0b79da0cb,W2757206094
06d0b79da0cb,W2766893218
06d0b79da0cb,W2809278386
06d0b79da0cb,W2902069833
06d0b79da0cb,W2916856418
06d0b79da0cb,W2938000351
06d0b79da0cb,W2946790054
06d0b79da0cb,W2951134316
06d0b79da0cb,W2961217899
06d0b79da0cb,W2967918737
06d0b79da0cb,W2971627752
06d0b79da0cb,W2980696468
06d0b79da0cb,W2981868426
06d0b79da0cb,W3009943965
06d0b79da0cb,W3012326239
06d0b79da0cb,W3037353072
06d0b79da0cb,W3042233179
06d0b79da0cb,W3043825121
06d0b79da0cb,W3044324824
06d0b79da0cb,W3047244095
06d0b79da0cb,W3107792019
06d0b79da0cb,W3126924613
06d0b79da0cb,W3130537003
06d0b79da0cb,W3154931491
06d0b79da0cb,W3163695655
06d0b79da0cb,W3164848184
06d0b79da0cb,W3170700604
06d0b79da0cb,W3172392762
06d0b79da0cb,W3176493797
06d0b79da0cb,W3181093751
06d0b79da0cb,W3187630655
06d0b79da0cb,W3207182139
06d0b79da0cb,W3207976051
06d0b79da0cb,W3216708689
06d0b79da0cb,W4200250592
06d0b79da0cb,W4206765236
06d0b79da0cb,W4213131350
06d0b79da0cb,W4220707953
06d0b79da0cb,W4224315195
06d0b79da0cb,W4225259000
06d0b79da0cb,W4225690429
06d0b79da0cb,W4226198340
06d0b79da0cb,W4226504205
06d0b79da0cb,W4231394344
06d0b79da0cb,W4237498510
06d0b79da0cb,W4241517288
06d0b79da0cb,W4242680144
06d0b79da0cb,W4251009681
06d0b79da0cb,W4280569125
06d0b79da0cb,W4280625620
06d0b79da0cb,W4281666650
06d0b79da0cb,W4281684275
06d0b79da0cb,W4281846416
06d0b79da0cb,W4282016333
06d0b79da0cb,W4283157114
06d0b79da0cb,W4283326344
06d0b79da0cb,W4283398072
06d0b79da0cb,W4285391206
06d0b79da0cb,W4286247879
06d0b79da0cb,W4293083243
06d0b79da0cb,W4293105734
06d0b79da0cb,W4297223429
06d0b79da0cb,W4302307197
06d0b79da0cb,W4307475647
06d0b79da0cb,W4307599356
06d0b79da0cb,W4307683448
06d0b79da0cb,W4308403691
06d0b79da0cb,W4311954575
06d0b79da0cb,W4312308198
06d0b79da0cb,W4315641074
06d0b79da0cb,W4319591419
06d0b79da0cb,W4320038879
06d0b79da0cb,W4321369124
06d0b79da0cb,W4321601178
06d0b79da0cb,W4322707845
06d0b79da0cb,W4327568982
06d0b79da0cb,W4327621716
06d0b79da0cb,W4365810361
06d0b79da0cb,W4376127614
06d0b79da0cb,W4376875053
06d0b79da0cb,W4377028325
06d0b79da0cb,W4378611187
06d0b79da0cb,W4378676334
06d0b79da0cb,W4380204213
06d0b79da0cb,W4384199514
06d0b79da0cb,W4385240232
06d0b79da0cb,W4385891959
06d0b79da0cb,W4386640656
06d0b79da0cb,W4388000253
06d0b79da0cb,W4388768222
06d0b79da0cb,W4388940435
06d0b79da0cb,W4390883997
06d0b79da0cb,W4391629219
06d0b79da0cb,W4392940496
06d0b79da0cb,W4394714357
06d0b79da0cb,W4398268919
06d0b79da0cb,W4398392403
06d0b79da0cb,W4398428598
06d0b79da0cb,W4399487990
06d0b79da0cb,W4399489069
06d0b79da0cb,W4400165069
06d0b79da0cb,W4400406190
06d0b79da0cb,W4401121660
06d0b79da0cb,W4401493806
06d0b79da0cb,W4402126389
06d0b79da0cb,W4402441701
06d0b79da0cb,W4402813701
06d0b79da0cb,W4403036292
06d0b79da0cb,W4403132697
06d0b79da0cb,W4403241183
06d0b79da0cb,W4403476005
06d0b79da0cb,W4403818143
06d0b79da0cb,W4404748644
06d0b79da0cb,W4405003268
06d0b79da0cb,W4405003353
06d0b79da0cb,W4406633044
06d0b79da0cb,W4406946826
06d0b79da0cb,W4407075807
06d0b79da0cb,W4407097259
06d0b79da0cb,W4407099097
06d0b79da0cb,W4407199443
06d0b79da0cb,W4407199451
06d0b79da0cb,W4407223180
06d0b79da0cb,W4407579999
06d0b79da0cb,W4407580171
06d0b79da0cb,W4407585133
06d0b79da0cb,W4407825389
06d0b79da0cb,W4407827735
06d0b79da0cb,W4407828441
06d0b79da0cb,W4407828695
06d0b79da0cb,W4407831183
06d0b79da0cb,W4407832541
06d0b79da0cb,W4407864789
06d0b79da0cb,W4407864821
06d0b79da0cb,W4408095706
06d0b79da0cb,W4408260381
06d0b79da0cb,W4408323395
06d0b79da0cb,W4408555412
06d0b79da0cb,W4408688463
06d0b79da0cb,W4408700535
06d0b79da0cb,W4408700580
06d0b79da0cb,W4408737230
06d0b79da0cb,W4408855098
06d0b79da0cb,W4408874083
06d0b79da0cb,W4409185140
06d0b79da0cb,W4409573892
06d0b79da0cb,W4411373853
06d0b79da0cb,W4411577361
06d0b79da0cb,W4411583949
06d0b79da0cb,W4411732777
06d0b79da0cb,W4412567308
06d0b79da0cb,W4412792009
06d0b79da0cb,W4412792319
06d0b79da0cb,W4412836090
06d0b79da0cb,W4412940590
06d0b79da0cb,W4413067505
06d0b79da0cb,W4413208703
06d0b79da0cb,W4413273662
06d0b79da0cb,W4413349553
06d0b79da0cb,W4413738353
06d0b79da0cb,W4414061871
06d0b79da0cb,W4414486887
06d0b79da0cb,W4415016378
06d0b79da0cb,W4415109280
06d0b79da0cb,W4415171886
06d0b79da0cb,W4415383471
06d0b79da0cb,W4415397113
06d0b79da0cb,W4415404539
06d0b79da0cb,W4415404587
06d0b79da0cb,W4415416458
06d0b79da0cb,W4415416634
06d0b79da0cb,W4416039979
06d0b79da0cb,W4416304431
06d0b79da0cb,W4416326072
06d0b79da0cb,W4416703994
06d0b79da0cb,W4416704009
06d0b79da0cb,W4416704203
06d0b79da0cb,W4416959060
06d0b79da0cb,W7106219461
06d0b79da0cb,W7124750990
06d0b79da0cb,W7124754595
06d0b79da0cb,W7128627818
06d0b79da0cb,W7155411438
06d0b79da0cb,W7155474513
06d0b79da0cb,W7155527230
06d0b79da0cb,W7155585416
06d0b79da0cb,W7159765451
06d0b79da0cb,W7162471387
06d0b79da0cb,W7163576909
06d0b79da0cb,W7167036203
08401dc33c5a,W2887575702
08401dc33c5a,W3003585144
08401dc33c5a,W3003646687
08401dc33c5a,W3086688132
08401dc33c5a,W3098641962
08401dc33c5a,W3127010054
08401dc33c5a,W3128736738
08401dc33c5a,W3215045163
08401dc33c5a,W4200045215
08401dc33c5a,W4213131350
08401dc33c5a,W4221051572
08401dc33c5a,W4224006230
08401dc33c5a,W4225403189
08401dc33c5a,W4225843106
08401dc33c5a,W4226159213
08401dc33c5a,W4247444683
08401dc33c5a,W4249949723
08401dc33c5a,W4288066638
08401dc33c5a,W4294170365
08401dc33c5a,W4297888181
08401dc33c5a,W4393420859
08401dc33c5a,W4393893560
08401dc33c5a,W4394099911
08401dc33c5a,W4394158737
08401dc33c5a,W4402903735
08401dc33c5a,W4408406293
08401dc33c5a,W4410250137
08ad72f96961,W2077200135
08ad72f96961,W2342489343
08ad72f96961,W2514623744
08ad72f96961,W2745444987
08ad72f96961,W2749543342
08ad72f96961,W2946518408
08ad72f96961,W2969279155
08ad72f96961,W2995730508
08ad72f96961,W3033141078
08ad72f96961,W3140543382
08ad72f96961,W4205229985
08ad72f96961,W4206678360
08ad72f96961,W4206728669
08ad72f96961,W4214489468
08ad72f96961,W4230756288
08ad72f96961,W4233022459
08ad72f96961,W4290988279
08ad72f96961,W4294307999
08ad72f96961,W4296794634
08ad72f96961,W4300539361
08ad72f96961,W4322772724
08ad72f96961,W4362504186
08ad72f96961,W4376869822
08ad72f96961,W4386391980
08ad72f96961,W4386640656
08ad72f96961,W4387894916
08ad72f96961,W4389344692
08ad72f96961,W4400948951
08ad72f96961,W4412792319
08ad72f96961,W4412836090
08ad72f96961,W4412940590
08ad72f96961,W4413161120
08ad72f96961,W4413208703
08ad72f96961,W7135158286
08ad72f96961,W7135172162
08ad72f96961,W7147605194
08ad72f96961,W7148222872
08bfc2750e5c,W2252245708
08bfc2750e5c,W4375848127
08bfc2750e5c,W4389990893
08bfc2750e5c,W4392624300
08bfc2750e5c,W4393763800
08bfc2750e5c,W4394057359
08bfc2750e5c,W4402237386
08bfc2750e5c,W4403352205
08bfc2750e5c,W4404882188
08bfc2750e5c,W4414289041
08bfc2750e5c,W4414289243
08bfc2750e5c,W7116695310
08bfc2750e5c,W7172313957
08cad534d85c,W2006938530
08cad534d85c,W2031959283
08cad534d85c,W2243760265
08cad534d85c,W2323587713
08cad534d85c,W2340890831
08cad534d85c,W2344834867
08cad534d85c,W2779093836
08cad534d85c,W2888632007
08cad534d85c,W2959448571
08cad534d85c,W3036264672
08cad534d85c,W3042946872
08cad534d85c,W3128816991
08cad534d85c,W3131384233
08cad534d85c,W3191729244
08cad534d85c,W3197057966
08cad534d85c,W3212600384
08cad534d85c,W4200149648
08cad534d85c,W4244866887
08cad534d85c,W4304812341
08cad534d85c,W4308296632
08cad534d85c,W4377047284
08cad534d85c,W4385191229
08cad534d85c,W4385330069
08cad534d85c,W4402788788
08cad534d85c,W4416842609
08cad534d85c,W7144070393
09c1f9f2617e,W3208442933
09c1f9f2617e,W4200260259
09c1f9f2617e,W4205323117
09c1f9f2617e,W4383908678
09c1f9f2617e,W4385841184
09c1f9f2617e,W4387866095
09c1f9f2617e,W4394714357
09c1f9f2617e,W4402441701
09c1f9f2617e,W4408533032
09c1f9f2617e,W4409185140
09c1f9f2617e,W4412993678
09c1f9f2617e,W4413007039
09c1f9f2617e,W4413355773
09c1f9f2617e,W7167444677
09e13afe71e3,W1507425286
09e13afe71e3,W1841680562
09e13afe71e3,W2013914158
09e13afe71e3,W2193403375
09e13afe71e3,W2462604683
09e13afe71e3,W2468230762
09e13afe71e3,W2477984810
09e13afe71e3,W2503866476
09e13afe71e3,W2514209497
09e13afe71e3,W2588594882
09e13afe71e3,W2592405930
09e13afe71e3,W2752972738
09e13afe71e3,W2804824593
09e13afe71e3,W2807745540
09e13afe71e3,W2896125123
09e13afe71e3,W2944221730
09e13afe71e3,W2958358679
09e13afe71e3,W2977521543
09e13afe71e3,W2983673470
09e13afe71e3,W3006630136
09e13afe71e3,W3010039611
09e13afe71e3,W3022751122
09e13afe71e3,W3029846009
09e13afe71e3,W3034574757
09e13afe71e3,W3035685135
09e13afe71e3,W3044888719
09e13afe71e3,W3047299951
09e13afe71e3,W3082032154
09e13afe71e3,W3085544964
09e13afe71e3,W3087666480
09e13afe71e3,W3087995779
09e13afe71e3,W3095944023
09e13afe71e3,W3097175418
09e13afe71e3,W3132421626
09e13afe71e3,W3134324548
09e13afe71e3,W3141925630
09e13afe71e3,W3145532254
09e13afe71e3,W3154230642
09e13afe71e3,W3154985468
09e13afe71e3,W3159554724
09e13afe71e3,W3162440356
09e13afe71e3,W3175673546
09e13afe71e3,W3193953997
09e13afe71e3,W3210117224
09e13afe71e3,W3214220401
09e13afe71e3,W4200211527
09e13afe71e3,W4206834121
09e13afe71e3,W4210492712
09e13afe71e3,W4210611743
09e13afe71e3,W4211123498
09e13afe71e3,W4220906217
09e13afe71e3,W4220984367
09e13afe71e3,W4236598474
09e13afe71e3,W4240501305
09e13afe71e3,W4244999831
09e13afe71e3,W4247562852
09e13afe71e3,W4248825821
09e13afe71e3,W4249339074
09e13afe71e3,W4256305838
09e13afe71e3,W4286890522
09e13afe71e3,W4296367208
09e13afe71e3,W4304165878
09e13afe71e3,W4304890758
09e13afe71e3,W4315650395
09e13afe71e3,W4323527034
09e13afe71e3,W4361830296
09e13afe71e3,W4367180921
09e13afe71e3,W4393308889
09e13afe71e3,W4396750195
09e13afe71e3,W4400282757
09e13afe71e3,W4401061329
09e13afe71e3,W4401618374
09e13afe71e3,W4401660189
09e13afe71e3,W4401813081
09e13afe71e3,W4402601543
09e13afe71e3,W4405188949
09e13afe71e3,W4406535248
09e13afe71e3,W4408063115
09e13afe71e3,W4408181267
09e13afe71e3,W4410195862
09e13afe71e3,W4411720929
09e13afe71e3,W4412473704
09e13afe71e3,W4414021647
09e13afe71e3,W4414289423
09e13afe71e3,W4414819043
09e13afe71e3,W4416498697
09e13afe71e3,W4417365382
09e13afe71e3,W7106219361
09e13afe71e3,W7106233748
09e13afe71e3,W7130725103
09e13afe71e3,W7130731363
09e13afe71e3,W7139913450
09e13afe71e3,W7158424034
09e13afe71e3,W7160988243
09e13afe71e3,W7162494784
09e13afe71e3,W7162833331
09e13afe71e3,W7167600125
09e13afe71e3,W7167669231
0a0c61be81e2,W1970117277
0a0c61be81e2,W1996670285
0a0c61be81e2,W2017040534
0a0c61be81e2,W2032680007
0a0c61be81e2,W2105722074
0a0c61be81e2,W2435226800
0a0c61be81e2,W2551168589
0a0c61be81e2,W2810565359
0a0c61be81e2,W2947788337
0a0c61be81e2,W2951931207
0a0c61be81e2,W2972483426
0a0c61be81e2,W2994692752
0a0c61be81e2,W3125876092
0a0c61be81e2,W4213131350
0a0c61be81e2,W4221048758
0a0c61be81e2,W4225154097
0a0c61be81e2,W4245993450
0a0c61be81e2,W4289545306
0a0c61be81e2,W4401847071
0a0c61be81e2,W4403506710
0a0c61be81e2,W4408632714
0a0c61be81e2,W4417482009
0a0c61be81e2,W565867598
0a43c7fde1f4,W2536746163
0a43c7fde1f4,W2576211803
0a43c7fde1f4,W2593397248
0a43c7fde1f4,W2620626652
0a43c7fde1f4,W2909544490
0a43c7fde1f4,W2948314465
0a43c7fde1f4,W2990539505
0a43c7fde1f4,W3049011282
0a43c7fde1f4,W3128345922
0a43c7fde1f4,W3146352504
0a43c7fde1f4,W3160514794
0a43c7fde1f4,W3160877211
0a43c7fde1f4,W3164387913
0a43c7fde1f4,W3164977257
0a43c7fde1f4,W3184559361
0a43c7fde1f4,W3207182139
0a43c7fde1f4,W3207976051
0a43c7fde1f4,W3213898304
0a43c7fde1f4,W4200162890
0a43c7fde1f4,W4200250592
0a43c7fde1f4,W4200257254
0a43c7fde1f4,W4200472663
0a43c7fde1f4,W4200600962
0a43c7fde1f4,W4210323870
0a43c7fde1f4,W4213131350
0a43c7fde1f4,W4213275656
0a43c7fde1f4,W4225259000
0a43c7fde1f4,W4226147954
0a43c7fde1f4,W4226504205
0a43c7fde1f4,W4231394344
0a43c7fde1f4,W4233214635
0a43c7fde1f4,W4236900084
0a43c7fde1f4,W4242680144
0a43c7fde1f4,W4243056563
0a43c7fde1f4,W4243907474
0a43c7fde1f4,W4252556670
0a43c7fde1f4,W4256175540
0a43c7fde1f4,W4283157114
0a43c7fde1f4,W4283398072
0a43c7fde1f4,W4286219945
0a43c7fde1f4,W4289238838
0a43c7fde1f4,W4289277757
0a43c7fde1f4,W4293037398
0a43c7fde1f4,W4293861018
0a43c7fde1f4,W4304165898
0a43c7fde1f4,W4307683448
0a43c7fde1f4,W4309305670
0a43c7fde1f4,W4310092745
0a43c7fde1f4,W4311954575
0a43c7fde1f4,W4313390209
0a43c7fde1f4,W4313857833
0a43c7fde1f4,W4321369124
0a43c7fde1f4,W4321788752
0a43c7fde1f4,W4322707845
0a43c7fde1f4,W4323663849
0a43c7fde1f4,W4360845400
0a43c7fde1f4,W4365810361
0a43c7fde1f4,W4376140864
0a43c7fde1f4,W4376602306
0a43c7fde1f4,W4376875053
0a43c7fde1f4,W4377098195
0a43c7fde1f4,W4377140238
0a43c7fde1f4,W4378676334
0a43c7fde1f4,W4378716213
0a43c7fde1f4,W4379010534
0a43c7fde1f4,W4380486983
0a43c7fde1f4,W4381884551
0a43c7fde1f4,W4383163094
0a43c7fde1f4,W4383908570
0a43c7fde1f4,W4384163154
0a43c7fde1f4,W4384938832
0a43c7fde1f4,W4385010982
0a43c7fde1f4,W4385067480
0a43c7fde1f4,W4385240232
0a43c7fde1f4,W4386047251
0a43c7fde1f4,W4386057942
0a43c7fde1f4,W4387104650
0a43c7fde1f4,W4387311169
0a43c7fde1f4,W4388099553
0a43c7fde1f4,W4388558343
0a43c7fde1f4,W4388798956
0a43c7fde1f4,W4389463297
0a43c7fde1f4,W4390071350
0a43c7fde1f4,W4390392088
0a43c7fde1f4,W4391294113
0a43c7fde1f4,W4391629219
0a43c7fde1f4,W4391880064
0a43c7fde1f4,W4392939976
0a43c7fde1f4,W4393063292
0a43c7fde1f4,W4394148549
0a43c7fde1f4,W4394714357
0a43c7fde1f4,W4397292890
0a43c7fde1f4,W4397295351
0a43c7fde1f4,W4399370173
0a43c7fde1f4,W4400165069
0a43c7fde1f4,W4401384909
0a43c7fde1f4,W4401493806
0a43c7fde1f4,W4402126389
0a43c7fde1f4,W4402212858
0a43c7fde1f4,W4402338865
0a43c7fde1f4,W4402441701
0a43c7fde1f4,W4402867883
0a43c7fde1f4,W4403036292
0a43c7fde1f4,W4403063848
0a43c7fde1f4,W4403232615
0a43c7fde1f4,W4403241183
0a43c7fde1f4,W4403303889
0a43c7fde1f4,W4403558510
0a43c7fde1f4,W4403818143
0a43c7fde1f4,W4404165660
0a43c7fde1f4,W4404165713
0a43c7fde1f4,W4404401475
0a43c7fde1f4,W4404557306
0a43c7fde1f4,W4404590556
0a43c7fde1f4,W4404670220
0a43c7fde1f4,W4405003268
0a43c7fde1f4,W4405003353
0a43c7fde1f4,W4405077534
0a43c7fde1f4,W4405509489
0a43c7fde1f4,W4406348232
0a43c7fde1f4,W4406617993
0a43c7fde1f4,W4406633044
0a43c7fde1f4,W4406905980
0a43c7fde1f4,W4406931649
0a43c7fde1f4,W4406940275
0a43c7fde1f4,W4407075807
0a43c7fde1f4,W4407080476
0a43c7fde1f4,W4407194079
0a43c7fde1f4,W4407196455
0a43c7fde1f4,W4407272768
0a43c7fde1f4,W4407585133
0a43c7fde1f4,W4407700432
0a43c7fde1f4,W4407832541
0a43c7fde1f4,W4407864789
0a43c7fde1f4,W4407864821
0a43c7fde1f4,W4407937298
0a43c7fde1f4,W4408095706
0a43c7fde1f4,W4408788233
0a43c7fde1f4,W4408810633
0a43c7fde1f4,W4409028004
0a43c7fde1f4,W4409185140
0a43c7fde1f4,W4409479432
0a43c7fde1f4,W4409577142
0a43c7fde1f4,W4411097467
0a43c7fde1f4,W4411373853
0a43c7fde1f4,W4411793100
0a43c7fde1f4,W4411937686
0a43c7fde1f4,W4411978092
0a43c7fde1f4,W4412134464
0a43c7fde1f4,W4412148811
0a43c7fde1f4,W4412567308
0a43c7fde1f4,W4412768918
0a43c7fde1f4,W4413154917
0a43c7fde1f4,W4413273662
0a43c7fde1f4,W4413349553
0a43c7fde1f4,W4413738353
0a43c7fde1f4,W4413920485
0a43c7fde1f4,W4414144710
0a43c7fde1f4,W4414192837
0a43c7fde1f4,W4414260295
0a43c7fde1f4,W4414342040
0a43c7fde1f4,W4414478557
0a43c7fde1f4,W4415109280
0a43c7fde1f4,W4415149087
0a43c7fde1f4,W4415232848
0a43c7fde1f4,W4415383471
0a43c7fde1f4,W4415404783
0a43c7fde1f4,W4415404786
0a43c7fde1f4,W4415407146
0a43c7fde1f4,W4415416458
0a43c7fde1f4,W4415416634
0a43c7fde1f4,W4415416802
0a43c7fde1f4,W4415427166
0a43c7fde1f4,W4415486090
0a43c7fde1f4,W4415588421
0a43c7fde1f4,W4416103787
0a43c7fde1f4,W4416268060
0a43c7fde1f4,W4416959060
0a43c7fde1f4,W4417015059
0a43c7fde1f4,W4417419487
0a43c7fde1f4,W7104836910
0a43c7fde1f4,W7125588586
0a43c7fde1f4,W7126233654
0a43c7fde1f4,W7127208532
0a43c7fde1f4,W7128947342
0a43c7fde1f4,W7130662360
0a43c7fde1f4,W7130732569
0a43c7fde1f4,W7133499997
0a43c7fde1f4,W7134251033
0a43c7fde1f4,W7135201638
0a43c7fde1f4,W7136006692
0a43c7fde1f4,W7136862808
0a43c7fde1f4,W7140297377
0a43c7fde1f4,W7149522080
0a43c7fde1f4,W7151384880
0a43c7fde1f4,W7154941380
0a43c7fde1f4,W7155721205
0a43c7fde1f4,W7159765451
0a43c7fde1f4,W7160979185
0a43c7fde1f4,W7164540706
0a43c7fde1f4,W7165796480
0a43c7fde1f4,W7165808274
0a43c7fde1f4,W7167806118
0a43c7fde1f4,W7169621966
0a43c7fde1f4,W7170077501
0a43c7fde1f4,W7196989058
0b155fc5a493,W2135036101
0b155fc5a493,W2774398092
0b155fc5a493,W2805736664
0b155fc5a493,W2899593059
0b155fc5a493,W3131608271
0b155fc5a493,W3181458950
0b155fc5a493,W3210294289
0b155fc5a493,W4220810573
0b155fc5a493,W4294685689
0b155fc5a493,W4309017264
0b155fc5a493,W4320084986
0b155fc5a493,W4364395669
0b155fc5a493,W4367041989
0b155fc5a493,W4391512402
0b155fc5a493,W4393477281
0b155fc5a493,W4393909126
0b155fc5a493,W4394366252
0b155fc5a493,W4402179104
0b155fc5a493,W4412699811
0b155fc5a493,W4414751282
0b155fc5a493,W4416109070
0b155fc5a493,W7109059277
0b155fc5a493,W7114769738
0b155fc5a493,W7114772436
0b155fc5a493,W7114777426
0b155fc5a493,W7128422317
0b155fc5a493,W7128426153
0b155fc5a493,W7128427190
0b155fc5a493,W7128434327
0b155fc5a493,W7128443528
0b155fc5a493,W7128935761
0b155fc5a493,W7151969453
0b155fc5a493,W7164854092
0bbd644708d6,W1967893102
0bbd644708d6,W1989315487
0bbd644708d6,W2019985794
0bbd644708d6,W2022674299
0bbd644708d6,W2112601962
0bbd644708d6,W2147266180
0bbd644708d6,W2186914301
0bbd644708d6,W2328674411
0bbd644708d6,W2331696380
0bbd644708d6,W2334665108
0bbd644708d6,W2415317731
0bbd644708d6,W2748740789
0bbd644708d6,W2751775184
0bbd644708d6,W2753625302
0bbd644708d6,W2768445547
0bbd644708d6,W2776666820
0bbd644708d6,W2790156634
0bbd644708d6,W2794566101
0bbd644708d6,W2804228342
0bbd644708d6,W2809816366
0bbd644708d6,W2811191276
0bbd644708d6,W2887476348
0bbd644708d6,W2891666687
0bbd644708d6,W2915633743
0bbd644708d6,W2918019194
0bbd644708d6,W2922259666
0bbd644708d6,W2942285405
0bbd644708d6,W2946018923
0bbd644708d6,W2947754205
0bbd644708d6,W2952807729
0bbd644708d6,W2952967317
0bbd644708d6,W2955551506
0bbd644708d6,W2958078360
0bbd644708d6,W2961251230
0bbd644708d6,W2999515663
0bbd644708d6,W3005568989
0bbd644708d6,W3008015944
0bbd644708d6,W3035547065
0bbd644708d6,W3048710584
0bbd644708d6,W3082803834
0bbd644708d6,W3090282998
0bbd644708d6,W3092042051
0bbd644708d6,W3095603059
0bbd644708d6,W3097339848
0bbd644708d6,W3112128782
0bbd644708d6,W3118842854
0bbd644708d6,W3119278270
0bbd644708d6,W3121628196
0bbd644708d6,W3123765884
0bbd644708d6,W3158285387
0bbd644708d6,W3160281193
0bbd644708d6,W3160708056
0bbd644708d6,W3161000897
0bbd644708d6,W3161310491
0bbd644708d6,W3161533294
0bbd644708d6,W3161783630
0bbd644708d6,W3162027572
0bbd644708d6,W3168452305
0bbd644708d6,W3171224985
0bbd644708d6,W3178361211
0bbd644708d6,W3181282875
0bbd644708d6,W3181581225
0bbd644708d6,W3183966067
0bbd644708d6,W3196554917
0bbd644708d6,W3206634493
0bbd644708d6,W3211632877
0bbd644708d6,W4200531761
0bbd644708d6,W4205987108
0bbd644708d6,W4210815473
0bbd644708d6,W4212929984
0bbd644708d6,W4226528267
0bbd644708d6,W4230655657
0bbd644708d6,W4232174342
0bbd644708d6,W4233186415
0bbd644708d6,W4233640996
0bbd644708d6,W4237085641
0bbd644708d6,W4241280866
0bbd644708d6,W4243391157
0bbd644708d6,W4247628480
0bbd644708d6,W4252023706
0bbd644708d6,W4252894545
0bbd644708d6,W4254448360
0bbd644708d6,W4281610978
0bbd644708d6,W4283018939
0bbd644708d6,W4294599601
0bbd644708d6,W4294991051
0bbd644708d6,W4303696844
0bbd644708d6,W4304630360
0bbd644708d6,W4307259265
0bbd644708d6,W4313984374
0bbd644708d6,W4315754409
0bbd644708d6,W4318755747
0bbd644708d6,W4318778705
0bbd644708d6,W4362563843
0bbd644708d6,W4367393763
0bbd644708d6,W4372215265
0bbd644708d6,W4385875806
0bbd644708d6,W4387571865
0bbd644708d6,W4389047743
0bbd644708d6,W4391629219
0bbd644708d6,W4393460959
0bbd644708d6,W4393544141
0bbd644708d6,W4393596849
0bbd644708d6,W4394714357
0bbd644708d6,W4394719637
0bbd644708d6,W4395682258
0bbd644708d6,W4398222773
0bbd644708d6,W4401819442
0bbd644708d6,W4402311977
0bbd644708d6,W4402441701
0bbd644708d6,W4403036292
0bbd644708d6,W4403241183
0bbd644708d6,W4404224737
0bbd644708d6,W4404248127
0bbd644708d6,W4406617993
0bbd644708d6,W4406633044
0bbd644708d6,W4406980206
0bbd644708d6,W4407097259
0bbd644708d6,W4407627461
0bbd644708d6,W4407832541
0bbd644708d6,W4409185140
0bbd644708d6,W4410982293
0bbd644708d6,W4411577361
0bbd644708d6,W4412953253
0bbd644708d6,W4413067505
0bbd644708d6,W4413738353
0bbd644708d6,W4414077758
0bbd644708d6,W4414430604
0bbd644708d6,W4415132086
0bbd644708d6,W4415626840
0bbd644708d6,W4417185954
0bbd644708d6,W7114931377
0bbd644708d6,W7161561795
0bbd644708d6,W7163688808
0bbd644708d6,W7164155768
0bbd644708d6,W7165665750
0bbd644708d6,W7166161236
0bbd644708d6,W7172518023
0bbd644708d6,W7201958997
0ca2f7cee40d,W2103808863
0ca2f7cee40d,W2474503664
0ca2f7cee40d,W2735472034
0ca2f7cee40d,W2780371154
0ca2f7cee40d,W2780789508
0ca2f7cee40d,W2789229259
0ca2f7cee40d,W2792933552
0ca2f7cee40d,W2794122302
0ca2f7cee40d,W2907308174
0ca2f7cee40d,W2945613456
0ca2f7cee40d,W2951167940
0ca2f7cee40d,W2964412203
0ca2f7cee40d,W3162140277
0ca2f7cee40d,W3179984512
0ca2f7cee40d,W4213131350
0ca2f7cee40d,W4232078690
0ca2f7cee40d,W4246670002
0ca2f7cee40d,W4254832108
0ca2f7cee40d,W4280580435
0ca2f7cee40d,W4281706748
0ca2f7cee40d,W4286632955
0ca2f7cee40d,W4304165898
0ca2f7cee40d,W4319454307
0ca2f7cee40d,W4323925533
0ca2f7cee40d,W4362569042
0ca2f7cee40d,W4378716213
0ca2f7cee40d,W4387187340
0ca2f7cee40d,W4393909982
0ca2f7cee40d,W4395022848
0ca2f7cee40d,W4395475979
0ca2f7cee40d,W4404165660
0ca2f7cee40d,W4404165713
0ca2f7cee40d,W4406617993
0ca2f7cee40d,W4406633044
0ca2f7cee40d,W4406940275
0ca2f7cee40d,W4407097259
0ca2f7cee40d,W4407585133
0ca2f7cee40d,W4407832541
0ca2f7cee40d,W4411577361
0ca2f7cee40d,W4412567308
0ca2f7cee40d,W4413067505
0ca2f7cee40d,W4413738353
0ca2f7cee40d,W4415165398
0ca2f7cee40d,W4415383471
0ca2f7cee40d,W7148629548
0cc1ee9bf7d6,W2918243692
0cc1ee9bf7d6,W3112927569
0cc1ee9bf7d6,W3169851869
0cc1ee9bf7d6,W4319041732
0cc1ee9bf7d6,W4387184910
0cc1ee9bf7d6,W4402863252
0cc1ee9bf7d6,W4403945617
0cc1ee9bf7d6,W4406617993
0cc1ee9bf7d6,W4407832541
0cc1ee9bf7d6,W4408398835
0cc1ee9bf7d6,W4410563842
0cc1ee9bf7d6,W4410991331
0cc1ee9bf7d6,W4411086097
0cc1ee9bf7d6,W4412567308
0cc1ee9bf7d6,W4413067505
0cc1ee9bf7d6,W4413738353
0cc1ee9bf7d6,W4414132255
0cc1ee9bf7d6,W4415383471
0cc1ee9bf7d6,W4416596611
0cc1ee9bf7d6,W7125404205
0cc1ee9bf7d6,W7127375341
0cc1ee9bf7d6,W7128772194
0d1716fee803,W115217976
0d1716fee803,W132072934
0d1716fee803,W142353020
0d1716fee803,W1473566418
0d1716fee803,W1497892396
0d1716fee803,W1498049213
0d1716fee803,W1510579404
0d1716fee803,W1515177293
0d1716fee803,W1574799412
0d1716fee803,W1583233586
0d1716fee803,W1590751784
0d1716fee803,W1607732647
0d1716fee803,W1829137091
0d1716fee803,W2000645902
0d1716fee803,W2007457397
0d1716fee803,W2058218194
0d1716fee803,W2066121869
0d1716fee803,W2099352333
0d1716fee803,W2111041688
0d1716fee803,W2113725146
0d1716fee803,W2133010145
0d1716fee803,W2133580886
0d1716fee803,W2136151289
0d1716fee803,W2137236080
0d1716fee803,W2139606763
0d1716fee803,W2152255498
0d1716fee803,W2170302743
0d1716fee803,W2179995054
0d1716fee803,W2197348917
0d1716fee803,W2237392603
0d1716fee803,W2239441350
0d1716fee803,W2259010848
0d1716fee803,W2312848890
0d1716fee803,W2316397855
0d1716fee803,W2320717836
0d1716fee803,W2337955812
0d1716fee803,W2339172704
0d1716fee803,W2346168649
0d1716fee803,W2397767849
0d1716fee803,W2397904819
0d1716fee803,W2398176294
0d1716fee803,W2399984212
0d1716fee803,W2403818634
0d1716fee803,W2465322909
0d1716fee803,W2483337824
0d1716fee803,W2494959383
0d1716fee803,W2518152044
0d1716fee803,W2561187753
0d1716fee803,W2562808630
0d1716fee803,W2586195236
0d1716fee803,W2587915109
0d1716fee803,W2602221992
0d1716fee803,W2616252366
0d1716fee803,W2676305441
0d1716fee803,W2752348050
0d1716fee803,W2776513784
0d1716fee803,W2785667434
0d1716fee803,W2786398402
0d1716fee803,W2786554918
0d1716fee803,W2786581384
0d1716fee803,W2786613988
0d1716fee803,W2787655266
0d1716fee803,W2787787039
0d1716fee803,W2790093882
0d1716fee803,W2801539405
0d1716fee803,W2806494114
0d1716fee803,W2889859132
0d1716fee803,W2897798321
0d1716fee803,W2901750354
0d1716fee803,W2901912168
0d1716fee803,W2912579547
0d1716fee803,W2941225543
0d1716fee803,W2942499223
0d1716fee803,W2944499929
0d1716fee803,W2966427259
0d1716fee803,W2967051681
0d1716fee803,W2967830661
0d1716fee803,W2974580600
0d1716fee803,W2974865427
0d1716fee803,W2977817945
0d1716fee803,W2979052709
0d1716fee803,W2979214247
0d1716fee803,W2988388959
0d1716fee803,W2999501918
0d1716fee803,W3012530357
0d1716fee803,W3015158602
0d1716fee803,W3036874244
0d1716fee803,W3095908967
0d1716fee803,W3131723013
0d1716fee803,W3134351247
0d1716fee803,W3134354476
0d1716fee803,W3136013731
0d1716fee803,W314329250
0d1716fee803,W3154553588
0d1716fee803,W3162376432
0d1716fee803,W3163007578
0d1716fee803,W3163324392
0d1716fee803,W3164359839
0d1716fee803,W3165387075
0d1716fee803,W3184659758
0d1716fee803,W3185761978
0d1716fee803,W3197358309
0d1716fee803,W3203115037
0d1716fee803,W4205957729
0d1716fee803,W4226125460
0d1716fee803,W4230185732
0d1716fee803,W4238286039
0d1716fee803,W4244716456
0d1716fee803,W4245076207
0d1716fee803,W4245501702
0d1716fee803,W4254519752
0d1716fee803,W4255786564
0d1716fee803,W4285508388
0d1716fee803,W4287215694
0d1716fee803,W4288452451
0d1716fee803,W4304695424
0d1716fee803,W4307698991
0d1716fee803,W4308141189
0d1716fee803,W4318245413
0d1716fee803,W4318245542
0d1716fee803,W4376632504
0d1716fee803,W4377864689
0d1716fee803,W4384938832
0d1716fee803,W4385010982
0d1716fee803,W4385572250
0d1716fee803,W4386895574
0d1716fee803,W4387184343
0d1716fee803,W4392490361
0d1716fee803,W4393444908
0d1716fee803,W4393548758
0d1716fee803,W4393777007
0d1716fee803,W4394056809
0d1716fee803,W4396796956
0d1716fee803,W4396822385
0d1716fee803,W4399695537
0d1716fee803,W4400517365
0d1716fee803,W4401758161
0d1716fee803,W4403769726
0d1716fee803,W4407386463
0d1716fee803,W4409541549
0d1716fee803,W4410810168
0d1716fee803,W4413117045
0d1716fee803,W4414897033
0d1716fee803,W4416642041
0d1716fee803,W4416706336
0d1716fee803,W7153975642
0d1716fee803,W7154581332
0d1716fee803,W7154653307
0d1716fee803,W7155080451
0d1716fee803,W7160836654
0d1716fee803,W7160968774
0d1716fee803,W7165856916
0d1716fee803,W7165898268
0d1716fee803,W7165917181
0d1716fee803,W7165956281
0d1716fee803,W7168528161
0d1716fee803,W847883415
0d759c8a6ce6,W2255982600
0d759c8a6ce6,W2767078883
0d759c8a6ce6,W2782084852
0d759c8a6ce6,W3003921480
0d759c8a6ce6,W3087703529
0d759c8a6ce6,W3089097749
0d759c8a6ce6,W3159275413
0d759c8a6ce6,W3169525437
0d759c8a6ce6,W3210460317
0d759c8a6ce6,W3215045163
0d759c8a6ce6,W4210510200
0d759c8a6ce6,W4213131350
0d759c8a6ce6,W4224006230
0d759c8a6ce6,W4226159213
0d759c8a6ce6,W4231351745
0d759c8a6ce6,W4305082806
0d759c8a6ce6,W4312156980
0d759c8a6ce6,W4323660526
0d759c8a6ce6,W4386473104
0d759c8a6ce6,W4388598752
0d759c8a6ce6,W4394714357
0d759c8a6ce6,W4397028340
0d759c8a6ce6,W4402441701
0d759c8a6ce6,W4402732819
0d759c8a6ce6,W4403191345
0d759c8a6ce6,W4403980270
0d759c8a6ce6,W4404136150
0d759c8a6ce6,W4408092802
0d759c8a6ce6,W4409185140
0d759c8a6ce6,W4411550453
0d759c8a6ce6,W4415352671
0d759c8a6ce6,W7116345270
0d759c8a6ce6,W7126123609
0d759c8a6ce6,W7133340198
0d759c8a6ce6,W7143267910
0d759c8a6ce6,W7147329468
0d759c8a6ce6,W7151561914
0d759c8a6ce6,W7152933598
0d759c8a6ce6,W7154474003
0d759c8a6ce6,W7155360444
0d759c8a6ce6,W7158308841
0d759c8a6ce6,W7160790279
0d759c8a6ce6,W7160983427
0d759c8a6ce6,W7162514023
0d759c8a6ce6,W7163201641
0d759c8a6ce6,W7164094892
0d9d1b7b4418,W2960484890
0d9d1b7b4418,W2989737551
0d9d1b7b4418,W3037480927
0d9d1b7b4418,W3093752125
0d9d1b7b4418,W3097318555
0d9d1b7b4418,W3125592045
0d9d1b7b4418,W3138376131
0d9d1b7b4418,W3151565404
0d9d1b7b4418,W3173627977
0d9d1b7b4418,W3198058159
0d9d1b7b4418,W4205181112
0d9d1b7b4418,W4229847403
0d9d1b7b4418,W4232462164
0d9d1b7b4418,W4256016676
0d9d1b7b4418,W4280588223
0d9d1b7b4418,W4308771344
0d9d1b7b4418,W4320183016
0d9d1b7b4418,W4327608457
0d9d1b7b4418,W4384039604
0d9d1b7b4418,W4384493281
0d9d1b7b4418,W4385550729
0d9d1b7b4418,W4385569024
0d9d1b7b4418,W4387393089
0d9d1b7b4418,W4389900089
0d9d1b7b4418,W4390565072
0d9d1b7b4418,W4391306786
0d9d1b7b4418,W4392897242
0d9d1b7b4418,W4401577346
0d9d1b7b4418,W4401730566
0d9d1b7b4418,W4402507271
0d9d1b7b4418,W4407384436
0d9d1b7b4418,W4407727814
0d9d1b7b4418,W4410631876
0d9d1b7b4418,W4410798925
0d9d1b7b4418,W4413273662
0d9d1b7b4418,W4414011269
0d9d1b7b4418,W4414652720
0d9d1b7b4418,W4414754165
0d9d1b7b4418,W4414962466
0d9d1b7b4418,W4415416458
0d9d1b7b4418,W4415416634
0d9d1b7b4418,W7127597766
0d9d1b7b4418,W7128089220
0d9d1b7b4418,W7128285628
0d9d1b7b4418,W7152936485
0d9d1b7b4418,W7153146876
0d9d1b7b4418,W7160708969
0d9d1b7b4418,W7167306644
0d9d1b7b4418,W7167414824
0d9d1b7b4418,W7167446574
0d9d1b7b4418,W7167894824
0d9d1b7b4418,W7168014893
0d9d1b7b4418,W7171822349
0d9d1b7b4418,W7172091153
0d9d1b7b4418,W7172191913
0e3b46e128fd,W2038867387
0e3b46e128fd,W2563388054
0e3b46e128fd,W2598623221
0e3b46e128fd,W2800369550
0e3b46e128fd,W2937217973
0e3b46e128fd,W2939131843
0e3b46e128fd,W2982468376
0e3b46e128fd,W3000328521
0e3b46e128fd,W3104946968
0e3b46e128fd,W3127250864
0e3b46e128fd,W3139342833
0e3b46e128fd,W3162622898
0e3b46e128fd,W3165749124
0e3b46e128fd,W3200594129
0e3b46e128fd,W4205361680
0e3b46e128fd,W4205368703
0e3b46e128fd,W4213370905
0e3b46e128fd,W4220677225
0e3b46e128fd,W4224980529
0e3b46e128fd,W4224981470
0e3b46e128fd,W4225010430
0e3b46e128fd,W4225390963
0e3b46e128fd,W4233441473
0e3b46e128fd,W4239960724
0e3b46e128fd,W4248635096
0e3b46e128fd,W4253341588
0e3b46e128fd,W4253658232
0e3b46e128fd,W4280524656
0e3b46e128fd,W4292823086
0e3b46e128fd,W4293225743
0e3b46e128fd,W4298276077
0e3b46e128fd,W4310154739
0e3b46e128fd,W4312101579
0e3b46e128fd,W4312214630
0e3b46e128fd,W4322628961
0e3b46e128fd,W4362531807
0e3b46e128fd,W4362531811
0e3b46e128fd,W4362545308
0e3b46e128fd,W4362636226
0e3b46e128fd,W4362637713
0e3b46e128fd,W4366978420
0e3b46e128fd,W4385721966
0e3b46e128fd,W4387732581
0e3b46e128fd,W4387894867
0e3b46e128fd,W4388193684
0e3b46e128fd,W4389915333
0e3b46e128fd,W4391238951
0e3b46e128fd,W4392690601
0e3b46e128fd,W4392704131
0e3b46e128fd,W4392727004
0e3b46e128fd,W4401055533
0e3b46e128fd,W4405566636
0e3b46e128fd,W4407215766
0e3b46e128fd,W4407215780
0e3b46e128fd,W4407445392
0e3b46e128fd,W4409086966
0e3b46e128fd,W4409466409
0e3b46e128fd,W4409817487
0e3b46e128fd,W4410040888
0e3b46e128fd,W4410796964
0e3b46e128fd,W4411126759
0e3b46e128fd,W4413562388
0e3b46e128fd,W4414967626
0e3b46e128fd,W4415016378
0e3b46e128fd,W4415171886
0e3b46e128fd,W4415463964
0e3b46e128fd,W4416855592
0e3b46e128fd,W7155080066
0e5898e310e0,W1582123444
0e5898e310e0,W165179108
0e5898e310e0,W165777078
0e5898e310e0,W1988429221
0e5898e310e0,W2024261172
0e5898e310e0,W2038006526
0e5898e310e0,W2045892781
0e5898e310e0,W2046621667
0e5898e310e0,W2145803038
0e5898e310e0,W2168047782
0e5898e310e0,W2206510410
0e5898e310e0,W2266841232
0e5898e310e0,W2283930792
0e5898e310e0,W2287305783
0e5898e310e0,W2327723649
0e5898e310e0,W2331536238
0e5898e310e0,W2331598389
0e5898e310e0,W2396094566
0e5898e310e0,W2413248677
0e5898e310e0,W2414179140
0e5898e310e0,W2474168394
0e5898e310e0,W2484353070
0e5898e310e0,W2525852335
0e5898e310e0,W2552820166
0e5898e310e0,W2562886931
0e5898e310e0,W2582997869
0e5898e310e0,W2588105890
0e5898e310e0,W2593022762
0e5898e310e0,W2761070481
0e5898e310e0,W2772460260
0e5898e310e0,W2773514871
0e5898e310e0,W2778733002
0e5898e310e0,W2805692656
0e5898e310e0,W2809159536
0e5898e310e0,W2900068854
0e5898e310e0,W2905760743
0e5898e310e0,W2909699495
0e5898e310e0,W2911231887
0e5898e310e0,W2911324199
0e5898e310e0,W2913200052
0e5898e310e0,W2913741501
0e5898e310e0,W2915099346
0e5898e310e0,W2917597395
0e5898e310e0,W2918613043
0e5898e310e0,W2919291368
0e5898e310e0,W2920015239
0e5898e310e0,W2921567878
0e5898e310e0,W2922004151
0e5898e310e0,W2922279123
0e5898e310e0,W2922415059
0e5898e310e0,W2923130538
0e5898e310e0,W2923627076
0e5898e310e0,W2950177542
0e5898e310e0,W2950584321
0e5898e310e0,W2973493342
0e5898e310e0,W2979476119
0e5898e310e0,W2991338634
0e5898e310e0,W3002422345
0e5898e310e0,W3013991626
0e5898e310e0,W3015092231
0e5898e310e0,W3015844039
0e5898e310e0,W3017990947
0e5898e310e0,W3021505165
0e5898e310e0,W3022329775
0e5898e310e0,W3023250808
0e5898e310e0,W3024520397
0e5898e310e0,W3026618224
0e5898e310e0,W3029319782
0e5898e310e0,W3038726096
0e5898e310e0,W3040315356
0e5898e310e0,W3044399730
0e5898e310e0,W3047659330
0e5898e310e0,W3047846324
0e5898e310e0,W3084606752
0e5898e310e0,W3088633276
0e5898e310e0,W3088798619
0e5898e310e0,W3088904551
0e5898e310e0,W3091916117
0e5898e310e0,W3094687764
0e5898e310e0,W3115864657
0e5898e310e0,W3116969151
0e5898e310e0,W3118494644
0e5898e310e0,W3122395641
0e5898e310e0,W3125806287
0e5898e310e0,W3126432274
0e5898e310e0,W3135473183
0e5898e310e0,W3155544647
0e5898e310e0,W3158442540
0e5898e310e0,W3164720464
0e5898e310e0,W3165301476
0e5898e310e0,W3165859506
0e5898e310e0,W3166114802
0e5898e310e0,W3166938660
0e5898e310e0,W3168659973
0e5898e310e0,W3169051548
0e5898e310e0,W3170652514
0e5898e310e0,W3170970611
0e5898e310e0,W3171462467
0e5898e310e0,W3171951151
0e5898e310e0,W3176399915
0e5898e310e0,W3182340052
0e5898e310e0,W3183952024
0e5898e310e0,W3184804282
0e5898e310e0,W3188119392
0e5898e310e0,W3188686706
0e5898e310e0,W3188931130
0e5898e310e0,W3189223720
0e5898e310e0,W3190025017
0e5898e310e0,W3193869293
0e5898e310e0,W3194312750
0e5898e310e0,W3194616849
0e5898e310e0,W3194744300
0e5898e310e0,W3195508296
0e5898e310e0,W3195854262
0e5898e310e0,W3202113643
0e5898e310e0,W3209954920
0e5898e310e0,W3210906606
0e5898e310e0,W3211073943
0e5898e310e0,W3211791774
0e5898e310e0,W3213342419
0e5898e310e0,W3214101616
0e5898e310e0,W3214712899
0e5898e310e0,W3215080813
0e5898e310e0,W3215212679
0e5898e310e0,W3216331855
0e5898e310e0,W3216445465
0e5898e310e0,W4200477203
0e5898e310e0,W4205402498
0e5898e310e0,W4205626530
0e5898e310e0,W4210847886
0e5898e310e0,W4212791440
0e5898e310e0,W4214843518
0e5898e310e0,W4223443868
0e5898e310e0,W4225012642
0e5898e310e0,W4231211430
0e5898e310e0,W4232948063
0e5898e310e0,W4233333520
0e5898e310e0,W4234631303
0e5898e310e0,W4236252072
0e5898e310e0,W4236828797
0e5898e310e0,W4242887361
0e5898e310e0,W4242894525
0e5898e310e0,W4246607297
0e5898e310e0,W4249834061
0e5898e310e0,W4252036616
0e5898e310e0,W4252242775
0e5898e310e0,W4255497478
0e5898e310e0,W4280532009
0e5898e310e0,W4281563853
0e5898e310e0,W4281913113
0e5898e310e0,W4286828283
0e5898e310e0,W4287577508
0e5898e310e0,W4288080954
0e5898e310e0,W4290830403
0e5898e310e0,W4292308460
0e5898e310e0,W4292386161
0e5898e310e0,W4296785394
0e5898e310e0,W4299705048
0e5898e310e0,W4304787303
0e5898e310e0,W4307523474
0e5898e310e0,W4310773520
0e5898e310e0,W4310785553
0e5898e310e0,W4311011769
0e5898e310e0,W4315796701
0e5898e310e0,W4317510966
0e5898e310e0,W4318391700
0e5898e310e0,W4321018364
0e5898e310e0,W4321167258
0e5898e310e0,W4323044383
0e5898e310e0,W4327679565
0e5898e310e0,W4366083860
0e5898e310e0,W4379967386
0e5898e310e0,W4384820174
0e5898e310e0,W4385488782
0e5898e310e0,W4386466950
0e5898e310e0,W4387705344
0e5898e310e0,W4388579903
0e5898e310e0,W4393044045
0e5898e310e0,W4394415991
0e5898e310e0,W4401951918
0e5898e310e0,W4402219011
0e5898e310e0,W4404667746
0e5898e310e0,W4406053984
0e5898e310e0,W4406843627
0e5898e310e0,W4408278747
0e5898e310e0,W4408888987
0e5898e310e0,W4409165634
0e5898e310e0,W4410231061
0e5898e310e0,W4411204477
0e5898e310e0,W4412314603
0e5898e310e0,W4412331106
0e5898e310e0,W4414167022
0e5898e310e0,W4415293380
0e5898e310e0,W7105655623
0e5898e310e0,W7106730880
0e5898e310e0,W7108444991
0e5898e310e0,W7115748082
0e5898e310e0,W7126117262
0e5898e310e0,W7138414577
0e5898e310e0,W7161293334
0e5898e310e0,W7164320016
0e5898e310e0,W7164339131
0e5898e310e0,W7164406562
0e5898e310e0,W7164420749
0e5898e310e0,W7168336896
0e5898e310e0,W7168367350
0e5898e310e0,W7168371575
0e5898e310e0,W7168373712
0e5898e310e0,W7168375512
0e5898e310e0,W7168403296
0e5898e310e0,W7171785652
0f1127453a12,W3207182139
0f1127453a12,W4226504205
0f1127453a12,W4242680144
0f1127453a12,W4376875053
0f1127453a12,W4405349662
0f1127453a12,W4411124283
0f1127453a12,W4414542236
0f1127453a12,W7171712557
1068ba08e04c,W2461808740
1068ba08e04c,W2471246221
1068ba08e04c,W2733745058
1068ba08e04c,W2736284102
1068ba08e04c,W2793088648
1068ba08e04c,W2808299554
1068ba08e04c,W2846598112
1068ba08e04c,W2930688254
1068ba08e04c,W2945305155
1068ba08e04c,W2996480632
1068ba08e04c,W3001941554
1068ba08e04c,W3007086300
1068ba08e04c,W3018154747
1068ba08e04c,W3033315229
1068ba08e04c,W3036664478
1068ba08e04c,W3044038715
1068ba08e04c,W3122903754
1068ba08e04c,W3123655704
1068ba08e04c,W3128343811
1068ba08e04c,W3173277169
1068ba08e04c,W3174790000
1068ba08e04c,W3176627837
1068ba08e04c,W3182581967
1068ba08e04c,W4233870948
1068ba08e04c,W4308882976
1068ba08e04c,W4312718994
1068ba08e04c,W4386271649
1068ba08e04c,W4387040975
1068ba08e04c,W4394714357
1068ba08e04c,W4399475635
1068ba08e04c,W4402441701
1068ba08e04c,W4402739554
1068ba08e04c,W4409185140
1068ba08e04c,W4413473869
1068ba08e04c,W4416959060
1068ba08e04c,W7135201638
1068ba08e04c,W7136862808
1068ba08e04c,W7139353982
1068ba08e04c,W7150390597
1068ba08e04c,W7153957694
1173fb182787,W2980704884
1173fb182787,W2989996795
1173fb182787,W4286969527
1173fb182787,W4308840353
1173fb182787,W4315926463
1173fb182787,W4316144038
1173fb182787,W4385179719
1173fb182787,W4385292732
1173fb182787,W4385404426
1173fb182787,W4408095706
1173fb182787,W4411373853
1173fb182787,W4413273662
1173fb182787,W4415416458
1173fb182787,W4415416634
1173fb182787,W7105904064
1173fb182787,W7105920444
1173fb182787,W7163883547
1173fb182787,W7165616563
1173fb182787,W7165638966
1173fb182787,W7167033772
1173fb182787,W7167046197
138c7b8e640b,W4213131350
138c7b8e640b,W4283157114
138c7b8e640b,W4384938832
138c7b8e640b,W4385010982
138c7b8e640b,W4391346639
138c7b8e640b,W4399996023
138c7b8e640b,W4400080597
138c7b8e640b,W4406116966
138c7b8e640b,W4407075807
138c7b8e640b,W4407099097
138c7b8e640b,W4415397113
14e308d7e02a,W2998146334
14e308d7e02a,W3093603739
14e308d7e02a,W3134470043
14e308d7e02a,W3135164005
14e308d7e02a,W3158610562
14e308d7e02a,W3161015648
14e308d7e02a,W3162311675
14e308d7e02a,W3163673233
14e308d7e02a,W3177116827
14e308d7e02a,W3194671741
14e308d7e02a,W3197148251
14e308d7e02a,W3203815682
14e308d7e02a,W4220805754
14e308d7e02a,W4221109589
14e308d7e02a,W4224030023
14e308d7e02a,W4235414128
14e308d7e02a,W4246228814
14e308d7e02a,W4282928082
14e308d7e02a,W4285182054
14e308d7e02a,W4286219945
14e308d7e02a,W4290999899
14e308d7e02a,W4293864788
14e308d7e02a,W4307259265
14e308d7e02a,W4318038609
14e308d7e02a,W4318039068
14e308d7e02a,W4380482332
14e308d7e02a,W4385249117
14e308d7e02a,W4385386850
14e308d7e02a,W4387695155
14e308d7e02a,W4394714357
14e308d7e02a,W4396904777
14e308d7e02a,W4400239681
14e308d7e02a,W4401819442
14e308d7e02a,W4401917299
14e308d7e02a,W4402441701
14e308d7e02a,W4403714755
14e308d7e02a,W4406182287
14e308d7e02a,W4407973576
14e308d7e02a,W4408122559
14e308d7e02a,W4408218028
14e308d7e02a,W4408592832
14e308d7e02a,W4409185140
14e308d7e02a,W4409302062
14e308d7e02a,W4411583733
14e308d7e02a,W4411643710
14e308d7e02a,W4416582352
14e308d7e02a,W4416928840
14e308d7e02a,W4416959060
14e308d7e02a,W4417129238
14e308d7e02a,W7104836910
14e308d7e02a,W7108209138
14e308d7e02a,W7108212029
14e308d7e02a,W7108218858
14e308d7e02a,W7108221584
14e308d7e02a,W7108229272
14e308d7e02a,W7108229727
14e308d7e02a,W7110845227
14e308d7e02a,W7110865733
14e308d7e02a,W7110918018
14e308d7e02a,W7111351870
14e308d7e02a,W7115892280
14e308d7e02a,W7115930697
14e308d7e02a,W7128546758
14e308d7e02a,W7128617645
14e308d7e02a,W7128630375
14e308d7e02a,W7131281496
14e308d7e02a,W7131288110
14e308d7e02a,W7131295069
14e308d7e02a,W7131295396
14e308d7e02a,W7133566369
14e308d7e02a,W7134249005
14e308d7e02a,W7134254653
14e308d7e02a,W7134266154
14e308d7e02a,W7134882569
14e308d7e02a,W7135201638
14e308d7e02a,W7136862808
14e308d7e02a,W7139353982
14e308d7e02a,W7147077833
14e308d7e02a,W7148196972
14e308d7e02a,W7153957694
14e308d7e02a,W7154660019
14e308d7e02a,W7154668559
14e308d7e02a,W7155411438
14e308d7e02a,W7155489659
14e308d7e02a,W7155490292
14e308d7e02a,W7155527230
14e308d7e02a,W7156615355
14e308d7e02a,W7157023973
14e308d7e02a,W7159904939
14e308d7e02a,W7160294074
14e308d7e02a,W7160593664
14e308d7e02a,W7160637824
14e308d7e02a,W7160673697
14e308d7e02a,W7161154904
14e308d7e02a,W7161167107
14e308d7e02a,W7161731408
14e308d7e02a,W7161742126
14e308d7e02a,W7162471387
14e308d7e02a,W7162760617
14e308d7e02a,W7162804108
14e308d7e02a,W7162896052
14e308d7e02a,W7162917542
14e308d7e02a,W7163001062
14e308d7e02a,W7163009346
14e308d7e02a,W7163326847
14e308d7e02a,W7163331819
14e308d7e02a,W7165632795
14e308d7e02a,W7165647130
14e308d7e02a,W7165661487
14e308d7e02a,W7165664941
14e308d7e02a,W7165685343
14e308d7e02a,W7165693105
14e308d7e02a,W7165755767
14e308d7e02a,W7167791830
14e308d7e02a,W7167813747
14e308d7e02a,W7171706094
15c7e59c85c4,W2411070653
15c7e59c85c4,W2419493782
15c7e59c85c4,W2778692202
15c7e59c85c4,W2779121869
15c7e59c85c4,W2783185230
15c7e59c85c4,W2804507202
15c7e59c85c4,W2893093521
15c7e59c85c4,W2893652776
15c7e59c85c4,W2900203922
15c7e59c85c4,W2902192205
15c7e59c85c4,W2907328229
15c7e59c85c4,W2913395077
15c7e59c85c4,W2925239628
15c7e59c85c4,W2933051484
15c7e59c85c4,W2943549475
15c7e59c85c4,W2947003255
15c7e59c85c4,W2949154283
15c7e59c85c4,W2959678447
15c7e59c85c4,W2960575202
15c7e59c85c4,W2965795983
15c7e59c85c4,W2970468910
15c7e59c85c4,W2972317069
15c7e59c85c4,W2982063848
15c7e59c85c4,W2990855036
15c7e59c85c4,W3004174467
15c7e59c85c4,W3012118217
15c7e59c85c4,W3015262786
15c7e59c85c4,W3019834416
15c7e59c85c4,W3024351050
15c7e59c85c4,W3027402297
15c7e59c85c4,W3030929194
15c7e59c85c4,W3041062150
15c7e59c85c4,W3049694882
15c7e59c85c4,W3081799366
15c7e59c85c4,W3082921084
15c7e59c85c4,W3097015805
15c7e59c85c4,W3105327931
15c7e59c85c4,W3107249373
15c7e59c85c4,W3110015979
15c7e59c85c4,W3110732797
15c7e59c85c4,W3118899344
15c7e59c85c4,W3123988623
15c7e59c85c4,W3134440024
15c7e59c85c4,W3134493953
15c7e59c85c4,W3155666854
15c7e59c85c4,W3156751041
15c7e59c85c4,W3157772887
15c7e59c85c4,W3162469107
15c7e59c85c4,W3165784103
15c7e59c85c4,W3175253421
15c7e59c85c4,W3180608363
15c7e59c85c4,W3186034642
15c7e59c85c4,W3186776088
15c7e59c85c4,W3198577417
15c7e59c85c4,W3204504405
15c7e59c85c4,W3215310816
15c7e59c85c4,W4200280308
15c7e59c85c4,W4200558198
15c7e59c85c4,W4210631748
15c7e59c85c4,W4213343044
15c7e59c85c4,W4220781137
15c7e59c85c4,W4223623530
15c7e59c85c4,W4224984791
15c7e59c85c4,W4226211170
15c7e59c85c4,W4229017963
15c7e59c85c4,W4229019898
15c7e59c85c4,W4243558542
15c7e59c85c4,W4246488629
15c7e59c85c4,W4283258160
15c7e59c85c4,W4283324976
15c7e59c85c4,W4283581464
15c7e59c85c4,W4284991759
15c7e59c85c4,W4287070796
15c7e59c85c4,W4288051001
15c7e59c85c4,W4291021120
15c7e59c85c4,W4293084730
15c7e59c85c4,W4296389812
15c7e59c85c4,W4297827979
15c7e59c85c4,W4297887312
15c7e59c85c4,W4308678737
15c7e59c85c4,W4310151029
15c7e59c85c4,W4313201021
15c7e59c85c4,W4317497443
15c7e59c85c4,W4317606000
15c7e59c85c4,W4319460822
15c7e59c85c4,W4321792844
15c7e59c85c4,W4322495056
15c7e59c85c4,W4322631588
15c7e59c85c4,W4323315985
15c7e59c85c4,W4361201291
15c7e59c85c4,W4362520968
15c7e59c85c4,W4362591380
15c7e59c85c4,W4362602734
15c7e59c85c4,W4362717987
15c7e59c85c4,W4377030110
15c7e59c85c4,W4379654728
15c7e59c85c4,W4384498580
15c7e59c85c4,W4386142324
15c7e59c85c4,W4386400773
15c7e59c85c4,W4386530504
15c7e59c85c4,W4386773846
15c7e59c85c4,W4387131091
15c7e59c85c4,W4387476989
15c7e59c85c4,W4387610508
15c7e59c85c4,W4387798836
15c7e59c85c4,W4389241086
15c7e59c85c4,W4390222201
15c7e59c85c4,W4390222400
15c7e59c85c4,W4390222957
15c7e59c85c4,W4390223620
15c7e59c85c4,W4390694374
15c7e59c85c4,W4391529975
15c7e59c85c4,W4392281598
15c7e59c85c4,W4392406051
15c7e59c85c4,W4392544583
15c7e59c85c4,W4393187666
15c7e59c85c4,W4395682010
15c7e59c85c4,W4395959659
15c7e59c85c4,W4396544664
15c7e59c85c4,W4396709385
15c7e59c85c4,W4399294509
15c7e59c85c4,W4399431236
15c7e59c85c4,W4400015852
15c7e59c85c4,W4400194697
15c7e59c85c4,W4400236493
15c7e59c85c4,W4400807922
15c7e59c85c4,W4401633443
15c7e59c85c4,W4403007193
15c7e59c85c4,W4403065797
15c7e59c85c4,W4403412734
15c7e59c85c4,W4403452644
15c7e59c85c4,W4405094603
15c7e59c85c4,W4405635760
15c7e59c85c4,W4405810628
15c7e59c85c4,W4406347581
15c7e59c85c4,W4407395037
15c7e59c85c4,W4408350095
15c7e59c85c4,W4408540133
15c7e59c85c4,W4408609301
15c7e59c85c4,W4408613968
15c7e59c85c4,W4409281313
15c7e59c85c4,W4409319709
15c7e59c85c4,W4409985020
15c7e59c85c4,W4409985040
15c7e59c85c4,W4410040114
15c7e59c85c4,W4410395897
15c7e59c85c4,W4412649027
15c7e59c85c4,W4412871963
15c7e59c85c4,W4413257937
15c7e59c85c4,W4413385228
15c7e59c85c4,W4414242547
15c7e59c85c4,W4415125820
15c7e59c85c4,W4415483463
15c7e59c85c4,W4415997318
15c7e59c85c4,W4416946456
15c7e59c85c4,W7108463952
15c7e59c85c4,W7154005727
15c7e59c85c4,W7154077561
15c7e59c85c4,W7154117617
15c7e59c85c4,W7154488008
15c7e59c85c4,W7154545084
15c7e59c85c4,W7154682079
15c7e59c85c4,W7154937304
15c7e59c85c4,W7154962821
15c7e59c85c4,W7155527230
15c7e59c85c4,W7160294074
15c7e59c85c4,W7160929427
15c7e59c85c4,W7162471387
15c7e59c85c4,W7163665054
15c7e59c85c4,W7163743935
15c7e59c85c4,W7163996923
15c7e59c85c4,W7164663895
15c7e59c85c4,W7165446879
15c7e59c85c4,W7165897574
15c7e59c85c4,W7165946609
15c7e59c85c4,W7168993959
15c7e59c85c4,W7169538624
15c7e59c85c4,W7169556876
15c7e59c85c4,W7169754384
15c7e59c85c4,W7169759188
15c7e59c85c4,W7170074326
15c7e59c85c4,W7170133566
16085a462623,W3164284374
16085a462623,W3165632113
16085a462623,W3176147800
16085a462623,W3185134962
16085a462623,W4200031802
16085a462623,W4200143422
16085a462623,W4210725316
16085a462623,W4225152723
16085a462623,W4225264026
16085a462623,W4225553062
16085a462623,W4280646584
16085a462623,W4281937252
16085a462623,W4312365687
16085a462623,W4324360628
16085a462623,W4365150940
16085a462623,W4375935027
16085a462623,W4378532133
16085a462623,W4381427596
16085a462623,W4390059749
16085a462623,W4390799658
16085a462623,W4401384512
16085a462623,W4404166124
16085a462623,W4404826848
16085a462623,W4408755026
16085a462623,W4409150317
16085a462623,W4409480801
16085a462623,W4414531409
16085a462623,W4414595965
16085a462623,W7120564953
16085a462623,W7133346765
16085a462623,W7147605194
16085a462623,W7148222872
16085a462623,W7202182395
16d70b26bd38,W1467651035
16d70b26bd38,W1603800344
16d70b26bd38,W1677141559
16d70b26bd38,W1976567617
16d70b26bd38,W1980233249
16d70b26bd38,W1992892094
16d70b26bd38,W1998065705
16d70b26bd38,W2005445801
16d70b26bd38,W2037152905
16d70b26bd38,W2042503924
16d70b26bd38,W2043825589
16d70b26bd38,W2044416087
16d70b26bd38,W2060120568
16d70b26bd38,W2060779148
16d70b26bd38,W2065014563
16d70b26bd38,W2066316921
16d70b26bd38,W2069713386
16d70b26bd38,W2071994929
16d70b26bd38,W2075484627
16d70b26bd38,W2076380444
16d70b26bd38,W2085191391
16d70b26bd38,W2111073674
16d70b26bd38,W2133560121
16d70b26bd38,W2137752381
16d70b26bd38,W2142610067
16d70b26bd38,W2153269163
16d70b26bd38,W2154301402
16d70b26bd38,W2163509029
16d70b26bd38,W2180423903
16d70b26bd38,W2190753110
16d70b26bd38,W2209284497
16d70b26bd38,W2223157312
16d70b26bd38,W2319094282
16d70b26bd38,W2328291249
16d70b26bd38,W2499063012
16d70b26bd38,W2500232946
16d70b26bd38,W2522200168
16d70b26bd38,W2582236568
16d70b26bd38,W2586375711
16d70b26bd38,W2592144218
16d70b26bd38,W2740275732
16d70b26bd38,W2751100291
16d70b26bd38,W2770670943
16d70b26bd38,W2774957350
16d70b26bd38,W2775405297
16d70b26bd38,W2778108005
16d70b26bd38,W2784682903
16d70b26bd38,W2889857655
16d70b26bd38,W2901042844
16d70b26bd38,W2911848273
16d70b26bd38,W2914217573
16d70b26bd38,W2917997803
16d70b26bd38,W2920443204
16d70b26bd38,W2924752626
16d70b26bd38,W2950921231
16d70b26bd38,W2965847169
16d70b26bd38,W2973072420
16d70b26bd38,W2975439603
16d70b26bd38,W2989549720
16d70b26bd38,W2995231114
16d70b26bd38,W3003249663
16d70b26bd38,W3006623460
16d70b26bd38,W3006838181
16d70b26bd38,W3020088281
16d70b26bd38,W3026163141
16d70b26bd38,W3041642610
16d70b26bd38,W3086473499
16d70b26bd38,W3087116809
16d70b26bd38,W3098595802
16d70b26bd38,W3100294297
16d70b26bd38,W3104780384
16d70b26bd38,W3123926467
16d70b26bd38,W3133748367
16d70b26bd38,W3135252550
16d70b26bd38,W3161949032
16d70b26bd38,W3162596539
16d70b26bd38,W3173598636
16d70b26bd38,W3181676672
16d70b26bd38,W4200123243
16d70b26bd38,W4200186249
16d70b26bd38,W4205791715
16d70b26bd38,W4206560085
16d70b26bd38,W4213131350
16d70b26bd38,W4220852121
16d70b26bd38,W4221006034
16d70b26bd38,W4221054929
16d70b26bd38,W4224008250
16d70b26bd38,W4224922660
16d70b26bd38,W4228998130
16d70b26bd38,W4242612682
16d70b26bd38,W4244805306
16d70b26bd38,W4246478507
16d70b26bd38,W4248580361
16d70b26bd38,W4252032775
16d70b26bd38,W4280545063
16d70b26bd38,W4280589027
16d70b26bd38,W4281750669
16d70b26bd38,W4283786715
16d70b26bd38,W4286697661
16d70b26bd38,W4286891215
16d70b26bd38,W4295367161
16d70b26bd38,W4298146309
16d70b26bd38,W4309516961
16d70b26bd38,W4312501321
16d70b26bd38,W4312615101
16d70b26bd38,W4317387854
16d70b26bd38,W4317612221
16d70b26bd38,W4318914069
16d70b26bd38,W4319591419
16d70b26bd38,W4361000169
16d70b26bd38,W4376664029
16d70b26bd38,W4377024434
16d70b26bd38,W4378214413
16d70b26bd38,W4380201290
16d70b26bd38,W4382281908
16d70b26bd38,W4383066736
16d70b26bd38,W4385329091
16d70b26bd38,W4385683832
16d70b26bd38,W4386862037
16d70b26bd38,W4387136594
16d70b26bd38,W4387530739
16d70b26bd38,W4389987366
16d70b26bd38,W4389987761
16d70b26bd38,W4392544574
16d70b26bd38,W4393425574
16d70b26bd38,W4393434661
16d70b26bd38,W4393444834
16d70b26bd38,W4393473214
16d70b26bd38,W4393474900
16d70b26bd38,W4393479773
16d70b26bd38,W4393545750
16d70b26bd38,W4393560616
16d70b26bd38,W4393571308
16d70b26bd38,W4393588107
16d70b26bd38,W4393632489
16d70b26bd38,W4393793805
16d70b26bd38,W4393800797
16d70b26bd38,W4393881443
16d70b26bd38,W4394039322
16d70b26bd38,W4394041851
16d70b26bd38,W4394090503
16d70b26bd38,W4394093202
16d70b26bd38,W4394097574
16d70b26bd38,W4394164415
16d70b26bd38,W4394422619
16d70b26bd38,W4395677145
16d70b26bd38,W4397022135
16d70b26bd38,W4399274512
16d70b26bd38,W4399513691
16d70b26bd38,W4400682658
16d70b26bd38,W4401426726
16d70b26bd38,W4403452201
16d70b26bd38,W4403452839
16d70b26bd38,W4405862276
16d70b26bd38,W4406867025
16d70b26bd38,W4407775684
16d70b26bd38,W4407776213
16d70b26bd38,W4407953561
16d70b26bd38,W4408505215
16d70b26bd38,W4409185130
16d70b26bd38,W4409185308
16d70b26bd38,W4409185324
16d70b26bd38,W4409257598
16d70b26bd38,W4409892463
16d70b26bd38,W4409946200
16d70b26bd38,W4409946247
16d70b26bd38,W4410618946
16d70b26bd38,W4411582098
16d70b26bd38,W4412157600
16d70b26bd38,W4412354954
16d70b26bd38,W4412425154
16d70b26bd38,W4412908239
16d70b26bd38,W4413447414
16d70b26bd38,W4414706102
16d70b26bd38,W4416928936
16d70b26bd38,W4417066045
16d70b26bd38,W7108456257
16d70b26bd38,W7119507730
16d70b26bd38,W7139977737
16d70b26bd38,W7164002364
16d70b26bd38,W7167224180
16d70b26bd38,W7168142948
16d70b26bd38,W7169844747
16d70b26bd38,W7169875222
16d70b26bd38,W7169885931
16d70b26bd38,W7170324700
17477740110d,W1522843202
17477740110d,W1538557682
17477740110d,W1540640510
17477740110d,W1577831823
17477740110d,W1578270531
17477740110d,W1592596457
17477740110d,W1598796968
17477740110d,W1608673411
17477740110d,W1624531507
17477740110d,W167092472
17477740110d,W168195334
17477740110d,W1788243493
17477740110d,W1835619113
17477740110d,W1851041549
17477740110d,W1856141871
17477740110d,W1867298131
17477740110d,W188597573
17477740110d,W1952933219
17477740110d,W1986949602
17477740110d,W1992986143
17477740110d,W1998548581
17477740110d,W2000081588
17477740110d,W2008502345
17477740110d,W2012298841
17477740110d,W2014108760
17477740110d,W2021039323
17477740110d,W2021294211
17477740110d,W2029718544
17477740110d,W2031193299
17477740110d,W2036948967
17477740110d,W2060516361
17477740110d,W2073227554
17477740110d,W2073281148
17477740110d,W2081616529
17477740110d,W2090299749
17477740110d,W210557471
17477740110d,W2109837393
17477740110d,W2139890120
17477740110d,W2153013772
17477740110d,W2162922427
17477740110d,W2174435500
17477740110d,W2234268415
17477740110d,W2258519679
17477740110d,W2263146356
17477740110d,W2272816527
17477740110d,W2274696170
17477740110d,W2275705936
17477740110d,W2286410406
17477740110d,W2293030551
17477740110d,W2296737341
17477740110d,W2301730225
17477740110d,W2343696616
17477740110d,W2397098548
17477740110d,W2404428331
17477740110d,W2569735221
17477740110d,W2584252549
17477740110d,W261732165
17477740110d,W2624882093
17477740110d,W262785495
17477740110d,W2749851274
17477740110d,W2762364541
17477740110d,W2773204948
17477740110d,W2776399244
17477740110d,W2778562754
17477740110d,W2782746622
17477740110d,W2784547979
17477740110d,W2786310691
17477740110d,W2787847369
17477740110d,W2797990920
17477740110d,W2799985478
17477740110d,W2801629337
17477740110d,W2806391997
17477740110d,W2809027537
17477740110d,W2810050427
17477740110d,W2811412008
17477740110d,W2885513393
17477740110d,W2889403049
17477740110d,W2889874646
17477740110d,W2895027709
17477740110d,W2896986108
17477740110d,W2902914380
17477740110d,W2905117184
17477740110d,W2907893781
17477740110d,W2908432201
17477740110d,W2908935054
17477740110d,W2910409488
17477740110d,W2920096868
17477740110d,W2920608965
17477740110d,W2935069460
17477740110d,W2939377228
17477740110d,W2940183491
17477740110d,W2941552486
17477740110d,W2943077792
17477740110d,W2943990118
17477740110d,W2945461101
17477740110d,W2947495427
17477740110d,W2952786361
17477740110d,W2953513384
17477740110d,W2967904106
17477740110d,W2969238246
17477740110d,W2980911676
17477740110d,W2982154214
17477740110d,W2982840699
17477740110d,W2986754135
17477740110d,W2992608499
17477740110d,W2996783707
17477740110d,W3002584950
17477740110d,W3080755970
17477740110d,W3086288671
17477740110d,W3092777257
17477740110d,W3092947458
17477740110d,W3095814875
17477740110d,W3097067254
17477740110d,W3107416354
17477740110d,W3113870765
17477740110d,W3134110657
17477740110d,W3134142990
17477740110d,W3138136504
17477740110d,W3139201518
17477740110d,W3161029148
17477740110d,W3161362816
17477740110d,W3161419330
17477740110d,W3164172011
17477740110d,W3182901567
17477740110d,W3199308460
17477740110d,W3204413250
17477740110d,W3207505334
17477740110d,W3207674350
17477740110d,W34195061
17477740110d,W349352623
17477740110d,W4225014414
17477740110d,W4232090789
17477740110d,W4236871796
17477740110d,W4237384839
17477740110d,W4237532574
17477740110d,W4237889011
17477740110d,W4243764174
17477740110d,W4249045116
17477740110d,W4252080810
17477740110d,W4256096515
17477740110d,W4293859671
17477740110d,W4385756710
17477740110d,W4386944244
17477740110d,W4387117078
17477740110d,W4392343788
17477740110d,W4396845279
17477740110d,W4404771219
17477740110d,W4405198751
17477740110d,W4405487681
17477740110d,W4405869911
17477740110d,W4406983822
17477740110d,W4407041064
17477740110d,W4407280532
17477740110d,W4407779358
17477740110d,W4408053062
17477740110d,W4408817011
17477740110d,W4410221436
17477740110d,W4411620543
17477740110d,W4413237096
17477740110d,W4415411035
17477740110d,W640770275
17477740110d,W7128097805
17477740110d,W7155388325
17477740110d,W7162406548
17477740110d,W7162412062
17477740110d,W7162435192
17477740110d,W7162443850
17477740110d,W7163200050
17477740110d,W7167310165
17477740110d,W7167326396
17477740110d,W7167445169
17477740110d,W804684987
17d3e1340e1d,W1540577306
17d3e1340e1d,W1558744383
17d3e1340e1d,W1583440292
17d3e1340e1d,W1704833857
17d3e1340e1d,W1758938396
17d3e1340e1d,W1943083445
17d3e1340e1d,W1974418230
17d3e1340e1d,W1989271920
17d3e1340e1d,W2001508753
17d3e1340e1d,W2008590669
17d3e1340e1d,W2021067500
17d3e1340e1d,W2030050610
17d3e1340e1d,W2035679197
17d3e1340e1d,W2061274161
17d3e1340e1d,W2083249421
17d3e1340e1d,W2092649624
17d3e1340e1d,W2103768675
17d3e1340e1d,W2109660235
17d3e1340e1d,W2110085174
17d3e1340e1d,W2113031817
17d3e1340e1d,W2164138527
17d3e1340e1d,W2416416224
17d3e1340e1d,W2501326461
17d3e1340e1d,W2525882500
17d3e1340e1d,W2586745967
17d3e1340e1d,W2804944685
17d3e1340e1d,W2883398985
17d3e1340e1d,W2903140862
17d3e1340e1d,W2915435039
17d3e1340e1d,W2916480667
17d3e1340e1d,W2960770319
17d3e1340e1d,W2971286738
17d3e1340e1d,W2999045124
17d3e1340e1d,W3001191147
17d3e1340e1d,W3002594776
17d3e1340e1d,W3014082355
17d3e1340e1d,W3104993045
17d3e1340e1d,W3108847403
17d3e1340e1d,W3128821297
17d3e1340e1d,W3152510575
17d3e1340e1d,W3177207463
17d3e1340e1d,W3200640103
17d3e1340e1d,W3205751126
17d3e1340e1d,W3208924281
17d3e1340e1d,W4220948360
17d3e1340e1d,W4241068524
17d3e1340e1d,W4247680150
17d3e1340e1d,W4322724359
17d3e1340e1d,W4394088629
17d3e1340e1d,W4394105626
17d3e1340e1d,W4394439937
17d3e1340e1d,W4396868841
17d3e1340e1d,W4399709057
17d3e1340e1d,W4399761861
17d3e1340e1d,W4400549062
17d3e1340e1d,W4402745861
17d3e1340e1d,W4403879902
17d3e1340e1d,W4413514310
17d3e1340e1d,W4413552895
17d3e1340e1d,W4415144415
17d3e1340e1d,W4417117792
17d3e1340e1d,W7136033734
17d3e1340e1d,W7136033897
17d3e1340e1d,W7136038433
17d3e1340e1d,W7136046042
17d3e1340e1d,W787583550
18ff8233ad7f,W2600519071
18ff8233ad7f,W2607043180
18ff8233ad7f,W2808112896
18ff8233ad7f,W2948723885
18ff8233ad7f,W2998775267
18ff8233ad7f,W3018575221
18ff8233ad7f,W3019292546
18ff8233ad7f,W3080219561
18ff8233ad7f,W3081191619
18ff8233ad7f,W3092849554
18ff8233ad7f,W3092861045
18ff8233ad7f,W3093298383
18ff8233ad7f,W3093350281
18ff8233ad7f,W3164787079
18ff8233ad7f,W3167306526
18ff8233ad7f,W3169262929
18ff8233ad7f,W3181093306
18ff8233ad7f,W3193596407
18ff8233ad7f,W3193966689
18ff8233ad7f,W3194309324
18ff8233ad7f,W3195195170
18ff8233ad7f,W3199493325
18ff8233ad7f,W3206918078
18ff8233ad7f,W3210652330
18ff8233ad7f,W4200359149
18ff8233ad7f,W4200584507
18ff8233ad7f,W4206055706
18ff8233ad7f,W4210655334
18ff8233ad7f,W4280539510
18ff8233ad7f,W4281387590
18ff8233ad7f,W4283728145
18ff8233ad7f,W4290999328
18ff8233ad7f,W4296162032
18ff8233ad7f,W4309503005
18ff8233ad7f,W4311573201
18ff8233ad7f,W4312065314
18ff8233ad7f,W4318393808
18ff8233ad7f,W4386568712
18ff8233ad7f,W4389057456
18ff8233ad7f,W4389731307
18ff8233ad7f,W4392619261
18ff8233ad7f,W4392663706
18ff8233ad7f,W4392791500
18ff8233ad7f,W4393858312
18ff8233ad7f,W4394488869
18ff8233ad7f,W4394894573
18ff8233ad7f,W4396662105
18ff8233ad7f,W4396946025
18ff8233ad7f,W4400317904
18ff8233ad7f,W4400318259
18ff8233ad7f,W4400449902
18ff8233ad7f,W4400686327
18ff8233ad7f,W4400810168
18ff8233ad7f,W4402347689
18ff8233ad7f,W4403349004
18ff8233ad7f,W4404030539
18ff8233ad7f,W4405618469
18ff8233ad7f,W4407895725
18ff8233ad7f,W4412007962
18ff8233ad7f,W4414380546
18ff8233ad7f,W4414647900
18ff8233ad7f,W7119256234
18ff8233ad7f,W7119347229
18ff8233ad7f,W7124468535
18ff8233ad7f,W7126344825
19105ceb5f96,W2522692568
19105ceb5f96,W3103951359
19105ceb5f96,W3153383629
19105ceb5f96,W3172481379
19105ceb5f96,W3188274543
19105ceb5f96,W3210334595
19105ceb5f96,W4213418962
19105ceb5f96,W4220791230
19105ceb5f96,W4280542232
19105ceb5f96,W4285739549
19105ceb5f96,W4304893034
19105ceb5f96,W4310214778
19105ceb5f96,W4361012827
19105ceb5f96,W4389416838
19105ceb5f96,W4402125295
19105ceb5f96,W4403718074
19105ceb5f96,W4409064749
19105ceb5f96,W4414554478
19105ceb5f96,W7162442735
1978b03fff97,W3202567321
1978b03fff97,W4251394702
1978b03fff97,W4377024049
1978b03fff97,W4385683902
1978b03fff97,W4394714357
1978b03fff97,W4399370173
1978b03fff97,W4402441701
1978b03fff97,W4406348232
1978b03fff97,W4406617993
1978b03fff97,W4406633044
1978b03fff97,W4406905980
1978b03fff97,W4407097259
1978b03fff97,W4407196455
1978b03fff97,W4407585133
1978b03fff97,W4407700432
1978b03fff97,W4407832541
1978b03fff97,W4408788233
1978b03fff97,W4408810633
1978b03fff97,W4409185140
1978b03fff97,W4410198150
1978b03fff97,W4410982293
1978b03fff97,W4410991331
1978b03fff97,W4411086097
1978b03fff97,W4411577361
1978b03fff97,W4412567308
1978b03fff97,W4413067505
1978b03fff97,W4413738353
1978b03fff97,W4414478557
1978b03fff97,W4415383471
1978b03fff97,W4415995834
1978b03fff97,W4416103787
1978b03fff97,W4416126166
1978b03fff97,W4417409950
1978b03fff97,W7108926755
1978b03fff97,W7108944748
1978b03fff97,W7109090597
1978b03fff97,W7155460362
1978b03fff97,W7160745683
1978b03fff97,W7161459897
1978b03fff97,W7163791987
1978b03fff97,W7167391150
1978b03fff97,W7167401871
1978b03fff97,W7172238757
1978b03fff97,W7196989058
1a1f21d2a13b,W1048736803
1a1f21d2a13b,W1629194960
1a1f21d2a13b,W1856788271
1a1f21d2a13b,W1965069800
1a1f21d2a13b,W1986456936
1a1f21d2a13b,W1993805277
1a1f21d2a13b,W1998411809
1a1f21d2a13b,W2006051601
1a1f21d2a13b,W2007412658
1a1f21d2a13b,W2026241388
1a1f21d2a13b,W2027855504
1a1f21d2a13b,W2032555787
1a1f21d2a13b,W2037108292
1a1f21d2a13b,W2038979358
1a1f21d2a13b,W2047446970
1a1f21d2a13b,W2048775522
1a1f21d2a13b,W2053980419
1a1f21d2a13b,W2054757717
1a1f21d2a13b,W2056732512
1a1f21d2a13b,W2061020758
1a1f21d2a13b,W2065257448
1a1f21d2a13b,W2073427474
1a1f21d2a13b,W2085507903
1a1f21d2a13b,W2095384905
1a1f21d2a13b,W2103237756
1a1f21d2a13b,W2103740992
1a1f21d2a13b,W2104606954
1a1f21d2a13b,W2118677253
1a1f21d2a13b,W2119297966
1a1f21d2a13b,W2122503708
1a1f21d2a13b,W2125328960
1a1f21d2a13b,W2133570127
1a1f21d2a13b,W2133815867
1a1f21d2a13b,W2147680682
1a1f21d2a13b,W2161894568
1a1f21d2a13b,W2162623602
1a1f21d2a13b,W2163209692
1a1f21d2a13b,W2164968166
1a1f21d2a13b,W2167494694
1a1f21d2a13b,W2171065472
1a1f21d2a13b,W2171864684
1a1f21d2a13b,W2172022968
1a1f21d2a13b,W2200379746
1a1f21d2a13b,W22205370
1a1f21d2a13b,W2268603221
1a1f21d2a13b,W2273801034
1a1f21d2a13b,W2280715549
1a1f21d2a13b,W2321028827
1a1f21d2a13b,W2345537209
1a1f21d2a13b,W2439179701
1a1f21d2a13b,W2522285740
1a1f21d2a13b,W2524019667
1a1f21d2a13b,W2552077705
1a1f21d2a13b,W2575596705
1a1f21d2a13b,W2583765578
1a1f21d2a13b,W2592589168
1a1f21d2a13b,W2598293648
1a1f21d2a13b,W2603977689
1a1f21d2a13b,W2606030880
1a1f21d2a13b,W2611366444
1a1f21d2a13b,W2612476718
1a1f21d2a13b,W2612652459
1a1f21d2a13b,W2645020645
1a1f21d2a13b,W2729579672
1a1f21d2a13b,W2734883053
1a1f21d2a13b,W2738802139
1a1f21d2a13b,W2745192534
1a1f21d2a13b,W2755398952
1a1f21d2a13b,W2758136897
1a1f21d2a13b,W2759638242
1a1f21d2a13b,W2767026481
1a1f21d2a13b,W2767325120
1a1f21d2a13b,W2767999304
1a1f21d2a13b,W2785349658
1a1f21d2a13b,W2785424626
1a1f21d2a13b,W2789605724
1a1f21d2a13b,W2789705671
1a1f21d2a13b,W2790041945
1a1f21d2a13b,W2790230984
1a1f21d2a13b,W2790440013
1a1f21d2a13b,W2790906018
1a1f21d2a13b,W2791520585
1a1f21d2a13b,W2791763305
1a1f21d2a13b,W2791886742
1a1f21d2a13b,W2792562657
1a1f21d2a13b,W2792606762
1a1f21d2a13b,W2792931435
1a1f21d2a13b,W2795135605
1a1f21d2a13b,W2803468951
1a1f21d2a13b,W2805712845
1a1f21d2a13b,W2807413585
1a1f21d2a13b,W2809061109
1a1f21d2a13b,W2882912347
1a1f21d2a13b,W2885826357
1a1f21d2a13b,W2889702658
1a1f21d2a13b,W2890037027
1a1f21d2a13b,W2895897594
1a1f21d2a13b,W2895901384
1a1f21d2a13b,W2897785951
1a1f21d2a13b,W2898741111
1a1f21d2a13b,W2898846464
1a1f21d2a13b,W2899533499
1a1f21d2a13b,W2911870465
1a1f21d2a13b,W2912712258
1a1f21d2a13b,W2913086633
1a1f21d2a13b,W2913970153
1a1f21d2a13b,W2936448989
1a1f21d2a13b,W2943548923
1a1f21d2a13b,W2945148377
1a1f21d2a13b,W2954426269
1a1f21d2a13b,W2954487425
1a1f21d2a13b,W2954673022
1a1f21d2a13b,W2955390607
1a1f21d2a13b,W2963652204
1a1f21d2a13b,W2973080170
1a1f21d2a13b,W2981638555
1a1f21d2a13b,W2983192205
1a1f21d2a13b,W2990489520
1a1f21d2a13b,W2991208268
1a1f21d2a13b,W2994403115
1a1f21d2a13b,W2999832486
1a1f21d2a13b,W3005271708
1a1f21d2a13b,W3005662891
1a1f21d2a13b,W3012614496
1a1f21d2a13b,W3014403984
1a1f21d2a13b,W3014819045
1a1f21d2a13b,W3024869458
1a1f21d2a13b,W3031532194
1a1f21d2a13b,W3033599987
1a1f21d2a13b,W3042460509
1a1f21d2a13b,W3042538717
1a1f21d2a13b,W3046294523
1a1f21d2a13b,W3049542298
1a1f21d2a13b,W3049720434
1a1f21d2a13b,W3080118837
1a1f21d2a13b,W3081835484
1a1f21d2a13b,W3091475384
1a1f21d2a13b,W3106245894
1a1f21d2a13b,W3110079795
1a1f21d2a13b,W3115042615
1a1f21d2a13b,W3120578304
1a1f21d2a13b,W3123874071
1a1f21d2a13b,W3136417571
1a1f21d2a13b,W3141370374
1a1f21d2a13b,W3158066118
1a1f21d2a13b,W3160378203
1a1f21d2a13b,W3160463757
1a1f21d2a13b,W3160549875
1a1f21d2a13b,W3161297032
1a1f21d2a13b,W3161819679
1a1f21d2a13b,W3161887496
1a1f21d2a13b,W3162228858
1a1f21d2a13b,W3162314627
1a1f21d2a13b,W3162343527
1a1f21d2a13b,W3162385788
1a1f21d2a13b,W3162723346
1a1f21d2a13b,W3165568050
1a1f21d2a13b,W3172551338
1a1f21d2a13b,W3172970520
1a1f21d2a13b,W3182863100
1a1f21d2a13b,W3186792747
1a1f21d2a13b,W3187747643
1a1f21d2a13b,W3203360808
1a1f21d2a13b,W3206734735
1a1f21d2a13b,W3209879298
1a1f21d2a13b,W3210424160
1a1f21d2a13b,W4200013506
1a1f21d2a13b,W4205401889
1a1f21d2a13b,W4207038698
1a1f21d2a13b,W4210582464
1a1f21d2a13b,W4210718792
1a1f21d2a13b,W4213169564
1a1f21d2a13b,W4220831224
1a1f21d2a13b,W4220901227
1a1f21d2a13b,W4220967691
1a1f21d2a13b,W4225338079
1a1f21d2a13b,W4229005477
1a1f21d2a13b,W4232368014
1a1f21d2a13b,W4235470774
1a1f21d2a13b,W4235991271
1a1f21d2a13b,W4236248067
1a1f21d2a13b,W4240308043
1a1f21d2a13b,W4244047471
1a1f21d2a13b,W4247989577
1a1f21d2a13b,W4249889290
1a1f21d2a13b,W4250612292
1a1f21d2a13b,W4251026060
1a1f21d2a13b,W4255584625
1a1f21d2a13b,W4280621316
1a1f21d2a13b,W4280636565
1a1f21d2a13b,W4281484458
1a1f21d2a13b,W4281676299
1a1f21d2a13b,W4283827354
1a1f21d2a13b,W4285107547
1a1f21d2a13b,W4285120400
1a1f21d2a13b,W4285126383
1a1f21d2a13b,W4285142180
1a1f21d2a13b,W4285144310
1a1f21d2a13b,W4285146389
1a1f21d2a13b,W4285185269
1a1f21d2a13b,W4285196235
1a1f21d2a13b,W4285204458
1a1f21d2a13b,W4285218525
1a1f21d2a13b,W4285283723
1a1f21d2a13b,W4285793562
1a1f21d2a13b,W4289745110
1a1f21d2a13b,W4294069027
1a1f21d2a13b,W4303045322
1a1f21d2a13b,W4307135323
1a1f21d2a13b,W4307452111
1a1f21d2a13b,W4308602290
1a1f21d2a13b,W4309697763
1a1f21d2a13b,W4312055163
1a1f21d2a13b,W4312120889
1a1f21d2a13b,W4312264018
1a1f21d2a13b,W4312469773
1a1f21d2a13b,W4312561847
1a1f21d2a13b,W4312584199
1a1f21d2a13b,W4312632035
1a1f21d2a13b,W4312686896
1a1f21d2a13b,W4312724718
1a1f21d2a13b,W4312875809
1a1f21d2a13b,W4313186368
1a1f21d2a13b,W4315706132
1a1f21d2a13b,W4318708205
1a1f21d2a13b,W4322102039
1a1f21d2a13b,W4323923194
1a1f21d2a13b,W4362523487
1a1f21d2a13b,W4365135279
1a1f21d2a13b,W4366291450
1a1f21d2a13b,W4367041741
1a1f21d2a13b,W4376640960
1a1f21d2a13b,W4377696070
1a1f21d2a13b,W4378882542
1a1f21d2a13b,W4379136434
1a1f21d2a13b,W4380291937
1a1f21d2a13b,W4380484812
1a1f21d2a13b,W4381298452
1a1f21d2a13b,W4381298826
1a1f21d2a13b,W4381300301
1a1f21d2a13b,W4381302440
1a1f21d2a13b,W4381303699
1a1f21d2a13b,W4381304090
1a1f21d2a13b,W4381304203
1a1f21d2a13b,W4381304382
1a1f21d2a13b,W4381304583
1a1f21d2a13b,W4381305074
1a1f21d2a13b,W4384406907
1a1f21d2a13b,W4386046135
1a1f21d2a13b,W4386762848
1a1f21d2a13b,W4387213783
1a1f21d2a13b,W4387357893
1a1f21d2a13b,W4387606856
1a1f21d2a13b,W4387633477
1a1f21d2a13b,W4387950004
1a1f21d2a13b,W4389244225
1a1f21d2a13b,W4389345009
1a1f21d2a13b,W4389778440
1a1f21d2a13b,W4392100601
1a1f21d2a13b,W4392100648
1a1f21d2a13b,W4392100657
1a1f21d2a13b,W4392100690
1a1f21d2a13b,W4392100696
1a1f21d2a13b,W4392100704
1a1f21d2a13b,W4392100719
1a1f21d2a13b,W4392100731
1a1f21d2a13b,W4392100738
1a1f21d2a13b,W4392100739
1a1f21d2a13b,W4392100746
1a1f21d2a13b,W4392100936
1a1f21d2a13b,W4392100941
1a1f21d2a13b,W4392112164
1a1f21d2a13b,W4392112198
1a1f21d2a13b,W4392113782
1a1f21d2a13b,W4392125899
1a1f21d2a13b,W4392132325
1a1f21d2a13b,W4392548704
1a1f21d2a13b,W4392639497
1a1f21d2a13b,W4393101061
1a1f21d2a13b,W4393236672
1a1f21d2a13b,W4393239116
1a1f21d2a13b,W4393242567
1a1f21d2a13b,W4395661687
1a1f21d2a13b,W4396906767
1a1f21d2a13b,W4398235679
1a1f21d2a13b,W4399514311
1a1f21d2a13b,W4399550191
1a1f21d2a13b,W4399550207
1a1f21d2a13b,W4399550215
1a1f21d2a13b,W4399550223
1a1f21d2a13b,W4399550340
1a1f21d2a13b,W4399550349
1a1f21d2a13b,W4399550396
1a1f21d2a13b,W4399550454
1a1f21d2a13b,W4399550471
1a1f21d2a13b,W4399599068
1a1f21d2a13b,W4399788924
1a1f21d2a13b,W4399788953
1a1f21d2a13b,W4399789001
1a1f21d2a13b,W4399913526
1a1f21d2a13b,W4400015852
1a1f21d2a13b,W4400100625
1a1f21d2a13b,W4400184953
1a1f21d2a13b,W4400184957
1a1f21d2a13b,W4400184969
1a1f21d2a13b,W4400185018
1a1f21d2a13b,W4400185033
1a1f21d2a13b,W4400185035
1a1f21d2a13b,W4400185051
1a1f21d2a13b,W4400185060
1a1f21d2a13b,W4400185103
1a1f21d2a13b,W4400185110
1a1f21d2a13b,W4400348870
1a1f21d2a13b,W4400495936
1a1f21d2a13b,W4400495945
1a1f21d2a13b,W4401207627
1a1f21d2a13b,W4401673383
1a1f21d2a13b,W4402018676
1a1f21d2a13b,W4402031209
1a1f21d2a13b,W4402031610
1a1f21d2a13b,W4402313984
1a1f21d2a13b,W4402450963
1a1f21d2a13b,W4402499148
1a1f21d2a13b,W4402797877
1a1f21d2a13b,W4403321381
1a1f21d2a13b,W4404687836
1a1f21d2a13b,W4404760668
1a1f21d2a13b,W4404760708
1a1f21d2a13b,W4404944819
1a1f21d2a13b,W4405210442
1a1f21d2a13b,W4405210466
1a1f21d2a13b,W4405283454
1a1f21d2a13b,W4405447711
1a1f21d2a13b,W4405447820
1a1f21d2a13b,W4406550178
1a1f21d2a13b,W4406637680
1a1f21d2a13b,W4406637705
1a1f21d2a13b,W4407055384
1a1f21d2a13b,W4407196455
1a1f21d2a13b,W4407255034
1a1f21d2a13b,W4408278631
1a1f21d2a13b,W4408934698
1a1f21d2a13b,W4409257598
1a1f21d2a13b,W4410003393
1a1f21d2a13b,W4410529089
1a1f21d2a13b,W4410602121
1a1f21d2a13b,W4410637322
1a1f21d2a13b,W4410766001
1a1f21d2a13b,W4411396304
1a1f21d2a13b,W4411555429
1a1f21d2a13b,W4411574919
1a1f21d2a13b,W4411574920
1a1f21d2a13b,W4412025765
1a1f21d2a13b,W4412199178
1a1f21d2a13b,W4412999491
1a1f21d2a13b,W4413326837
1a1f21d2a13b,W4413678903
1a1f21d2a13b,W4414038326
1a1f21d2a13b,W4414039644
1a1f21d2a13b,W4414040293
1a1f21d2a13b,W4414263216
1a1f21d2a13b,W4414341611
1a1f21d2a13b,W4414487680
1a1f21d2a13b,W4414625313
1a1f21d2a13b,W4414785768
1a1f21d2a13b,W4414806080
1a1f21d2a13b,W4415130304
1a1f21d2a13b,W4415591787
1a1f21d2a13b,W4415936001
1a1f21d2a13b,W4415991556
1a1f21d2a13b,W4415991564
1a1f21d2a13b,W4415991579
1a1f21d2a13b,W4415991589
1a1f21d2a13b,W4415991600
1a1f21d2a13b,W4415991613
1a1f21d2a13b,W4415991616
1a1f21d2a13b,W4416456225
1a1f21d2a13b,W4416713646
1a1f21d2a13b,W4416766717
1a1f21d2a13b,W4416998438
1a1f21d2a13b,W4417204207
1a1f21d2a13b,W4417204417
1a1f21d2a13b,W4417204422
1a1f21d2a13b,W4417205411
1a1f21d2a13b,W4417205491
1a1f21d2a13b,W4417507147
1a1f21d2a13b,W648833785
1a1f21d2a13b,W7127177031
1a1f21d2a13b,W7134254931
1a1f21d2a13b,W7140085641
1a1f21d2a13b,W7147649524
1a1f21d2a13b,W7159812494
1a1f21d2a13b,W7162663988
1a1f21d2a13b,W7163920773
1a1f21d2a13b,W7165388122
1a1f21d2a13b,W7165603179
1a1f21d2a13b,W7166638495
1a1f21d2a13b,W7166699820
1a1f21d2a13b,W7167480554
1a1f21d2a13b,W7167708403
1a1f21d2a13b,W7167733215
1a1f21d2a13b,W7168999026
1a1f21d2a13b,W7170134930
1a1f21d2a13b,W7170191192
1a1f21d2a13b,W7172200311
1a1f21d2a13b,W7172204738
1a1f21d2a13b,W7172207742
1a1f21d2a13b,W7172211349
1a1f21d2a13b,W7172212320
1a1f21d2a13b,W7172223119
1a1f21d2a13b,W7172226387
1a1f21d2a13b,W7202174565
1a1f21d2a13b,W7202175803
1a1f21d2a13b,W7202178829
1a1f21d2a13b,W7202215129
1a1f21d2a13b,W811581277
1a3074455fd9,W2001758310
1a3074455fd9,W2185540303
1a3074455fd9,W2499470142
1a3074455fd9,W2554215716
1a3074455fd9,W2689710983
1a3074455fd9,W2736796351
1a3074455fd9,W2766544017
1a3074455fd9,W2766680612
1a3074455fd9,W2780749457
1a3074455fd9,W2808647351
1a3074455fd9,W2921077514
1a3074455fd9,W2921899536
1a3074455fd9,W3004204966
1a3074455fd9,W3012878524
1a3074455fd9,W3013516580
1a3074455fd9,W3039070104
1a3074455fd9,W3041985607
1a3074455fd9,W3042525791
1a3074455fd9,W3044557102
1a3074455fd9,W3049110208
1a3074455fd9,W3113385839
1a3074455fd9,W3128621932
1a3074455fd9,W3190226141
1a3074455fd9,W3203388059
1a3074455fd9,W4200012776
1a3074455fd9,W4200486804
1a3074455fd9,W4205323117
1a3074455fd9,W4235017836
1a3074455fd9,W4242588946
1a3074455fd9,W4252287886
1a3074455fd9,W4252621214
1a3074455fd9,W4283454937
1a3074455fd9,W4286870253
1a3074455fd9,W4318478085
1a3074455fd9,W4383908678
1a3074455fd9,W4388598761
1a3074455fd9,W4394714357
1a3074455fd9,W4394822597
1a3074455fd9,W4394945657
1a3074455fd9,W4396577806
1a3074455fd9,W4399906912
1a3074455fd9,W4402441701
1a3074455fd9,W4403306902
1a3074455fd9,W4405112510
1a3074455fd9,W4407122146
1a3074455fd9,W4407769975
1a3074455fd9,W4407769995
1a3074455fd9,W4408177726
1a3074455fd9,W4408907532
1a3074455fd9,W4409003561
1a3074455fd9,W4409185140
1a3074455fd9,W4410750978
1a3074455fd9,W4411308315
1a3074455fd9,W4411583923
1a3074455fd9,W4413771476
1a3074455fd9,W4415699537
1a3074455fd9,W4416002956
1a3074455fd9,W4416959060
1a3074455fd9,W7117644325
1a3074455fd9,W7125177255
1a3074455fd9,W7125514696
1a3074455fd9,W7135201638
1a3074455fd9,W7136862808
1a3074455fd9,W7139353982
1a3074455fd9,W7139510860
1a3074455fd9,W7153957694
1a3074455fd9,W7154806072
1a3074455fd9,W7160460590
1a3074455fd9,W7160476494
1a3074455fd9,W7160574616
1a3074455fd9,W7160738535
1a3074455fd9,W7160953407
1a3074455fd9,W7161154904
1a3074455fd9,W7161167107
1a3074455fd9,W7162896052
1a3074455fd9,W7165703712
1a3074455fd9,W7167393467
1a3074455fd9,W7167445672
1a3074455fd9,W7202063675
1a45d33fff14,W2900226410
1a45d33fff14,W2961417936
1a45d33fff14,W3044384626
1a45d33fff14,W3154684105
1a45d33fff14,W4367556566
1a45d33fff14,W4400509502
1a45d33fff14,W4401575852
1a8126d37c6b,W1495914314
1a8126d37c6b,W1981342948
1a8126d37c6b,W2000405474
1a8126d37c6b,W2016243703
1a8126d37c6b,W2160258765
1a8126d37c6b,W2518560354
1a8126d37c6b,W2753312180
1a8126d37c6b,W2801334888
1a8126d37c6b,W4200609933
1a8126d37c6b,W4213131350
1a8126d37c6b,W4224275255
1a8126d37c6b,W4286632955
1a8126d37c6b,W4307446719
1a8126d37c6b,W4318831371
1a8126d37c6b,W4319161099
1a8126d37c6b,W4327920709
1a8126d37c6b,W4378417735
1a8126d37c6b,W4380992914
1a8126d37c6b,W4388628167
1a8126d37c6b,W4390192358
1a8126d37c6b,W4391837960
1a8126d37c6b,W4403067017
1a8126d37c6b,W4406994963
1a8126d37c6b,W4408252476
1a8126d37c6b,W4412647509
1a8126d37c6b,W4417341208
1a8126d37c6b,W7128515841
1b090beac4fb,W4360978713
1b090beac4fb,W4415324918
1b090beac4fb,W4416959060
1b090beac4fb,W7124268246
1b090beac4fb,W7135201638
1b090beac4fb,W7136862808
1b090beac4fb,W7139353982
1b090beac4fb,W7153957694
1b090beac4fb,W7162896052
1c5f4bcd7f29,W2588415863
1c5f4bcd7f29,W2588514167
1c5f4bcd7f29,W2939499844
1c5f4bcd7f29,W2954201928
1c5f4bcd7f29,W2963953764
1c5f4bcd7f29,W2997537032
1c5f4bcd7f29,W3083337657
1c5f4bcd7f29,W3130023198
1c5f4bcd7f29,W3145620687
1c5f4bcd7f29,W3188844742
1c5f4bcd7f29,W4220666117
1c5f4bcd7f29,W4240986530
1c5f4bcd7f29,W4244570746
1c5f4bcd7f29,W4311309509
1c5f4bcd7f29,W4386317163
1c5f4bcd7f29,W4389521459
1c5f4bcd7f29,W4396744004
1c5f4bcd7f29,W4408914817
1c5f4bcd7f29,W4409710240
1c5f4bcd7f29,W4413829902
1c5f4bcd7f29,W4414913631
1c5f4bcd7f29,W4416211866
1c5f4bcd7f29,W7117553624
1c5f4bcd7f29,W7154722408
1c6b6752b0a2,W1512180952
1c6b6752b0a2,W1966006208
1c6b6752b0a2,W1977971378
1c6b6752b0a2,W1983211948
1c6b6752b0a2,W2004169347
1c6b6752b0a2,W2014625616
1c6b6752b0a2,W2022706931
1c6b6752b0a2,W2056224484
1c6b6752b0a2,W2069182041
1c6b6752b0a2,W2072164179
1c6b6752b0a2,W2130843551
1c6b6752b0a2,W2197697401
1c6b6752b0a2,W2335110708
1c6b6752b0a2,W2477830748
1c6b6752b0a2,W2608811728
1c6b6752b0a2,W2885553453
1c6b6752b0a2,W2889135792
1c6b6752b0a2,W2897817525
1c6b6752b0a2,W3111292846
1c6b6752b0a2,W3159330366
1c6b6752b0a2,W3170011728
1c6b6752b0a2,W4225538622
1c6b6752b0a2,W4230809837
1c6b6752b0a2,W4251603974
1c6b6752b0a2,W4361237911
1c6b6752b0a2,W4361239337
1c6b6752b0a2,W4361257714
1c6b6752b0a2,W4361257734
1c6b6752b0a2,W4361257758
1c6b6752b0a2,W4361257916
1c6b6752b0a2,W4361804842
1c6b6752b0a2,W4361804997
1c6b6752b0a2,W4361805111
1c6b6752b0a2,W4361805155
1c6b6752b0a2,W4361833734
1c6b6752b0a2,W4361834286
1c6b6752b0a2,W4361844224
1c6b6752b0a2,W4361844227
1c6b6752b0a2,W4361844229
1c6b6752b0a2,W4361844233
1c6b6752b0a2,W4361844254
1c6b6752b0a2,W4361844283
1c6b6752b0a2,W4361844370
1c6b6752b0a2,W4361849734
1c6b6752b0a2,W4361849751
1c6b6752b0a2,W4361849831
1c6b6752b0a2,W4361849861
1c6b6752b0a2,W4361849885
1c6b6752b0a2,W4361849894
1c6b6752b0a2,W4361849907
1c6b6752b0a2,W4362238717
1c6b6752b0a2,W4362238883
1c6b6752b0a2,W4362238894
1c6b6752b0a2,W4362238922
1c6b6752b0a2,W4362239052
1c6b6752b0a2,W4362239054
1c6b6752b0a2,W4362239059
1c6b6752b0a2,W4362239090
1c6b6752b0a2,W4392679657
1c6b6752b0a2,W4392686240
1d43d26bba0f,W1964823738
1d43d26bba0f,W1976473204
1d43d26bba0f,W1994817672
1d43d26bba0f,W1997623782
1d43d26bba0f,W2005459694
1d43d26bba0f,W2025895641
1d43d26bba0f,W2036848407
1d43d26bba0f,W2041426713
1d43d26bba0f,W2042353170
1d43d26bba0f,W2045598393
1d43d26bba0f,W2085683560
1d43d26bba0f,W2089375954
1d43d26bba0f,W2091757274
1d43d26bba0f,W2094753632
1d43d26bba0f,W2102777977
1d43d26bba0f,W2107744147
1d43d26bba0f,W2149503655
1d43d26bba0f,W2160685239
1d43d26bba0f,W2161559459
1d43d26bba0f,W2182781140
1d43d26bba0f,W2324736839
1d43d26bba0f,W2342256123
1d43d26bba0f,W2350432907
1d43d26bba0f,W2361233562
1d43d26bba0f,W2389204525
1d43d26bba0f,W2470192074
1d43d26bba0f,W2539595513
1d43d26bba0f,W2584836638
1d43d26bba0f,W2621343594
1d43d26bba0f,W2791975470
1d43d26bba0f,W2793766280
1d43d26bba0f,W2887679346
1d43d26bba0f,W2891269144
1d43d26bba0f,W2901297313
1d43d26bba0f,W2920833942
1d43d26bba0f,W2944643657
1d43d26bba0f,W2945633932
1d43d26bba0f,W2971290493
1d43d26bba0f,W2972648081
1d43d26bba0f,W2972882089
1d43d26bba0f,W2981966723
1d43d26bba0f,W2987651753
1d43d26bba0f,W2992055161
1d43d26bba0f,W2992948989
1d43d26bba0f,W2996255601
1d43d26bba0f,W3013036208
1d43d26bba0f,W3033109852
1d43d26bba0f,W3085453939
1d43d26bba0f,W3100947627
1d43d26bba0f,W3110695610
1d43d26bba0f,W3131767428
1d43d26bba0f,W3154531533
1d43d26bba0f,W3166903054
1d43d26bba0f,W3167667889
1d43d26bba0f,W3174104811
1d43d26bba0f,W3176624255
1d43d26bba0f,W3195042864
1d43d26bba0f,W3197328793
1d43d26bba0f,W3200335537
1d43d26bba0f,W4205290404
1d43d26bba0f,W4206444283
1d43d26bba0f,W4213131350
1d43d26bba0f,W4234216833
1d43d26bba0f,W4315574481
1d43d26bba0f,W4318068255
1d43d26bba0f,W4327966069
1d43d26bba0f,W4361215990
1d43d26bba0f,W4366140579
1d43d26bba0f,W4391839266
1d43d26bba0f,W4393256695
1d43d26bba0f,W4394714357
1d43d26bba0f,W4399740401
1d43d26bba0f,W4401493806
1d43d26bba0f,W4401646333
1d43d26bba0f,W4402441701
1d43d26bba0f,W4404709167
1d43d26bba0f,W4404773680
1d43d26bba0f,W4405003268
1d43d26bba0f,W4405003353
1d43d26bba0f,W4405833131
1d43d26bba0f,W4409185140
1d43d26bba0f,W4410552152
1d43d26bba0f,W4412768918
1d43d26bba0f,W4413154917
1d43d26bba0f,W4415237153
1d43d26bba0f,W4415463964
1d43d26bba0f,W4415543523
1d43d26bba0f,W4416304431
1d43d26bba0f,W4416959060
1d43d26bba0f,W4417482024
1d43d26bba0f,W7129154850
1d43d26bba0f,W7154623023
1d43d26bba0f,W7160092237
1d43d26bba0f,W7167806118
1e3e457449f0,W7133489352
1ede1eeeb48c,W1546319410
1ede1eeeb48c,W1929439741
1ede1eeeb48c,W1963754255
1ede1eeeb48c,W1963946624
1ede1eeeb48c,W1969103060
1ede1eeeb48c,W1969286776
1ede1eeeb48c,W1975122384
1ede1eeeb48c,W1979677623
1ede1eeeb48c,W1980882002
1ede1eeeb48c,W1984441849
1ede1eeeb48c,W1989064456
1ede1eeeb48c,W1989145610
1ede1eeeb48c,W1989323826
1ede1eeeb48c,W1993492705
1ede1eeeb48c,W2007865521
1ede1eeeb48c,W2011979473
1ede1eeeb48c,W2013853580
1ede1eeeb48c,W2016916868
1ede1eeeb48c,W2017671527
1ede1eeeb48c,W2024829705
1ede1eeeb48c,W2025741044
1ede1eeeb48c,W2033036834
1ede1eeeb48c,W2034085314
1ede1eeeb48c,W2034840172
1ede1eeeb48c,W2035701276
1ede1eeeb48c,W2037759720
1ede1eeeb48c,W2052108320
1ede1eeeb48c,W2056770896
1ede1eeeb48c,W2057545080
1ede1eeeb48c,W2058260338
1ede1eeeb48c,W2075565110
1ede1eeeb48c,W2085716068
1ede1eeeb48c,W2091988582
1ede1eeeb48c,W2092817859
1ede1eeeb48c,W2121778186
1ede1eeeb48c,W2127874529
1ede1eeeb48c,W2130784669
1ede1eeeb48c,W2138816743
1ede1eeeb48c,W2279647936
1ede1eeeb48c,W2285689392
1ede1eeeb48c,W2316733593
1ede1eeeb48c,W2322382820
1ede1eeeb48c,W2323719879
1ede1eeeb48c,W2325736347
1ede1eeeb48c,W2329769772
1ede1eeeb48c,W2331368328
1ede1eeeb48c,W2333862761
1ede1eeeb48c,W2336949163
1ede1eeeb48c,W2464874208
1ede1eeeb48c,W2524183274
1ede1eeeb48c,W2538998426
1ede1eeeb48c,W2548959008
1ede1eeeb48c,W2561621764
1ede1eeeb48c,W2731012094
1ede1eeeb48c,W2900775187
1ede1eeeb48c,W2908706263
1ede1eeeb48c,W2949804294
1ede1eeeb48c,W2978559975
1ede1eeeb48c,W2989890732
1ede1eeeb48c,W3097782796
1ede1eeeb48c,W3123246934
1ede1eeeb48c,W3134108900
1ede1eeeb48c,W3187462617
1ede1eeeb48c,W3215045163
1ede1eeeb48c,W4205277324
1ede1eeeb48c,W4205381123
1ede1eeeb48c,W4213131350
1ede1eeeb48c,W4224006230
1ede1eeeb48c,W4225816486
1ede1eeeb48c,W4226159213
1ede1eeeb48c,W4226504205
1ede1eeeb48c,W4234012920
1ede1eeeb48c,W4243618065
1ede1eeeb48c,W4252556670
1ede1eeeb48c,W4286219945
1ede1eeeb48c,W4306639559
1ede1eeeb48c,W4312140256
1ede1eeeb48c,W4317567890
1ede1eeeb48c,W4376875053
1ede1eeeb48c,W4378676334
1ede1eeeb48c,W4382799223
1ede1eeeb48c,W4382807714
1ede1eeeb48c,W4383908570
1ede1eeeb48c,W4385240232
1ede1eeeb48c,W4386762917
1ede1eeeb48c,W4388798956
1ede1eeeb48c,W4390241450
1ede1eeeb48c,W4390884685
1ede1eeeb48c,W4396663753
1ede1eeeb48c,W4399124940
1ede1eeeb48c,W4399952646
1ede1eeeb48c,W4402812730
1ede1eeeb48c,W4403730691
1ede1eeeb48c,W4404109184
1ede1eeeb48c,W4404401475
1ede1eeeb48c,W4405576807
1ede1eeeb48c,W4406428637
1ede1eeeb48c,W4406930918
1ede1eeeb48c,W4409516315
1ede1eeeb48c,W4409614859
1ede1eeeb48c,W4411089724
1ede1eeeb48c,W4411259866
1ede1eeeb48c,W4412609818
1ede1eeeb48c,W4413789304
1ede1eeeb48c,W4413973298
1ede1eeeb48c,W4415404783
1ede1eeeb48c,W4415404786
1ede1eeeb48c,W4416414087
1ede1eeeb48c,W4416959060
1ede1eeeb48c,W47706997
1fa7e9b30cf6,W2992656499
1fa7e9b30cf6,W3086033198
1fa7e9b30cf6,W3103344145
1fa7e9b30cf6,W3157001767
1fa7e9b30cf6,W3160195574
1fa7e9b30cf6,W3160245101
1fa7e9b30cf6,W3161029976
1fa7e9b30cf6,W3163020728
1fa7e9b30cf6,W3198903822
1fa7e9b30cf6,W3204925747
1fa7e9b30cf6,W3212098283
1fa7e9b30cf6,W3213500982
1fa7e9b30cf6,W3214613840
1fa7e9b30cf6,W4212933058
1fa7e9b30cf6,W4213131350
1fa7e9b30cf6,W4213373940
1fa7e9b30cf6,W4232525280
1fa7e9b30cf6,W4254954303
1fa7e9b30cf6,W4287114763
1fa7e9b30cf6,W4287115387
1fa7e9b30cf6,W4306766067
1fa7e9b30cf6,W4378070026
1fa7e9b30cf6,W4383908542
1fa7e9b30cf6,W4388598761
1fa7e9b30cf6,W4389829593
1fa7e9b30cf6,W4393980923
1fa7e9b30cf6,W4394714357
1fa7e9b30cf6,W4394984424
1fa7e9b30cf6,W4399889628
1fa7e9b30cf6,W4399906912
1fa7e9b30cf6,W4400538924
1fa7e9b30cf6,W4400638542
1fa7e9b30cf6,W4401384477
1fa7e9b30cf6,W4401482818
1fa7e9b30cf6,W4402441701
1fa7e9b30cf6,W4403306902
1fa7e9b30cf6,W4403866116
1fa7e9b30cf6,W4405652755
1fa7e9b30cf6,W4407050172
1fa7e9b30cf6,W4407122146
1fa7e9b30cf6,W4407636275
1fa7e9b30cf6,W4407769975
1fa7e9b30cf6,W4407769995
1fa7e9b30cf6,W4408105109
1fa7e9b30cf6,W4408468267
1fa7e9b30cf6,W4408469562
1fa7e9b30cf6,W4409185140
1fa7e9b30cf6,W4410941867
1fa7e9b30cf6,W4411201871
1fa7e9b30cf6,W4411307796
1fa7e9b30cf6,W4411307823
1fa7e9b30cf6,W4411307897
1fa7e9b30cf6,W4411307935
1fa7e9b30cf6,W4411307944
1fa7e9b30cf6,W4411308103
1fa7e9b30cf6,W4411308315
1fa7e9b30cf6,W4411620543
1fa7e9b30cf6,W4413489376
1fa7e9b30cf6,W4415052219
1fa7e9b30cf6,W4415699537
1fa7e9b30cf6,W4416715777
1fa7e9b30cf6,W4416959060
1fa7e9b30cf6,W7134835482
1fa7e9b30cf6,W7135201638
1fa7e9b30cf6,W7136862808
1fa7e9b30cf6,W7139353982
1fa7e9b30cf6,W7150725038
1fa7e9b30cf6,W7150912891
1fa7e9b30cf6,W7153957694
1fa7e9b30cf6,W7154108911
1fa7e9b30cf6,W7160190073
1fa7e9b30cf6,W7160271429
1fa7e9b30cf6,W7162896052
1fa7e9b30cf6,W7164882384
1fa7e9b30cf6,W7164931723
1fa7e9b30cf6,W7167227382
1fa7e9b30cf6,W7167257248
1fa7e9b30cf6,W7167415479
1fa7e9b30cf6,W7169783454
1fae0e29d5c0,W4289516312
1fae0e29d5c0,W4372215782
1fae0e29d5c0,W4379798294
1fae0e29d5c0,W4390360125
1fae0e29d5c0,W4401639594
1fae0e29d5c0,W4407345260
1fae0e29d5c0,W4412686167
1fae0e29d5c0,W4415997471
1fae0e29d5c0,W4417119425
208923c64cc1,W1581255472
208923c64cc1,W1980080515
208923c64cc1,W2025541855
208923c64cc1,W2076046214
208923c64cc1,W2077616328
208923c64cc1,W2079707986
208923c64cc1,W2107919638
208923c64cc1,W2302868608
208923c64cc1,W2339461852
208923c64cc1,W2429627581
208923c64cc1,W2509607903
208923c64cc1,W2561826696
208923c64cc1,W2767700357
208923c64cc1,W2883505794
208923c64cc1,W2895194373
208923c64cc1,W2924808067
208923c64cc1,W2964277731
208923c64cc1,W2973410481
208923c64cc1,W2973419650
208923c64cc1,W2991374830
208923c64cc1,W3025195855
208923c64cc1,W3080303995
208923c64cc1,W3084501825
208923c64cc1,W3127291805
208923c64cc1,W3154015018
208923c64cc1,W3212372191
208923c64cc1,W4200600962
208923c64cc1,W4221030267
208923c64cc1,W4237314760
208923c64cc1,W4281874644
208923c64cc1,W4282972046
208923c64cc1,W4360820569
208923c64cc1,W4386332501
208923c64cc1,W4392966505
208923c64cc1,W4401902456
208923c64cc1,W4402374439
208923c64cc1,W4406535848
208923c64cc1,W4407700432
208923c64cc1,W4408788233
208923c64cc1,W4408810633
208923c64cc1,W4409672454
208923c64cc1,W4414341611
208923c64cc1,W4414478557
208923c64cc1,W4417085711
208923c64cc1,W7167737825
208923c64cc1,W7167986900
208923c64cc1,W7196989058
20aab84e9325,W1994117487
20aab84e9325,W1996923263
20aab84e9325,W2002901731
20aab84e9325,W2008756370
20aab84e9325,W2052072422
20aab84e9325,W2054640533
20aab84e9325,W2065242130
20aab84e9325,W2090038742
20aab84e9325,W213794063
20aab84e9325,W2368731803
20aab84e9325,W2516991589
20aab84e9325,W2595353510
20aab84e9325,W2623183017
20aab84e9325,W2752167812
20aab84e9325,W2754391685
20aab84e9325,W2755769079
20aab84e9325,W2755818259
20aab84e9325,W2756456616
20aab84e9325,W2757183499
20aab84e9325,W2757885330
20aab84e9325,W2758527186
20aab84e9325,W2759682191
20aab84e9325,W2762642339
20aab84e9325,W2774392117
20aab84e9325,W2783312069
20aab84e9325,W2805138917
20aab84e9325,W2810320295
20aab84e9325,W2887882077
20aab84e9325,W2901299375
20aab84e9325,W2912822238
20aab84e9325,W2915593641
20aab84e9325,W2918743021
20aab84e9325,W2943629219
20aab84e9325,W2944291454
20aab84e9325,W2945471979
20aab84e9325,W2946129213
20aab84e9325,W2946171676
20aab84e9325,W2946408562
20aab84e9325,W2946785556
20aab84e9325,W2948991861
20aab84e9325,W2975133573
20aab84e9325,W3005800596
20aab84e9325,W3011863521
20aab84e9325,W3022939366
20aab84e9325,W3083381197
20aab84e9325,W3083465380
20aab84e9325,W3108040499
20aab84e9325,W3120893145
20aab84e9325,W3123246934
20aab84e9325,W3135442717
20aab84e9325,W3159301773
20aab84e9325,W3161218677
20aab84e9325,W3161257786
20aab84e9325,W3163823778
20aab84e9325,W3164968968
20aab84e9325,W3168301972
20aab84e9325,W3175732146
20aab84e9325,W3194998916
20aab84e9325,W3197765782
20aab84e9325,W3213898304
20aab84e9325,W3215045163
20aab84e9325,W4200250592
20aab84e9325,W4200600962
20aab84e9325,W4213131350
20aab84e9325,W4213187396
20aab84e9325,W4213281452
20aab84e9325,W4223932454
20aab84e9325,W4224006230
20aab84e9325,W4225259000
20aab84e9325,W4226159213
20aab84e9325,W4226504205
20aab84e9325,W4231394344
20aab84e9325,W4231465988
20aab84e9325,W4236033860
20aab84e9325,W4236435262
20aab84e9325,W4238090263
20aab84e9325,W4244188742
20aab84e9325,W4249736384
20aab84e9325,W4250942807
20aab84e9325,W4252556670
20aab84e9325,W4281969040
20aab84e9325,W4283366293
20aab84e9325,W4283377672
20aab84e9325,W4283382796
20aab84e9325,W4283382964
20aab84e9325,W4283395852
20aab84e9325,W4286219945
20aab84e9325,W4289835801
20aab84e9325,W4306405455
20aab84e9325,W4306948175
20aab84e9325,W4319657189
20aab84e9325,W4360865658
20aab84e9325,W4376140864
20aab84e9325,W4376875053
20aab84e9325,W4377140238
20aab84e9325,W4378676334
20aab84e9325,W4379010534
20aab84e9325,W4379372924
20aab84e9325,W4380149359
20aab84e9325,W4380486983
20aab84e9325,W4383908570
20aab84e9325,W4384500076
20aab84e9325,W4385240232
20aab84e9325,W4385879855
20aab84e9325,W4386168122
20aab84e9325,W4386459949
20aab84e9325,W4387860623
20aab84e9325,W4390071350
20aab84e9325,W4391294113
20aab84e9325,W4391548211
20aab84e9325,W4391570064
20aab84e9325,W4391880064
20aab84e9325,W4392132402
20aab84e9325,W4392639988
20aab84e9325,W4393045151
20aab84e9325,W4393070467
20aab84e9325,W4393256695
20aab84e9325,W4394714357
20aab84e9325,W4396216819
20aab84e9325,W4399042158
20aab84e9325,W4399370173
20aab84e9325,W4401799121
20aab84e9325,W4402441701
20aab84e9325,W4403132025
20aab84e9325,W4403132697
20aab84e9325,W4403256419
20aab84e9325,W4403303889
20aab84e9325,W4403483243
20aab84e9325,W4403589374
20aab84e9325,W4403819045
20aab84e9325,W4404670220
20aab84e9325,W4406348232
20aab84e9325,W4406905980
20aab84e9325,W4406931649
20aab84e9325,W4407196455
20aab84e9325,W4407199443
20aab84e9325,W4407199451
20aab84e9325,W4407431044
20aab84e9325,W4407700432
20aab84e9325,W4407873596
20aab84e9325,W4408555412
20aab84e9325,W4408788233
20aab84e9325,W4408810633
20aab84e9325,W4408874083
20aab84e9325,W4409185140
20aab84e9325,W4409672125
20aab84e9325,W4409882531
20aab84e9325,W4410198150
20aab84e9325,W4411645631
20aab84e9325,W4411731251
20aab84e9325,W4412768918
20aab84e9325,W4413076851
20aab84e9325,W4414429954
20aab84e9325,W4414466303
20aab84e9325,W4414478557
20aab84e9325,W4415011325
20aab84e9325,W4415261284
20aab84e9325,W4415407146
20aab84e9325,W4415630324
20aab84e9325,W4415966840
20aab84e9325,W4416304431
20aab84e9325,W4416959060
20aab84e9325,W4417409950
20aab84e9325,W646748085
20aab84e9325,W7104836910
20aab84e9325,W7128546758
20aab84e9325,W7135201638
20aab84e9325,W7136862808
20aab84e9325,W7139353982
20aab84e9325,W7147077833
20aab84e9325,W7147135541
20aab84e9325,W7147383569
20aab84e9325,W7147467370
20aab84e9325,W7147605194
20aab84e9325,W7147646265
20aab84e9325,W7148196972
20aab84e9325,W7148222872
20aab84e9325,W7148331934
20aab84e9325,W7149219488
20aab84e9325,W7151129906
20aab84e9325,W7153957694
20aab84e9325,W7154175404
20aab84e9325,W7154660019
20aab84e9325,W7155305310
20aab84e9325,W7155527230
20aab84e9325,W7160504384
20aab84e9325,W7160578946
20aab84e9325,W7160583936
20aab84e9325,W7161459897
20aab84e9325,W7162896052
20aab84e9325,W7162917542
20aab84e9325,W7163791987
20aab84e9325,W7166606797
20aab84e9325,W7170130759
20aab84e9325,W7172238757
210877301fe1,W1994545583
210877301fe1,W2037337449
210877301fe1,W2481144107
210877301fe1,W2887837110
210877301fe1,W2904084635
210877301fe1,W3010046763
210877301fe1,W3011113154
210877301fe1,W3047601835
210877301fe1,W3097374298
210877301fe1,W3163463583
210877301fe1,W3175612154
210877301fe1,W4200406687
210877301fe1,W4210998142
210877301fe1,W4212972255
210877301fe1,W4241912637
210877301fe1,W4246611182
210877301fe1,W4251927638
210877301fe1,W4254054713
210877301fe1,W4284897266
210877301fe1,W4285083844
210877301fe1,W4289754795
210877301fe1,W4307050677
210877301fe1,W4307050938
210877301fe1,W4307051128
210877301fe1,W4307051614
210877301fe1,W4307052022
210877301fe1,W4307836413
210877301fe1,W4318828009
210877301fe1,W4320513517
210877301fe1,W4376117479
210877301fe1,W4376255007
210877301fe1,W4377140261
210877301fe1,W4379780936
210877301fe1,W4381385636
210877301fe1,W4381387915
210877301fe1,W4382198151
210877301fe1,W4384831757
210877301fe1,W4386604692
210877301fe1,W4386634094
210877301fe1,W4387812974
210877301fe1,W4387851525
210877301fe1,W4389151619
210877301fe1,W4390929383
210877301fe1,W4391068405
210877301fe1,W4391068550
210877301fe1,W4391969690
210877301fe1,W4396724715
210877301fe1,W4398764802
210877301fe1,W4399888886
210877301fe1,W4400581630
210877301fe1,W4402513246
210877301fe1,W4403597040
210877301fe1,W4403597041
210877301fe1,W4403597042
210877301fe1,W4405288197
210877301fe1,W4406855478
210877301fe1,W4406855740
210877301fe1,W4407863224
210877301fe1,W4408412793
210877301fe1,W4408472624
210877301fe1,W4411852896
210877301fe1,W4411930201
210877301fe1,W4411930346
210877301fe1,W4414591922
210877301fe1,W4415699486
210877301fe1,W7135957643
210877301fe1,W7151945382
210877301fe1,W7155579859
210877301fe1,W7160214659
210877301fe1,W7160468141
210877301fe1,W7165853898
210877301fe1,W7167036203
210877301fe1,W7167272832
210877301fe1,W7167381121
210877301fe1,W7167390845
24e0922d3648,W1486364695
24e0922d3648,W2290955734
24e0922d3648,W2613084480
24e0922d3648,W2761938334
24e0922d3648,W2948533344
24e0922d3648,W3197694115
24e0922d3648,W4213131350
24e0922d3648,W4213187642
24e0922d3648,W4214911488
24e0922d3648,W4409353844
250bd9957069,W1528749982
250bd9957069,W1855591505
250bd9957069,W1993434351
250bd9957069,W2031129155
250bd9957069,W2055699380
250bd9957069,W2184508017
250bd9957069,W2228390282
250bd9957069,W2293140552
250bd9957069,W2294907705
250bd9957069,W2495277407
250bd9957069,W2569164597
250bd9957069,W2619450189
250bd9957069,W2727495452
250bd9957069,W2728961042
250bd9957069,W2735338124
250bd9957069,W2736449482
250bd9957069,W2738430119
250bd9957069,W2752352389
250bd9957069,W2767247486
250bd9957069,W2791928796
250bd9957069,W2806226035
250bd9957069,W2892975658
250bd9957069,W2895639036
250bd9957069,W2897123920
250bd9957069,W2944331867
250bd9957069,W2948707668
250bd9957069,W2968187801
250bd9957069,W3001530702
250bd9957069,W3001794269
250bd9957069,W3005450883
250bd9957069,W3006272122
250bd9957069,W3006849857
250bd9957069,W3009221890
250bd9957069,W3029390539
250bd9957069,W3047407520
250bd9957069,W3048731344
250bd9957069,W3086688132
250bd9957069,W3091782389
250bd9957069,W3092308867
250bd9957069,W3096135331
250bd9957069,W3097189315
250bd9957069,W3105693840
250bd9957069,W3116670709
250bd9957069,W3160285911
250bd9957069,W3160791131
250bd9957069,W3186905876
250bd9957069,W3189278637
250bd9957069,W3197596672
250bd9957069,W3198644513
250bd9957069,W4205654275
250bd9957069,W4205981859
250bd9957069,W4207078118
250bd9957069,W4213131350
250bd9957069,W4214846970
250bd9957069,W4224004170
250bd9957069,W4224305479
250bd9957069,W4225527351
250bd9957069,W4226504205
250bd9957069,W4229035927
250bd9957069,W4234435529
250bd9957069,W4237880104
250bd9957069,W4244497619
250bd9957069,W4245147693
250bd9957069,W4247444683
250bd9957069,W4255539270
250bd9957069,W4285046947
250bd9957069,W4298328058
250bd9957069,W4309293929
250bd9957069,W4310964631
250bd9957069,W4311556853
250bd9957069,W4311557041
250bd9957069,W4313199200
250bd9957069,W4317814772
250bd9957069,W4321434326
250bd9957069,W4322009010
250bd9957069,W4366293774
250bd9957069,W4376140864
250bd9957069,W4376504943
250bd9957069,W4376875053
250bd9957069,W4382796759
250bd9957069,W4384498513
250bd9957069,W4385707815
250bd9957069,W4386712958
250bd9957069,W4387220833
250bd9957069,W4387898897
250bd9957069,W4392932744
250bd9957069,W4395090069
250bd9957069,W4395462412
250bd9957069,W4398781958
250bd9957069,W4401135367
250bd9957069,W4403303889
250bd9957069,W4403579888
250bd9957069,W4404910366
250bd9957069,W4406342371
250bd9957069,W4407068738
250bd9957069,W4407771088
250bd9957069,W4407822931
250bd9957069,W4408251250
250bd9957069,W4409279717
250bd9957069,W4409296452
250bd9957069,W4409344593
250bd9957069,W4410121588
250bd9957069,W4410633343
250bd9957069,W4410742782
250bd9957069,W4412459099
250bd9957069,W4412459290
250bd9957069,W4413301787
250bd9957069,W4416119476
250bd9957069,W4416163129
250bd9957069,W4416163160
250bd9957069,W4417362387
250bd9957069,W4417465212
250bd9957069,W7128546758
250bd9957069,W7134816839
250bd9957069,W7134851768
250bd9957069,W7140095441
250bd9957069,W7147077833
250bd9957069,W7147482301
250bd9957069,W7148196972
250bd9957069,W7150754559
250bd9957069,W7154660019
250bd9957069,W7159595522
250bd9957069,W7161576697
250bd9957069,W7162917542
250bd9957069,W7163376715
250bd9957069,W7169796926
250bd9957069,W7169798118
254c5caacabd,W2065033312
254c5caacabd,W2217045724
254c5caacabd,W2322662582
254c5caacabd,W2400066017
254c5caacabd,W2410848080
254c5caacabd,W2526852292
254c5caacabd,W2551274767
254c5caacabd,W2562588959
254c5caacabd,W2564239024
254c5caacabd,W2777043598
254c5caacabd,W2777572755
254c5caacabd,W2778318167
254c5caacabd,W2780172591
254c5caacabd,W2782317309
254c5caacabd,W2783417070
254c5caacabd,W2783661403
254c5caacabd,W2785672231
254c5caacabd,W2785943966
254c5caacabd,W2786490728
254c5caacabd,W2786561299
254c5caacabd,W2787342676
254c5caacabd,W2791923281
254c5caacabd,W2802400506
254c5caacabd,W2806753073
254c5caacabd,W2886346745
254c5caacabd,W2887882077
254c5caacabd,W2902077384
254c5caacabd,W2914803768
254c5caacabd,W2915593641
254c5caacabd,W2916124854
254c5caacabd,W2917695951
254c5caacabd,W2918399792
254c5caacabd,W2924320908
254c5caacabd,W2924722784
254c5caacabd,W2939712283
254c5caacabd,W2941026644
254c5caacabd,W2946108450
254c5caacabd,W2952356526
254c5caacabd,W2954930197
254c5caacabd,W2958290074
254c5caacabd,W2962003650
254c5caacabd,W2980900244
254c5caacabd,W2985923507
254c5caacabd,W2989699573
254c5caacabd,W2990074417
254c5caacabd,W2991542998
254c5caacabd,W2996762219
254c5caacabd,W2997651729
254c5caacabd,W3015444242
254c5caacabd,W3019469599
254c5caacabd,W3029488058
254c5caacabd,W3030415245
254c5caacabd,W3081563141
254c5caacabd,W3084483103
254c5caacabd,W3093716866
254c5caacabd,W3099066631
254c5caacabd,W3112158349
254c5caacabd,W3123460785
254c5caacabd,W3125078248
254c5caacabd,W3127954028
254c5caacabd,W3128332145
254c5caacabd,W3128468991
254c5caacabd,W3135290682
254c5caacabd,W3154878857
254c5caacabd,W3161092266
254c5caacabd,W3162548652
254c5caacabd,W3163246307
254c5caacabd,W3167675477
254c5caacabd,W3170345366
254c5caacabd,W3172392762
254c5caacabd,W3179708444
254c5caacabd,W3187630655
254c5caacabd,W3195098488
254c5caacabd,W3196581418
254c5caacabd,W3208995267
254c5caacabd,W3211856543
254c5caacabd,W3213045306
254c5caacabd,W3216869777
254c5caacabd,W4200600962
254c5caacabd,W4221025438
254c5caacabd,W4223932454
254c5caacabd,W4231609025
254c5caacabd,W4231732216
254c5caacabd,W4231785939
254c5caacabd,W4233573060
254c5caacabd,W4233829780
254c5caacabd,W4237498510
254c5caacabd,W4241517288
254c5caacabd,W4244590789
254c5caacabd,W4247140937
254c5caacabd,W4249736384
254c5caacabd,W4250915074
254c5caacabd,W4255025039
254c5caacabd,W4281684275
254c5caacabd,W4281846416
254c5caacabd,W4281969040
254c5caacabd,W4283726256
254c5caacabd,W4285491630
254c5caacabd,W4293105734
254c5caacabd,W4297223429
254c5caacabd,W4307991366
254c5caacabd,W4309114611
254c5caacabd,W4312120068
254c5caacabd,W4315640707
254c5caacabd,W4320038879
254c5caacabd,W4323295479
254c5caacabd,W4361012827
254c5caacabd,W4361829762
254c5caacabd,W4361829866
254c5caacabd,W4367675495
254c5caacabd,W4376646197
254c5caacabd,W4382796257
254c5caacabd,W4382987693
254c5caacabd,W4386820019
254c5caacabd,W4386998868
254c5caacabd,W4387515195
254c5caacabd,W4387660825
254c5caacabd,W4387895081
254c5caacabd,W4388191942
254c5caacabd,W4390952872
254c5caacabd,W4391826634
254c5caacabd,W4392132485
254c5caacabd,W4392476589
254c5caacabd,W4392639762
254c5caacabd,W4392907417
254c5caacabd,W4392952122
254c5caacabd,W4393130504
254c5caacabd,W4393217761
254c5caacabd,W4393455152
254c5caacabd,W4399123934
254c5caacabd,W4399167538
254c5caacabd,W4399361042
254c5caacabd,W4401461350
254c5caacabd,W4401554339
254c5caacabd,W4404417751
254c5caacabd,W4404440066
254c5caacabd,W4404440279
254c5caacabd,W4404440312
254c5caacabd,W4404440314
254c5caacabd,W4404673431
254c5caacabd,W4406001355
254c5caacabd,W4406174034
254c5caacabd,W4407393904
254c5caacabd,W4407442459
254c5caacabd,W4407445744
254c5caacabd,W4407451412
254c5caacabd,W4407586322
254c5caacabd,W4407700432
254c5caacabd,W4407827735
254c5caacabd,W4407828441
254c5caacabd,W4407828695
254c5caacabd,W4407831183
254c5caacabd,W4408095706
254c5caacabd,W4408323395
254c5caacabd,W4408464112
254c5caacabd,W4408608850
254c5caacabd,W4408737230
254c5caacabd,W4408788233
254c5caacabd,W4408810633
254c5caacabd,W4408967174
254c5caacabd,W4409465521
254c5caacabd,W4410332244
254c5caacabd,W4410871698
254c5caacabd,W4411373853
254c5caacabd,W4411583949
254c5caacabd,W4411732777
254c5caacabd,W4412584704
254c5caacabd,W4412718562
254c5caacabd,W4413273662
254c5caacabd,W4413279726
254c5caacabd,W4413739983
254c5caacabd,W4414422790
254c5caacabd,W4414478557
254c5caacabd,W4415404602
254c5caacabd,W4415416458
254c5caacabd,W4415416634
254c5caacabd,W4415416846
254c5caacabd,W4415418015
254c5caacabd,W4415418027
254c5caacabd,W4415603728
254c5caacabd,W4415714948
254c5caacabd,W4416420080
254c5caacabd,W4417145628
254c5caacabd,W7105853742
254c5caacabd,W7128596230
254c5caacabd,W7151868914
254c5caacabd,W7163816230
254c5caacabd,W7163901803
254c5caacabd,W7164344824
254c5caacabd,W7167266796
254c5caacabd,W7167889092
254c5caacabd,W7171693016
254c5caacabd,W7196927198
254c5caacabd,W7196989058
262602ebca73,W3107792019
262602ebca73,W3138417511
262602ebca73,W3155635593
262602ebca73,W4200031802
262602ebca73,W4224315195
262602ebca73,W4225690429
262602ebca73,W4280569125
262602ebca73,W4286219945
262602ebca73,W4286247879
262602ebca73,W4322745140
262602ebca73,W4376127614
262602ebca73,W4391309621
262602ebca73,W4405864889
263b19c75585,W1524666224
263b19c75585,W1525711488
263b19c75585,W1556828685
263b19c75585,W179772993
263b19c75585,W1826160316
263b19c75585,W184102034
263b19c75585,W1966460989
263b19c75585,W1987015382
263b19c75585,W2014026916
263b19c75585,W2020534700
263b19c75585,W2021806944
263b19c75585,W2036345833
263b19c75585,W2048335451
263b19c75585,W2052644780
263b19c75585,W2058221354
263b19c75585,W2070639888
263b19c75585,W2094073185
263b19c75585,W2095850478
263b19c75585,W2098955249
263b19c75585,W2105947477
263b19c75585,W2106478164
263b19c75585,W2112515510
263b19c75585,W2113500483
263b19c75585,W2115519386
263b19c75585,W2116062736
263b19c75585,W2123654047
263b19c75585,W2124590458
263b19c75585,W2154160339
263b19c75585,W2163191382
263b19c75585,W2164566531
263b19c75585,W2167658388
263b19c75585,W2269697721
263b19c75585,W2313274138
263b19c75585,W2335244593
263b19c75585,W2336281528
263b19c75585,W2527740856
263b19c75585,W2541392497
263b19c75585,W2553554712
263b19c75585,W2590852316
263b19c75585,W2595308150
263b19c75585,W2610570157
263b19c75585,W2611487462
263b19c75585,W2611730464
263b19c75585,W2611985667
263b19c75585,W2614086504
263b19c75585,W2616581140
263b19c75585,W2618236936
263b19c75585,W2753888854
263b19c75585,W2783449847
263b19c75585,W2792284293
263b19c75585,W2799518499
263b19c75585,W2909168486
263b19c75585,W2913575698
263b19c75585,W2943766034
263b19c75585,W2950224167
263b19c75585,W2969469527
263b19c75585,W2974594681
263b19c75585,W2991984820
263b19c75585,W3031507083
263b19c75585,W3093730663
263b19c75585,W3117053497
263b19c75585,W3124815043
263b19c75585,W3146577168
263b19c75585,W315553605
263b19c75585,W3209729295
263b19c75585,W4226504205
263b19c75585,W4236377971
263b19c75585,W4239335490
263b19c75585,W4244529759
263b19c75585,W4283584840
263b19c75585,W4304783064
263b19c75585,W4307891591
263b19c75585,W4309513471
263b19c75585,W4360618609
263b19c75585,W4360962570
263b19c75585,W4362519524
263b19c75585,W4366217052
263b19c75585,W4367312806
263b19c75585,W4396940123
263b19c75585,W56952874
263b19c75585,W767756649
26c8cd4faa3a,W136068030
26c8cd4faa3a,W1537925081
26c8cd4faa3a,W1967426431
26c8cd4faa3a,W1970599226
26c8cd4faa3a,W1975962351
26c8cd4faa3a,W1988807359
26c8cd4faa3a,W2048874556
26c8cd4faa3a,W2071374249
26c8cd4faa3a,W2100042259
26c8cd4faa3a,W2132399569
26c8cd4faa3a,W2141607211
26c8cd4faa3a,W2155470228
26c8cd4faa3a,W2159457105
26c8cd4faa3a,W2771406627
26c8cd4faa3a,W2936771515
26c8cd4faa3a,W2952360446
26c8cd4faa3a,W2989833272
26c8cd4faa3a,W3024400007
26c8cd4faa3a,W3097833250
26c8cd4faa3a,W3124995749
26c8cd4faa3a,W3126577527
26c8cd4faa3a,W3172522318
26c8cd4faa3a,W3204311911
26c8cd4faa3a,W3207993449
26c8cd4faa3a,W3208116817
26c8cd4faa3a,W3208236279
26c8cd4faa3a,W3208631928
26c8cd4faa3a,W3208713762
26c8cd4faa3a,W3208992319
26c8cd4faa3a,W3209436622
26c8cd4faa3a,W3209799117
26c8cd4faa3a,W3210018675
26c8cd4faa3a,W3211158300
26c8cd4faa3a,W3211784327
26c8cd4faa3a,W4200584544
26c8cd4faa3a,W4206171787
26c8cd4faa3a,W4220760268
26c8cd4faa3a,W4220988092
26c8cd4faa3a,W4226051960
26c8cd4faa3a,W4226058465
26c8cd4faa3a,W4226343776
26c8cd4faa3a,W4231389400
26c8cd4faa3a,W4281684500
26c8cd4faa3a,W4286902267
26c8cd4faa3a,W4293091048
26c8cd4faa3a,W4293768469
26c8cd4faa3a,W4294435968
26c8cd4faa3a,W4312549061
26c8cd4faa3a,W4313880130
26c8cd4faa3a,W4321500860
26c8cd4faa3a,W4321501350
26c8cd4faa3a,W4321994008
26c8cd4faa3a,W4322011040
26c8cd4faa3a,W4322011755
26c8cd4faa3a,W4322210222
26c8cd4faa3a,W4361806078
26c8cd4faa3a,W4379616751
26c8cd4faa3a,W4380272016
26c8cd4faa3a,W4382699149
26c8cd4faa3a,W4386459418
26c8cd4faa3a,W4387236975
26c8cd4faa3a,W4388016788
26c8cd4faa3a,W4392578723
26c8cd4faa3a,W4392581263
26c8cd4faa3a,W4392598612
26c8cd4faa3a,W4392758524
26c8cd4faa3a,W4392833525
26c8cd4faa3a,W4393418175
26c8cd4faa3a,W4393423819
26c8cd4faa3a,W4393440270
26c8cd4faa3a,W4393446666
26c8cd4faa3a,W4393447669
26c8cd4faa3a,W4393490741
26c8cd4faa3a,W4393503855
26c8cd4faa3a,W4393531197
26c8cd4faa3a,W4393536449
26c8cd4faa3a,W4393537851
26c8cd4faa3a,W4393547049
26c8cd4faa3a,W4393548904
26c8cd4faa3a,W4393552923
26c8cd4faa3a,W4393574670
26c8cd4faa3a,W4393580171
26c8cd4faa3a,W4393583994
26c8cd4faa3a,W4393585646
26c8cd4faa3a,W4393601885
26c8cd4faa3a,W4393610425
26c8cd4faa3a,W4393620636
26c8cd4faa3a,W4393637191
26c8cd4faa3a,W4393648136
26c8cd4faa3a,W4393650144
26c8cd4faa3a,W4393667791
26c8cd4faa3a,W4393674839
26c8cd4faa3a,W4393680373
26c8cd4faa3a,W4393687863
26c8cd4faa3a,W4393690133
26c8cd4faa3a,W4393691552
26c8cd4faa3a,W4393698155
26c8cd4faa3a,W4393701208
26c8cd4faa3a,W4393701495
26c8cd4faa3a,W4393705407
26c8cd4faa3a,W4393707972
26c8cd4faa3a,W4393710006
26c8cd4faa3a,W4393712456
26c8cd4faa3a,W4393718208
26c8cd4faa3a,W4393745021
26c8cd4faa3a,W4393763468
26c8cd4faa3a,W4393769633
26c8cd4faa3a,W4393781099
26c8cd4faa3a,W4393782896
26c8cd4faa3a,W4393795075
26c8cd4faa3a,W4393799189
26c8cd4faa3a,W4393801365
26c8cd4faa3a,W4393818866
26c8cd4faa3a,W4393837424
26c8cd4faa3a,W4393886107
26c8cd4faa3a,W4393909021
26c8cd4faa3a,W4394024815
26c8cd4faa3a,W4394035336
26c8cd4faa3a,W4394040126
26c8cd4faa3a,W4394056055
26c8cd4faa3a,W4394565948
26c8cd4faa3a,W4394728414
26c8cd4faa3a,W4398182689
26c8cd4faa3a,W4399851790
26c8cd4faa3a,W4406473311
26c8cd4faa3a,W4407560614
26c8cd4faa3a,W4408349956
26c8cd4faa3a,W4408439888
26c8cd4faa3a,W4408443367
26c8cd4faa3a,W4408467714
26c8cd4faa3a,W4408483884
26c8cd4faa3a,W4408484175
26c8cd4faa3a,W4408575637
26c8cd4faa3a,W4408816260
26c8cd4faa3a,W4409253755
26c8cd4faa3a,W4416502548
26c8cd4faa3a,W4416503962
26c8cd4faa3a,W4416518997
26c8cd4faa3a,W4416820231
26c8cd4faa3a,W7103876971
26c8cd4faa3a,W7114764735
26c8cd4faa3a,W7114789095
26c8cd4faa3a,W7114987399
26c8cd4faa3a,W7117407683
26c8cd4faa3a,W7117413690
26c8cd4faa3a,W7117546241
26c8cd4faa3a,W7117872893
26c8cd4faa3a,W7117891382
26c8cd4faa3a,W7118002958
26c8cd4faa3a,W7118586087
26c8cd4faa3a,W7118865326
26c8cd4faa3a,W7125386738
26c8cd4faa3a,W7125388713
26c8cd4faa3a,W7125458962
26c8cd4faa3a,W7127902878
26c8cd4faa3a,W7127953458
26c8cd4faa3a,W7127983546
26c8cd4faa3a,W7128003928
26c8cd4faa3a,W7128174729
26c8cd4faa3a,W7128278127
26c8cd4faa3a,W7128278925
26c8cd4faa3a,W7128281062
26c8cd4faa3a,W7128286155
26c8cd4faa3a,W7129667055
26c8cd4faa3a,W7129773688
26c8cd4faa3a,W7130331240
26c8cd4faa3a,W7130391133
26c8cd4faa3a,W7130392638
26c8cd4faa3a,W7134110893
26c8cd4faa3a,W7134124509
26c8cd4faa3a,W7134125550
26c8cd4faa3a,W7134195365
26c8cd4faa3a,W7134195648
26c8cd4faa3a,W7134506771
26c8cd4faa3a,W7135228168
26c8cd4faa3a,W7135236677
26c8cd4faa3a,W7135245899
26c8cd4faa3a,W7135372138
26c8cd4faa3a,W7135599665
26c8cd4faa3a,W7136096016
26c8cd4faa3a,W7136099397
26c8cd4faa3a,W7138841266
26c8cd4faa3a,W7139010885
26c8cd4faa3a,W7139100367
26c8cd4faa3a,W7140026787
26c8cd4faa3a,W7140030724
26c8cd4faa3a,W7143392954
26c8cd4faa3a,W7143479051
26c8cd4faa3a,W7146945862
26c8cd4faa3a,W7147046786
26c8cd4faa3a,W7147107937
26c8cd4faa3a,W7147157032
26c8cd4faa3a,W7152482329
26c8cd4faa3a,W7152583832
26c8cd4faa3a,W7153854180
26c8cd4faa3a,W7153856568
26c8cd4faa3a,W7154585957
26c8cd4faa3a,W7154629802
26c8cd4faa3a,W7154714233
26c8cd4faa3a,W7154719352
26c8cd4faa3a,W7154824929
26c8cd4faa3a,W7154848230
26c8cd4faa3a,W7155038233
26c8cd4faa3a,W7155050699
26c8cd4faa3a,W7155061379
26c8cd4faa3a,W7155065876
26c8cd4faa3a,W7155084159
26c8cd4faa3a,W7155102321
26c8cd4faa3a,W7155158366
26c8cd4faa3a,W7155166734
26c8cd4faa3a,W7155171626
26c8cd4faa3a,W7155175577
26c8cd4faa3a,W7155186295
26c8cd4faa3a,W7155196022
26c8cd4faa3a,W7155197958
26c8cd4faa3a,W7155202341
26c8cd4faa3a,W7155204113
26c8cd4faa3a,W7155217581
26c8cd4faa3a,W7155222391
26c8cd4faa3a,W7155226658
26c8cd4faa3a,W7155360232
26c8cd4faa3a,W7155361918
26c8cd4faa3a,W7155371914
26c8cd4faa3a,W7155389551
26c8cd4faa3a,W7155390503
26c8cd4faa3a,W7155390879
26c8cd4faa3a,W7155396446
26c8cd4faa3a,W7155398574
26c8cd4faa3a,W7155404401
26c8cd4faa3a,W7155410717
26c8cd4faa3a,W7155414684
26c8cd4faa3a,W7155420402
26c8cd4faa3a,W7155421660
26c8cd4faa3a,W7155430040
26c8cd4faa3a,W7155603411
26c8cd4faa3a,W7155610489
26c8cd4faa3a,W7155611470
26c8cd4faa3a,W7155614929
26c8cd4faa3a,W7155623403
26c8cd4faa3a,W7155628820
26c8cd4faa3a,W7155630246
26c8cd4faa3a,W7155717676
26c8cd4faa3a,W7155737832
26c8cd4faa3a,W7156980464
26c8cd4faa3a,W7157047031
26c8cd4faa3a,W7158823399
26c8cd4faa3a,W7159944013
26c8cd4faa3a,W7160017081
26c8cd4faa3a,W7160102399
26c8cd4faa3a,W7160137614
26c8cd4faa3a,W7160395055
26c8cd4faa3a,W7160396757
26c8cd4faa3a,W7160409687
26c8cd4faa3a,W7160420917
26c8cd4faa3a,W7160644155
26c8cd4faa3a,W7160647995
26c8cd4faa3a,W7160666992
26c8cd4faa3a,W7160767411
26c8cd4faa3a,W7160768755
26c8cd4faa3a,W7160769071
26c8cd4faa3a,W7160770198
26c8cd4faa3a,W7160775012
26c8cd4faa3a,W7160781206
26c8cd4faa3a,W7161540571
26c8cd4faa3a,W7161558637
26c8cd4faa3a,W7161588772
26c8cd4faa3a,W7162089942
26c8cd4faa3a,W7162123961
26c8cd4faa3a,W7162239551
26c8cd4faa3a,W7162249031
26c8cd4faa3a,W7162249712
26c8cd4faa3a,W7162251473
26c8cd4faa3a,W7162252875
26c8cd4faa3a,W7162419956
26c8cd4faa3a,W7162440890
26c8cd4faa3a,W7162529372
26c8cd4faa3a,W7162559219
26c8cd4faa3a,W7162573034
26c8cd4faa3a,W7162765338
26c8cd4faa3a,W7162791450
26c8cd4faa3a,W7162804829
26c8cd4faa3a,W7162853274
26c8cd4faa3a,W7162875313
26c8cd4faa3a,W7162875769
26c8cd4faa3a,W7162932845
26c8cd4faa3a,W7162935685
26c8cd4faa3a,W7162937218
26c8cd4faa3a,W7162953875
26c8cd4faa3a,W7162958728
26c8cd4faa3a,W7163421994
26c8cd4faa3a,W7163747913
26c8cd4faa3a,W7163749793
26c8cd4faa3a,W7163806504
26c8cd4faa3a,W7163810629
26c8cd4faa3a,W7163813412
26c8cd4faa3a,W7164906437
26c8cd4faa3a,W7164944504
26c8cd4faa3a,W7165482015
26c8cd4faa3a,W7165482299
26c8cd4faa3a,W7165484261
26c8cd4faa3a,W7165494051
26c8cd4faa3a,W7165625735
26c8cd4faa3a,W7165637711
26c8cd4faa3a,W7165650124
26c8cd4faa3a,W7165663189
26c8cd4faa3a,W7166009891
26c8cd4faa3a,W7166081368
26c8cd4faa3a,W7166196802
26c8cd4faa3a,W7166308436
26c8cd4faa3a,W7166330940
26c8cd4faa3a,W7166437021
26c8cd4faa3a,W7166459616
26c8cd4faa3a,W7167033638
26c8cd4faa3a,W7167047830
26c8cd4faa3a,W7167499719
26c8cd4faa3a,W7167502859
26c8cd4faa3a,W7167507496
26c8cd4faa3a,W7167514020
26c8cd4faa3a,W7167718024
26c8cd4faa3a,W7171091503
26c8cd4faa3a,W7171122605
26c8cd4faa3a,W7201957079
26c8cd4faa3a,W7201997347
26c8cd4faa3a,W7202149877
26e715d1c6a2,W4309971992
26e715d1c6a2,W4376140864
26e715d1c6a2,W4391399032
26e715d1c6a2,W4401072036
26e715d1c6a2,W4403303889
277ff213fcd4,W3154804625
277ff213fcd4,W3173495383
277ff213fcd4,W4206311583
277ff213fcd4,W4213131350
277ff213fcd4,W4226147954
277ff213fcd4,W4226504205
277ff213fcd4,W4283770112
277ff213fcd4,W4286623672
277ff213fcd4,W4375950238
277ff213fcd4,W4376140864
277ff213fcd4,W4376875053
277ff213fcd4,W4385215028
277ff213fcd4,W4388850054
277ff213fcd4,W4389002767
277ff213fcd4,W4394804057
277ff213fcd4,W4398182825
277ff213fcd4,W4399564692
277ff213fcd4,W4400115442
277ff213fcd4,W4400441706
277ff213fcd4,W4401336823
277ff213fcd4,W4403303889
277ff213fcd4,W4407225884
277ff213fcd4,W4416001492
277ff213fcd4,W7117898355
277ff213fcd4,W7133027388
277ff213fcd4,W7159741910
277ff213fcd4,W7169535256
277ff213fcd4,W7169570261
2892fb4fe101,W11536823
2892fb4fe101,W134405905
2892fb4fe101,W1481386061
2892fb4fe101,W1563511496
2892fb4fe101,W1590868488
2892fb4fe101,W1625660395
2892fb4fe101,W1668238989
2892fb4fe101,W1807893650
2892fb4fe101,W1966799911
2892fb4fe101,W1970695298
2892fb4fe101,W1986738741
2892fb4fe101,W2017175332
2892fb4fe101,W2023192580
2892fb4fe101,W2034087508
2892fb4fe101,W2037088422
2892fb4fe101,W2037512125
2892fb4fe101,W2046604716
2892fb4fe101,W2048823078
2892fb4fe101,W2053860435
2892fb4fe101,W2054695613
2892fb4fe101,W2067599415
2892fb4fe101,W2070856648
2892fb4fe101,W2075811814
2892fb4fe101,W2078883590
2892fb4fe101,W2081120960
2892fb4fe101,W2098488451
2892fb4fe101,W2121355207
2892fb4fe101,W2506643426
2892fb4fe101,W2566699925
2892fb4fe101,W2594111045
2892fb4fe101,W2741338597
2892fb4fe101,W2907722354
2892fb4fe101,W2963284237
2892fb4fe101,W2964119732
2892fb4fe101,W2980475048
2892fb4fe101,W2997310776
2892fb4fe101,W3007753030
2892fb4fe101,W3009859759
2892fb4fe101,W3015414353
2892fb4fe101,W3020898189
2892fb4fe101,W3022907874
2892fb4fe101,W3029583277
2892fb4fe101,W3033653991
2892fb4fe101,W3043094463
2892fb4fe101,W3047167113
2892fb4fe101,W3048387477
2892fb4fe101,W3091299933
2892fb4fe101,W3092301733
2892fb4fe101,W3098573154
2892fb4fe101,W3108395715
2892fb4fe101,W3115149899
2892fb4fe101,W3117037593
2892fb4fe101,W3125924307
2892fb4fe101,W3162610949
2892fb4fe101,W3217117620
2892fb4fe101,W4200262660
2892fb4fe101,W4200331417
2892fb4fe101,W4210704300
2892fb4fe101,W4225259161
2892fb4fe101,W4281787766
2892fb4fe101,W4319160968
2892fb4fe101,W4382404021
2892fb4fe101,W4387152047
2892fb4fe101,W4395025790
2892fb4fe101,W4399274621
2892fb4fe101,W4401572719
2892fb4fe101,W4403988684
2892fb4fe101,W4408734208
2892fb4fe101,W4410823509
2892fb4fe101,W7128090356
28c42f2e7ce6,W1512946175
28c42f2e7ce6,W1519982800
28c42f2e7ce6,W1534068354
28c42f2e7ce6,W1552092950
28c42f2e7ce6,W1566662018
28c42f2e7ce6,W1646336599
28c42f2e7ce6,W1649838923
28c42f2e7ce6,W1966434114
28c42f2e7ce6,W1967089311
28c42f2e7ce6,W1967163835
28c42f2e7ce6,W1969414400
28c42f2e7ce6,W1970050601
28c42f2e7ce6,W1972601182
28c42f2e7ce6,W1972715862
28c42f2e7ce6,W1979010861
28c42f2e7ce6,W1980783881
28c42f2e7ce6,W1983749718
28c42f2e7ce6,W1985005968
28c42f2e7ce6,W1987879950
28c42f2e7ce6,W1992523771
28c42f2e7ce6,W1993417021
28c42f2e7ce6,W1998590427
28c42f2e7ce6,W1998875057
28c42f2e7ce6,W1999732310
28c42f2e7ce6,W2002147861
28c42f2e7ce6,W2003565670
28c42f2e7ce6,W2003755545
28c42f2e7ce6,W2004486666
28c42f2e7ce6,W2006053069
28c42f2e7ce6,W2006540170
28c42f2e7ce6,W2008530561
28c42f2e7ce6,W2009448639
28c42f2e7ce6,W2011682867
28c42f2e7ce6,W2012616625
28c42f2e7ce6,W2014613331
28c42f2e7ce6,W2017906672
28c42f2e7ce6,W2018586111
28c42f2e7ce6,W2019140087
28c42f2e7ce6,W2019311740
28c42f2e7ce6,W2022980818
28c42f2e7ce6,W2024368625
28c42f2e7ce6,W2028224661
28c42f2e7ce6,W2031040077
28c42f2e7ce6,W2032500480
28c42f2e7ce6,W2033789466
28c42f2e7ce6,W2044365932
28c42f2e7ce6,W2047286013
28c42f2e7ce6,W2054793226
28c42f2e7ce6,W2055211154
28c42f2e7ce6,W2057391715
28c42f2e7ce6,W2058362006
28c42f2e7ce6,W2060017307
28c42f2e7ce6,W2060101909
28c42f2e7ce6,W2060311509
28c42f2e7ce6,W2061505717
28c42f2e7ce6,W2066732652
28c42f2e7ce6,W2069294877
28c42f2e7ce6,W2069359139
28c42f2e7ce6,W2071196505
28c42f2e7ce6,W2072052308
28c42f2e7ce6,W2075428872
28c42f2e7ce6,W2077005050
28c42f2e7ce6,W2078153347
28c42f2e7ce6,W2079303534
28c42f2e7ce6,W2080214285
28c42f2e7ce6,W2085609063
28c42f2e7ce6,W2085837323
28c42f2e7ce6,W2085938666
28c42f2e7ce6,W2086088564
28c42f2e7ce6,W2088496703
28c42f2e7ce6,W2092065888
28c42f2e7ce6,W2092580649
28c42f2e7ce6,W2094368796
28c42f2e7ce6,W2094588590
28c42f2e7ce6,W2097294012
28c42f2e7ce6,W2100338320
28c42f2e7ce6,W2100460661
28c42f2e7ce6,W210083657
28c42f2e7ce6,W2103240661
28c42f2e7ce6,W2112540236
28c42f2e7ce6,W2113995484
28c42f2e7ce6,W2116430576
28c42f2e7ce6,W2124490591
28c42f2e7ce6,W2127343904
28c42f2e7ce6,W2129419038
28c42f2e7ce6,W2134372299
28c42f2e7ce6,W2144176979
28c42f2e7ce6,W2162230089
28c42f2e7ce6,W2163231205
28c42f2e7ce6,W2164395292
28c42f2e7ce6,W2169801054
28c42f2e7ce6,W2171421626
28c42f2e7ce6,W2175013502
28c42f2e7ce6,W2184537541
28c42f2e7ce6,W2209401966
28c42f2e7ce6,W2252322005
28c42f2e7ce6,W2263195595
28c42f2e7ce6,W2273978333
28c42f2e7ce6,W2283889833
28c42f2e7ce6,W2338629832
28c42f2e7ce6,W2460428929
28c42f2e7ce6,W2476382243
28c42f2e7ce6,W2491598755
28c42f2e7ce6,W254491674
28c42f2e7ce6,W2725001166
28c42f2e7ce6,W2755072275
28c42f2e7ce6,W2766404662
28c42f2e7ce6,W2768165138
28c42f2e7ce6,W2776023905
28c42f2e7ce6,W2777061199
28c42f2e7ce6,W2777096390
28c42f2e7ce6,W2777215756
28c42f2e7ce6,W2777256506
28c42f2e7ce6,W2777260636
28c42f2e7ce6,W2777655129
28c42f2e7ce6,W2777756715
28c42f2e7ce6,W2778825157
28c42f2e7ce6,W2779953108
28c42f2e7ce6,W2780017966
28c42f2e7ce6,W2780841146
28c42f2e7ce6,W2781117165
28c42f2e7ce6,W2781380035
28c42f2e7ce6,W2781438359
28c42f2e7ce6,W2781559287
28c42f2e7ce6,W2781720574
28c42f2e7ce6,W2781778127
28c42f2e7ce6,W2781871849
28c42f2e7ce6,W2782684267
28c42f2e7ce6,W2782794239
28c42f2e7ce6,W2783315137
28c42f2e7ce6,W2783332266
28c42f2e7ce6,W2783446961
28c42f2e7ce6,W2783587912
28c42f2e7ce6,W2783687874
28c42f2e7ce6,W2783856976
28c42f2e7ce6,W2783891650
28c42f2e7ce6,W2784367405
28c42f2e7ce6,W2784375379
28c42f2e7ce6,W2784651231
28c42f2e7ce6,W2785004252
28c42f2e7ce6,W2786873550
28c42f2e7ce6,W2787601223
28c42f2e7ce6,W2788578270
28c42f2e7ce6,W2788941077
28c42f2e7ce6,W2789686783
28c42f2e7ce6,W2791789916
28c42f2e7ce6,W2791882645
28c42f2e7ce6,W2791909224
28c42f2e7ce6,W2792548276
28c42f2e7ce6,W2794164990
28c42f2e7ce6,W2801662916
28c42f2e7ce6,W2803521702
28c42f2e7ce6,W2804231680
28c42f2e7ce6,W2807395314
28c42f2e7ce6,W2808243972
28c42f2e7ce6,W2808250484
28c42f2e7ce6,W2808727217
28c42f2e7ce6,W2890335949
28c42f2e7ce6,W2894090471
28c42f2e7ce6,W2900446363
28c42f2e7ce6,W2902143660
28c42f2e7ce6,W2905925056
28c42f2e7ce6,W2908492650
28c42f2e7ce6,W2910666627
28c42f2e7ce6,W2913158970
28c42f2e7ce6,W2913464117
28c42f2e7ce6,W2942460739
28c42f2e7ce6,W2943990118
28c42f2e7ce6,W2946923266
28c42f2e7ce6,W2947300668
28c42f2e7ce6,W2950633869
28c42f2e7ce6,W2954023000
28c42f2e7ce6,W2954092307
28c42f2e7ce6,W2955358597
28c42f2e7ce6,W2956009374
28c42f2e7ce6,W2956069820
28c42f2e7ce6,W2965670426
28c42f2e7ce6,W2971899566
28c42f2e7ce6,W2973368238
28c42f2e7ce6,W2973968390
28c42f2e7ce6,W2974133878
28c42f2e7ce6,W2974477877
28c42f2e7ce6,W2974589249
28c42f2e7ce6,W2974835281
28c42f2e7ce6,W2977599099
28c42f2e7ce6,W2994415287
28c42f2e7ce6,W2999919238
28c42f2e7ce6,W3003430153
28c42f2e7ce6,W3010042007
28c42f2e7ce6,W3011136806
28c42f2e7ce6,W3016471085
28c42f2e7ce6,W3017686466
28c42f2e7ce6,W3036541926
28c42f2e7ce6,W3046108793
28c42f2e7ce6,W3080339652
28c42f2e7ce6,W3080755970
28c42f2e7ce6,W3080800587
28c42f2e7ce6,W3083541159
28c42f2e7ce6,W3088083768
28c42f2e7ce6,W3093589001
28c42f2e7ce6,W3095915395
28c42f2e7ce6,W3107143635
28c42f2e7ce6,W3111872871
28c42f2e7ce6,W3115762894
28c42f2e7ce6,W3118672598
28c42f2e7ce6,W3125192467
28c42f2e7ce6,W3135691728
28c42f2e7ce6,W3146379370
28c42f2e7ce6,W3152036062
28c42f2e7ce6,W3160185651
28c42f2e7ce6,W3161347658
28c42f2e7ce6,W3161536603
28c42f2e7ce6,W3161748415
28c42f2e7ce6,W3163168946
28c42f2e7ce6,W3165350979
28c42f2e7ce6,W3165518127
28c42f2e7ce6,W3167145016
28c42f2e7ce6,W3184056561
28c42f2e7ce6,W3185002618
28c42f2e7ce6,W3193509358
28c42f2e7ce6,W3195595630
28c42f2e7ce6,W3196114821
28c42f2e7ce6,W3196570633
28c42f2e7ce6,W3198397403
28c42f2e7ce6,W3207450584
28c42f2e7ce6,W3207816184
28c42f2e7ce6,W3210405103
28c42f2e7ce6,W3210649262
28c42f2e7ce6,W3214193544
28c42f2e7ce6,W3217074807
28c42f2e7ce6,W3217662304
28c42f2e7ce6,W4205710255
28c42f2e7ce6,W4210476276
28c42f2e7ce6,W4220804551
28c42f2e7ce6,W4226134608
28c42f2e7ce6,W4229545878
28c42f2e7ce6,W4230863633
28c42f2e7ce6,W4233769771
28c42f2e7ce6,W4236372665
28c42f2e7ce6,W4237572713
28c42f2e7ce6,W4240367224
28c42f2e7ce6,W4242405970
28c42f2e7ce6,W4245108033
28c42f2e7ce6,W4246342575
28c42f2e7ce6,W4246366798
28c42f2e7ce6,W4247207693
28c42f2e7ce6,W4247312928
28c42f2e7ce6,W4249847971
28c42f2e7ce6,W4250120215
28c42f2e7ce6,W4252414240
28c42f2e7ce6,W4253004815
28c42f2e7ce6,W4254105632
28c42f2e7ce6,W4254155581
28c42f2e7ce6,W4255052132
28c42f2e7ce6,W4256197947
28c42f2e7ce6,W4287326803
28c42f2e7ce6,W4287637431
28c42f2e7ce6,W4292103860
28c42f2e7ce6,W4297520294
28c42f2e7ce6,W4297902812
28c42f2e7ce6,W4298145650
28c42f2e7ce6,W4312097669
28c42f2e7ce6,W4316927552
28c42f2e7ce6,W4319459290
28c42f2e7ce6,W4321194334
28c42f2e7ce6,W4367551184
28c42f2e7ce6,W4376470706
28c42f2e7ce6,W4385275629
28c42f2e7ce6,W4386704086
28c42f2e7ce6,W4389005493
28c42f2e7ce6,W4390056786
28c42f2e7ce6,W4390536029
28c42f2e7ce6,W4391818422
28c42f2e7ce6,W4392509357
28c42f2e7ce6,W4392544398
28c42f2e7ce6,W4394068402
28c42f2e7ce6,W4394516090
28c42f2e7ce6,W4394809165
28c42f2e7ce6,W4398145341
28c42f2e7ce6,W4399394887
28c42f2e7ce6,W4400882103
28c42f2e7ce6,W4401150644
28c42f2e7ce6,W4401173997
28c42f2e7ce6,W4401337890
28c42f2e7ce6,W4403384799
28c42f2e7ce6,W4405127563
28c42f2e7ce6,W4405127569
28c42f2e7ce6,W4405127575
28c42f2e7ce6,W4405127591
28c42f2e7ce6,W4405127599
28c42f2e7ce6,W4405127609
28c42f2e7ce6,W4405127614
28c42f2e7ce6,W4405127616
28c42f2e7ce6,W4405127619
28c42f2e7ce6,W4405127626
28c42f2e7ce6,W4405127629
28c42f2e7ce6,W4405127631
28c42f2e7ce6,W4405137806
28c42f2e7ce6,W4405137970
28c42f2e7ce6,W4405137988
28c42f2e7ce6,W4405137992
28c42f2e7ce6,W4405138026
28c42f2e7ce6,W4405138063
28c42f2e7ce6,W4405138084
28c42f2e7ce6,W4405138101
28c42f2e7ce6,W4405138118
28c42f2e7ce6,W4405138122
28c42f2e7ce6,W4405138175
28c42f2e7ce6,W4405138176
28c42f2e7ce6,W4405138283
28c42f2e7ce6,W4405138285
28c42f2e7ce6,W4405138287
28c42f2e7ce6,W4405138297
28c42f2e7ce6,W4405138304
28c42f2e7ce6,W4405138308
28c42f2e7ce6,W4405138309
28c42f2e7ce6,W4405138313
28c42f2e7ce6,W4405138368
28c42f2e7ce6,W4405138415
28c42f2e7ce6,W4405138426
28c42f2e7ce6,W4405138435
28c42f2e7ce6,W4405138443
28c42f2e7ce6,W4405138469
28c42f2e7ce6,W4405138519
28c42f2e7ce6,W4405138523
28c42f2e7ce6,W4405138589
28c42f2e7ce6,W4405138621
28c42f2e7ce6,W4405138636
28c42f2e7ce6,W4405138650
28c42f2e7ce6,W4405138670
28c42f2e7ce6,W4405138671
28c42f2e7ce6,W4405138673
28c42f2e7ce6,W4405138674
28c42f2e7ce6,W4405138678
28c42f2e7ce6,W4405138680
28c42f2e7ce6,W4405138685
28c42f2e7ce6,W4405138690
28c42f2e7ce6,W4405138697
28c42f2e7ce6,W4405138703
28c42f2e7ce6,W4405138706
28c42f2e7ce6,W4405138707
28c42f2e7ce6,W4405138719
28c42f2e7ce6,W4405138735
28c42f2e7ce6,W4405138737
28c42f2e7ce6,W4405138742
28c42f2e7ce6,W4405138743
28c42f2e7ce6,W4405138745
28c42f2e7ce6,W4405138750
28c42f2e7ce6,W4405138753
28c42f2e7ce6,W4405138758
28c42f2e7ce6,W4405145661
28c42f2e7ce6,W4405145662
28c42f2e7ce6,W4405145664
28c42f2e7ce6,W4405145671
28c42f2e7ce6,W4405145672
28c42f2e7ce6,W4405145679
28c42f2e7ce6,W4405145684
28c42f2e7ce6,W4405145690
28c42f2e7ce6,W4405145764
28c42f2e7ce6,W4405145836
28c42f2e7ce6,W4405145840
28c42f2e7ce6,W4405145847
28c42f2e7ce6,W4405145852
28c42f2e7ce6,W4405145863
28c42f2e7ce6,W4405145866
28c42f2e7ce6,W4405145867
28c42f2e7ce6,W4405145879
28c42f2e7ce6,W4405145991
28c42f2e7ce6,W4406855471
28c42f2e7ce6,W4409235693
28c42f2e7ce6,W4409656211
28c42f2e7ce6,W4413571363
28c42f2e7ce6,W4413641913
28c42f2e7ce6,W4413656895
28c42f2e7ce6,W4413670647
28c42f2e7ce6,W4413686691
28c42f2e7ce6,W4413687022
28c42f2e7ce6,W4413688949
28c42f2e7ce6,W4413692831
28c42f2e7ce6,W4413706413
28c42f2e7ce6,W4413747555
28c42f2e7ce6,W4414241261
28c42f2e7ce6,W4415420297
28c42f2e7ce6,W4415768229
28c42f2e7ce6,W4415781712
28c42f2e7ce6,W4417081854
28c42f2e7ce6,W4417081858
28c42f2e7ce6,W4417081860
28c42f2e7ce6,W4417081861
28c42f2e7ce6,W4417081862
28c42f2e7ce6,W4417081863
28c42f2e7ce6,W4417081864
28c42f2e7ce6,W4417081869
28c42f2e7ce6,W4417081872
28c42f2e7ce6,W4417081877
28c42f2e7ce6,W4417081878
28c42f2e7ce6,W4417081880
28c42f2e7ce6,W4417081894
28c42f2e7ce6,W4417081908
28c42f2e7ce6,W4417081909
28c42f2e7ce6,W4417081931
28c42f2e7ce6,W4417081933
28c42f2e7ce6,W4417081939
28c42f2e7ce6,W4417081941
28c42f2e7ce6,W4417081944
28c42f2e7ce6,W4417081945
28c42f2e7ce6,W4417081947
28c42f2e7ce6,W4417081948
28c42f2e7ce6,W4417081952
28c42f2e7ce6,W4417081959
28c42f2e7ce6,W4417081963
28c42f2e7ce6,W4417081965
28c42f2e7ce6,W4417081967
28c42f2e7ce6,W4417081970
28c42f2e7ce6,W4417081975
28c42f2e7ce6,W4417081976
28c42f2e7ce6,W4417081978
28c42f2e7ce6,W4417082703
28c42f2e7ce6,W4417082720
28c42f2e7ce6,W4417082750
28c42f2e7ce6,W4417082751
28c42f2e7ce6,W4417082768
28c42f2e7ce6,W4417082771
28c42f2e7ce6,W4417082772
28c42f2e7ce6,W4417082793
28c42f2e7ce6,W4417082794
28c42f2e7ce6,W4417082800
28c42f2e7ce6,W4417082806
28c42f2e7ce6,W4417082819
28c42f2e7ce6,W4417082825
28c42f2e7ce6,W4417082826
28c42f2e7ce6,W4417082840
28c42f2e7ce6,W4417082851
28c42f2e7ce6,W4417082853
28c42f2e7ce6,W4417082854
28c42f2e7ce6,W4417082858
28c42f2e7ce6,W4417083884
28c42f2e7ce6,W4417083890
28c42f2e7ce6,W4417083892
28c42f2e7ce6,W4417083928
28c42f2e7ce6,W4417083975
28c42f2e7ce6,W4417083976
28c42f2e7ce6,W4417083980
28c42f2e7ce6,W4417083983
28c42f2e7ce6,W4417083985
28c42f2e7ce6,W4417083996
28c42f2e7ce6,W4417083997
28c42f2e7ce6,W4417083999
28c42f2e7ce6,W4417084002
28c42f2e7ce6,W4417084004
28c42f2e7ce6,W4417084008
28c42f2e7ce6,W4417084012
28c42f2e7ce6,W4417084016
28c42f2e7ce6,W4417084018
28c42f2e7ce6,W4417084025
28c42f2e7ce6,W4417084032
28c42f2e7ce6,W4417084042
28c42f2e7ce6,W4417084266
28c42f2e7ce6,W4417084271
28c42f2e7ce6,W4417084280
28c42f2e7ce6,W4417084294
28c42f2e7ce6,W4417084297
28c42f2e7ce6,W4417084300
28c42f2e7ce6,W4417084301
28c42f2e7ce6,W4417084308
28c42f2e7ce6,W4417084310
28c42f2e7ce6,W4417084311
28c42f2e7ce6,W4417084314
28c42f2e7ce6,W4417084315
28c42f2e7ce6,W4417084316
28c42f2e7ce6,W4417204655
28c42f2e7ce6,W603607760
28c42f2e7ce6,W7105668357
28c42f2e7ce6,W7105831034
28c42f2e7ce6,W7162469964
28d00ccfdb82,W2903682271
28d00ccfdb82,W3009283956
28d00ccfdb82,W3043247933
28d00ccfdb82,W3195274180
28d00ccfdb82,W4200129915
28d00ccfdb82,W4220990113
28d00ccfdb82,W4280586288
28d00ccfdb82,W4296194231
28d00ccfdb82,W4304161065
28d00ccfdb82,W4386861734
28d00ccfdb82,W4391655512
28d00ccfdb82,W4392272050
28d00ccfdb82,W4395029263
28d00ccfdb82,W4395029264
28d00ccfdb82,W4408921597
28d00ccfdb82,W7111272065
28d00ccfdb82,W7131401905
28d00ccfdb82,W7162823054
28d00ccfdb82,W7164175890
28d00ccfdb82,W7170487779
28d00ccfdb82,W7171795797
2b37d89b2d25,W138980938
2b37d89b2d25,W145238844
2b37d89b2d25,W1492243417
2b37d89b2d25,W1492597380
2b37d89b2d25,W1538793680
2b37d89b2d25,W1551365325
2b37d89b2d25,W1577380249
2b37d89b2d25,W159853016
2b37d89b2d25,W160068651
2b37d89b2d25,W1647869719
2b37d89b2d25,W1693797587
2b37d89b2d25,W1970709900
2b37d89b2d25,W1975986705
2b37d89b2d25,W1985942442
2b37d89b2d25,W1987338537
2b37d89b2d25,W1988758801
2b37d89b2d25,W1990315725
2b37d89b2d25,W1991408841
2b37d89b2d25,W1993508014
2b37d89b2d25,W2001718425
2b37d89b2d25,W2008383452
2b37d89b2d25,W2008568043
2b37d89b2d25,W2009870757
2b37d89b2d25,W2012974283
2b37d89b2d25,W2015914854
2b37d89b2d25,W2022850413
2b37d89b2d25,W2026972272
2b37d89b2d25,W2040750687
2b37d89b2d25,W2043943044
2b37d89b2d25,W2044545231
2b37d89b2d25,W2046909820
2b37d89b2d25,W2048216225
2b37d89b2d25,W2049128416
2b37d89b2d25,W2058579150
2b37d89b2d25,W2064449399
2b37d89b2d25,W2065184753
2b37d89b2d25,W2074788252
2b37d89b2d25,W2077043834
2b37d89b2d25,W2078491158
2b37d89b2d25,W2078878377
2b37d89b2d25,W2079877176
2b37d89b2d25,W2080109104
2b37d89b2d25,W2080723238
2b37d89b2d25,W2080787928
2b37d89b2d25,W2085288035
2b37d89b2d25,W2087562130
2b37d89b2d25,W2091881385
2b37d89b2d25,W2095347190
2b37d89b2d25,W2095649498
2b37d89b2d25,W2099036384
2b37d89b2d25,W2100576770
2b37d89b2d25,W2107927669
2b37d89b2d25,W2108157079
2b37d89b2d25,W2115825624
2b37d89b2d25,W2116128688
2b37d89b2d25,W2121565661
2b37d89b2d25,W2126240585
2b37d89b2d25,W2131039311
2b37d89b2d25,W2133875619
2b37d89b2d25,W2136695720
2b37d89b2d25,W2141621407
2b37d89b2d25,W2143007533
2b37d89b2d25,W2147575334
2b37d89b2d25,W2150801605
2b37d89b2d25,W2153687839
2b37d89b2d25,W2159229091
2b37d89b2d25,W2277410742
2b37d89b2d25,W2279798530
2b37d89b2d25,W2282647654
2b37d89b2d25,W2287760000
2b37d89b2d25,W2321340401
2b37d89b2d25,W2322438175
2b37d89b2d25,W2339218996
2b37d89b2d25,W2342731670
2b37d89b2d25,W2346250619
2b37d89b2d25,W2346392759
2b37d89b2d25,W2398229168
2b37d89b2d25,W2404150962
2b37d89b2d25,W2427110932
2b37d89b2d25,W2464784925
2b37d89b2d25,W2465079800
2b37d89b2d25,W2475884779
2b37d89b2d25,W2480697272
2b37d89b2d25,W2490859270
2b37d89b2d25,W2502886461
2b37d89b2d25,W2507820661
2b37d89b2d25,W2509688377
2b37d89b2d25,W2523859849
2b37d89b2d25,W2530771288
2b37d89b2d25,W2531367052
2b37d89b2d25,W2531605038
2b37d89b2d25,W2534023228
2b37d89b2d25,W2535110342
2b37d89b2d25,W2562033621
2b37d89b2d25,W2587222844
2b37d89b2d25,W2590151749
2b37d89b2d25,W2595010111
2b37d89b2d25,W2596040135
2b37d89b2d25,W2596231588
2b37d89b2d25,W2597099811
2b37d89b2d25,W2599291965
2b37d89b2d25,W2604164851
2b37d89b2d25,W2606313860
2b37d89b2d25,W2613166709
2b37d89b2d25,W2613355336
2b37d89b2d25,W2615471978
2b37d89b2d25,W2618742237
2b37d89b2d25,W2730427443
2b37d89b2d25,W2742198457
2b37d89b2d25,W2775187586
2b37d89b2d25,W2777134881
2b37d89b2d25,W2786128978
2b37d89b2d25,W2788907231
2b37d89b2d25,W2792547993
2b37d89b2d25,W2793544398
2b37d89b2d25,W2804354012
2b37d89b2d25,W2806616833
2b37d89b2d25,W2902994787
2b37d89b2d25,W2904237139
2b37d89b2d25,W2915712475
2b37d89b2d25,W2948759760
2b37d89b2d25,W295767198
2b37d89b2d25,W2966582882
2b37d89b2d25,W2980263233
2b37d89b2d25,W2987184045
2b37d89b2d25,W2993257676
2b37d89b2d25,W3005105937
2b37d89b2d25,W3014749012
2b37d89b2d25,W3030726241
2b37d89b2d25,W3117085943
2b37d89b2d25,W3155879705
2b37d89b2d25,W3162239455
2b37d89b2d25,W3171299465
2b37d89b2d25,W3184128127
2b37d89b2d25,W3206304281
2b37d89b2d25,W4200116875
2b37d89b2d25,W4200442510
2b37d89b2d25,W4200468635
2b37d89b2d25,W4200531040
2b37d89b2d25,W4200592688
2b37d89b2d25,W4200594639
2b37d89b2d25,W4205714665
2b37d89b2d25,W4205726413
2b37d89b2d25,W4213131350
2b37d89b2d25,W4213231176
2b37d89b2d25,W4229445648
2b37d89b2d25,W4229751840
2b37d89b2d25,W4230081167
2b37d89b2d25,W4232046311
2b37d89b2d25,W4232166729
2b37d89b2d25,W4233662113
2b37d89b2d25,W4242759085
2b37d89b2d25,W4243789771
2b37d89b2d25,W4252326027
2b37d89b2d25,W4254943479
2b37d89b2d25,W4300708723
2b37d89b2d25,W4362510438
2b37d89b2d25,W4378737443
2b37d89b2d25,W4387401725
2b37d89b2d25,W4389610604
2b37d89b2d25,W4391661472
2b37d89b2d25,W4393070467
2b37d89b2d25,W4396832147
2b37d89b2d25,W4401799121
2b37d89b2d25,W4403483243
2b37d89b2d25,W4405992985
2b37d89b2d25,W4407164635
2b37d89b2d25,W4407730328
2b37d89b2d25,W4407730336
2b37d89b2d25,W4407730359
2b37d89b2d25,W4407730390
2b37d89b2d25,W4407730408
2b37d89b2d25,W4407730409
2b37d89b2d25,W4407730424
2b37d89b2d25,W4407730425
2b37d89b2d25,W4407730427
2b37d89b2d25,W4407730444
2b37d89b2d25,W4407730488
2b37d89b2d25,W4407730499
2b37d89b2d25,W4407730545
2b37d89b2d25,W4407730568
2b37d89b2d25,W4408522820
2b37d89b2d25,W4408966081
2b37d89b2d25,W4409472865
2b37d89b2d25,W4409735905
2b37d89b2d25,W4412531413
2b37d89b2d25,W4415705609
2b37d89b2d25,W4415714731
2b37d89b2d25,W54459422
2b37d89b2d25,W619438767
2b37d89b2d25,W7116965241
2b37d89b2d25,W7167558448
2b37d89b2d25,W7167865159
2b37d89b2d25,W7168006167
2b37d89b2d25,W817127650
2b52b4cd433f,W2260370400
2b52b4cd433f,W2592106337
2b52b4cd433f,W2805133454
2b52b4cd433f,W2952989098
2b52b4cd433f,W3014533832
2b52b4cd433f,W3017350777
2b52b4cd433f,W3088296864
2b52b4cd433f,W3092341443
2b52b4cd433f,W3119497680
2b52b4cd433f,W3145094704
2b52b4cd433f,W3157396010
2b52b4cd433f,W3174368456
2b52b4cd433f,W3186363940
2b52b4cd433f,W3202980213
2b52b4cd433f,W3206458667
2b52b4cd433f,W3207928844
2b52b4cd433f,W3213003041
2b52b4cd433f,W4200309963
2b52b4cd433f,W4255479169
2b52b4cd433f,W4378611187
2b52b4cd433f,W4380488558
2b52b4cd433f,W4380628511
2b52b4cd433f,W4388940435
2b52b4cd433f,W4393228535
2b52b4cd433f,W4396584627
2b52b4cd433f,W4400583436
2b52b4cd433f,W4407103953
2b52b4cd433f,W4411034786
2b52b4cd433f,W7128741099
2b52b4cd433f,W7131641230
2b52b4cd433f,W7131666620
2b52b4cd433f,W7132680136
2b52b4cd433f,W7152341176
2b52b4cd433f,W7160729392
2b52b4cd433f,W7164013664
2b5bf7f93343,W1479089380
2b5bf7f93343,W1986721513
2b5bf7f93343,W1995874753
2b5bf7f93343,W1999970051
2b5bf7f93343,W2008084195
2b5bf7f93343,W2031478971
2b5bf7f93343,W2072359972
2b5bf7f93343,W2079535336
2b5bf7f93343,W2082178227
2b5bf7f93343,W2130743803
2b5bf7f93343,W2152703672
2b5bf7f93343,W2157426883
2b5bf7f93343,W2160041895
2b5bf7f93343,W2279676641
2b5bf7f93343,W2314325115
2b5bf7f93343,W2546141384
2b5bf7f93343,W2575722571
2b5bf7f93343,W2625081213
2b5bf7f93343,W2725191179
2b5bf7f93343,W2775684440
2b5bf7f93343,W2776231680
2b5bf7f93343,W2783687874
2b5bf7f93343,W2788971204
2b5bf7f93343,W2789749953
2b5bf7f93343,W2799836331
2b5bf7f93343,W2802173346
2b5bf7f93343,W2805138917
2b5bf7f93343,W2808890154
2b5bf7f93343,W2881078745
2b5bf7f93343,W2894434344
2b5bf7f93343,W2897878930
2b5bf7f93343,W2907523455
2b5bf7f93343,W2916246365
2b5bf7f93343,W2945348637
2b5bf7f93343,W2950153153
2b5bf7f93343,W2952989629
2b5bf7f93343,W2960375644
2b5bf7f93343,W3004338817
2b5bf7f93343,W3024441113
2b5bf7f93343,W3080976372
2b5bf7f93343,W3081185498
2b5bf7f93343,W3116131116
2b5bf7f93343,W3123260494
2b5bf7f93343,W3137183937
2b5bf7f93343,W3161218677
2b5bf7f93343,W3168301972
2b5bf7f93343,W3172392762
2b5bf7f93343,W3178719643
2b5bf7f93343,W3187630655
2b5bf7f93343,W3205508842
2b5bf7f93343,W3206155042
2b5bf7f93343,W4200600962
2b5bf7f93343,W4206026029
2b5bf7f93343,W4206455813
2b5bf7f93343,W4220938336
2b5bf7f93343,W4223932454
2b5bf7f93343,W4226504205
2b5bf7f93343,W4237498510
2b5bf7f93343,W4241517288
2b5bf7f93343,W4254563255
2b5bf7f93343,W4281684275
2b5bf7f93343,W4281729731
2b5bf7f93343,W4281846416
2b5bf7f93343,W4281969040
2b5bf7f93343,W4293105734
2b5bf7f93343,W4294740753
2b5bf7f93343,W4297223429
2b5bf7f93343,W4306734119
2b5bf7f93343,W4310092745
2b5bf7f93343,W4311782613
2b5bf7f93343,W4311954575
2b5bf7f93343,W4313390209
2b5bf7f93343,W4319041732
2b5bf7f93343,W4319657189
2b5bf7f93343,W4320038879
2b5bf7f93343,W4321369124
2b5bf7f93343,W4323859503
2b5bf7f93343,W4365146238
2b5bf7f93343,W4365810361
2b5bf7f93343,W4376875053
2b5bf7f93343,W4377137328
2b5bf7f93343,W4377140238
2b5bf7f93343,W4378213409
2b5bf7f93343,W4378232569
2b5bf7f93343,W4378611187
2b5bf7f93343,W4378676334
2b5bf7f93343,W4379010534
2b5bf7f93343,W4380486983
2b5bf7f93343,W4384938832
2b5bf7f93343,W4385010982
2b5bf7f93343,W4385240232
2b5bf7f93343,W4385879855
2b5bf7f93343,W4387965355
2b5bf7f93343,W4388045156
2b5bf7f93343,W4388940435
2b5bf7f93343,W4389244715
2b5bf7f93343,W4389463297
2b5bf7f93343,W4390392088
2b5bf7f93343,W4390590719
2b5bf7f93343,W4390820363
2b5bf7f93343,W4391629219
2b5bf7f93343,W4391838899
2b5bf7f93343,W4391880064
2b5bf7f93343,W4391880140
2b5bf7f93343,W4394714357
2b5bf7f93343,W4399370173
2b5bf7f93343,W4399970715
2b5bf7f93343,W4400416909
2b5bf7f93343,W4401083372
2b5bf7f93343,W4402229278
2b5bf7f93343,W4402441701
2b5bf7f93343,W4402780693
2b5bf7f93343,W4402912169
2b5bf7f93343,W4403036292
2b5bf7f93343,W4403063848
2b5bf7f93343,W4403241183
2b5bf7f93343,W4403425020
2b5bf7f93343,W4403589374
2b5bf7f93343,W4403819045
2b5bf7f93343,W4403945617
2b5bf7f93343,W4404670220
2b5bf7f93343,W4406348232
2b5bf7f93343,W4406617993
2b5bf7f93343,W4406633044
2b5bf7f93343,W4406905980
2b5bf7f93343,W4407196455
2b5bf7f93343,W4407272768
2b5bf7f93343,W4407431044
2b5bf7f93343,W4407585133
2b5bf7f93343,W4407700432
2b5bf7f93343,W4407832541
2b5bf7f93343,W4407873596
2b5bf7f93343,W4408118592
2b5bf7f93343,W4408323395
2b5bf7f93343,W4408737230
2b5bf7f93343,W4408788233
2b5bf7f93343,W4408810633
2b5bf7f93343,W4409185140
2b5bf7f93343,W4409672125
2b5bf7f93343,W4410169806
2b5bf7f93343,W4410198150
2b5bf7f93343,W4411645631
2b5bf7f93343,W4411881942
2b5bf7f93343,W4412567308
2b5bf7f93343,W4412640131
2b5bf7f93343,W4413376544
2b5bf7f93343,W4413738353
2b5bf7f93343,W4413920485
2b5bf7f93343,W4414341611
2b5bf7f93343,W4414478557
2b5bf7f93343,W4414514193
2b5bf7f93343,W4415383471
2b5bf7f93343,W4415407146
2b5bf7f93343,W4416136393
2b5bf7f93343,W4416959060
2b5bf7f93343,W4417206591
2b5bf7f93343,W4417208817
2b5bf7f93343,W4417409950
2b5bf7f93343,W4417411677
2b5bf7f93343,W4417474538
2b5bf7f93343,W7109188309
2b5bf7f93343,W7118209811
2b5bf7f93343,W7135201638
2b5bf7f93343,W7136862808
2b5bf7f93343,W7139353982
2b5bf7f93343,W7147135541
2b5bf7f93343,W7147383569
2b5bf7f93343,W7147467370
2b5bf7f93343,W7147646265
2b5bf7f93343,W7148331934
2b5bf7f93343,W7149219488
2b5bf7f93343,W7151129906
2b5bf7f93343,W7153957694
2b5bf7f93343,W7154175404
2b5bf7f93343,W7154628703
2b5bf7f93343,W7154697664
2b5bf7f93343,W7155212586
2b5bf7f93343,W7155305310
2b5bf7f93343,W7158209167
2b5bf7f93343,W7161459897
2b5bf7f93343,W7162051940
2b5bf7f93343,W7162896052
2b5bf7f93343,W7163791987
2b5bf7f93343,W7165388122
2b5bf7f93343,W7165603179
2b5bf7f93343,W7166733204
2b5bf7f93343,W7167480554
2b5bf7f93343,W7167767828
2b5bf7f93343,W7170130759
2b5bf7f93343,W7172238757
2b5bf7f93343,W7196975680
2b5bf7f93343,W7196989058
2b5bf7f93343,W7197020422
2b5bf7f93343,W7202181662
2c091a4e4829,W1799132044
2c091a4e4829,W2460725338
2c091a4e4829,W2740084485
2c091a4e4829,W2886019488
2c091a4e4829,W2886573283
2c091a4e4829,W2924578033
2c091a4e4829,W2953786086
2c091a4e4829,W2983996739
2c091a4e4829,W3033341711
2c091a4e4829,W3082276306
2c091a4e4829,W3093252263
2c091a4e4829,W3118174460
2c091a4e4829,W3131681160
2c091a4e4829,W3210678564
2c091a4e4829,W4206600101
2c091a4e4829,W4226504205
2c091a4e4829,W4280592881
2c091a4e4829,W4281919214
2c091a4e4829,W4308444640
2c091a4e4829,W4315641315
2c091a4e4829,W4315796871
2c091a4e4829,W4318540337
2c091a4e4829,W4322712407
2c091a4e4829,W4360105292
2c091a4e4829,W4376875053
2c091a4e4829,W4386485248
2c091a4e4829,W4388583843
2c091a4e4829,W4393438036
2c091a4e4829,W4394168784
2c091a4e4829,W4395024343
2c091a4e4829,W4395024395
2c091a4e4829,W4403516938
2c091a4e4829,W4405094689
2c091a4e4829,W4405703439
2c091a4e4829,W4407953534
2c091a4e4829,W4408178456
2c091a4e4829,W4408285968
2c091a4e4829,W4408472258
2c091a4e4829,W4408547396
2c091a4e4829,W4408832368
2c091a4e4829,W4411418796
2c091a4e4829,W4411902126
2c091a4e4829,W4413154917
2c091a4e4829,W4417451365
2c091a4e4829,W7103883475
2c091a4e4829,W7103891488
2c091a4e4829,W7125519872
2c091a4e4829,W7125531943
2c091a4e4829,W7128947342
2c091a4e4829,W7129186875
2c091a4e4829,W7134143940
2c091a4e4829,W7134198380
2c091a4e4829,W7134875343
2c091a4e4829,W7134921756
2c091a4e4829,W7134980279
2c091a4e4829,W7135791786
2c091a4e4829,W7160568491
2c091a4e4829,W7161099205
2c091a4e4829,W7162697370
2c091a4e4829,W7162898575
2c091a4e4829,W7164811088
2c091a4e4829,W7164834425
2c091a4e4829,W7164850837
2c091a4e4829,W7164852602
2c091a4e4829,W7165370565
2c091a4e4829,W7165543852
2c091a4e4829,W7165602239
2c091a4e4829,W7165819839
2c091a4e4829,W7165822287
2c091a4e4829,W7165832992
2c091a4e4829,W7167557814
2c091a4e4829,W7167769892
2c091a4e4829,W7167806118
2c091a4e4829,W7168057847
2c091a4e4829,W81931420
2c091a4e4829,W933974064
2c3203776965,W3016004348
2c3203776965,W3170970943
2c3203776965,W3177038529
2c3203776965,W3190619293
2c3203776965,W4287061058
2c3203776965,W4319239077
2c3203776965,W4320409336
2c3203776965,W4391462799
2c3203776965,W4391710028
2c72eca2fdea,W2005514098
2c72eca2fdea,W2766079231
2c72eca2fdea,W2792112149
2c72eca2fdea,W2811472175
2c72eca2fdea,W2883845572
2c72eca2fdea,W2888698711
2c72eca2fdea,W2893856277
2c72eca2fdea,W2944309356
2c72eca2fdea,W2946065342
2c72eca2fdea,W2948720051
2c72eca2fdea,W2962675160
2c72eca2fdea,W2972119197
2c72eca2fdea,W2972278883
2c72eca2fdea,W3082190910
2c72eca2fdea,W3129817936
2c72eca2fdea,W3153070320
2c72eca2fdea,W3161513266
2c72eca2fdea,W3162472763
2c72eca2fdea,W3163876678
2c72eca2fdea,W4242811792
2c72eca2fdea,W4254565561
2c72eca2fdea,W4293079804
2c72eca2fdea,W4310299321
2c72eca2fdea,W4312222682
2c72eca2fdea,W4318752965
2c72eca2fdea,W4365813326
2c72eca2fdea,W4367178356
2c72eca2fdea,W4386164964
2c72eca2fdea,W4387226820
2c72eca2fdea,W4389817357
2c72eca2fdea,W4391771386
2c72eca2fdea,W4401397194
2c72eca2fdea,W4410918119
2c72eca2fdea,W4411046817
2c72eca2fdea,W4412430416
2c72eca2fdea,W4412490229
2c72eca2fdea,W7124738613
2c72eca2fdea,W7125087392
2c72eca2fdea,W7160225452
2c72eca2fdea,W7160361797
2c72eca2fdea,W7160583936
2c72eca2fdea,W7160672035
2c72eca2fdea,W7160735097
2c72eca2fdea,W7160742393
2c72eca2fdea,W7161003121
2c72eca2fdea,W7163870688
2c72eca2fdea,W7163934622
2c72eca2fdea,W7165696788
2c72eca2fdea,W7165701353
2c72eca2fdea,W7165701781
2c72eca2fdea,W7165713860
2c72eca2fdea,W7166076631
2c72eca2fdea,W7167447179
2c72eca2fdea,W7169478384
2c72eca2fdea,W7169478420
2c72eca2fdea,W7169481041
2c72eca2fdea,W7169481224
2c72eca2fdea,W7169483918
2c8028225e0c,W2975439603
2c8028225e0c,W2995231114
2c8028225e0c,W3003249663
2c8028225e0c,W3098595802
2c8028225e0c,W3161949032
2c8028225e0c,W4200186249
2c8028225e0c,W4220852121
2c8028225e0c,W4221006034
2c8028225e0c,W4228998130
2c8028225e0c,W4242612682
2c8028225e0c,W4252032775
2c8028225e0c,W4280589027
2c8028225e0c,W4295367161
2c8028225e0c,W4312615101
2c8028225e0c,W4376664029
2c8028225e0c,W4377024434
2c8028225e0c,W4380201290
2c8028225e0c,W4385329091
2c8028225e0c,W4387136594
2c8028225e0c,W4389987366
2c8028225e0c,W4389987761
2c8028225e0c,W4393444834
2c8028225e0c,W4393545750
2c8028225e0c,W4393560616
2c8028225e0c,W4393588107
2c8028225e0c,W4393632489
2c8028225e0c,W4393800797
2c8028225e0c,W4394039322
2c8028225e0c,W4394041851
2c8028225e0c,W4394714357
2c8028225e0c,W4395677145
2c8028225e0c,W4400682658
2c8028225e0c,W4402441701
2c8028225e0c,W4403452201
2c8028225e0c,W4403452839
2c8028225e0c,W4407775684
2c8028225e0c,W4407776213
2c8028225e0c,W4409185130
2c8028225e0c,W4409185140
2c8028225e0c,W4409946200
2c8028225e0c,W4409946247
2c8028225e0c,W4410618946
2c8028225e0c,W4411582098
2c8028225e0c,W4416959060
2c8028225e0c,W7135201638
2c8028225e0c,W7136862808
2c8028225e0c,W7139353982
2c8028225e0c,W7153957694
2c8028225e0c,W7154748064
2c8028225e0c,W7162896052
2c8028225e0c,W7165388122
2c8028225e0c,W7165603179
2c8028225e0c,W7167480554
2c8028225e0c,W7167767828
2c8028225e0c,W7169844747
2c8028225e0c,W7169885931
2c8028225e0c,W7170324700
2cd9e1bf222b,W1181932038
2cd9e1bf222b,W131065514
2cd9e1bf222b,W1436469786
2cd9e1bf222b,W1557326203
2cd9e1bf222b,W1569210520
2cd9e1bf222b,W1601239842
2cd9e1bf222b,W16845262
2cd9e1bf222b,W180869910
2cd9e1bf222b,W1887375436
2cd9e1bf222b,W1956068299
2cd9e1bf222b,W1961095992
2cd9e1bf222b,W1979975428
2cd9e1bf222b,W2000004927
2cd9e1bf222b,W2033806816
2cd9e1bf222b,W2100392204
2cd9e1bf222b,W2124016964
2cd9e1bf222b,W2129543277
2cd9e1bf222b,W2137242675
2cd9e1bf222b,W2152673397
2cd9e1bf222b,W2188541538
2cd9e1bf222b,W2224717260
2cd9e1bf222b,W2266847672
2cd9e1bf222b,W2277945157
2cd9e1bf222b,W2302051640
2cd9e1bf222b,W2560782303
2cd9e1bf222b,W2566501994
2cd9e1bf222b,W2901149310
2cd9e1bf222b,W2904172583
2cd9e1bf222b,W2948537481
2cd9e1bf222b,W32808473
2cd9e1bf222b,W4210551816
2cd9e1bf222b,W4212996305
2cd9e1bf222b,W4297826255
2cd9e1bf222b,W4311432908
2cd9e1bf222b,W4406670429
2cd9e1bf222b,W4407228777
2cd9e1bf222b,W4408411277
2cd9e1bf222b,W4415152898
2cd9e1bf222b,W46358919
2cd9e1bf222b,W566123302
2cd9e1bf222b,W58865469
2cd9e1bf222b,W7127241164
2cd9e1bf222b,W761608293
2cd9e1bf222b,W767828153
2cd9e1bf222b,W847157022
2cd9e1bf222b,W97452889
2d3174805bd8,W3125303589
2d3174805bd8,W4401493806
2d3174805bd8,W4405003268
2d3174805bd8,W4405003353
2d3174805bd8,W4413906684
2d3174805bd8,W4416191113
2d3174805bd8,W4416196422
2d3174805bd8,W7114895660
2d3174805bd8,W7163164447
2d3174805bd8,W7163576909
2d3174805bd8,W7170084819
2d498f67f673,W1494351552
2d498f67f673,W2044142569
2d498f67f673,W2055147941
2d498f67f673,W2076228260
2d498f67f673,W2092839932
2d498f67f673,W2097597336
2d498f67f673,W2134524816
2d498f67f673,W224049105
2d498f67f673,W2258240908
2d498f67f673,W2315855170
2d498f67f673,W2394512895
2d498f67f673,W2395689630
2d498f67f673,W2395971805
2d498f67f673,W2400693922
2d498f67f673,W2400718849
2d498f67f673,W2402199272
2d498f67f673,W2403064522
2d498f67f673,W2403647354
2d498f67f673,W2404351008
2d498f67f673,W2404497631
2d498f67f673,W2409144805
2d498f67f673,W2409286126
2d498f67f673,W2409685014
2d498f67f673,W2409766417
2d498f67f673,W2410332906
2d498f67f673,W2410730344
2d498f67f673,W2411233438
2d498f67f673,W2411944455
2d498f67f673,W2412871508
2d498f67f673,W2413750467
2d498f67f673,W2413957808
2d498f67f673,W2414073759
2d498f67f673,W2414561340
2d498f67f673,W2416087876
2d498f67f673,W2416788844
2d498f67f673,W2417355135
2d498f67f673,W2418978607
2d498f67f673,W2420741031
2d498f67f673,W2425735186
2d498f67f673,W2432527009
2d498f67f673,W2434057249
2d498f67f673,W2439439162
2d498f67f673,W2443730723
2d498f67f673,W2464866301
2d498f67f673,W2474062982
2d498f67f673,W2475118237
2d498f67f673,W2992261478
2d498f67f673,W3010028300
2d498f67f673,W3147089755
2d498f67f673,W364435681
2d498f67f673,W366599767
2d498f67f673,W385963317
2d498f67f673,W407531216
2d498f67f673,W4388513839
2d498f67f673,W4390603217
2d498f67f673,W4401496347
2dc3fc74db40,W1499798289
2dc3fc74db40,W1511686274
2dc3fc74db40,W1564857250
2dc3fc74db40,W1579166529
2dc3fc74db40,W183351025
2dc3fc74db40,W1894831896
2dc3fc74db40,W1997025865
2dc3fc74db40,W2014867526
2dc3fc74db40,W2020509347
2dc3fc74db40,W2022988410
2dc3fc74db40,W2027142076
2dc3fc74db40,W2045225931
2dc3fc74db40,W2068211338
2dc3fc74db40,W2083889742
2dc3fc74db40,W2091645040
2dc3fc74db40,W2097237775
2dc3fc74db40,W2100682338
2dc3fc74db40,W2102721705
2dc3fc74db40,W2103123546
2dc3fc74db40,W2104764376
2dc3fc74db40,W2109100061
2dc3fc74db40,W2110689950
2dc3fc74db40,W2118326049
2dc3fc74db40,W2123977515
2dc3fc74db40,W2125381403
2dc3fc74db40,W2125734909
2dc3fc74db40,W2127658405
2dc3fc74db40,W2128435293
2dc3fc74db40,W2132017051
2dc3fc74db40,W2132864635
2dc3fc74db40,W2135646747
2dc3fc74db40,W2140060576
2dc3fc74db40,W2150113461
2dc3fc74db40,W2152315455
2dc3fc74db40,W2157099698
2dc3fc74db40,W2163979812
2dc3fc74db40,W2170125064
2dc3fc74db40,W2170915464
2dc3fc74db40,W2171415670
2dc3fc74db40,W2190414937
2dc3fc74db40,W2223364956
2dc3fc74db40,W2397818742
2dc3fc74db40,W2402618954
2dc3fc74db40,W2405105344
2dc3fc74db40,W2409035968
2dc3fc74db40,W2417085091
2dc3fc74db40,W2516549322
2dc3fc74db40,W2531686335
2dc3fc74db40,W2553242280
2dc3fc74db40,W2561251840
2dc3fc74db40,W2564368236
2dc3fc74db40,W2576352724
2dc3fc74db40,W2581257637
2dc3fc74db40,W2586610220
2dc3fc74db40,W2586841776
2dc3fc74db40,W2611218972
2dc3fc74db40,W2611221329
2dc3fc74db40,W2612373552
2dc3fc74db40,W2622149711
2dc3fc74db40,W2622464287
2dc3fc74db40,W2624904727
2dc3fc74db40,W2765808184
2dc3fc74db40,W2767771359
2dc3fc74db40,W2776250252
2dc3fc74db40,W2776982675
2dc3fc74db40,W2780677237
2dc3fc74db40,W2780845051
2dc3fc74db40,W2785185104
2dc3fc74db40,W2790687588
2dc3fc74db40,W2795432763
2dc3fc74db40,W2809199612
2dc3fc74db40,W2895021135
2dc3fc74db40,W2898554939
2dc3fc74db40,W2901937523
2dc3fc74db40,W2920858446
2dc3fc74db40,W2939389660
2dc3fc74db40,W2944015041
2dc3fc74db40,W2959999433
2dc3fc74db40,W2968689771
2dc3fc74db40,W2971737589
2dc3fc74db40,W2982413803
2dc3fc74db40,W2990079994
2dc3fc74db40,W3003535553
2dc3fc74db40,W3005950932
2dc3fc74db40,W3021455495
2dc3fc74db40,W3034607339
2dc3fc74db40,W3080821627
2dc3fc74db40,W3090920331
2dc3fc74db40,W3091391680
2dc3fc74db40,W3109043545
2dc3fc74db40,W3124166636
2dc3fc74db40,W3135331653
2dc3fc74db40,W3157105336
2dc3fc74db40,W3159011003
2dc3fc74db40,W3160065667
2dc3fc74db40,W3160088219
2dc3fc74db40,W3166312467
2dc3fc74db40,W3180539969
2dc3fc74db40,W3186848202
2dc3fc74db40,W3196624737
2dc3fc74db40,W3212707157
2dc3fc74db40,W4200083611
2dc3fc74db40,W4205305456
2dc3fc74db40,W4210403707
2dc3fc74db40,W4213281421
2dc3fc74db40,W4220679677
2dc3fc74db40,W4220777686
2dc3fc74db40,W4220872907
2dc3fc74db40,W4224248709
2dc3fc74db40,W4232924719
2dc3fc74db40,W4235698845
2dc3fc74db40,W4235992975
2dc3fc74db40,W4236810807
2dc3fc74db40,W4241200702
2dc3fc74db40,W4243779642
2dc3fc74db40,W4244778915
2dc3fc74db40,W4245052407
2dc3fc74db40,W4253063193
2dc3fc74db40,W4281476251
2dc3fc74db40,W4285141622
2dc3fc74db40,W4285147562
2dc3fc74db40,W4285162843
2dc3fc74db40,W4285182999
2dc3fc74db40,W4285184784
2dc3fc74db40,W4285252773
2dc3fc74db40,W4285263650
2dc3fc74db40,W4285306090
2dc3fc74db40,W4297616842
2dc3fc74db40,W4308494319
2dc3fc74db40,W4315498632
2dc3fc74db40,W4319161889
2dc3fc74db40,W4319233448
2dc3fc74db40,W4319827256
2dc3fc74db40,W4322616924
2dc3fc74db40,W4323537438
2dc3fc74db40,W4385074684
2dc3fc74db40,W4385717421
2dc3fc74db40,W4387104650
2dc3fc74db40,W4390699538
2dc3fc74db40,W4391213376
2dc3fc74db40,W4393063292
2dc3fc74db40,W4394434809
2dc3fc74db40,W4394907139
2dc3fc74db40,W4397295351
2dc3fc74db40,W4398142210
2dc3fc74db40,W4399489944
2dc3fc74db40,W4399524122
2dc3fc74db40,W4402176366
2dc3fc74db40,W4402240643
2dc3fc74db40,W4402799519
2dc3fc74db40,W4403383985
2dc3fc74db40,W4403818143
2dc3fc74db40,W4404773061
2dc3fc74db40,W4405296784
2dc3fc74db40,W4405509489
2dc3fc74db40,W4406038220
2dc3fc74db40,W4406385598
2dc3fc74db40,W4407564578
2dc3fc74db40,W4407574792
2dc3fc74db40,W4408195410
2dc3fc74db40,W4410003322
2dc3fc74db40,W4410709216
2dc3fc74db40,W4411793100
2dc3fc74db40,W4411937686
2dc3fc74db40,W4412585228
2dc3fc74db40,W4413349553
2dc3fc74db40,W4413473565
2dc3fc74db40,W4413781600
2dc3fc74db40,W4414140946
2dc3fc74db40,W4414260295
2dc3fc74db40,W4415109280
2dc3fc74db40,W4416435357
2dc3fc74db40,W4416932355
2dc3fc74db40,W4417440190
2dc3fc74db40,W63249400
2dc3fc74db40,W7126233654
2dc3fc74db40,W7128077359
2dc3fc74db40,W7140313540
2dc3fc74db40,W7141781522
2dc3fc74db40,W7147694663
2dc3fc74db40,W7154138588
2dc3fc74db40,W7155199329
2dc3fc74db40,W7155527230
2dc3fc74db40,W7155835539
2dc3fc74db40,W7164007000
2dc3fc74db40,W7165048277
2dc3fc74db40,W7167406590
2dc3fc74db40,W7167605192
2dc3fc74db40,W7167828986
2dc3fc74db40,W8718681
2f93af160426,W2037801535
2f93af160426,W2039397545
2f93af160426,W2277936465
2f93af160426,W2290366692
2f93af160426,W2585075186
2f93af160426,W2753080509
2f93af160426,W2754228832
2f93af160426,W2808789445
2f93af160426,W2916537143
2f93af160426,W2921665587
2f93af160426,W2945616062
2f93af160426,W2980244007
2f93af160426,W2989884535
2f93af160426,W3047496043
2f93af160426,W3081044295
2f93af160426,W3092671911
2f93af160426,W3094294483
2f93af160426,W3108667413
2f93af160426,W3131708444
2f93af160426,W3161491054
2f93af160426,W3198115827
2f93af160426,W3199043714
2f93af160426,W3207081963
2f93af160426,W4200181554
2f93af160426,W4213131350
2f93af160426,W4245959521
2f93af160426,W4254624147
2f93af160426,W4256178853
2f93af160426,W4280635109
2f93af160426,W4299607360
2f93af160426,W4312079712
2f93af160426,W4383553260
2f93af160426,W4385723517
2f93af160426,W4385950248
2f93af160426,W4391515250
2f93af160426,W4392511657
2f93af160426,W4393315674
2f93af160426,W4400855214
2f93af160426,W4401708560
2f93af160426,W4403307361
2f93af160426,W4403625419
2f93af160426,W4403625626
2f93af160426,W4406379521
2f93af160426,W4406808490
2f93af160426,W4407115149
2f93af160426,W4407170083
2f93af160426,W4408968884
2f93af160426,W4411222234
2f93af160426,W4412466520
2f93af160426,W4414992642
2f93af160426,W7131323098
2f93af160426,W7131694927
2f93af160426,W7131768753
2f93af160426,W7133891877
2f93af160426,W7136098622
2f93af160426,W7138864188
2f93af160426,W7140047772
2f93af160426,W7140171979
2f93af160426,W7140241713
2f93af160426,W7147605194
2f93af160426,W7148222872
2f93af160426,W7153402804
2f93af160426,W7153675122
2f93af160426,W7160145303
2f93af160426,W7160459398
2f93af160426,W7160463100
2f93af160426,W7160466416
2f93af160426,W7160466682
2f93af160426,W7160482410
2f93af160426,W7161529440
2f93af160426,W7166533342
2f93af160426,W7166535685
2f93af160426,W7167175072
2f93af160426,W7168078634
2f93af160426,W7168959887
2f93af160426,W7172561376
2f93af160426,W7172566345
31cc356d34a5,W2588734690
31cc356d34a5,W2615369985
31cc356d34a5,W2649353006
31cc356d34a5,W2795080020
31cc356d34a5,W2895577271
31cc356d34a5,W2937988931
31cc356d34a5,W2964816225
31cc356d34a5,W2997092202
31cc356d34a5,W3012134624
31cc356d34a5,W3083004583
31cc356d34a5,W3091472729
31cc356d34a5,W3096388765
31cc356d34a5,W3099855608
31cc356d34a5,W3102830000
31cc356d34a5,W3105660492
31cc356d34a5,W3110644665
31cc356d34a5,W3129589907
31cc356d34a5,W3139454181
31cc356d34a5,W3155009146
31cc356d34a5,W3173228457
31cc356d34a5,W3184639769
31cc356d34a5,W4221139517
31cc356d34a5,W4288083444
31cc356d34a5,W4289220403
31cc356d34a5,W4361864399
31cc356d34a5,W4402150997
31cc356d34a5,W4405003268
31cc356d34a5,W4405003353
31f74f743e6b,W2588240380
31f74f743e6b,W2597764693
31f74f743e6b,W2665733304
31f74f743e6b,W2765589902
31f74f743e6b,W2779509654
31f74f743e6b,W2802823940
31f74f743e6b,W2903063109
31f74f743e6b,W2911376321
31f74f743e6b,W2923845382
31f74f743e6b,W2941655495
31f74f743e6b,W2954132784
31f74f743e6b,W2970820848
31f74f743e6b,W2972861740
31f74f743e6b,W2997249070
31f74f743e6b,W2999650543
31f74f743e6b,W3006797842
31f74f743e6b,W3012768243
31f74f743e6b,W3016706252
31f74f743e6b,W3021179936
31f74f743e6b,W3035898466
31f74f743e6b,W3037577421
31f74f743e6b,W3081199514
31f74f743e6b,W3090670256
31f74f743e6b,W3094986994
31f74f743e6b,W3107000599
31f74f743e6b,W3110592612
31f74f743e6b,W3112833459
31f74f743e6b,W3120885088
31f74f743e6b,W3130096594
31f74f743e6b,W3130386636
31f74f743e6b,W3131115609
31f74f743e6b,W3165133493
31f74f743e6b,W3177026105
31f74f743e6b,W3177482177
31f74f743e6b,W3182646391
31f74f743e6b,W3193971291
31f74f743e6b,W3194055680
31f74f743e6b,W3194362002
31f74f743e6b,W3195854066
31f74f743e6b,W3196680648
31f74f743e6b,W3197712790
31f74f743e6b,W3200594980
31f74f743e6b,W3200948809
31f74f743e6b,W3207818788
31f74f743e6b,W3207871391
31f74f743e6b,W3211243408
31f74f743e6b,W3211837799
31f74f743e6b,W4200009732
31f74f743e6b,W4200399898
31f74f743e6b,W4205758385
31f74f743e6b,W4210386492
31f74f743e6b,W4211079938
31f74f743e6b,W4212922600
31f74f743e6b,W4212945198
31f74f743e6b,W4213131350
31f74f743e6b,W4224916347
31f74f743e6b,W4225016419
31f74f743e6b,W4229951098
31f74f743e6b,W4232319022
31f74f743e6b,W4232786686
31f74f743e6b,W4240147500
31f74f743e6b,W4241831814
31f74f743e6b,W4242329837
31f74f743e6b,W4249180792
31f74f743e6b,W4285130239
31f74f743e6b,W4285500054
31f74f743e6b,W4289443324
31f74f743e6b,W4289981792
31f74f743e6b,W4297249104
31f74f743e6b,W4297369392
31f74f743e6b,W4304606996
31f74f743e6b,W4307846652
31f74f743e6b,W4308659017
31f74f743e6b,W4309018696
31f74f743e6b,W4309990737
31f74f743e6b,W4312143399
31f74f743e6b,W4312193884
31f74f743e6b,W4316927662
31f74f743e6b,W4318816052
31f74f743e6b,W4320496906
31f74f743e6b,W4321615795
31f74f743e6b,W4323036134
31f74f743e6b,W4324348512
31f74f743e6b,W4353031842
31f74f743e6b,W4362548923
31f74f743e6b,W4366688035
31f74f743e6b,W4376116077
31f74f743e6b,W4379260467
31f74f743e6b,W4380291539
31f74f743e6b,W4380988838
31f74f743e6b,W4382181503
31f74f743e6b,W4384819071
31f74f743e6b,W4386046745
31f74f743e6b,W4386704176
31f74f743e6b,W4386823078
31f74f743e6b,W4387077722
31f74f743e6b,W4387345752
31f74f743e6b,W4388801543
31f74f743e6b,W4388979779
31f74f743e6b,W4390145910
31f74f743e6b,W4390707579
31f74f743e6b,W4392563801
31f74f743e6b,W4393387306
31f74f743e6b,W4394800673
31f74f743e6b,W4394875554
31f74f743e6b,W4394909009
31f74f743e6b,W4394909846
31f74f743e6b,W4396656693
31f74f743e6b,W4396677486
31f74f743e6b,W4398181324
31f74f743e6b,W4400024000
31f74f743e6b,W4401010611
31f74f743e6b,W4402594924
31f74f743e6b,W4403975171
31f74f743e6b,W4404065430
31f74f743e6b,W4404434513
31f74f743e6b,W4404515164
31f74f743e6b,W4404771219
31f74f743e6b,W4404801578
31f74f743e6b,W4406814355
31f74f743e6b,W4407090633
31f74f743e6b,W4408266384
31f74f743e6b,W4408555504
31f74f743e6b,W4408957288
31f74f743e6b,W4409630767
31f74f743e6b,W4410221436
31f74f743e6b,W4411593027
31f74f743e6b,W4412596882
31f74f743e6b,W4412663999
31f74f743e6b,W4413139756
31f74f743e6b,W4413283207
31f74f743e6b,W4413440107
31f74f743e6b,W4413924431
31f74f743e6b,W4413943356
31f74f743e6b,W4414003092
31f74f743e6b,W4414491462
31f74f743e6b,W4415161056
31f74f743e6b,W4415222231
31f74f743e6b,W4415356255
31f74f743e6b,W4415536077
31f74f743e6b,W4417342765
31f74f743e6b,W4417503751
31f74f743e6b,W7116851057
31f74f743e6b,W7117149837
31f74f743e6b,W7130828624
31f74f743e6b,W7156038374
33040f7b1e85,W2980498199
33040f7b1e85,W3003904369
33040f7b1e85,W3046220193
33040f7b1e85,W3081907779
33040f7b1e85,W3110946911
33040f7b1e85,W3112611644
33040f7b1e85,W3112679776
33040f7b1e85,W4205623001
33040f7b1e85,W4210380861
33040f7b1e85,W4224433944
33040f7b1e85,W4235386591
33040f7b1e85,W4255308062
33040f7b1e85,W4310777413
33040f7b1e85,W4360976203
33040f7b1e85,W4390111219
33040f7b1e85,W4392940496
33040f7b1e85,W4402936507
33040f7b1e85,W7160676340
333cbff201d9,W104312552
333cbff201d9,W1194855080
333cbff201d9,W133113786
333cbff201d9,W1444521826
333cbff201d9,W1480007486
333cbff201d9,W1488150859
333cbff201d9,W1490910309
333cbff201d9,W1495171253
333cbff201d9,W1498311197
333cbff201d9,W1532393855
333cbff201d9,W1536700469
333cbff201d9,W1539006315
333cbff201d9,W1545759247
333cbff201d9,W1545896640
333cbff201d9,W1548932568
333cbff201d9,W1554982945
333cbff201d9,W1584493127
333cbff201d9,W1588921963
333cbff201d9,W1590643848
333cbff201d9,W1593963136
333cbff201d9,W1614558028
333cbff201d9,W1723123519
333cbff201d9,W181845908
333cbff201d9,W1826575865
333cbff201d9,W189281725
333cbff201d9,W1900760496
333cbff201d9,W1940746836
333cbff201d9,W1963975170
333cbff201d9,W1971236401
333cbff201d9,W1971489430
333cbff201d9,W1971524015
333cbff201d9,W1971874295
333cbff201d9,W1973118471
333cbff201d9,W1975113608
333cbff201d9,W1979250993
333cbff201d9,W1982134688
333cbff201d9,W1984704903
333cbff201d9,W1984960675
333cbff201d9,W1986578760
333cbff201d9,W1987047192
333cbff201d9,W1989302385
333cbff201d9,W1989944788
333cbff201d9,W199026879
333cbff201d9,W1996004717
333cbff201d9,W1996934765
333cbff201d9,W1997586593
333cbff201d9,W2000769256
333cbff201d9,W2001238112
333cbff201d9,W2006559909
333cbff201d9,W2007965908
333cbff201d9,W2010267403
333cbff201d9,W2011725676
333cbff201d9,W2012692950
333cbff201d9,W2012760867
333cbff201d9,W2016070626
333cbff201d9,W2017997790
333cbff201d9,W2018194068
333cbff201d9,W2019954646
333cbff201d9,W2022982272
333cbff201d9,W2024459236
333cbff201d9,W2026469232
333cbff201d9,W2026664968
333cbff201d9,W2026834263
333cbff201d9,W2027944483
333cbff201d9,W2032581704
333cbff201d9,W2034229764
333cbff201d9,W2034777722
333cbff201d9,W2037172357
333cbff201d9,W2040141765
333cbff201d9,W2043552268
333cbff201d9,W2047066979
333cbff201d9,W2047849514
333cbff201d9,W2048519309
333cbff201d9,W2051003173
333cbff201d9,W2051428213
333cbff201d9,W2055171176
333cbff201d9,W2058409637
333cbff201d9,W2061771830
333cbff201d9,W2064723109
333cbff201d9,W2065451443
333cbff201d9,W2065724543
333cbff201d9,W2066713703
333cbff201d9,W2069864357
333cbff201d9,W2070104085
333cbff201d9,W2070294726
333cbff201d9,W2070517507
333cbff201d9,W2072462498
333cbff201d9,W2074234143
333cbff201d9,W2074973581
333cbff201d9,W2076894270
333cbff201d9,W2077642733
333cbff201d9,W2078878768
333cbff201d9,W2080718548
333cbff201d9,W2084945122
333cbff201d9,W2085602204
333cbff201d9,W2089776746
333cbff201d9,W2090917623
333cbff201d9,W2093801363
333cbff201d9,W2097552836
333cbff201d9,W2099493939
333cbff201d9,W2104996940
333cbff201d9,W2112383656
333cbff201d9,W2113214053
333cbff201d9,W2114676876
333cbff201d9,W2115754365
333cbff201d9,W2115800923
333cbff201d9,W2117433422
333cbff201d9,W2119406213
333cbff201d9,W2119772787
333cbff201d9,W2121805919
333cbff201d9,W2125013222
333cbff201d9,W2128447164
333cbff201d9,W2128707174
333cbff201d9,W2132653815
333cbff201d9,W2135847554
333cbff201d9,W2139916554
333cbff201d9,W2143578692
333cbff201d9,W2144025486
333cbff201d9,W2155426641
333cbff201d9,W2155567107
333cbff201d9,W2158832244
333cbff201d9,W2160880095
333cbff201d9,W2165236046
333cbff201d9,W2178333903
333cbff201d9,W2184597676
333cbff201d9,W2187531647
333cbff201d9,W2188279096
333cbff201d9,W2188571654
333cbff201d9,W2210790608
333cbff201d9,W2229484076
333cbff201d9,W2231940115
333cbff201d9,W2242118317
333cbff201d9,W2244356388
333cbff201d9,W2245327114
333cbff201d9,W2253223734
333cbff201d9,W2255064341
333cbff201d9,W2256714992
333cbff201d9,W2257981587
333cbff201d9,W2262938832
333cbff201d9,W2272702913
333cbff201d9,W2286222876
333cbff201d9,W2290395070
333cbff201d9,W2293292483
333cbff201d9,W23048601
333cbff201d9,W2306822651
333cbff201d9,W2308867886
333cbff201d9,W2308925476
333cbff201d9,W2312854870
333cbff201d9,W2314605036
333cbff201d9,W2322532506
333cbff201d9,W2322819010
333cbff201d9,W2325216769
333cbff201d9,W2333940941
333cbff201d9,W2334526118
333cbff201d9,W2337355057
333cbff201d9,W23810652
333cbff201d9,W2416182497
333cbff201d9,W24872740
333cbff201d9,W2497821041
333cbff201d9,W2497920593
333cbff201d9,W2525150698
333cbff201d9,W2574899065
333cbff201d9,W2579106863
333cbff201d9,W2588069157
333cbff201d9,W2594122715
333cbff201d9,W2616070571
333cbff201d9,W2624392205
333cbff201d9,W2626219220
333cbff201d9,W2626543125
333cbff201d9,W2628410277
333cbff201d9,W2685496612
333cbff201d9,W2696234205
333cbff201d9,W2725360110
333cbff201d9,W2726294651
333cbff201d9,W2726354938
333cbff201d9,W2728678400
333cbff201d9,W2732999464
333cbff201d9,W2734353923
333cbff201d9,W2735312835
333cbff201d9,W2735543909
333cbff201d9,W2736061407
333cbff201d9,W2736710316
333cbff201d9,W2737874513
333cbff201d9,W2741298575
333cbff201d9,W2744195392
333cbff201d9,W2745284527
333cbff201d9,W2784002361
333cbff201d9,W2803423185
333cbff201d9,W2804668832
333cbff201d9,W2808743850
333cbff201d9,W2894570722
333cbff201d9,W2900328235
333cbff201d9,W2904138468
333cbff201d9,W2907468436
333cbff201d9,W2908659216
333cbff201d9,W2908667308
333cbff201d9,W2909813649
333cbff201d9,W2910001041
333cbff201d9,W2910228135
333cbff201d9,W2922749728
333cbff201d9,W2941277470
333cbff201d9,W2955472487
333cbff201d9,W2964744363
333cbff201d9,W2965319464
333cbff201d9,W2965471252
333cbff201d9,W2965554279
333cbff201d9,W2966589174
333cbff201d9,W2966790130
333cbff201d9,W2972017464
333cbff201d9,W2972902838
333cbff201d9,W2978088900
333cbff201d9,W2980100225
333cbff201d9,W2980829843
333cbff201d9,W2984575399
333cbff201d9,W2989793375
333cbff201d9,W2989853153
333cbff201d9,W2990997759
333cbff201d9,W2991279294
333cbff201d9,W2994022333
333cbff201d9,W3009942136
333cbff201d9,W3016361360
333cbff201d9,W3034563185
333cbff201d9,W3035542144
333cbff201d9,W3039648228
333cbff201d9,W3042744984
333cbff201d9,W3043075656
333cbff201d9,W3108682413
333cbff201d9,W3121171451
333cbff201d9,W3123186568
333cbff201d9,W3123986589
333cbff201d9,W3124136666
333cbff201d9,W3124964272
333cbff201d9,W3125531648
333cbff201d9,W3125668263
333cbff201d9,W3125673905
333cbff201d9,W3125767267
333cbff201d9,W3125826612
333cbff201d9,W3127856530
333cbff201d9,W3157131185
333cbff201d9,W3158820120
333cbff201d9,W3159361254
333cbff201d9,W3159908311
333cbff201d9,W3175544211
333cbff201d9,W3181107112
333cbff201d9,W3182587564
333cbff201d9,W325656330
333cbff201d9,W349644295
333cbff201d9,W367014719
333cbff201d9,W4206694861
333cbff201d9,W4206766907
333cbff201d9,W4210365735
333cbff201d9,W4210851364
333cbff201d9,W4210948862
333cbff201d9,W4212912745
333cbff201d9,W4220868710
333cbff201d9,W4224220546
333cbff201d9,W4226504205
333cbff201d9,W4231664859
333cbff201d9,W4231862591
333cbff201d9,W4234702666
333cbff201d9,W4235769676
333cbff201d9,W4237547454
333cbff201d9,W4242895178
333cbff201d9,W4245481168
333cbff201d9,W4248907088
333cbff201d9,W4249076709
333cbff201d9,W4249874443
333cbff201d9,W4250837831
333cbff201d9,W4251244880
333cbff201d9,W4254831243
333cbff201d9,W4255371318
333cbff201d9,W429963099
333cbff201d9,W4312082062
333cbff201d9,W4315749373
333cbff201d9,W4319825937
333cbff201d9,W4323645698
333cbff201d9,W4376875053
333cbff201d9,W4383569003
333cbff201d9,W4383569018
333cbff201d9,W4383569019
333cbff201d9,W4383569157
333cbff201d9,W4383569204
333cbff201d9,W4383569314
333cbff201d9,W4383569517
333cbff201d9,W4383569584
333cbff201d9,W4383569665
333cbff201d9,W4383569935
333cbff201d9,W4385064080
333cbff201d9,W4387612166
333cbff201d9,W4391384641
333cbff201d9,W4403537162
333cbff201d9,W4407003998
333cbff201d9,W4408929044
333cbff201d9,W4409780921
333cbff201d9,W4409782707
333cbff201d9,W4409782761
333cbff201d9,W4409783218
333cbff201d9,W4409806088
333cbff201d9,W4411020443
333cbff201d9,W4411694043
333cbff201d9,W4413498087
333cbff201d9,W4413537481
333cbff201d9,W4413604559
333cbff201d9,W4413634379
333cbff201d9,W4415817393
333cbff201d9,W4416441859
333cbff201d9,W4416441862
333cbff201d9,W444517955
333cbff201d9,W457029873
333cbff201d9,W479527725
333cbff201d9,W487777432
333cbff201d9,W488598400
333cbff201d9,W651560086
333cbff201d9,W65768805
333cbff201d9,W659184996
333cbff201d9,W782213275
333cbff201d9,W85443592
333cbff201d9,W92813448
333cbff201d9,W94896836
333cbff201d9,W952467971
333cbff201d9,W998487714
334e48247a85,W1971995877
334e48247a85,W2045883444
334e48247a85,W2072629265
334e48247a85,W2087852574
334e48247a85,W2285348678
334e48247a85,W2344877353
334e48247a85,W2766562540
334e48247a85,W2803532650
334e48247a85,W2803550782
334e48247a85,W2809721133
334e48247a85,W2810912101
334e48247a85,W2811226062
334e48247a85,W2820762160
334e48247a85,W2900026840
334e48247a85,W2902564083
334e48247a85,W2906735632
334e48247a85,W2914225125
334e48247a85,W2921996992
334e48247a85,W2924977263
334e48247a85,W2948481887
334e48247a85,W2953109910
334e48247a85,W2953860029
334e48247a85,W2965406640
334e48247a85,W2967296925
334e48247a85,W2968912810
334e48247a85,W2979946795
334e48247a85,W3009546922
334e48247a85,W3011505991
334e48247a85,W3082424714
334e48247a85,W3086288671
334e48247a85,W3108576706
334e48247a85,W3122990348
334e48247a85,W312467304
334e48247a85,W3126924613
334e48247a85,W3136575086
334e48247a85,W3137425827
334e48247a85,W3139714278
334e48247a85,W3143475452
334e48247a85,W3161108862
334e48247a85,W3161409994
334e48247a85,W3179806224
334e48247a85,W3207294866
334e48247a85,W4212884728
334e48247a85,W4225275613
334e48247a85,W4231394344
334e48247a85,W4237529138
334e48247a85,W4243701766
334e48247a85,W4245774202
334e48247a85,W4247227823
334e48247a85,W4249045116
334e48247a85,W4254112529
334e48247a85,W4255217923
334e48247a85,W4255657542
334e48247a85,W4256367350
334e48247a85,W4280648496
334e48247a85,W4281793869
334e48247a85,W4282921558
334e48247a85,W4310772990
334e48247a85,W4313454278
334e48247a85,W4319338935
334e48247a85,W4322008881
334e48247a85,W4384406959
334e48247a85,W4385010667
334e48247a85,W4387220861
334e48247a85,W4389128681
334e48247a85,W4397023153
334e48247a85,W4402641578
334e48247a85,W4409149933
334e48247a85,W4411136602
334e48247a85,W4415465074
334e48247a85,W4417413437
336ce9aa9e76,W1664780056
336ce9aa9e76,W1972440351
336ce9aa9e76,W2041134333
336ce9aa9e76,W2049454346
336ce9aa9e76,W2113504879
336ce9aa9e76,W2248502256
336ce9aa9e76,W2320259340
336ce9aa9e76,W2335196379
336ce9aa9e76,W2347119109
336ce9aa9e76,W2414283218
336ce9aa9e76,W2491827922
336ce9aa9e76,W2592729883
336ce9aa9e76,W2610037409
336ce9aa9e76,W2887882077
336ce9aa9e76,W2941467037
336ce9aa9e76,W2964724374
336ce9aa9e76,W2973708902
336ce9aa9e76,W2980653494
336ce9aa9e76,W2990445189
336ce9aa9e76,W2995096920
336ce9aa9e76,W3013085433
336ce9aa9e76,W3034327037
336ce9aa9e76,W3038116201
336ce9aa9e76,W3047118857
336ce9aa9e76,W3124883126
336ce9aa9e76,W3134277177
336ce9aa9e76,W3157271597
336ce9aa9e76,W3170426181
336ce9aa9e76,W3172392762
336ce9aa9e76,W3183613764
336ce9aa9e76,W3183690242
336ce9aa9e76,W3187630655
336ce9aa9e76,W3201384519
336ce9aa9e76,W3205366240
336ce9aa9e76,W3207670415
336ce9aa9e76,W3207976051
336ce9aa9e76,W4205280507
336ce9aa9e76,W4210815094
336ce9aa9e76,W4211097891
336ce9aa9e76,W4214766638
336ce9aa9e76,W4224224575
336ce9aa9e76,W4226269400
336ce9aa9e76,W4232595486
336ce9aa9e76,W4237498510
336ce9aa9e76,W4241517288
336ce9aa9e76,W4249736384
336ce9aa9e76,W4281684275
336ce9aa9e76,W4281846416
336ce9aa9e76,W4285063229
336ce9aa9e76,W4293105734
336ce9aa9e76,W4296923553
336ce9aa9e76,W4297223429
336ce9aa9e76,W4297777282
336ce9aa9e76,W4307599356
336ce9aa9e76,W4312328916
336ce9aa9e76,W4313396450
336ce9aa9e76,W4319041732
336ce9aa9e76,W4320029965
336ce9aa9e76,W4320038879
336ce9aa9e76,W4375928238
336ce9aa9e76,W4386529607
336ce9aa9e76,W4386640656
336ce9aa9e76,W4387496920
336ce9aa9e76,W4389428882
336ce9aa9e76,W4390782650
336ce9aa9e76,W4402461837
336ce9aa9e76,W4403945617
336ce9aa9e76,W4404176009
336ce9aa9e76,W4405439428
336ce9aa9e76,W4408095706
336ce9aa9e76,W4408323395
336ce9aa9e76,W4408737230
336ce9aa9e76,W4408851101
336ce9aa9e76,W4409148791
336ce9aa9e76,W4410198150
336ce9aa9e76,W4411373853
336ce9aa9e76,W4411960210
336ce9aa9e76,W4412601653
336ce9aa9e76,W4413208703
336ce9aa9e76,W4413273662
336ce9aa9e76,W4414771563
336ce9aa9e76,W4414824259
336ce9aa9e76,W4414824401
336ce9aa9e76,W4415416458
336ce9aa9e76,W4415416634
336ce9aa9e76,W4417409950
336ce9aa9e76,W7134113255
336ce9aa9e76,W7134115416
336ce9aa9e76,W7147259123
336ce9aa9e76,W7148224526
336ce9aa9e76,W7160581403
336ce9aa9e76,W7160738306
336ce9aa9e76,W7161459897
336ce9aa9e76,W7163791987
336ce9aa9e76,W7163794177
336ce9aa9e76,W7165356789
336ce9aa9e76,W7167755252
336ce9aa9e76,W7168061256
336ce9aa9e76,W7172238757
34409dee82e3,W1764821810
34409dee82e3,W1907086575
34409dee82e3,W1939717785
34409dee82e3,W1974570336
34409dee82e3,W2013892169
34409dee82e3,W2024342245
34409dee82e3,W2055566230
34409dee82e3,W2122615306
34409dee82e3,W2172958857
34409dee82e3,W2181794089
34409dee82e3,W2277050302
34409dee82e3,W2278699084
34409dee82e3,W2290444518
34409dee82e3,W2330803987
34409dee82e3,W2463178469
34409dee82e3,W2466702645
34409dee82e3,W2475925086
34409dee82e3,W2532100937
34409dee82e3,W2551759770
34409dee82e3,W2560425440
34409dee82e3,W2596391402
34409dee82e3,W2775912881
34409dee82e3,W2776409477
34409dee82e3,W2778154639
34409dee82e3,W2778194333
34409dee82e3,W2779114882
34409dee82e3,W2779745737
34409dee82e3,W2781297264
34409dee82e3,W2781433633
34409dee82e3,W2781614308
34409dee82e3,W2783132278
34409dee82e3,W2783388888
34409dee82e3,W2783714112
34409dee82e3,W2784239380
34409dee82e3,W2784283116
34409dee82e3,W2784300928
34409dee82e3,W2784446871
34409dee82e3,W2784668432
34409dee82e3,W2785011760
34409dee82e3,W2785131612
34409dee82e3,W2785624333
34409dee82e3,W2786402403
34409dee82e3,W2791035018
34409dee82e3,W2794829858
34409dee82e3,W2799789526
34409dee82e3,W2805841783
34409dee82e3,W2807949352
34409dee82e3,W2808268883
34409dee82e3,W2808478776
34409dee82e3,W2895129734
34409dee82e3,W2901759690
34409dee82e3,W2901913064
34409dee82e3,W2921255165
34409dee82e3,W2923459772
34409dee82e3,W2936543087
34409dee82e3,W2937362137
34409dee82e3,W2946760103
34409dee82e3,W2950906154
34409dee82e3,W2950939146
34409dee82e3,W2951667644
34409dee82e3,W2953776362
34409dee82e3,W2955123433
34409dee82e3,W2955359718
34409dee82e3,W2960056478
34409dee82e3,W2965026343
34409dee82e3,W2965987095
34409dee82e3,W2966943026
34409dee82e3,W2966986477
34409dee82e3,W2967652156
34409dee82e3,W2967663670
34409dee82e3,W2967819325
34409dee82e3,W2968150900
34409dee82e3,W2968431414
34409dee82e3,W2968642188
34409dee82e3,W2969115513
34409dee82e3,W2981612797
34409dee82e3,W2996246353
34409dee82e3,W3016772732
34409dee82e3,W3018895823
34409dee82e3,W3036767629
34409dee82e3,W3037952558
34409dee82e3,W3040856036
34409dee82e3,W3043977862
34409dee82e3,W3044185424
34409dee82e3,W3046344064
34409dee82e3,W3046413818
34409dee82e3,W3080164699
34409dee82e3,W3089314924
34409dee82e3,W3090714224
34409dee82e3,W3092014348
34409dee82e3,W3092544531
34409dee82e3,W3106056888
34409dee82e3,W3112613183
34409dee82e3,W3121134419
34409dee82e3,W3124969506
34409dee82e3,W3127652147
34409dee82e3,W3133791836
34409dee82e3,W3133941178
34409dee82e3,W3136491834
34409dee82e3,W3137544060
34409dee82e3,W3141607253
34409dee82e3,W3154969987
34409dee82e3,W3160061520
34409dee82e3,W3160537008
34409dee82e3,W3160678687
34409dee82e3,W3162835869
34409dee82e3,W3163843969
34409dee82e3,W3165076273
34409dee82e3,W3165654025
34409dee82e3,W3180560242
34409dee82e3,W4220810293
34409dee82e3,W4230222592
34409dee82e3,W4234547486
34409dee82e3,W4240275358
34409dee82e3,W4241206412
34409dee82e3,W4241684751
34409dee82e3,W4243040093
34409dee82e3,W4247068298
34409dee82e3,W4250602635
34409dee82e3,W4252834380
34409dee82e3,W4255712064
34409dee82e3,W4281904384
34409dee82e3,W4285292899
34409dee82e3,W4287280248
34409dee82e3,W4303191043
34409dee82e3,W4310493672
34409dee82e3,W4315491943
34409dee82e3,W4316193626
34409dee82e3,W4317397655
34409dee82e3,W4317631123
34409dee82e3,W4319232666
34409dee82e3,W4321361940
34409dee82e3,W4366547402
34409dee82e3,W4375951529
34409dee82e3,W4378172190
34409dee82e3,W4381849949
34409dee82e3,W4385722906
34409dee82e3,W4387704935
34409dee82e3,W4388127631
34409dee82e3,W4388300361
34409dee82e3,W4393097430
34409dee82e3,W4394714357
34409dee82e3,W4395012577
34409dee82e3,W4401044991
34409dee82e3,W4401365350
34409dee82e3,W4402441701
34409dee82e3,W4404046980
34409dee82e3,W4406398647
34409dee82e3,W4406518090
34409dee82e3,W4408079827
34409dee82e3,W4408260519
34409dee82e3,W4408591081
34409dee82e3,W4408681212
34409dee82e3,W4409003873
34409dee82e3,W4409109916
34409dee82e3,W4409111083
34409dee82e3,W4409185140
34409dee82e3,W4409489055
34409dee82e3,W4409718072
34409dee82e3,W4410286414
34409dee82e3,W4411220975
34409dee82e3,W4411221348
34409dee82e3,W4411308835
34409dee82e3,W4412069692
34409dee82e3,W4412672283
34409dee82e3,W4412695964
34409dee82e3,W4412714186
34409dee82e3,W4413509930
34409dee82e3,W4413675427
34409dee82e3,W4413754349
34409dee82e3,W4413756207
34409dee82e3,W4414008064
34409dee82e3,W4414512388
34409dee82e3,W4414827855
34409dee82e3,W4415404983
34409dee82e3,W4415405007
34409dee82e3,W4416299859
34409dee82e3,W4417136043
34409dee82e3,W7109577962
34409dee82e3,W7134833706
34409dee82e3,W7160392435
34409dee82e3,W7164904124
34409dee82e3,W7167353390
34409dee82e3,W7169650742
34409dee82e3,W7169653997
34409dee82e3,W7169655014
34409dee82e3,W7169660317
34409dee82e3,W7169712304
34409dee82e3,W7169713843
34409dee82e3,W7169715950
34409dee82e3,W7169719583
34409dee82e3,W7169723733
34409dee82e3,W7169731129
34409dee82e3,W7169733549
34409dee82e3,W7169735032
34409dee82e3,W7169753602
34409dee82e3,W7169780925
34409dee82e3,W7171296537
34409dee82e3,W7171352169
34409dee82e3,W7172002445
34409dee82e3,W7172310180
34409dee82e3,W7172324562
34409dee82e3,W7172359907
34409dee82e3,W986993949
345e48df0daa,W1469566025
345e48df0daa,W1821737704
345e48df0daa,W1889039854
345e48df0daa,W2023215010
345e48df0daa,W2032196930
345e48df0daa,W2034487541
345e48df0daa,W2051209343
345e48df0daa,W2058456041
345e48df0daa,W2092397565
345e48df0daa,W2164781296
345e48df0daa,W2179151588
345e48df0daa,W2228429099
345e48df0daa,W2322728389
345e48df0daa,W2330531118
345e48df0daa,W2337500320
345e48df0daa,W2345800549
345e48df0daa,W2415764115
345e48df0daa,W2497015995
345e48df0daa,W2591827453
345e48df0daa,W2601606634
345e48df0daa,W2610920472
345e48df0daa,W2611235109
345e48df0daa,W2619494814
345e48df0daa,W2620492897
345e48df0daa,W2626498850
345e48df0daa,W2748343648
345e48df0daa,W2749176991
345e48df0daa,W2749339092
345e48df0daa,W2780909924
345e48df0daa,W2799619696
345e48df0daa,W2803304381
345e48df0daa,W2805734119
345e48df0daa,W2806063031
345e48df0daa,W2808475703
345e48df0daa,W2810320295
345e48df0daa,W2879935474
345e48df0daa,W2886150972
345e48df0daa,W2891201422
345e48df0daa,W2896734281
345e48df0daa,W2896869598
345e48df0daa,W2902316650
345e48df0daa,W2906419976
345e48df0daa,W2911335003
345e48df0daa,W2911530317
345e48df0daa,W2943629219
345e48df0daa,W2946370812
345e48df0daa,W2965904953
345e48df0daa,W2972555947
345e48df0daa,W2973016724
345e48df0daa,W2975666825
345e48df0daa,W2981944227
345e48df0daa,W2989672233
345e48df0daa,W2994857692
345e48df0daa,W3011756287
345e48df0daa,W3048845306
345e48df0daa,W3087367554
345e48df0daa,W3111291884
345e48df0daa,W3121778013
345e48df0daa,W3136030036
345e48df0daa,W3155182591
345e48df0daa,W3157630120
345e48df0daa,W3161218677
345e48df0daa,W3161257786
345e48df0daa,W3162162558
345e48df0daa,W3163391857
345e48df0daa,W3164756975
345e48df0daa,W3164972790
345e48df0daa,W3168301972
345e48df0daa,W3185486793
345e48df0daa,W4213131350
345e48df0daa,W4220675722
345e48df0daa,W4223932454
345e48df0daa,W4231465988
345e48df0daa,W4245078200
345e48df0daa,W4248915638
345e48df0daa,W4281969040
345e48df0daa,W4291821285
345e48df0daa,W4300817497
345e48df0daa,W4313856363
345e48df0daa,W4319455139
345e48df0daa,W4319657189
345e48df0daa,W4321329583
345e48df0daa,W4324018059
345e48df0daa,W4379010534
345e48df0daa,W4384666004
345e48df0daa,W4385067372
345e48df0daa,W4385879855
345e48df0daa,W4386469657
345e48df0daa,W4390245940
345e48df0daa,W4390840407
345e48df0daa,W4391168063
345e48df0daa,W4391294113
345e48df0daa,W4391755739
345e48df0daa,W4392292653
345e48df0daa,W4392857472
345e48df0daa,W4393930527
345e48df0daa,W4399740970
345e48df0daa,W4403294578
345e48df0daa,W4403443090
345e48df0daa,W4403589374
345e48df0daa,W4403852528
345e48df0daa,W4403896169
345e48df0daa,W4403956288
345e48df0daa,W4406931649
345e48df0daa,W4406933517
345e48df0daa,W4408336011
345e48df0daa,W4411645631
345e48df0daa,W4411750742
345e48df0daa,W4412515092
345e48df0daa,W4412539861
345e48df0daa,W4412768918
345e48df0daa,W4413988150
345e48df0daa,W4415335279
345e48df0daa,W4415407146
345e48df0daa,W4415704068
345e48df0daa,W4415933807
345e48df0daa,W4416025871
345e48df0daa,W7160522403
345e48df0daa,W7165774792
345e48df0daa,W7165775288
345e48df0daa,W7167300798
34ff7e8a7b3c,W1009434586
34ff7e8a7b3c,W1601675721
34ff7e8a7b3c,W1860462523
34ff7e8a7b3c,W1913823733
34ff7e8a7b3c,W2016887926
34ff7e8a7b3c,W2022295273
34ff7e8a7b3c,W2027873737
34ff7e8a7b3c,W2073198315
34ff7e8a7b3c,W2080027447
34ff7e8a7b3c,W2164805121
34ff7e8a7b3c,W2186184754
34ff7e8a7b3c,W2186230078
34ff7e8a7b3c,W2187626521
34ff7e8a7b3c,W2188887812
34ff7e8a7b3c,W2227898819
34ff7e8a7b3c,W2235693693
34ff7e8a7b3c,W2245509644
34ff7e8a7b3c,W2291944941
34ff7e8a7b3c,W2463566541
34ff7e8a7b3c,W2476329375
34ff7e8a7b3c,W2479676896
34ff7e8a7b3c,W2484028983
34ff7e8a7b3c,W2484268205
34ff7e8a7b3c,W2486838064
34ff7e8a7b3c,W2487178341
34ff7e8a7b3c,W2507000322
34ff7e8a7b3c,W2527948861
34ff7e8a7b3c,W2530979767
34ff7e8a7b3c,W2559941670
34ff7e8a7b3c,W2562250115
34ff7e8a7b3c,W2563920704
34ff7e8a7b3c,W2567534450
34ff7e8a7b3c,W2582676079
34ff7e8a7b3c,W2590332068
34ff7e8a7b3c,W2619583629
34ff7e8a7b3c,W2729088677
34ff7e8a7b3c,W2770786853
34ff7e8a7b3c,W2782246641
34ff7e8a7b3c,W2783180691
34ff7e8a7b3c,W2787777803
34ff7e8a7b3c,W2790596930
34ff7e8a7b3c,W2799764825
34ff7e8a7b3c,W2800803445
34ff7e8a7b3c,W2887837110
34ff7e8a7b3c,W2898593716
34ff7e8a7b3c,W2901361039
34ff7e8a7b3c,W2903943377
34ff7e8a7b3c,W2904084635
34ff7e8a7b3c,W2905354238
34ff7e8a7b3c,W2905580823
34ff7e8a7b3c,W2980214486
34ff7e8a7b3c,W2995165016
34ff7e8a7b3c,W2997109175
34ff7e8a7b3c,W3002319139
34ff7e8a7b3c,W3009859808
34ff7e8a7b3c,W3011113154
34ff7e8a7b3c,W3017817654
34ff7e8a7b3c,W3085767221
34ff7e8a7b3c,W3101805290
34ff7e8a7b3c,W3105279880
34ff7e8a7b3c,W3112841200
34ff7e8a7b3c,W3124329177
34ff7e8a7b3c,W3129051009
34ff7e8a7b3c,W3138147879
34ff7e8a7b3c,W3158820268
34ff7e8a7b3c,W3160840987
34ff7e8a7b3c,W3161068217
34ff7e8a7b3c,W3161218677
34ff7e8a7b3c,W3162430071
34ff7e8a7b3c,W3165110265
34ff7e8a7b3c,W3173952121
34ff7e8a7b3c,W3208724384
34ff7e8a7b3c,W3211729281
34ff7e8a7b3c,W3212167289
34ff7e8a7b3c,W3217004573
34ff7e8a7b3c,W33228145
34ff7e8a7b3c,W4210783725
34ff7e8a7b3c,W4210998142
34ff7e8a7b3c,W4214662435
34ff7e8a7b3c,W4223932454
34ff7e8a7b3c,W4230950563
34ff7e8a7b3c,W4231094384
34ff7e8a7b3c,W4244516975
34ff7e8a7b3c,W4247289468
34ff7e8a7b3c,W4247914379
34ff7e8a7b3c,W4249108554
34ff7e8a7b3c,W4251691486
34ff7e8a7b3c,W4251736031
34ff7e8a7b3c,W4251927638
34ff7e8a7b3c,W4253763813
34ff7e8a7b3c,W4254145045
34ff7e8a7b3c,W4254217805
34ff7e8a7b3c,W4256427616
34ff7e8a7b3c,W4281969040
34ff7e8a7b3c,W4284879696
34ff7e8a7b3c,W4309645457
34ff7e8a7b3c,W4318150379
34ff7e8a7b3c,W4324145387
34ff7e8a7b3c,W4366427237
34ff7e8a7b3c,W4379653279
34ff7e8a7b3c,W4379794606
34ff7e8a7b3c,W4381189267
34ff7e8a7b3c,W4387058457
34ff7e8a7b3c,W4387300221
34ff7e8a7b3c,W4391143802
34ff7e8a7b3c,W4391800280
34ff7e8a7b3c,W4391805561
34ff7e8a7b3c,W4391805566
34ff7e8a7b3c,W4394142100
34ff7e8a7b3c,W4394191808
34ff7e8a7b3c,W4394448118
34ff7e8a7b3c,W4399042364
34ff7e8a7b3c,W4400900739
34ff7e8a7b3c,W4400947396
34ff7e8a7b3c,W4400958836
34ff7e8a7b3c,W4400958950
34ff7e8a7b3c,W4401045669
34ff7e8a7b3c,W4402237624
34ff7e8a7b3c,W4405282223
34ff7e8a7b3c,W4407779358
34ff7e8a7b3c,W4408215660
34ff7e8a7b3c,W4409616482
34ff7e8a7b3c,W4410383479
34ff7e8a7b3c,W4410507082
34ff7e8a7b3c,W4414207942
34ff7e8a7b3c,W4415404571
34ff7e8a7b3c,W4415411035
34ff7e8a7b3c,W4415417545
34ff7e8a7b3c,W4415417999
34ff7e8a7b3c,W4415418085
34ff7e8a7b3c,W6939658337
34ff7e8a7b3c,W7118386
34ff7e8a7b3c,W7125935445
34ff7e8a7b3c,W7147400830
34ff7e8a7b3c,W7159564694
34ff7e8a7b3c,W7160462084
34ff7e8a7b3c,W7160475896
34ff7e8a7b3c,W7160479542
34ff7e8a7b3c,W7160728225
34ff7e8a7b3c,W7162331091
34ff7e8a7b3c,W7167552778
34ff7e8a7b3c,W7167553001
34ff7e8a7b3c,W7167554428
34ff7e8a7b3c,W7167560286
34ff7e8a7b3c,W7167760993
34ff7e8a7b3c,W7168064623
36da21bf8437,W2550779458
36da21bf8437,W2747364090
36da21bf8437,W2769655954
36da21bf8437,W2883443154
36da21bf8437,W2948572025
36da21bf8437,W2967918737
36da21bf8437,W2975666550
36da21bf8437,W3004317623
36da21bf8437,W3117321423
36da21bf8437,W3120548819
36da21bf8437,W3128779954
36da21bf8437,W3131184676
36da21bf8437,W3204481243
36da21bf8437,W3217368432
36da21bf8437,W4231394344
36da21bf8437,W4237078868
36da21bf8437,W4237950796
36da21bf8437,W4244813998
36da21bf8437,W4245088702
36da21bf8437,W4247097639
36da21bf8437,W4253462231
36da21bf8437,W4283725616
36da21bf8437,W4283837604
36da21bf8437,W4290723579
36da21bf8437,W4311027688
36da21bf8437,W4388139276
36da21bf8437,W4388540254
36da21bf8437,W4389105130
36da21bf8437,W4394713651
36da21bf8437,W4399009369
36da21bf8437,W4401048263
36da21bf8437,W4401623473
36da21bf8437,W4403761273
36da21bf8437,W4404034411
36da21bf8437,W4408694754
36da21bf8437,W4409907626
36da21bf8437,W4412348232
36da21bf8437,W4414082660
36da21bf8437,W4414465244
36da21bf8437,W4414552178
36da21bf8437,W4415949842
36da21bf8437,W7103888109
36da21bf8437,W7104836910
36da21bf8437,W7125501953
36da21bf8437,W7125622449
36da21bf8437,W7128546758
36da21bf8437,W7147077833
36da21bf8437,W7148196972
36da21bf8437,W7153118003
36da21bf8437,W7154660019
36da21bf8437,W7167359737
36da21bf8437,W7167792273
36da21bf8437,W7202178415
37b5cfac8fb2,W1676032955
37b5cfac8fb2,W1780667322
37b5cfac8fb2,W1916401228
37b5cfac8fb2,W2014307547
37b5cfac8fb2,W2029894487
37b5cfac8fb2,W2035248791
37b5cfac8fb2,W2059786916
37b5cfac8fb2,W2067584646
37b5cfac8fb2,W2071222688
37b5cfac8fb2,W2079821245
37b5cfac8fb2,W2102686445
37b5cfac8fb2,W2140030055
37b5cfac8fb2,W2171350285
37b5cfac8fb2,W2509492259
37b5cfac8fb2,W2579387260
37b5cfac8fb2,W2587746446
37b5cfac8fb2,W2753824094
37b5cfac8fb2,W2761773860
37b5cfac8fb2,W2767363419
37b5cfac8fb2,W2772187053
37b5cfac8fb2,W2781331292
37b5cfac8fb2,W2792453994
37b5cfac8fb2,W2793598911
37b5cfac8fb2,W2795566636
37b5cfac8fb2,W2806456340
37b5cfac8fb2,W2884903472
37b5cfac8fb2,W2897001487
37b5cfac8fb2,W2904213494
37b5cfac8fb2,W2906793936
37b5cfac8fb2,W2945365067
37b5cfac8fb2,W2947337540
37b5cfac8fb2,W2966028763
37b5cfac8fb2,W3007483692
37b5cfac8fb2,W3031650584
37b5cfac8fb2,W3096080915
37b5cfac8fb2,W3096222855
37b5cfac8fb2,W3109210909
37b5cfac8fb2,W3118938790
37b5cfac8fb2,W3120711451
37b5cfac8fb2,W3142228256
37b5cfac8fb2,W3149645252
37b5cfac8fb2,W3159892126
37b5cfac8fb2,W3162160784
37b5cfac8fb2,W3181967806
37b5cfac8fb2,W3201142590
37b5cfac8fb2,W3210490707
37b5cfac8fb2,W3210962607
37b5cfac8fb2,W3215459932
37b5cfac8fb2,W4200445956
37b5cfac8fb2,W4205893596
37b5cfac8fb2,W4237261109
37b5cfac8fb2,W4249458271
37b5cfac8fb2,W4281291405
37b5cfac8fb2,W4289549965
37b5cfac8fb2,W4293101655
37b5cfac8fb2,W4315631519
37b5cfac8fb2,W4392749015
37b5cfac8fb2,W4394455246
37b5cfac8fb2,W4404083579
37b5cfac8fb2,W4404739469
37b5cfac8fb2,W4408286416
37b5cfac8fb2,W4409318685
37b5cfac8fb2,W4409981481
37b5cfac8fb2,W4410153503
37b5cfac8fb2,W4412464884
37b5cfac8fb2,W4412471930
37b5cfac8fb2,W4412488886
37b5cfac8fb2,W4412793111
37b5cfac8fb2,W4412802460
37b5cfac8fb2,W4414131497
37b5cfac8fb2,W4415232548
37b5cfac8fb2,W7165363876
37b5cfac8fb2,W7165367839
37b5cfac8fb2,W7169791118
37b5cfac8fb2,W7171854380
37b5cfac8fb2,W87640469
3931af1e4b5e,W1556793699
3931af1e4b5e,W2773083448
3931af1e4b5e,W2889103261
3931af1e4b5e,W2890728351
3931af1e4b5e,W2923052254
3931af1e4b5e,W2964737455
3931af1e4b5e,W2979886505
3931af1e4b5e,W2993461210
3931af1e4b5e,W3068049451
3931af1e4b5e,W3107443352
3931af1e4b5e,W3109084122
3931af1e4b5e,W3112552639
3931af1e4b5e,W3131501632
3931af1e4b5e,W3157278627
3931af1e4b5e,W3158399185
3931af1e4b5e,W3174574215
3931af1e4b5e,W3201349567
3931af1e4b5e,W3201794247
3931af1e4b5e,W3206617017
3931af1e4b5e,W4234745901
3931af1e4b5e,W4287169413
3931af1e4b5e,W4287185140
3931af1e4b5e,W4287325668
3931af1e4b5e,W4289594722
3931af1e4b5e,W4293106675
3931af1e4b5e,W4293715527
3931af1e4b5e,W4362717508
3931af1e4b5e,W4362724953
3931af1e4b5e,W4364395669
3931af1e4b5e,W4375959199
3931af1e4b5e,W4379053557
3931af1e4b5e,W4384155640
3931af1e4b5e,W4388461089
3931af1e4b5e,W4388904549
3931af1e4b5e,W4388904550
3931af1e4b5e,W4388904615
3931af1e4b5e,W4388912500
3931af1e4b5e,W4388912610
3931af1e4b5e,W4391263207
3931af1e4b5e,W4391358652
3931af1e4b5e,W4391529776
3931af1e4b5e,W4391882771
3931af1e4b5e,W4391883311
3931af1e4b5e,W4391883444
3931af1e4b5e,W4391883555
3931af1e4b5e,W4392941181
3931af1e4b5e,W4393420318
3931af1e4b5e,W4393479586
3931af1e4b5e,W4393504863
3931af1e4b5e,W4393561895
3931af1e4b5e,W4393583816
3931af1e4b5e,W4393631054
3931af1e4b5e,W4393674138
3931af1e4b5e,W4393808778
3931af1e4b5e,W4396855283
3931af1e4b5e,W4396856415
3931af1e4b5e,W4399303452
3931af1e4b5e,W4399548746
3931af1e4b5e,W4399709531
3931af1e4b5e,W4399775608
3931af1e4b5e,W4400487505
3931af1e4b5e,W4404739469
3931af1e4b5e,W4405355172
3931af1e4b5e,W4406802755
3931af1e4b5e,W4407611138
3931af1e4b5e,W4407953217
3931af1e4b5e,W4408837009
3931af1e4b5e,W4409318685
3931af1e4b5e,W4410709000
3931af1e4b5e,W4410889995
3931af1e4b5e,W4412464884
3931af1e4b5e,W4412471930
3931af1e4b5e,W4412829868
3931af1e4b5e,W4414311412
3931af1e4b5e,W4414341786
3931af1e4b5e,W4416128321
3931af1e4b5e,W4416468411
3931af1e4b5e,W4416606960
3931af1e4b5e,W4416660368
3931af1e4b5e,W7108319806
3931af1e4b5e,W7108327588
3931af1e4b5e,W7111652149
3931af1e4b5e,W7124753949
3931af1e4b5e,W7124759052
3931af1e4b5e,W7127621988
3931af1e4b5e,W7127630652
3931af1e4b5e,W7129740050
3931af1e4b5e,W7143331284
3931af1e4b5e,W7143370195
3931af1e4b5e,W7148883538
3931af1e4b5e,W7150382683
3931af1e4b5e,W7154715085
3931af1e4b5e,W7160050183
3931af1e4b5e,W7160161359
3931af1e4b5e,W7162072248
3931af1e4b5e,W7162106019
3931af1e4b5e,W7171163888
3931af1e4b5e,W7172294358
3931af1e4b5e,W7172344279
3931af1e4b5e,W7201841386
3a94e8c8a45c,W140789433
3a94e8c8a45c,W1881449463
3a94e8c8a45c,W2093017701
3a94e8c8a45c,W2103622751
3a94e8c8a45c,W2117080432
3a94e8c8a45c,W2153086577
3a94e8c8a45c,W2154764896
3a94e8c8a45c,W2606539243
3a94e8c8a45c,W2770500424
3a94e8c8a45c,W2788562359
3a94e8c8a45c,W2788693756
3a94e8c8a45c,W2791395623
3a94e8c8a45c,W2792424586
3a94e8c8a45c,W2792774543
3a94e8c8a45c,W2899340208
3a94e8c8a45c,W2910842274
3a94e8c8a45c,W2916120661
3a94e8c8a45c,W2973122895
3a94e8c8a45c,W3038885795
3a94e8c8a45c,W3107452244
3a94e8c8a45c,W3108373765
3a94e8c8a45c,W3128258076
3a94e8c8a45c,W3135504567
3a94e8c8a45c,W3211859609
3a94e8c8a45c,W4205578250
3a94e8c8a45c,W4205603822
3a94e8c8a45c,W4210988276
3a94e8c8a45c,W4211235666
3a94e8c8a45c,W4224233806
3a94e8c8a45c,W4308568593
3a94e8c8a45c,W4310047954
3a94e8c8a45c,W4313321015
3a94e8c8a45c,W4321500078
3a94e8c8a45c,W4353072245
3a94e8c8a45c,W4376873096
3a94e8c8a45c,W4385476506
3a94e8c8a45c,W4392125918
3a94e8c8a45c,W4394714357
3a94e8c8a45c,W4399071514
3a94e8c8a45c,W4402441701
3a94e8c8a45c,W4402578058
3a94e8c8a45c,W4402861189
3a94e8c8a45c,W4402901214
3a94e8c8a45c,W4407409562
3a94e8c8a45c,W4407936857
3a94e8c8a45c,W4409185140
3a94e8c8a45c,W4409488843
3a94e8c8a45c,W4410034285
3a94e8c8a45c,W4410198150
3a94e8c8a45c,W4410921085
3a94e8c8a45c,W4415387561
3a94e8c8a45c,W4417326170
3a94e8c8a45c,W4417409950
3a94e8c8a45c,W7161459897
3a94e8c8a45c,W7163791987
3a94e8c8a45c,W7172238757
3a94e8c8a45c,W802955041
3b6f47598005,W3139277025
3b6f47598005,W3157105336
3b6f47598005,W4309757293
3b6f47598005,W4362567290
3b6f47598005,W4372236391
3b6f47598005,W4390698650
3b6f47598005,W4390912049
3b6f47598005,W4394714357
3b6f47598005,W4396743708
3b6f47598005,W4399655482
3b6f47598005,W4399759499
3b6f47598005,W4399794219
3b6f47598005,W4402441701
3b6f47598005,W4404773061
3b6f47598005,W4409185140
3b6f47598005,W4409424401
3b6f47598005,W4410641652
3b6f47598005,W4411264718
3b6f47598005,W4411403101
3b6f47598005,W4411796981
3b6f47598005,W4412664508
3b6f47598005,W4413420993
3b6f47598005,W4414140946
3b6f47598005,W4414997717
3b6f47598005,W4415051150
3b6f47598005,W4415629714
3b6f47598005,W4416023365
3b6f47598005,W4416107807
3b6f47598005,W4416507634
3b6f47598005,W4416959060
3b6f47598005,W7106682685
3b6f47598005,W7117454814
3b6f47598005,W7117460978
3b6f47598005,W7118181652
3b6f47598005,W7132819340
3b6f47598005,W7133174519
3b6f47598005,W7135071470
3b6f47598005,W7135201638
3b6f47598005,W7136862808
3b6f47598005,W7139007911
3b6f47598005,W7139353982
3b6f47598005,W7153957694
3b6f47598005,W7161293722
3b6f47598005,W7161452088
3b6f47598005,W7163691791
3b6f47598005,W7163777334
3b6f47598005,W7165003914
3b6f47598005,W7167632155
3b6f47598005,W7167636343
3b6f47598005,W7167892367
3b6f47598005,W7171535916
3c1efacd84ed,W1792065594
3c1efacd84ed,W1879620640
3c1efacd84ed,W1888945944
3c1efacd84ed,W2302776584
3c1efacd84ed,W2323113755
3c1efacd84ed,W2499154041
3c1efacd84ed,W2541055764
3c1efacd84ed,W2586789638
3c1efacd84ed,W2594755663
3c1efacd84ed,W2780898124
3c1efacd84ed,W2783856976
3c1efacd84ed,W2787730172
3c1efacd84ed,W2788971204
3c1efacd84ed,W2792665449
3c1efacd84ed,W2807361814
3c1efacd84ed,W2891039941
3c1efacd84ed,W2892027854
3c1efacd84ed,W2940883624
3c1efacd84ed,W2955570233
3c1efacd84ed,W2959177187
3c1efacd84ed,W3083998432
3c1efacd84ed,W3103037712
3c1efacd84ed,W3107792019
3c1efacd84ed,W3165665947
3c1efacd84ed,W3196410884
3c1efacd84ed,W3199567027
3c1efacd84ed,W3201683314
3c1efacd84ed,W4214597178
3c1efacd84ed,W4224315195
3c1efacd84ed,W4225690429
3c1efacd84ed,W4253082132
3c1efacd84ed,W4280569125
3c1efacd84ed,W4286247879
3c1efacd84ed,W4297849063
3c1efacd84ed,W4321499054
3c1efacd84ed,W4376127614
3c1efacd84ed,W4382312125
3c1efacd84ed,W4384626512
3c1efacd84ed,W4386271254
3c1efacd84ed,W4391576776
3c1efacd84ed,W4391629219
3c1efacd84ed,W4396958035
3c1efacd84ed,W4400974747
3c1efacd84ed,W4403036292
3c1efacd84ed,W4403241183
3c1efacd84ed,W4406617993
3c1efacd84ed,W4406633044
3c1efacd84ed,W4407832541
3c1efacd84ed,W4409874330
3c1efacd84ed,W4412658999
3c1efacd84ed,W4413738353
3c1efacd84ed,W4414195852
3c1efacd84ed,W4414247679
3c1efacd84ed,W4415383471
3c1efacd84ed,W4415913430
3c1efacd84ed,W4416959060
3c1efacd84ed,W65652725
3c1efacd84ed,W7135201638
3c1efacd84ed,W7136862808
3c1efacd84ed,W7139353982
3c1efacd84ed,W7153957694
3c1efacd84ed,W7155236108
3cba3ae09958,W1608064323
3cba3ae09958,W160818339
3cba3ae09958,W1630406672
3cba3ae09958,W2021670541
3cba3ae09958,W2027968021
3cba3ae09958,W2113235775
3cba3ae09958,W2113534316
3cba3ae09958,W2125345029
3cba3ae09958,W2130491714
3cba3ae09958,W2138517833
3cba3ae09958,W2139917426
3cba3ae09958,W2141884758
3cba3ae09958,W2145122611
3cba3ae09958,W2558777121
3cba3ae09958,W2577146289
3cba3ae09958,W2616591689
3cba3ae09958,W2752394110
3cba3ae09958,W2767274697
3cba3ae09958,W2893579193
3cba3ae09958,W2943558676
3cba3ae09958,W2947148676
3cba3ae09958,W2947472559
3cba3ae09958,W2953968928
3cba3ae09958,W2954043069
3cba3ae09958,W2954164375
3cba3ae09958,W2955597026
3cba3ae09958,W2955926248
3cba3ae09958,W2955953116
3cba3ae09958,W2956184604
3cba3ae09958,W2958033210
3cba3ae09958,W2959111816
3cba3ae09958,W2963596371
3cba3ae09958,W2965912003
3cba3ae09958,W2966045793
3cba3ae09958,W2967401095
3cba3ae09958,W2968928769
3cba3ae09958,W3001690116
3cba3ae09958,W3035362217
3cba3ae09958,W3198016623
3cba3ae09958,W3209247055
3cba3ae09958,W3213898304
3cba3ae09958,W4231394344
3cba3ae09958,W4233977935
3cba3ae09958,W4247630733
3cba3ae09958,W4281940174
3cba3ae09958,W4288705916
3cba3ae09958,W4301166933
3cba3ae09958,W4301663600
3cba3ae09958,W4376875053
3cba3ae09958,W4385891959
3cba3ae09958,W4390071350
3cba3ae09958,W4399811018
3cba3ae09958,W4401364948
3cba3ae09958,W4407024348
3cba3ae09958,W4407825389
3cba3ae09958,W4407933426
3cba3ae09958,W4409000237
3cba3ae09958,W7134143940
3cba3ae09958,W7134198380
3cba3ae09958,W7134200568
3cba3ae09958,W7134875343
3cba3ae09958,W7155017828
3cba3ae09958,W7155262012
3cba3ae09958,W7155278008
3cba3ae09958,W7159549430
3cba3ae09958,W7160462656
3cba3ae09958,W7160464159
3cba3ae09958,W7160490460
3cba3ae09958,W7160568455
3cba3ae09958,W7160729489
3cba3ae09958,W7161099205
3cba3ae09958,W7161100842
3cba3ae09958,W7162697370
3cba3ae09958,W7162898575
3cba3ae09958,W7163962341
3cba3ae09958,W7164811088
3cba3ae09958,W7164834425
3cba3ae09958,W7164850837
3cba3ae09958,W7164852602
3cba3ae09958,W7164930049
3cba3ae09958,W7165317677
3cba3ae09958,W7165370565
3cba3ae09958,W7165602239
3cba3ae09958,W7167186836
3cba3ae09958,W7167392304
3cba3ae09958,W7167984391
3d158592dea8,W1562339720
3d158592dea8,W2044357984
3d158592dea8,W2158193890
3d158592dea8,W2342178917
3d158592dea8,W2737685876
3d158592dea8,W2755214138
3d158592dea8,W2757237289
3d158592dea8,W2757930514
3d158592dea8,W2803144258
3d158592dea8,W2807440962
3d158592dea8,W2948232030
3d158592dea8,W2951698254
3d158592dea8,W3170447327
3d158592dea8,W4213131350
3d158592dea8,W4213295776
3d158592dea8,W45377128
3d158592dea8,W7125358754
3d158592dea8,W7128746724
3d158592dea8,W7128749483
3d158592dea8,W7128752049
3d158592dea8,W7128866340
3d158592dea8,W7128867958
3d158592dea8,W7128868362
3d158592dea8,W7128870797
3d158592dea8,W7128873465
3d158592dea8,W7128873560
3d158592dea8,W7128874019
3d158592dea8,W7128874273
3d158592dea8,W7128875599
3d158592dea8,W7128876471
3d158592dea8,W7128884628
3d158592dea8,W7128892505
3d158592dea8,W7128894117
3d158592dea8,W7128894746
3d158592dea8,W7128895496
3d158592dea8,W7128900780
3d158592dea8,W7128935331
3d158592dea8,W7128938078
3d158592dea8,W7130483252
3d158592dea8,W7130484477
3d158592dea8,W7130501497
3d158592dea8,W7130567615
3d158592dea8,W7131749733
3d158592dea8,W7131804936
3d158592dea8,W7131805585
3d158592dea8,W7131806489
3d158592dea8,W7131820080
3d158592dea8,W7131824388
3d158592dea8,W7131828764
3d158592dea8,W7131848764
3d158592dea8,W7131854900
3d158592dea8,W7131872807
3d158592dea8,W7131877882
3d158592dea8,W7131897714
3d158592dea8,W7131900706
3d158592dea8,W7142558422
3d158592dea8,W7142558862
3d158592dea8,W7142560647
3d158592dea8,W7142569129
3d158592dea8,W7142569496
3d158592dea8,W7142570303
3d158592dea8,W7142573974
3d158592dea8,W7142575540
3d158592dea8,W7142576104
3d158592dea8,W7142577013
3d158592dea8,W7142586412
3d158592dea8,W7143260238
3d158592dea8,W7143260269
3d158592dea8,W7143260338
3d158592dea8,W7143260862
3d158592dea8,W7143260983
3d158592dea8,W7143261247
3d158592dea8,W7143261799
3d158592dea8,W7143262257
3d158592dea8,W7143262396
3d158592dea8,W7143262418
3d158592dea8,W7143263053
3d158592dea8,W7143263261
3d158592dea8,W7143263899
3d158592dea8,W7143264124
3d158592dea8,W7143265005
3d158592dea8,W7143265298
3d158592dea8,W7143265586
3d158592dea8,W7143265958
3d158592dea8,W7143266430
3d158592dea8,W7143266783
3d158592dea8,W7143266864
3d158592dea8,W7143267497
3d158592dea8,W7143268211
3d158592dea8,W7143269265
3d158592dea8,W7143269568
3d158592dea8,W7143269718
3d158592dea8,W7143269850
3d158592dea8,W7143270730
3d158592dea8,W7143271750
3d158592dea8,W7143271806
3d158592dea8,W7143272212
3d158592dea8,W7143273796
3d158592dea8,W7148179911
3d158592dea8,W7148183783
3d158592dea8,W7148184000
3d158592dea8,W7148186777
3d158592dea8,W7148186962
3d158592dea8,W7148188649
3d158592dea8,W7148189692
3d158592dea8,W7148190364
3d158592dea8,W7148194735
3d158592dea8,W7148195126
3d158592dea8,W7148195754
3d158592dea8,W7148195829
3d158592dea8,W7148197153
3d158592dea8,W7148199372
3d158592dea8,W7148199399
3d158592dea8,W7148200978
3d158592dea8,W7148203724
3d158592dea8,W7148205766
3d158592dea8,W7148208413
3d158592dea8,W7148210471
3d158592dea8,W7148210474
3d158592dea8,W7148211844
3d158592dea8,W7148215539
3d158592dea8,W7148215710
3d158592dea8,W7148215818
3d158592dea8,W7148216613
3d158592dea8,W7148216827
3d158592dea8,W7148217152
3d158592dea8,W7148218506
3d158592dea8,W7148220149
3d158592dea8,W7148220489
3d158592dea8,W7148223223
3d158592dea8,W7148223955
3d158592dea8,W7148224188
3d158592dea8,W7155306001
3de30473cd4f,W2954502584
3de30473cd4f,W2979836558
3de30473cd4f,W3004269406
3de30473cd4f,W3024119889
3de30473cd4f,W3109432852
3de30473cd4f,W3132696754
3de30473cd4f,W3174101565
3de30473cd4f,W4205412600
3de30473cd4f,W4213131350
3de30473cd4f,W4229452124
3de30473cd4f,W4281251616
3de30473cd4f,W4281729731
3de30473cd4f,W4312204248
3de30473cd4f,W4401730933
3de30473cd4f,W4416507998
3e3ae30df205,W1521586169
3e3ae30df205,W162675820
3e3ae30df205,W1701433716
3e3ae30df205,W1754340226
3e3ae30df205,W1795591672
3e3ae30df205,W1849960051
3e3ae30df205,W1858903363
3e3ae30df205,W1873829049
3e3ae30df205,W1961873792
3e3ae30df205,W2101389654
3e3ae30df205,W2117180230
3e3ae30df205,W2139348455
3e3ae30df205,W2147773319
3e3ae30df205,W2184549556
3e3ae30df205,W2243767172
3e3ae30df205,W2328918536
3e3ae30df205,W2412143735
3e3ae30df205,W2415782591
3e3ae30df205,W2528943621
3e3ae30df205,W2587220122
3e3ae30df205,W2595257458
3e3ae30df205,W2781058716
3e3ae30df205,W2786025851
3e3ae30df205,W2884965416
3e3ae30df205,W2885604034
3e3ae30df205,W2885988708
3e3ae30df205,W2892484472
3e3ae30df205,W2914595506
3e3ae30df205,W2916543302
3e3ae30df205,W2947080431
3e3ae30df205,W3006171860
3e3ae30df205,W3022663186
3e3ae30df205,W3031311991
3e3ae30df205,W3034854921
3e3ae30df205,W3042699016
3e3ae30df205,W3042889546
3e3ae30df205,W3046517752
3e3ae30df205,W3084032535
3e3ae30df205,W3127411770
3e3ae30df205,W3212998754
3e3ae30df205,W4221080079
3e3ae30df205,W4245085891
3e3ae30df205,W4252443910
3e3ae30df205,W4300308767
3e3ae30df205,W4317411579
3e3ae30df205,W4322618977
3e3ae30df205,W4322752081
3e3ae30df205,W4381491010
3e3ae30df205,W4381491018
3e3ae30df205,W4381491046
3e3ae30df205,W4381491087
3e3ae30df205,W4381491089
3e3ae30df205,W4381491109
3e3ae30df205,W4381491187
3e3ae30df205,W4381491212
3e3ae30df205,W4382793355
3e3ae30df205,W4383184464
3e3ae30df205,W4383271889
3e3ae30df205,W4388767156
3e3ae30df205,W4388767310
3e3ae30df205,W4388767344
3e3ae30df205,W4388777202
3e3ae30df205,W4388780761
3e3ae30df205,W4388780794
3e3ae30df205,W4388780877
3e3ae30df205,W4389310974
3e3ae30df205,W4390533799
3e3ae30df205,W4393878261
3e3ae30df205,W4399573227
3e3ae30df205,W4401520774
3e3ae30df205,W4409757958
3e3ae30df205,W4410843495
3e3ae30df205,W4410843496
3e3ae30df205,W4412892268
3e3ae30df205,W4414260209
3e3ae30df205,W629459133
3e3ae30df205,W7129014825
3e3ae30df205,W7155032190
3e3ae30df205,W7155073820
3e3ae30df205,W7171798438
3e3ae30df205,W7172183801
3e3ae30df205,W794266067
40bc4ce8758a,W2065712359
40bc4ce8758a,W2085381850
40bc4ce8758a,W2112812538
40bc4ce8758a,W2143116711
40bc4ce8758a,W2318496557
40bc4ce8758a,W2498460929
40bc4ce8758a,W2551517069
40bc4ce8758a,W2779336768
40bc4ce8758a,W2795367766
40bc4ce8758a,W2804907467
40bc4ce8758a,W2888811037
40bc4ce8758a,W2963796543
40bc4ce8758a,W2979012513
40bc4ce8758a,W3002795609
40bc4ce8758a,W3016699109
40bc4ce8758a,W3029419425
40bc4ce8758a,W3096028534
40bc4ce8758a,W3197509738
40bc4ce8758a,W3199053821
40bc4ce8758a,W3201605733
40bc4ce8758a,W4212800356
40bc4ce8758a,W4224529702
40bc4ce8758a,W4300925590
40bc4ce8758a,W4302306015
40bc4ce8758a,W4307454930
40bc4ce8758a,W4361001268
40bc4ce8758a,W4362598049
40bc4ce8758a,W4382936248
40bc4ce8758a,W4385482595
40bc4ce8758a,W4387773468
40bc4ce8758a,W4387784552
40bc4ce8758a,W4391019820
40bc4ce8758a,W4404066343
40bc4ce8758a,W4404952650
40bc4ce8758a,W4405198689
40bc4ce8758a,W4407063611
40bc4ce8758a,W4407100448
40bc4ce8758a,W4412892684
40bc4ce8758a,W7164083031
412913a625f5,W1930759365
412913a625f5,W1986220734
412913a625f5,W2002609874
412913a625f5,W2076950919
412913a625f5,W2090703836
412913a625f5,W2342170250
412913a625f5,W2519723350
412913a625f5,W2780579615
412913a625f5,W2885721691
412913a625f5,W2920807510
412913a625f5,W3048773394
412913a625f5,W3152131171
412913a625f5,W3202103857
412913a625f5,W3208511134
412913a625f5,W3209151863
412913a625f5,W4285050591
412913a625f5,W4390344227
412913a625f5,W4393571551
412913a625f5,W4393762457
412913a625f5,W4401732350
412913a625f5,W4407190502
412913a625f5,W4416959060
412913a625f5,W7124454040
412913a625f5,W7135201638
412913a625f5,W7136862808
412913a625f5,W7139353982
412913a625f5,W7153957694
412913a625f5,W7160366942
412913a625f5,W7162896052
412913a625f5,W7168000667
4230e9794482,W14998307
4230e9794482,W1563050281
4230e9794482,W1572319457
4230e9794482,W1587834025
4230e9794482,W160455559
4230e9794482,W2079540667
4230e9794482,W2100683158
4230e9794482,W2112114191
4230e9794482,W2114191190
4230e9794482,W239435618
4230e9794482,W2406230712
4230e9794482,W2417952443
4230e9794482,W2561986330
4230e9794482,W2608120652
4230e9794482,W3003991742
4230e9794482,W3081548242
4230e9794482,W3147486285
4230e9794482,W3216869777
4230e9794482,W4251731228
4230e9794482,W4393724810
4230e9794482,W4393823924
4230e9794482,W4407393904
4230e9794482,W4412243878
4230e9794482,W51938438
4230e9794482,W614858965
4230e9794482,W7108333386
4230e9794482,W7108340136
4230e9794482,W81956773
4230e9794482,W86917509
425ea1212508,W1930959615
425ea1212508,W2019306627
425ea1212508,W2115967557
425ea1212508,W2129863701
425ea1212508,W2149647095
425ea1212508,W2298607211
425ea1212508,W2539221354
425ea1212508,W2560244201
425ea1212508,W2560335799
425ea1212508,W2591215935
425ea1212508,W2735701161
425ea1212508,W2766499465
425ea1212508,W2767439774
425ea1212508,W2769091254
425ea1212508,W2791480041
425ea1212508,W2884889137
425ea1212508,W2900615085
425ea1212508,W2918569461
425ea1212508,W2948028545
425ea1212508,W2979444023
425ea1212508,W2981445344
425ea1212508,W2994041030
425ea1212508,W2994940095
425ea1212508,W2999864463
425ea1212508,W3037474591
425ea1212508,W3134608033
425ea1212508,W3138221837
425ea1212508,W3154447576
425ea1212508,W3160239814
425ea1212508,W3161935834
425ea1212508,W3191234583
425ea1212508,W3193231016
425ea1212508,W3212521612
425ea1212508,W3214576913
425ea1212508,W4206251067
425ea1212508,W4210862082
425ea1212508,W4226504205
425ea1212508,W4232003260
425ea1212508,W4250618283
425ea1212508,W4281831931
425ea1212508,W4293084524
425ea1212508,W4306173635
425ea1212508,W4310163492
425ea1212508,W4367359703
425ea1212508,W4376875053
425ea1212508,W4386000440
425ea1212508,W4389317743
425ea1212508,W4390331509
425ea1212508,W4393055809
425ea1212508,W4394565662
425ea1212508,W4394739406
425ea1212508,W4396767619
425ea1212508,W4404444019
425ea1212508,W4404742082
425ea1212508,W4405127530
425ea1212508,W4405707928
425ea1212508,W4407712807
425ea1212508,W4407796417
425ea1212508,W4408364910
425ea1212508,W4409085036
425ea1212508,W4410417423
425ea1212508,W4411242943
425ea1212508,W4411751853
425ea1212508,W4412891631
425ea1212508,W4413037859
425ea1212508,W4413919991
425ea1212508,W4414049094
425ea1212508,W4414083045
425ea1212508,W4414428881
425ea1212508,W4414520921
425ea1212508,W7127705899
425ea1212508,W7128909919
425ea1212508,W7160224912
425ea1212508,W7160318999
425ea1212508,W7163750514
425ea1212508,W7164899324
425ea1212508,W7166040578
425ea1212508,W7167302894
425ea1212508,W7167737825
425ea1212508,W7167986900
4272de60b28c,W2783652178
4272de60b28c,W2785449808
4272de60b28c,W2928974713
4272de60b28c,W2930554497
4272de60b28c,W2954930273
4272de60b28c,W3002424531
4272de60b28c,W3020908384
4272de60b28c,W3025409161
4272de60b28c,W3029578895
4272de60b28c,W3088253679
4272de60b28c,W3094686145
4272de60b28c,W3107208975
4272de60b28c,W3120228629
4272de60b28c,W3170447327
4272de60b28c,W4224316011
4272de60b28c,W4231320792
4272de60b28c,W4232792606
4272de60b28c,W4244715016
4272de60b28c,W4251472889
4272de60b28c,W4255277535
4272de60b28c,W4281660764
4272de60b28c,W4283161569
4272de60b28c,W4306948179
4272de60b28c,W4312069611
4272de60b28c,W4316087734
4272de60b28c,W4376640903
4272de60b28c,W4377140238
4272de60b28c,W4377823484
4272de60b28c,W4380486983
4272de60b28c,W4383302660
4272de60b28c,W4385067480
4272de60b28c,W4391294113
4272de60b28c,W4391826351
4272de60b28c,W4391880064
4272de60b28c,W4393118417
4272de60b28c,W4400889759
4272de60b28c,W4402227507
4272de60b28c,W4403063848
4272de60b28c,W4404670220
4272de60b28c,W4406348232
4272de60b28c,W4406931649
4272de60b28c,W4407196455
4272de60b28c,W4407272768
4272de60b28c,W4409672780
4272de60b28c,W4411642723
4272de60b28c,W4412768918
4272de60b28c,W4415016378
4272de60b28c,W4415171886
4272de60b28c,W4415404584
4272de60b28c,W4415404712
4272de60b28c,W4415604129
4272de60b28c,W4416623807
4272de60b28c,W4416657555
4272de60b28c,W7147467370
4272de60b28c,W7147646265
4272de60b28c,W7151384880
4272de60b28c,W7152936956
4272de60b28c,W7162424339
4272de60b28c,W7162433095
4272de60b28c,W7162471387
4272de60b28c,W7172250491
4272de60b28c,W7172260455
4272de60b28c,W7172294358
4272de60b28c,W7172344279
4272de60b28c,W7196975680
4272de60b28c,W7197020422
427e04e5a78f,W1518050080
427e04e5a78f,W163225953
427e04e5a78f,W1758642198
427e04e5a78f,W1779341264
427e04e5a78f,W1793927210
427e04e5a78f,W1800290390
427e04e5a78f,W1904506967
427e04e5a78f,W1949021968
427e04e5a78f,W1977865329
427e04e5a78f,W2007097468
427e04e5a78f,W2031322412
427e04e5a78f,W2033510695
427e04e5a78f,W2041334435
427e04e5a78f,W2059694727
427e04e5a78f,W2064808642
427e04e5a78f,W2087160026
427e04e5a78f,W2097548880
427e04e5a78f,W2125064823
427e04e5a78f,W2146052498
427e04e5a78f,W2150335465
427e04e5a78f,W2163472818
427e04e5a78f,W2167927227
427e04e5a78f,W2174363273
427e04e5a78f,W2235693693
427e04e5a78f,W2246470953
427e04e5a78f,W2281114163
427e04e5a78f,W2283002247
427e04e5a78f,W2283045464
427e04e5a78f,W2291697679
427e04e5a78f,W2292956684
427e04e5a78f,W2298250769
427e04e5a78f,W2300318335
427e04e5a78f,W2335953718
427e04e5a78f,W2340594174
427e04e5a78f,W2345766320
427e04e5a78f,W2500125411
427e04e5a78f,W2576052833
427e04e5a78f,W2581151736
427e04e5a78f,W2581340340
427e04e5a78f,W2582573758
427e04e5a78f,W2590156130
427e04e5a78f,W2592468262
427e04e5a78f,W2599893741
427e04e5a78f,W2609460289
427e04e5a78f,W2736848882
427e04e5a78f,W2739029225
427e04e5a78f,W2762364541
427e04e5a78f,W2773204948
427e04e5a78f,W2776536753
427e04e5a78f,W2776961836
427e04e5a78f,W2777499612
427e04e5a78f,W2777772161
427e04e5a78f,W2778171114
427e04e5a78f,W2779076846
427e04e5a78f,W2780155721
427e04e5a78f,W2780850032
427e04e5a78f,W2781221411
427e04e5a78f,W2781310225
427e04e5a78f,W2781363480
427e04e5a78f,W2781957993
427e04e5a78f,W2782524228
427e04e5a78f,W2783122699
427e04e5a78f,W2783811548
427e04e5a78f,W2784295077
427e04e5a78f,W2784823979
427e04e5a78f,W2786701754
427e04e5a78f,W2790258123
427e04e5a78f,W2792174213
427e04e5a78f,W2798022938
427e04e5a78f,W2799608507
427e04e5a78f,W2804604547
427e04e5a78f,W2807019968
427e04e5a78f,W2808349643
427e04e5a78f,W2808623846
427e04e5a78f,W2810474657
427e04e5a78f,W2810943969
427e04e5a78f,W2883006510
427e04e5a78f,W2883186598
427e04e5a78f,W2883852942
427e04e5a78f,W2890079985
427e04e5a78f,W2890158056
427e04e5a78f,W2890544394
427e04e5a78f,W2890700816
427e04e5a78f,W2891067430
427e04e5a78f,W2891628362
427e04e5a78f,W2892268089
427e04e5a78f,W2892768932
427e04e5a78f,W2895206248
427e04e5a78f,W2897348051
427e04e5a78f,W2898599066
427e04e5a78f,W2901598672
427e04e5a78f,W2911584671
427e04e5a78f,W2911678759
427e04e5a78f,W2911808884
427e04e5a78f,W2912599779
427e04e5a78f,W2914226229
427e04e5a78f,W2914782450
427e04e5a78f,W2915880836
427e04e5a78f,W2918378372
427e04e5a78f,W2923177728
427e04e5a78f,W2936612445
427e04e5a78f,W2942450726
427e04e5a78f,W2943990118
427e04e5a78f,W2946463233
427e04e5a78f,W2948023822
427e04e5a78f,W2948632123
427e04e5a78f,W2955253050
427e04e5a78f,W2955727586
427e04e5a78f,W2956158287
427e04e5a78f,W2971973989
427e04e5a78f,W2972657935
427e04e5a78f,W2972976353
427e04e5a78f,W2979379872
427e04e5a78f,W2982840699
427e04e5a78f,W2985723635
427e04e5a78f,W2995003164
427e04e5a78f,W2998130490
427e04e5a78f,W3002540623
427e04e5a78f,W3004006133
427e04e5a78f,W3004572327
427e04e5a78f,W3006189248
427e04e5a78f,W3012028751
427e04e5a78f,W3012974212
427e04e5a78f,W3034514709
427e04e5a78f,W3042986336
427e04e5a78f,W3046256848
427e04e5a78f,W3046784617
427e04e5a78f,W3046942402
427e04e5a78f,W3048570181
427e04e5a78f,W3093291376
427e04e5a78f,W3100907641
427e04e5a78f,W3107416354
427e04e5a78f,W3111120112
427e04e5a78f,W3113915167
427e04e5a78f,W3120201894
427e04e5a78f,W3122826234
427e04e5a78f,W3123874019
427e04e5a78f,W3124757626
427e04e5a78f,W3126772094
427e04e5a78f,W313647156
427e04e5a78f,W3153302987
427e04e5a78f,W3157922280
427e04e5a78f,W3160511718
427e04e5a78f,W3161588210
427e04e5a78f,W3162022591
427e04e5a78f,W3162772262
427e04e5a78f,W3163110148
427e04e5a78f,W3164236191
427e04e5a78f,W3184282583
427e04e5a78f,W3193282563
427e04e5a78f,W3194401616
427e04e5a78f,W3195529196
427e04e5a78f,W3209598256
427e04e5a78f,W3211538622
427e04e5a78f,W3212945048
427e04e5a78f,W3216869777
427e04e5a78f,W4200460431
427e04e5a78f,W4206004432
427e04e5a78f,W4211014154
427e04e5a78f,W4220669029
427e04e5a78f,W4220830395
427e04e5a78f,W4220938089
427e04e5a78f,W4221096796
427e04e5a78f,W4224238762
427e04e5a78f,W4225875713
427e04e5a78f,W4229022311
427e04e5a78f,W4229036198
427e04e5a78f,W4229539167
427e04e5a78f,W4229606860
427e04e5a78f,W4229812796
427e04e5a78f,W4230012112
427e04e5a78f,W4230412345
427e04e5a78f,W4230852288
427e04e5a78f,W4231008959
427e04e5a78f,W4232437539
427e04e5a78f,W4233362568
427e04e5a78f,W4233649639
427e04e5a78f,W4234264790
427e04e5a78f,W4234641229
427e04e5a78f,W4235791242
427e04e5a78f,W4235959113
427e04e5a78f,W4236271318
427e04e5a78f,W4237363852
427e04e5a78f,W4238273807
427e04e5a78f,W4238576764
427e04e5a78f,W4239243315
427e04e5a78f,W4240227176
427e04e5a78f,W4240885804
427e04e5a78f,W4242292994
427e04e5a78f,W4243131504
427e04e5a78f,W4243582370
427e04e5a78f,W4244013587
427e04e5a78f,W4244197584
427e04e5a78f,W4244566854
427e04e5a78f,W4244593089
427e04e5a78f,W4246788254
427e04e5a78f,W4247177372
427e04e5a78f,W4247342611
427e04e5a78f,W4248795614
427e04e5a78f,W4248871275
427e04e5a78f,W4249049979
427e04e5a78f,W4249715861
427e04e5a78f,W4251034839
427e04e5a78f,W4251613743
427e04e5a78f,W4252450985
427e04e5a78f,W4254539633
427e04e5a78f,W4254617412
427e04e5a78f,W4254709087
427e04e5a78f,W4254920005
427e04e5a78f,W4255015876
427e04e5a78f,W4255357158
427e04e5a78f,W4256651326
427e04e5a78f,W4281285426
427e04e5a78f,W4281725985
427e04e5a78f,W4281828496
427e04e5a78f,W4282971305
427e04e5a78f,W4285710386
427e04e5a78f,W4286962329
427e04e5a78f,W4286962423
427e04e5a78f,W4293267753
427e04e5a78f,W4296664461
427e04e5a78f,W4303045340
427e04e5a78f,W4308179892
427e04e5a78f,W4309994042
427e04e5a78f,W4309994050
427e04e5a78f,W4312018449
427e04e5a78f,W4312089204
427e04e5a78f,W4312575510
427e04e5a78f,W4319591419
427e04e5a78f,W4319600924
427e04e5a78f,W4320854778
427e04e5a78f,W4321503720
427e04e5a78f,W4323075146
427e04e5a78f,W4364351733
427e04e5a78f,W4378464564
427e04e5a78f,W4383334421
427e04e5a78f,W4384830769
427e04e5a78f,W4385303948
427e04e5a78f,W4389130325
427e04e5a78f,W4392062736
427e04e5a78f,W4392153906
427e04e5a78f,W4396746933
427e04e5a78f,W4399389527
427e04e5a78f,W4399584635
427e04e5a78f,W4399906621
427e04e5a78f,W4404827801
427e04e5a78f,W4406268565
427e04e5a78f,W4407205061
427e04e5a78f,W4407393904
427e04e5a78f,W4407869231
427e04e5a78f,W4408154769
427e04e5a78f,W4408260280
427e04e5a78f,W4408357862
427e04e5a78f,W4408651581
427e04e5a78f,W4408701886
427e04e5a78f,W4408888345
427e04e5a78f,W4409654778
427e04e5a78f,W4409656459
427e04e5a78f,W4409672399
427e04e5a78f,W4409672641
427e04e5a78f,W4409673145
427e04e5a78f,W4409677008
427e04e5a78f,W4409677366
427e04e5a78f,W4409678750
427e04e5a78f,W4409967537
427e04e5a78f,W4409967690
427e04e5a78f,W4410093457
427e04e5a78f,W4410413154
427e04e5a78f,W4410439635
427e04e5a78f,W4411437672
427e04e5a78f,W4412577954
427e04e5a78f,W4412664011
427e04e5a78f,W4414362072
427e04e5a78f,W4414818989
427e04e5a78f,W4415405011
427e04e5a78f,W7107864679
427e04e5a78f,W7107869989
427e04e5a78f,W7117876402
427e04e5a78f,W7117879941
427e04e5a78f,W7117895267
427e04e5a78f,W7118799977
427e04e5a78f,W7125487564
427e04e5a78f,W7127439165
427e04e5a78f,W7127557225
427e04e5a78f,W7128422932
427e04e5a78f,W7131397998
427e04e5a78f,W7134198380
427e04e5a78f,W7161254251
427e04e5a78f,W7161408625
427e04e5a78f,W7162697370
427e04e5a78f,W7163659742
427e04e5a78f,W7164811088
427e04e5a78f,W7164834425
427e04e5a78f,W7164850837
427e04e5a78f,W7164852602
427e04e5a78f,W7165370565
427e04e5a78f,W7166075544
427e04e5a78f,W7167491517
427e04e5a78f,W7170386547
427e04e5a78f,W7202116333
43955e0dba71,W3123007342
43955e0dba71,W3158982903
43955e0dba71,W4213131350
43955e0dba71,W4226504205
43955e0dba71,W4231394344
43955e0dba71,W4239780437
43955e0dba71,W4280643978
43955e0dba71,W4288902390
43955e0dba71,W4304786415
43955e0dba71,W4367053677
43955e0dba71,W4376140864
43955e0dba71,W4376875053
43955e0dba71,W4378676334
43955e0dba71,W4383059187
43955e0dba71,W4384830760
43955e0dba71,W4385240232
43955e0dba71,W4391536760
43955e0dba71,W4400193752
43955e0dba71,W4403303889
43955e0dba71,W4403818143
43955e0dba71,W4413349553
43955e0dba71,W4413781600
43955e0dba71,W4414380753
43955e0dba71,W4415109280
43955e0dba71,W4415398840
43955e0dba71,W7149875196
43955e0dba71,W7163841954
43955e0dba71,W7168110287
44dca673b683,W2574537218
44dca673b683,W2604604466
44dca673b683,W2787858429
44dca673b683,W2788397482
44dca673b683,W2798171692
44dca673b683,W2887154390
44dca673b683,W2897964725
44dca673b683,W2948285201
44dca673b683,W2950779382
44dca673b683,W2954648894
44dca673b683,W2978932561
44dca673b683,W3009213977
44dca673b683,W3043775495
44dca673b683,W3090424905
44dca673b683,W3115907819
44dca673b683,W3128708928
44dca673b683,W3167525936
44dca673b683,W3203103062
44dca673b683,W3203849835
44dca673b683,W3205970942
44dca673b683,W3209302080
44dca673b683,W3215286697
44dca673b683,W4226504205
44dca673b683,W4231196546
44dca673b683,W4235919739
44dca673b683,W4253399035
44dca673b683,W4254788515
44dca673b683,W4285771821
44dca673b683,W4286901666
44dca673b683,W4287998465
44dca673b683,W4322011057
44dca673b683,W4376875053
44dca673b683,W4398182689
44dca673b683,W4408438772
44dca673b683,W4408488130
44dca673b683,W4410125248
44dca673b683,W4412019444
44dca673b683,W4414411815
44dca673b683,W4416498181
44dca673b683,W4416504733
44dca673b683,W4416504777
44dca673b683,W4417298020
44dca673b683,W7106836257
44dca673b683,W7108314944
44dca673b683,W7108316585
44dca673b683,W7108317665
44dca673b683,W7108321197
44dca673b683,W7108326313
44dca673b683,W7108328170
44dca673b683,W7108339231
44dca673b683,W7108343388
44dca673b683,W7115007683
44dca673b683,W7125760695
44dca673b683,W7128605769
44dca673b683,W7128606194
44dca673b683,W7128607110
44dca673b683,W7128607408
44dca673b683,W7128607935
44dca673b683,W7128608179
44dca673b683,W7128609920
44dca673b683,W7128611648
44dca673b683,W7128612266
44dca673b683,W7128612532
44dca673b683,W7128612592
44dca673b683,W7128613510
44dca673b683,W7128617327
44dca673b683,W7128618847
44dca673b683,W7128622301
44dca673b683,W7128622302
44dca673b683,W7128622675
44dca673b683,W7128623649
44dca673b683,W7128623815
44dca673b683,W7128624878
44dca673b683,W7128626382
44dca673b683,W7128627386
44dca673b683,W7128627634
44dca673b683,W7128628499
44dca673b683,W7128628696
44dca673b683,W7128628905
44dca673b683,W7128629127
44dca673b683,W7128630745
44dca673b683,W7128632976
44dca673b683,W7128633587
44dca673b683,W7128633850
44dca673b683,W7128635256
44dca673b683,W7128635504
44dca673b683,W7128636322
44dca673b683,W7128636555
44dca673b683,W7128636611
44dca673b683,W7128637378
44dca673b683,W7128637718
44dca673b683,W7128637886
44dca673b683,W7128638594
44dca673b683,W7128639303
44dca673b683,W7128640446
44dca673b683,W7128641768
44dca673b683,W7128642868
44dca673b683,W7128644421
44dca673b683,W7128647610
44dca673b683,W7128709063
44dca673b683,W7128715619
44dca673b683,W7128731054
44dca673b683,W7128950353
44dca673b683,W7128957753
44dca673b683,W7135217194
44dca673b683,W7135230586
44dca673b683,W7135791996
44dca673b683,W7158543916
44dca673b683,W7158805307
44dca673b683,W7160743429
44dca673b683,W7163996244
44dca673b683,W7167445169
45330b955800,W1820070681
45330b955800,W2737273849
45330b955800,W2766630338
45330b955800,W2911284418
45330b955800,W2921577026
45330b955800,W2965659880
45330b955800,W2973106546
45330b955800,W2979824799
45330b955800,W2995329744
45330b955800,W3015345550
45330b955800,W3018096372
45330b955800,W3019666964
45330b955800,W3111118120
45330b955800,W3119525066
45330b955800,W3200823977
45330b955800,W3206573191
45330b955800,W3208227840
45330b955800,W3208315666
45330b955800,W3209149393
45330b955800,W3209164538
45330b955800,W3209387436
45330b955800,W3209783505
45330b955800,W3209942446
45330b955800,W3210025694
45330b955800,W3210342782
45330b955800,W3210353529
45330b955800,W3212085685
45330b955800,W3213376660
45330b955800,W3215264826
45330b955800,W4229377505
45330b955800,W4237946209
45330b955800,W4238607985
45330b955800,W4247258674
45330b955800,W4281660978
45330b955800,W4281902279
45330b955800,W4285008849
45330b955800,W4285782953
45330b955800,W4286717000
45330b955800,W4287123987
45330b955800,W4295971672
45330b955800,W4306928731
45330b955800,W4307095004
45330b955800,W4307419567
45330b955800,W4309500318
45330b955800,W4324138463
45330b955800,W4366350293
45330b955800,W4377140238
45330b955800,W4378220626
45330b955800,W4380486983
45330b955800,W4385812796
45330b955800,W4386222868
45330b955800,W4389615412
45330b955800,W4389763794
45330b955800,W4391880064
45330b955800,W4392361002
45330b955800,W4394561618
45330b955800,W4399213525
45330b955800,W4400206663
45330b955800,W4404505309
45330b955800,W4404670220
45330b955800,W4406401042
45330b955800,W4410565200
45330b955800,W4411467773
45330b955800,W4414781828
45330b955800,W7106242445
45330b955800,W7106254047
45330b955800,W7109512748
45330b955800,W7111144527
45330b955800,W7135016258
45330b955800,W7135058198
45330b955800,W7155515557
45330b955800,W7155844576
45330b955800,W7160195460
45330b955800,W7160214302
45330b955800,W7160416498
45330b955800,W7160437144
45330b955800,W7162416208
45330b955800,W7162442590
45330b955800,W7166128862
45330b955800,W7167036203
45330b955800,W7167229493
45330b955800,W7202159804
45330b955800,W7202167947
45330b955800,W7202183744
45330b955800,W7202208951
4585492e9dae,W2726536208
4585492e9dae,W2730385323
4585492e9dae,W2755027003
4585492e9dae,W2783195298
4585492e9dae,W2783467459
4585492e9dae,W2786936026
4585492e9dae,W2801540771
4585492e9dae,W2885471077
4585492e9dae,W2922861985
4585492e9dae,W3003227442
4585492e9dae,W3021498507
4585492e9dae,W3036342004
4585492e9dae,W3176087984
4585492e9dae,W3208436978
4585492e9dae,W4213131350
4585492e9dae,W4226504205
4585492e9dae,W4230416871
4585492e9dae,W4280554541
4585492e9dae,W4304165898
4585492e9dae,W4376875053
4585492e9dae,W4378716213
4585492e9dae,W4404165660
4585492e9dae,W4404165713
4585492e9dae,W4406940275
4585492e9dae,W7124699222
4585492e9dae,W7131339417
4585492e9dae,W7138943884
4585492e9dae,W7140066516
459b2d748998,W4411788104
459b2d748998,W4412459680
459b2d748998,W4412697483
459b2d748998,W4414230012
459b2d748998,W7125426784
459b2d748998,W7126230305
459b2d748998,W7128111674
459b2d748998,W7128515930
459b2d748998,W7128569074
459b2d748998,W7133518766
459b2d748998,W7134045868
459b2d748998,W7147605194
459b2d748998,W7148222872
459b2d748998,W7154300037
459b2d748998,W7154977286
459b2d748998,W7155110157
459b2d748998,W7155225703
459b2d748998,W7155656380
459b2d748998,W7162313926
459b2d748998,W7165058899
459b2d748998,W7167444702
46fa51af519d,W1519009131
46fa51af519d,W176352647
46fa51af519d,W1941783251
46fa51af519d,W1987366883
46fa51af519d,W1993866086
46fa51af519d,W2000204929
46fa51af519d,W2004413215
46fa51af519d,W2011397594
46fa51af519d,W2020812730
46fa51af519d,W2023662606
46fa51af519d,W2048967054
46fa51af519d,W2053326745
46fa51af519d,W2064834196
46fa51af519d,W2072465328
46fa51af519d,W2078567332
46fa51af519d,W2111389312
46fa51af519d,W2126121820
46fa51af519d,W2137041597
46fa51af519d,W2157051509
46fa51af519d,W2520456228
46fa51af519d,W2567385642
46fa51af519d,W2607183019
46fa51af519d,W2755312172
46fa51af519d,W2776004480
46fa51af519d,W2776239191
46fa51af519d,W2776961836
46fa51af519d,W2777156497
46fa51af519d,W2780194092
46fa51af519d,W2781184032
46fa51af519d,W2781699363
46fa51af519d,W2782323151
46fa51af519d,W2782811817
46fa51af519d,W2784794805
46fa51af519d,W2786866851
46fa51af519d,W2804507646
46fa51af519d,W2807154274
46fa51af519d,W2887882077
46fa51af519d,W2891110192
46fa51af519d,W2911435782
46fa51af519d,W2912656515
46fa51af519d,W2923489911
46fa51af519d,W2936254958
46fa51af519d,W2936257342
46fa51af519d,W2943629219
46fa51af519d,W2956903201
46fa51af519d,W2964392471
46fa51af519d,W2996771565
46fa51af519d,W2996806546
46fa51af519d,W2997242841
46fa51af519d,W2997495465
46fa51af519d,W2997580355
46fa51af519d,W2997979247
46fa51af519d,W3011903661
46fa51af519d,W3023192560
46fa51af519d,W3024595614
46fa51af519d,W3041892105
46fa51af519d,W3083451379
46fa51af519d,W3095810629
46fa51af519d,W3096600229
46fa51af519d,W3099850254
46fa51af519d,W3107149457
46fa51af519d,W3127599516
46fa51af519d,W3131407550
46fa51af519d,W3143239149
46fa51af519d,W3158762585
46fa51af519d,W3159991845
46fa51af519d,W3161218677
46fa51af519d,W3161257786
46fa51af519d,W3162798413
46fa51af519d,W3172392762
46fa51af519d,W3187630655
46fa51af519d,W3193630290
46fa51af519d,W4200600962
46fa51af519d,W4213216470
46fa51af519d,W4223932454
46fa51af519d,W4225656869
46fa51af519d,W4225666409
46fa51af519d,W4226251881
46fa51af519d,W4230119501
46fa51af519d,W4231672231
46fa51af519d,W4231963599
46fa51af519d,W4232451138
46fa51af519d,W4234973081
46fa51af519d,W4237498510
46fa51af519d,W4238016704
46fa51af519d,W4238286079
46fa51af519d,W4239726405
46fa51af519d,W4240828434
46fa51af519d,W4240885804
46fa51af519d,W4241517288
46fa51af519d,W4241961269
46fa51af519d,W4241994256
46fa51af519d,W4243338649
46fa51af519d,W4243976328
46fa51af519d,W4244535956
46fa51af519d,W4244603112
46fa51af519d,W4246465685
46fa51af519d,W4249246710
46fa51af519d,W4249736384
46fa51af519d,W4250411622
46fa51af519d,W4253418570
46fa51af519d,W4254767933
46fa51af519d,W4256038286
46fa51af519d,W4256236579
46fa51af519d,W4281684275
46fa51af519d,W4281846416
46fa51af519d,W4281969040
46fa51af519d,W4286632955
46fa51af519d,W4293105734
46fa51af519d,W4297223429
46fa51af519d,W4319041732
46fa51af519d,W4319262988
46fa51af519d,W4320038879
46fa51af519d,W4360868557
46fa51af519d,W4361298800
46fa51af519d,W4379010534
46fa51af519d,W4390012613
46fa51af519d,W4394714357
46fa51af519d,W4399370173
46fa51af519d,W4402441701
46fa51af519d,W4403063848
46fa51af519d,W4403589374
46fa51af519d,W4403945617
46fa51af519d,W4406905980
46fa51af519d,W4407272768
46fa51af519d,W4407700432
46fa51af519d,W4408323395
46fa51af519d,W4408357862
46fa51af519d,W4408737230
46fa51af519d,W4408788233
46fa51af519d,W4408810633
46fa51af519d,W4409185140
46fa51af519d,W4409656253
46fa51af519d,W4410198150
46fa51af519d,W4411645631
46fa51af519d,W4414478557
46fa51af519d,W4416959060
46fa51af519d,W4417409614
46fa51af519d,W4417409950
46fa51af519d,W6939658337
46fa51af519d,W7109155997
46fa51af519d,W7114991564
46fa51af519d,W7161459897
46fa51af519d,W7163791987
46fa51af519d,W7166614556
46fa51af519d,W7172238757
47aff4859f9a,W3155238711
47aff4859f9a,W3170158652
47aff4859f9a,W4249070239
47aff4859f9a,W4379010994
47aff4859f9a,W4382010648
47aff4859f9a,W4391477855
47aff4859f9a,W4391610218
47aff4859f9a,W4394714357
47aff4859f9a,W4402441701
47aff4859f9a,W4409185140
47aff4859f9a,W4413865276
47aff4859f9a,W4414609178
47aff4859f9a,W4416057272
47aff4859f9a,W4416959060
47aff4859f9a,W7117634359
47aff4859f9a,W7118054314
47aff4859f9a,W7123636870
47aff4859f9a,W7131658105
47aff4859f9a,W7135201638
47aff4859f9a,W7136862808
47aff4859f9a,W7139353982
47aff4859f9a,W7153957694
47aff4859f9a,W7162896052
47aff4859f9a,W7163412658
47aff4859f9a,W7167315730
47aff4859f9a,W7167856120
47aff4859f9a,W7169832919
48041c07ad6c,W3082112661
48041c07ad6c,W3102149033
48041c07ad6c,W3187838769
48041c07ad6c,W4225567259
48041c07ad6c,W4247230939
48041c07ad6c,W4392485685
48041c07ad6c,W4401670574
48041c07ad6c,W4404258054
48041c07ad6c,W7104836910
48041c07ad6c,W7130818561
48041c07ad6c,W7147467370
48041c07ad6c,W7154417776
48acad72f7d8,W4213131350
48acad72f7d8,W4390041470
48acad72f7d8,W4391973265
4929d240b9e6,W1007285921
4929d240b9e6,W1155418496
4929d240b9e6,W1194533251
4929d240b9e6,W1465286105
4929d240b9e6,W1534791513
4929d240b9e6,W1551529304
4929d240b9e6,W1978222452
4929d240b9e6,W1981568680
4929d240b9e6,W1988831119
4929d240b9e6,W1999508539
4929d240b9e6,W2000352018
4929d240b9e6,W2007848327
4929d240b9e6,W2015892948
4929d240b9e6,W2020593789
4929d240b9e6,W2046779317
4929d240b9e6,W2047221860
4929d240b9e6,W2047991516
4929d240b9e6,W2069643615
4929d240b9e6,W2074637171
4929d240b9e6,W2077588177
4929d240b9e6,W2087455700
4929d240b9e6,W2091921861
4929d240b9e6,W2092253752
4929d240b9e6,W2110959833
4929d240b9e6,W2122546481
4929d240b9e6,W2128996042
4929d240b9e6,W2154586882
4929d240b9e6,W2176277423
4929d240b9e6,W2208599910
4929d240b9e6,W2213028454
4929d240b9e6,W2217801240
4929d240b9e6,W2220700528
4929d240b9e6,W2328716978
4929d240b9e6,W2341872052
4929d240b9e6,W2499556792
4929d240b9e6,W2548053028
4929d240b9e6,W2776812929
4929d240b9e6,W2884952807
4929d240b9e6,W2911708998
4929d240b9e6,W2942552171
4929d240b9e6,W2954436662
4929d240b9e6,W2957668107
4929d240b9e6,W3012138981
4929d240b9e6,W3022493682
4929d240b9e6,W3032865085
4929d240b9e6,W3049537766
4929d240b9e6,W3049738823
4929d240b9e6,W3139165825
4929d240b9e6,W3192636770
4929d240b9e6,W3195361828
4929d240b9e6,W4213131350
4929d240b9e6,W4221048758
4929d240b9e6,W4231372725
4929d240b9e6,W4235612370
4929d240b9e6,W4242729127
4929d240b9e6,W4252687844
4929d240b9e6,W4283313335
4929d240b9e6,W4283779570
4929d240b9e6,W4300013849
4929d240b9e6,W4377018975
4929d240b9e6,W4386309639
4929d240b9e6,W4387036132
4929d240b9e6,W4387545547
4929d240b9e6,W4399826678
4929d240b9e6,W4404433741
4929d240b9e6,W4410133499
4929d240b9e6,W4413159283
4929d240b9e6,W4413755784
4929d240b9e6,W4413951006
49fd7663f351,W2046213910
49fd7663f351,W2805138917
49fd7663f351,W2944673218
49fd7663f351,W2949665138
49fd7663f351,W2982375802
49fd7663f351,W2993195382
49fd7663f351,W2995797951
49fd7663f351,W3013869439
49fd7663f351,W3015628853
49fd7663f351,W3034207560
49fd7663f351,W3035089341
49fd7663f351,W3036346168
49fd7663f351,W3037089795
49fd7663f351,W3048680002
49fd7663f351,W3049175290
49fd7663f351,W3083317103
49fd7663f351,W3089245200
49fd7663f351,W3090598090
49fd7663f351,W3092872384
49fd7663f351,W3110595745
49fd7663f351,W3119535716
49fd7663f351,W3123038853
49fd7663f351,W3124159987
49fd7663f351,W3127847951
49fd7663f351,W3154812189
49fd7663f351,W3169286006
49fd7663f351,W3169459298
49fd7663f351,W3172392762
49fd7663f351,W3187630655
49fd7663f351,W3200237115
49fd7663f351,W3204789298
49fd7663f351,W3205986488
49fd7663f351,W3211692064
49fd7663f351,W3216348626
49fd7663f351,W3216502450
49fd7663f351,W4200356559
49fd7663f351,W4200600962
49fd7663f351,W4200612220
49fd7663f351,W4206955847
49fd7663f351,W4206960461
49fd7663f351,W4220846073
49fd7663f351,W4223932454
49fd7663f351,W4229520641
49fd7663f351,W4230192757
49fd7663f351,W4237498510
49fd7663f351,W4237768602
49fd7663f351,W4241517288
49fd7663f351,W4253962395
49fd7663f351,W4280645406
49fd7663f351,W4281568693
49fd7663f351,W4281684275
49fd7663f351,W4281846416
49fd7663f351,W4281969040
49fd7663f351,W4283206600
49fd7663f351,W4283455063
49fd7663f351,W4286219945
49fd7663f351,W4293105734
49fd7663f351,W4294740753
49fd7663f351,W4297223429
49fd7663f351,W4311782613
49fd7663f351,W4312085010
49fd7663f351,W4313544955
49fd7663f351,W4316193860
49fd7663f351,W4319041732
49fd7663f351,W4320038879
49fd7663f351,W4320481581
49fd7663f351,W4327544368
49fd7663f351,W4362555003
49fd7663f351,W4362710913
49fd7663f351,W4377221151
49fd7663f351,W4379412488
49fd7663f351,W4382542666
49fd7663f351,W4384827865
49fd7663f351,W4385412290
49fd7663f351,W4386164702
49fd7663f351,W4387357583
49fd7663f351,W4387670611
49fd7663f351,W4387965355
49fd7663f351,W4389244715
49fd7663f351,W4390049304
49fd7663f351,W4391075395
49fd7663f351,W4391294113
49fd7663f351,W4392056346
49fd7663f351,W4392915054
49fd7663f351,W4393155900
49fd7663f351,W4394068459
49fd7663f351,W4394089826
49fd7663f351,W4394097127
49fd7663f351,W4394106275
49fd7663f351,W4394109478
49fd7663f351,W4394126450
49fd7663f351,W4394132571
49fd7663f351,W4394136218
49fd7663f351,W4394143687
49fd7663f351,W4394179697
49fd7663f351,W4394198800
49fd7663f351,W4394202786
49fd7663f351,W4394221263
49fd7663f351,W4394250025
49fd7663f351,W4394277212
49fd7663f351,W4394278252
49fd7663f351,W4394310822
49fd7663f351,W4394321642
49fd7663f351,W4394348762
49fd7663f351,W4394365974
49fd7663f351,W4394376254
49fd7663f351,W4394387558
49fd7663f351,W4394402592
49fd7663f351,W4394428868
49fd7663f351,W4394458827
49fd7663f351,W4394486660
49fd7663f351,W4394510294
49fd7663f351,W4394516464
49fd7663f351,W4394545386
49fd7663f351,W4394550430
49fd7663f351,W4394553895
49fd7663f351,W4394988526
49fd7663f351,W4396624449
49fd7663f351,W4396852479
49fd7663f351,W4396957100
49fd7663f351,W4399038131
49fd7663f351,W4399168624
49fd7663f351,W4399202578
49fd7663f351,W4399370173
49fd7663f351,W4399588586
49fd7663f351,W4399614015
49fd7663f351,W4400200928
49fd7663f351,W4400204372
49fd7663f351,W4400416909
49fd7663f351,W4401193628
49fd7663f351,W4401369988
49fd7663f351,W4401826081
49fd7663f351,W4402274540
49fd7663f351,W4402339723
49fd7663f351,W4403818143
49fd7663f351,W4403819045
49fd7663f351,W4403820134
49fd7663f351,W4403878685
49fd7663f351,W4403920430
49fd7663f351,W4403945617
49fd7663f351,W4403965606
49fd7663f351,W4404270207
49fd7663f351,W4404427648
49fd7663f351,W4405233796
49fd7663f351,W4405366373
49fd7663f351,W4405808858
49fd7663f351,W4406682773
49fd7663f351,W4406905980
49fd7663f351,W4406931649
49fd7663f351,W4407151068
49fd7663f351,W4407196455
49fd7663f351,W4407700432
49fd7663f351,W4408118592
49fd7663f351,W4408323395
49fd7663f351,W4408737230
49fd7663f351,W4408748890
49fd7663f351,W4408788233
49fd7663f351,W4408810633
49fd7663f351,W4409258258
49fd7663f351,W4409462890
49fd7663f351,W4410198150
49fd7663f351,W4410800688
49fd7663f351,W4411616926
49fd7663f351,W4411871169
49fd7663f351,W4411881942
49fd7663f351,W4412768918
49fd7663f351,W4412775103
49fd7663f351,W4412793491
49fd7663f351,W4413053084
49fd7663f351,W4413061136
49fd7663f351,W4413349553
49fd7663f351,W4413439424
49fd7663f351,W4414151569
49fd7663f351,W4414341611
49fd7663f351,W4414353289
49fd7663f351,W4414478557
49fd7663f351,W4414881851
49fd7663f351,W4415109280
49fd7663f351,W4415213847
49fd7663f351,W4415498917
49fd7663f351,W4415660257
49fd7663f351,W4415673011
49fd7663f351,W4416103787
49fd7663f351,W4416457327
49fd7663f351,W4416864142
49fd7663f351,W4417181164
49fd7663f351,W4417409950
49fd7663f351,W4417485712
49fd7663f351,W7104836910
49fd7663f351,W7134902510
49fd7663f351,W7134975085
49fd7663f351,W7137917405
49fd7663f351,W7141463652
49fd7663f351,W7151367640
49fd7663f351,W7152719706
49fd7663f351,W7153692621
49fd7663f351,W7154114417
49fd7663f351,W7154668908
49fd7663f351,W7155034886
49fd7663f351,W7157807483
49fd7663f351,W7161219453
49fd7663f351,W7161459897
49fd7663f351,W7161733603
49fd7663f351,W7163791987
49fd7663f351,W7164938824
49fd7663f351,W7165652718
49fd7663f351,W7167458085
49fd7663f351,W7168509352
49fd7663f351,W7171520161
49fd7663f351,W7171612194
49fd7663f351,W7171669119
49fd7663f351,W7172238757
49fd7663f351,W7196989058
49fd7663f351,W7198080273
4a94ecd2c80d,W2906583162
4a94ecd2c80d,W2995214719
4a94ecd2c80d,W2997510275
4a94ecd2c80d,W3022344659
4a94ecd2c80d,W3046444979
4a94ecd2c80d,W3092652958
4a94ecd2c80d,W3092777257
4a94ecd2c80d,W3123309367
4a94ecd2c80d,W3129773895
4a94ecd2c80d,W3161851549
4a94ecd2c80d,W3162281694
4a94ecd2c80d,W3162348552
4a94ecd2c80d,W3169848230
4a94ecd2c80d,W3177505536
4a94ecd2c80d,W3182901567
4a94ecd2c80d,W3200423834
4a94ecd2c80d,W3217004573
4a94ecd2c80d,W4205989860
4a94ecd2c80d,W4213131350
4a94ecd2c80d,W4214662435
4a94ecd2c80d,W4225006186
4a94ecd2c80d,W4233038521
4a94ecd2c80d,W4236029403
4a94ecd2c80d,W4242753874
4a94ecd2c80d,W4248018519
4a94ecd2c80d,W4251447377
4a94ecd2c80d,W4252556670
4a94ecd2c80d,W4256096515
4a94ecd2c80d,W4281664239
4a94ecd2c80d,W4283014727
4a94ecd2c80d,W4284897266
4a94ecd2c80d,W4286632955
4a94ecd2c80d,W4290699919
4a94ecd2c80d,W4306765269
4a94ecd2c80d,W4313139971
4a94ecd2c80d,W4315778759
4a94ecd2c80d,W4321503914
4a94ecd2c80d,W4367845674
4a94ecd2c80d,W4376140864
4a94ecd2c80d,W4377098195
4a94ecd2c80d,W4383908570
4a94ecd2c80d,W4384831757
4a94ecd2c80d,W4385879624
4a94ecd2c80d,W4386851558
4a94ecd2c80d,W4386881314
4a94ecd2c80d,W4386900838
4a94ecd2c80d,W4386944244
4a94ecd2c80d,W4388558343
4a94ecd2c80d,W4396242094
4a94ecd2c80d,W4401498252
4a94ecd2c80d,W4403303889
4a94ecd2c80d,W4404995145
4a94ecd2c80d,W4406983822
4a94ecd2c80d,W4408855593
4a94ecd2c80d,W4408921499
4a94ecd2c80d,W4409237188
4a94ecd2c80d,W4411231729
4a94ecd2c80d,W4412698168
4a94ecd2c80d,W4412698206
4a94ecd2c80d,W7107865728
4a94ecd2c80d,W7107944148
4a94ecd2c80d,W7171777024
4a94ecd2c80d,W7171788903
4a94ecd2c80d,W7172130335
4b0386303cbd,W2783058865
4b0386303cbd,W2932177620
4b0386303cbd,W2932781168
4b0386303cbd,W2938040282
4b0386303cbd,W2967692767
4b0386303cbd,W2996117362
4b0386303cbd,W3027050409
4b0386303cbd,W3027329917
4b0386303cbd,W3032107692
4b0386303cbd,W3032151572
4b0386303cbd,W3092105670
4b0386303cbd,W3132864499
4b0386303cbd,W3160467113
4b0386303cbd,W3160543896
4b0386303cbd,W3161435385
4b0386303cbd,W3162246552
4b0386303cbd,W3164380646
4b0386303cbd,W3182510870
4b0386303cbd,W3183707095
4b0386303cbd,W4205589353
4b0386303cbd,W4220886196
4b0386303cbd,W4225513418
4b0386303cbd,W4236388076
4b0386303cbd,W4241717869
4b0386303cbd,W4241725883
4b0386303cbd,W4245970702
4b0386303cbd,W4281476465
4b0386303cbd,W4285394449
4b0386303cbd,W4286665497
4b0386303cbd,W4292440731
4b0386303cbd,W4301398589
4b0386303cbd,W4301401244
4b0386303cbd,W4304165929
4b0386303cbd,W4312062049
4b0386303cbd,W4317695561
4b0386303cbd,W4322745140
4b0386303cbd,W4323075425
4b0386303cbd,W4362662714
4b0386303cbd,W4379207793
4b0386303cbd,W4380878738
4b0386303cbd,W4382936736
4b0386303cbd,W4385634756
4b0386303cbd,W4386802889
4b0386303cbd,W4388850024
4b0386303cbd,W4389670743
4b0386303cbd,W4391309621
4b0386303cbd,W4393278049
4b0386303cbd,W4393864588
4b0386303cbd,W4399854265
4b0386303cbd,W4400441608
4b0386303cbd,W4400445565
4b0386303cbd,W4407407778
4b0386303cbd,W4407407910
4b0386303cbd,W4410716750
4b0386303cbd,W4411052786
4b0386303cbd,W4413729905
4b0386303cbd,W4413865831
4b0386303cbd,W4413912613
4b0386303cbd,W4414988365
4b0386303cbd,W4415598678
4b0386303cbd,W4415827127
4b0386303cbd,W4415962012
4b0386303cbd,W4416000127
4b0386303cbd,W4416001725
4b0386303cbd,W4416002750
4b0386303cbd,W4416289904
4b0386303cbd,W4416401651
4b0386303cbd,W4417165701
4b0386303cbd,W7106487019
4b0386303cbd,W7202184317
4b2f098b3d7c,W3156522918
4b2f098b3d7c,W4200096292
4b2f098b3d7c,W4381664653
4b2f098b3d7c,W4403892064
4b2f098b3d7c,W4415381546
4b2f098b3d7c,W7107862491
4b2f098b3d7c,W7107868089
4b2f098b3d7c,W7152701256
4b2f098b3d7c,W7155499160
4b2f098b3d7c,W7155503878
4b2f098b3d7c,W7163329202
4b2f098b3d7c,W7163359750
4b2f098b3d7c,W7163652075
4b2f098b3d7c,W7164328493
4b2f098b3d7c,W7164390008
4b2f098b3d7c,W7164826312
4b2f098b3d7c,W7164832210
4b2f098b3d7c,W7166806370
4b2f098b3d7c,W7166859420
4bee7a518079,W2563476207
4bee7a518079,W2768486568
4bee7a518079,W2803085438
4bee7a518079,W2887854277
4bee7a518079,W2893865630
4bee7a518079,W2911530767
4bee7a518079,W2914020319
4bee7a518079,W2961596225
4bee7a518079,W3037041114
4bee7a518079,W3041613148
4bee7a518079,W3107665806
4bee7a518079,W3126157081
4bee7a518079,W3131396636
4bee7a518079,W3154878857
4bee7a518079,W3165644767
4bee7a518079,W3171177668
4bee7a518079,W3177545788
4bee7a518079,W3195098488
4bee7a518079,W3209370905
4bee7a518079,W3209581455
4bee7a518079,W3209826034
4bee7a518079,W3215447310
4bee7a518079,W3216869777
4bee7a518079,W4213131350
4bee7a518079,W4226504205
4bee7a518079,W4231394344
4bee7a518079,W4254876783
4bee7a518079,W4283398072
4bee7a518079,W4300750657
4bee7a518079,W4310060332
4bee7a518079,W4318612709
4bee7a518079,W4323310328
4bee7a518079,W4376875053
4bee7a518079,W4386737883
4bee7a518079,W4387002011
4bee7a518079,W4392148978
4bee7a518079,W4394738610
4bee7a518079,W4395010193
4bee7a518079,W4397002393
4bee7a518079,W4399891843
4bee7a518079,W4400921322
4bee7a518079,W4402339457
4bee7a518079,W4407035974
4bee7a518079,W4407393904
4bee7a518079,W4409148172
4bee7a518079,W4410332244
4bee7a518079,W4410332245
4bee7a518079,W4410952793
4bee7a518079,W4413291636
4bee7a518079,W4415249470
4bee7a518079,W4415584929
4bee7a518079,W7130554551
4bee7a518079,W7139055411
4bee7a518079,W7139127575
4bee7a518079,W7160423633
4bee7a518079,W7161831815
4bee7a518079,W7167334270
4bee7a518079,W7167352341
4bee7a518079,W7167400742
4bee7a518079,W7167440807
4bee7a518079,W7167473001
4bee7a518079,W7171664923
4c5e5146a247,W2897349085
4c5e5146a247,W3015907530
4c5e5146a247,W3104743437
4c5e5146a247,W3115632376
4c5e5146a247,W3126604710
4c5e5146a247,W3133920457
4c5e5146a247,W3161272567
4c5e5146a247,W3174808316
4c5e5146a247,W3187469182
4c5e5146a247,W3193937630
4c5e5146a247,W3200782451
4c5e5146a247,W4200032570
4c5e5146a247,W4213131350
4c5e5146a247,W4247132745
4c5e5146a247,W4247821695
4c5e5146a247,W4248999767
4c5e5146a247,W4253662423
4c5e5146a247,W4280538172
4c5e5146a247,W4297789926
4c5e5146a247,W4307354697
4c5e5146a247,W4307855533
4c5e5146a247,W4308593030
4c5e5146a247,W4311669372
4c5e5146a247,W4311948580
4c5e5146a247,W4313461306
4c5e5146a247,W4315831421
4c5e5146a247,W4322707798
4c5e5146a247,W4377990429
4c5e5146a247,W4380607829
4c5e5146a247,W4385093866
4c5e5146a247,W4385984011
4c5e5146a247,W4386247177
4c5e5146a247,W4386258902
4c5e5146a247,W4386325394
4c5e5146a247,W4388703795
4c5e5146a247,W4389397899
4c5e5146a247,W4393024881
4c5e5146a247,W4395117914
4c5e5146a247,W4404006090
4c5e5146a247,W4404997977
4c5e5146a247,W4406306094
4c5e5146a247,W4407136269
4c5e5146a247,W4407322086
4c5e5146a247,W4407322760
4c5e5146a247,W4407347661
4c5e5146a247,W4408116825
4c5e5146a247,W4410094630
4c5e5146a247,W4410195647
4c5e5146a247,W4410337158
4c5e5146a247,W4413553467
4c5e5146a247,W4413857737
4c5e5146a247,W4414981289
4c5e5146a247,W7124686426
4c5e5146a247,W7125650509
4c5e5146a247,W7138888728
4c5e5146a247,W7143260097
4c5e5146a247,W7153957076
4c5e5146a247,W7154535147
4c5e5146a247,W7160698085
4c5e5146a247,W7160730016
4c5e5146a247,W7160744206
4d335ec34a12,W1969497224
4d335ec34a12,W2041311165
4d335ec34a12,W2618236103
4d335ec34a12,W2921223310
4d335ec34a12,W2982876797
4d335ec34a12,W3175701282
4d335ec34a12,W3212755886
4d335ec34a12,W3213898304
4d335ec34a12,W354333660
4d335ec34a12,W4226504205
4d335ec34a12,W4237585416
4d335ec34a12,W4390071350
4d335ec34a12,W4399395407
4d335ec34a12,W4402313995
4d36f558eabf,W1497737802
4d36f558eabf,W1500177679
4d36f558eabf,W179489231
4d36f558eabf,W1935502043
4d36f558eabf,W1965713544
4d36f558eabf,W1976331395
4d36f558eabf,W2015611772
4d36f558eabf,W2027995695
4d36f558eabf,W2076847616
4d36f558eabf,W2087533779
4d36f558eabf,W2150610845
4d36f558eabf,W2167862748
4d36f558eabf,W2294878263
4d36f558eabf,W2417652386
4d36f558eabf,W2430605169
4d36f558eabf,W2471362018
4d36f558eabf,W2804187226
4d36f558eabf,W2885531608
4d36f558eabf,W2891240107
4d36f558eabf,W2906310847
4d36f558eabf,W2954738338
4d36f558eabf,W2957797256
4d36f558eabf,W2969217487
4d36f558eabf,W2996287093
4d36f558eabf,W3002738622
4d36f558eabf,W3006817050
4d36f558eabf,W3089222499
4d36f558eabf,W3101388605
4d36f558eabf,W3104323309
4d36f558eabf,W3161631464
4d36f558eabf,W3163026469
4d36f558eabf,W3165699048
4d36f558eabf,W3165726129
4d36f558eabf,W3172392762
4d36f558eabf,W3177954138
4d36f558eabf,W3185546315
4d36f558eabf,W3186985766
4d36f558eabf,W3187630655
4d36f558eabf,W3191220395
4d36f558eabf,W3191345447
4d36f558eabf,W390893944
4d36f558eabf,W4200162133
4d36f558eabf,W4205989492
4d36f558eabf,W4212878947
4d36f558eabf,W4220722998
4d36f558eabf,W4220943512
4d36f558eabf,W4221103333
4d36f558eabf,W4234260750
4d36f558eabf,W4237104164
4d36f558eabf,W4237498510
4d36f558eabf,W4241517288
4d36f558eabf,W4248040026
4d36f558eabf,W4255147970
4d36f558eabf,W4281295484
4d36f558eabf,W4281684275
4d36f558eabf,W4293105734
4d36f558eabf,W4297223429
4d36f558eabf,W4297546176
4d36f558eabf,W4376651224
4d36f558eabf,W4379144152
4d36f558eabf,W4386640656
4d36f558eabf,W4396653081
4d36f558eabf,W4398762802
4d36f558eabf,W4400679738
4d36f558eabf,W4400720962
4d36f558eabf,W4402167754
4d36f558eabf,W4402856633
4d36f558eabf,W4403007432
4d36f558eabf,W4406182069
4d36f558eabf,W4408737230
4d36f558eabf,W4409361260
4d36f558eabf,W4409787533
4d36f558eabf,W4409992799
4d36f558eabf,W4410198150
4d36f558eabf,W4412048651
4d36f558eabf,W4412193137
4d36f558eabf,W4413208703
4d36f558eabf,W4414077773
4d36f558eabf,W4415417281
4d36f558eabf,W4417409950
4d36f558eabf,W7105642279
4d36f558eabf,W7114909978
4d36f558eabf,W7151735042
4d36f558eabf,W7152113274
4d36f558eabf,W7155545919
4d36f558eabf,W7161459897
4d36f558eabf,W7162697370
4d36f558eabf,W7163791987
4d36f558eabf,W7165370565
4d36f558eabf,W7167390019
4d36f558eabf,W7172238757
4d36f558eabf,W7202029020
4d9398662e56,W1024714624
4d9398662e56,W1971149662
4d9398662e56,W2001343894
4d9398662e56,W2036413165
4d9398662e56,W2044454340
4d9398662e56,W2055907183
4d9398662e56,W2212124682
4d9398662e56,W2254518883
4d9398662e56,W2301510059
4d9398662e56,W2322322150
4d9398662e56,W2390706404
4d9398662e56,W2426394055
4d9398662e56,W2467178044
4d9398662e56,W2489692558
4d9398662e56,W2513178503
4d9398662e56,W2526852292
4d9398662e56,W2556123235
4d9398662e56,W2559345121
4d9398662e56,W2580160884
4d9398662e56,W2736780764
4d9398662e56,W2768301622
4d9398662e56,W2769010843
4d9398662e56,W2776537783
4d9398662e56,W2776961836
4d9398662e56,W2781178498
4d9398662e56,W2781814268
4d9398662e56,W2782864019
4d9398662e56,W2785943966
4d9398662e56,W2787386196
4d9398662e56,W2789679091
4d9398662e56,W2791956284
4d9398662e56,W2794094094
4d9398662e56,W2802400506
4d9398662e56,W2883144024
4d9398662e56,W2902310673
4d9398662e56,W2912177535
4d9398662e56,W2914500921
4d9398662e56,W2916124854
4d9398662e56,W2917695951
4d9398662e56,W2920855690
4d9398662e56,W2936257342
4d9398662e56,W2940116854
4d9398662e56,W2968041443
4d9398662e56,W2970010916
4d9398662e56,W2989996795
4d9398662e56,W3003401646
4d9398662e56,W3015427084
4d9398662e56,W3039519084
4d9398662e56,W3092086193
4d9398662e56,W3093063375
4d9398662e56,W3099756010
4d9398662e56,W3099850254
4d9398662e56,W3100119188
4d9398662e56,W3110076480
4d9398662e56,W3114259663
4d9398662e56,W3132960663
4d9398662e56,W3137450077
4d9398662e56,W3143239149
4d9398662e56,W3160315141
4d9398662e56,W3160781950
4d9398662e56,W3161218677
4d9398662e56,W3164047341
4d9398662e56,W3165219504
4d9398662e56,W3169914774
4d9398662e56,W3170325627
4d9398662e56,W3172392762
4d9398662e56,W3174886519
4d9398662e56,W3177162709
4d9398662e56,W3187630655
4d9398662e56,W3193237733
4d9398662e56,W3200328113
4d9398662e56,W3217679093
4d9398662e56,W4205225274
4d9398662e56,W4210431416
4d9398662e56,W4210437172
4d9398662e56,W4210531058
4d9398662e56,W4210579975
4d9398662e56,W4213296807
4d9398662e56,W4213376220
4d9398662e56,W4220829459
4d9398662e56,W4221027126
4d9398662e56,W4221036279
4d9398662e56,W4223932454
4d9398662e56,W4224061756
4d9398662e56,W4224254892
4d9398662e56,W4225467574
4d9398662e56,W4229709085
4d9398662e56,W4231785939
4d9398662e56,W4232458387
4d9398662e56,W4233573060
4d9398662e56,W4233929427
4d9398662e56,W4234973081
4d9398662e56,W4237498510
4d9398662e56,W4239099146
4d9398662e56,W4240885804
4d9398662e56,W4241517288
4d9398662e56,W4241961269
4d9398662e56,W4244590789
4d9398662e56,W4246042840
4d9398662e56,W4247747371
4d9398662e56,W4250287566
4d9398662e56,W4250411622
4d9398662e56,W4254292952
4d9398662e56,W4255191952
4d9398662e56,W42700510
4d9398662e56,W4280514535
4d9398662e56,W4281684275
4d9398662e56,W4281705884
4d9398662e56,W4281775973
4d9398662e56,W4281846416
4d9398662e56,W4281969040
4d9398662e56,W4291020142
4d9398662e56,W4293105734
4d9398662e56,W4297223429
4d9398662e56,W4297846850
4d9398662e56,W4301180958
4d9398662e56,W4301762442
4d9398662e56,W4307452139
4d9398662e56,W4307599356
4d9398662e56,W4308589015
4d9398662e56,W4308840353
4d9398662e56,W4309113170
4d9398662e56,W4310841667
4d9398662e56,W4311983510
4d9398662e56,W4320038879
4d9398662e56,W4366758616
4d9398662e56,W4376871950
4d9398662e56,W4382282105
4d9398662e56,W4382344206
4d9398662e56,W4382404232
4d9398662e56,W4382918412
4d9398662e56,W4386219851
4d9398662e56,W4387581208
4d9398662e56,W4388448994
4d9398662e56,W4389002025
4d9398662e56,W4389949102
4d9398662e56,W4391294076
4d9398662e56,W4393420937
4d9398662e56,W4393475045
4d9398662e56,W4393514220
4d9398662e56,W4393540347
4d9398662e56,W4393550855
4d9398662e56,W4393550878
4d9398662e56,W4393772090
4d9398662e56,W4393840828
4d9398662e56,W4394046166
4d9398662e56,W4400122683
4d9398662e56,W4400824998
4d9398662e56,W4402558797
4d9398662e56,W4403532217
4d9398662e56,W4403633510
4d9398662e56,W4403771935
4d9398662e56,W4403772159
4d9398662e56,W4403772714
4d9398662e56,W4403772956
4d9398662e56,W4403920413
4d9398662e56,W4404905666
4d9398662e56,W4405835261
4d9398662e56,W4406306302
4d9398662e56,W4407683185
4d9398662e56,W4408095706
4d9398662e56,W4408323395
4d9398662e56,W4408357862
4d9398662e56,W4408737230
4d9398662e56,W4410353427
4d9398662e56,W4410354063
4d9398662e56,W4410357540
4d9398662e56,W4411373853
4d9398662e56,W4411503740
4d9398662e56,W4411530789
4d9398662e56,W4411715833
4d9398662e56,W4412366430
4d9398662e56,W4412366431
4d9398662e56,W4412601653
4d9398662e56,W4412839273
4d9398662e56,W4413059288
4d9398662e56,W4413273662
4d9398662e56,W4413505729
4d9398662e56,W4413824880
4d9398662e56,W4414275560
4d9398662e56,W4414565793
4d9398662e56,W4415416458
4d9398662e56,W4415416634
4d9398662e56,W4416392837
4d9398662e56,W4416716521
4d9398662e56,W7105810933
4d9398662e56,W7106147809
4d9398662e56,W7108442522
4d9398662e56,W7108472965
4d9398662e56,W7127617199
4d9398662e56,W7128018873
4d9398662e56,W7128513780
4d9398662e56,W7132851620
4d9398662e56,W7133166127
4d9398662e56,W7135049892
4d9398662e56,W7135081784
4d9398662e56,W7140277139
4d9398662e56,W7147135541
4d9398662e56,W7147467370
4d9398662e56,W7148331934
4d9398662e56,W7151129906
4d9398662e56,W7153282375
4d9398662e56,W7154175404
4d9398662e56,W7160101109
4d9398662e56,W7160502356
4d9398662e56,W7165483749
4d9398662e56,W7169847034
5101fbba8637,W7107874244
5101fbba8637,W7163164447
5101fbba8637,W7163576909
5101fbba8637,W7165450639
5101fbba8637,W7168261017
5101fbba8637,W7170998936
51182dc82444,W1622452712
51182dc82444,W168553522
51182dc82444,W1833650866
51182dc82444,W1893012601
51182dc82444,W1901043828
51182dc82444,W1960507465
51182dc82444,W1978051280
51182dc82444,W1981735580
51182dc82444,W2002049479
51182dc82444,W2005459776
51182dc82444,W2007097468
51182dc82444,W2010084707
51182dc82444,W2016744358
51182dc82444,W2026025533
51182dc82444,W2041158353
51182dc82444,W2041179722
51182dc82444,W2066885247
51182dc82444,W2067406717
51182dc82444,W2083360634
51182dc82444,W2087686267
51182dc82444,W2089475065
51182dc82444,W2096013453
51182dc82444,W2097548880
51182dc82444,W2099551489
51182dc82444,W2105236394
51182dc82444,W2108846440
51182dc82444,W2109338827
51182dc82444,W2116691373
51182dc82444,W2117751292
51182dc82444,W2124679811
51182dc82444,W2134586897
51182dc82444,W2136484281
51182dc82444,W2137351972
51182dc82444,W2142743167
51182dc82444,W2142916040
51182dc82444,W2145169286
51182dc82444,W2150374631
51182dc82444,W2158253198
51182dc82444,W2158267589
51182dc82444,W2163946301
51182dc82444,W2171970128
51182dc82444,W2188835291
51182dc82444,W2246942490
51182dc82444,W2309859952
51182dc82444,W2325363779
51182dc82444,W2333584657
51182dc82444,W2409012882
51182dc82444,W2415206886
51182dc82444,W2417232682
51182dc82444,W2482739336
51182dc82444,W2491575731
51182dc82444,W2509403056
51182dc82444,W2515010870
51182dc82444,W2528296540
51182dc82444,W2557153277
51182dc82444,W2559776957
51182dc82444,W2581151736
51182dc82444,W2588524787
51182dc82444,W2588818662
51182dc82444,W2591188422
51182dc82444,W2593295537
51182dc82444,W2597282450
51182dc82444,W2599416105
51182dc82444,W2599893741
51182dc82444,W2602712517
51182dc82444,W2607005852
51182dc82444,W2626711728
51182dc82444,W2728343271
51182dc82444,W2743639787
51182dc82444,W2766519063
51182dc82444,W2776231680
51182dc82444,W2776233111
51182dc82444,W2776341629
51182dc82444,W2778484129
51182dc82444,W2779212643
51182dc82444,W2780057121
51182dc82444,W2780142862
51182dc82444,W2780579615
51182dc82444,W2781297319
51182dc82444,W2781611656
51182dc82444,W2782306324
51182dc82444,W2782377456
51182dc82444,W2783387429
51182dc82444,W2783692520
51182dc82444,W2784744195
51182dc82444,W2785805674
51182dc82444,W2787374473
51182dc82444,W2787588199
51182dc82444,W2788573869
51182dc82444,W2788786304
51182dc82444,W2789823482
51182dc82444,W2789830908
51182dc82444,W2794002247
51182dc82444,W2795885279
51182dc82444,W2798243660
51182dc82444,W2801926392
51182dc82444,W2803897726
51182dc82444,W2810474657
51182dc82444,W2844648993
51182dc82444,W2883852942
51182dc82444,W2884239815
51182dc82444,W2887387334
51182dc82444,W2888081776
51182dc82444,W2892383754
51182dc82444,W2893769773
51182dc82444,W2894187573
51182dc82444,W2897624592
51182dc82444,W2898117586
51182dc82444,W2898527779
51182dc82444,W2900687854
51182dc82444,W2900705527
51182dc82444,W2901012967
51182dc82444,W2901943960
51182dc82444,W2905364446
51182dc82444,W2906787694
51182dc82444,W2907217292
51182dc82444,W2909512359
51182dc82444,W2911100115
51182dc82444,W2911274298
51182dc82444,W2911314098
51182dc82444,W2911345324
51182dc82444,W2911945871
51182dc82444,W2912352862
51182dc82444,W2913535627
51182dc82444,W2916887438
51182dc82444,W2916979062
51182dc82444,W2923667799
51182dc82444,W2935484209
51182dc82444,W2935993808
51182dc82444,W2939250747
51182dc82444,W2939872090
51182dc82444,W2944779706
51182dc82444,W2944820201
51182dc82444,W2945552398
51182dc82444,W2947777004
51182dc82444,W2949111963
51182dc82444,W2949915518
51182dc82444,W2950008614
51182dc82444,W2950856560
51182dc82444,W2951716621
51182dc82444,W2963283504
51182dc82444,W2965021786
51182dc82444,W2968393496
51182dc82444,W2971033444
51182dc82444,W2972571180
51182dc82444,W2972662330
51182dc82444,W2973322740
51182dc82444,W2977849061
51182dc82444,W2979416697
51182dc82444,W2979901696
51182dc82444,W2982361925
51182dc82444,W2982445736
51182dc82444,W2984369776
51182dc82444,W2989672233
51182dc82444,W2990178507
51182dc82444,W2991598253
51182dc82444,W2992965847
51182dc82444,W2994258819
51182dc82444,W2994857692
51182dc82444,W2995079599
51182dc82444,W2996721226
51182dc82444,W2999631029
51182dc82444,W3004581315
51182dc82444,W3005019363
51182dc82444,W3009730753
51182dc82444,W3012465996
51182dc82444,W3021473818
51182dc82444,W3021846304
51182dc82444,W3031654752
51182dc82444,W3031888016
51182dc82444,W3042464437
51182dc82444,W3042474417
51182dc82444,W3045310798
51182dc82444,W3045471274
51182dc82444,W3047946872
51182dc82444,W3082759093
51182dc82444,W3084059256
51182dc82444,W3085346372
51182dc82444,W3093291376
51182dc82444,W3100488529
51182dc82444,W3110670080
51182dc82444,W3110799601
51182dc82444,W3119574571
51182dc82444,W3126439611
51182dc82444,W3128170867
51182dc82444,W3128753400
51182dc82444,W3133997873
51182dc82444,W3135582959
51182dc82444,W3154250307
51182dc82444,W3154894837
51182dc82444,W3157027153
51182dc82444,W3160106090
51182dc82444,W3161226541
51182dc82444,W3162658090
51182dc82444,W3162747284
51182dc82444,W3163395311
51182dc82444,W3164227369
51182dc82444,W3164389255
51182dc82444,W3164863893
51182dc82444,W3165410532
51182dc82444,W3172720847
51182dc82444,W3176948673
51182dc82444,W3177937332
51182dc82444,W3191860538
51182dc82444,W3193077091
51182dc82444,W3199411171
51182dc82444,W3203062731
51182dc82444,W3204710907
51182dc82444,W3204896296
51182dc82444,W3216869777
51182dc82444,W3217301378
51182dc82444,W4200112461
51182dc82444,W4200216611
51182dc82444,W4200623140
51182dc82444,W4205104694
51182dc82444,W4205736308
51182dc82444,W4206789518
51182dc82444,W4210743709
51182dc82444,W4213281820
51182dc82444,W4214683112
51182dc82444,W4220675613
51182dc82444,W4220844428
51182dc82444,W4221080314
51182dc82444,W4225837121
51182dc82444,W4226180983
51182dc82444,W4226217438
51182dc82444,W4226256108
51182dc82444,W4226297313
51182dc82444,W4226331775
51182dc82444,W4226334330
51182dc82444,W4226366118
51182dc82444,W4226396303
51182dc82444,W4226459284
51182dc82444,W4229448441
51182dc82444,W4229577900
51182dc82444,W4230393139
51182dc82444,W4230852288
51182dc82444,W4231094151
51182dc82444,W4231102484
51182dc82444,W4231538948
51182dc82444,W4231919976
51182dc82444,W4231951290
51182dc82444,W4232442547
51182dc82444,W4233009627
51182dc82444,W4233165661
51182dc82444,W4233304294
51182dc82444,W4233339953
51182dc82444,W4234044377
51182dc82444,W4234463865
51182dc82444,W4234641229
51182dc82444,W4234992455
51182dc82444,W4235317411
51182dc82444,W4235357138
51182dc82444,W4235833856
51182dc82444,W4235959113
51182dc82444,W4236141075
51182dc82444,W4236819131
51182dc82444,W4238334350
51182dc82444,W4238402293
51182dc82444,W4238461246
51182dc82444,W4238668799
51182dc82444,W4240595840
51182dc82444,W4240620430
51182dc82444,W4242406013
51182dc82444,W4243422498
51182dc82444,W4243582370
51182dc82444,W4244197584
51182dc82444,W4244515339
51182dc82444,W4244566854
51182dc82444,W4244689377
51182dc82444,W4244866323
51182dc82444,W4244931504
51182dc82444,W4245908667
51182dc82444,W4246884694
51182dc82444,W4247068221
51182dc82444,W4247265944
51182dc82444,W4248268908
51182dc82444,W4249034661
51182dc82444,W4249905263
51182dc82444,W4249946315
51182dc82444,W4250076620
51182dc82444,W4251131942
51182dc82444,W4251363901
51182dc82444,W4251626045
51182dc82444,W4252985448
51182dc82444,W4253209239
51182dc82444,W4253696669
51182dc82444,W4254539633
51182dc82444,W4254796168
51182dc82444,W4255640306
51182dc82444,W4255782181
51182dc82444,W4280625330
51182dc82444,W4280646752
51182dc82444,W4281635734
51182dc82444,W4281983538
51182dc82444,W4282971305
51182dc82444,W4283372113
51182dc82444,W4285494727
51182dc82444,W4286001315
51182dc82444,W4288514515
51182dc82444,W4289176877
51182dc82444,W4296664461
51182dc82444,W4302305379
51182dc82444,W4302357064
51182dc82444,W4309347366
51182dc82444,W4309855513
51182dc82444,W4309855518
51182dc82444,W4312366918
51182dc82444,W4315620582
51182dc82444,W4315853208
51182dc82444,W4317358710
51182dc82444,W4317606017
51182dc82444,W4318832620
51182dc82444,W4320510849
51182dc82444,W4320514652
51182dc82444,W4322096783
51182dc82444,W4322500202
51182dc82444,W4323538522
51182dc82444,W4362671062
51182dc82444,W4362717987
51182dc82444,W4362734511
51182dc82444,W4366286057
51182dc82444,W4366772124
51182dc82444,W4372324422
51182dc82444,W4375951304
51182dc82444,W4376626965
51182dc82444,W4381163465
51182dc82444,W4381189187
51182dc82444,W4381282878
51182dc82444,W4382788396
51182dc82444,W4383763692
51182dc82444,W4383849368
51182dc82444,W4384828500
51182dc82444,W4385214031
51182dc82444,W4385225639
51182dc82444,W4385715603
51182dc82444,W4385897599
51182dc82444,W4386322710
51182dc82444,W4386572526
51182dc82444,W4386817606
51182dc82444,W4387610508
51182dc82444,W4387777593
51182dc82444,W4389705536
51182dc82444,W4391117438
51182dc82444,W4391228284
51182dc82444,W4391317690
51182dc82444,W4391643379
51182dc82444,W4391722531
51182dc82444,W4391846779
51182dc82444,W4391971501
51182dc82444,W4392840586
51182dc82444,W4392955615
51182dc82444,W4392967306
51182dc82444,W4392976168
51182dc82444,W4394620661
51182dc82444,W4395112552
51182dc82444,W4396219108
51182dc82444,W4396669944
51182dc82444,W4396833404
51182dc82444,W4399465865
51182dc82444,W4399494155
51182dc82444,W4400539495
51182dc82444,W4400746602
51182dc82444,W4401224641
51182dc82444,W4401484114
51182dc82444,W4402484960
51182dc82444,W4404114128
51182dc82444,W4404416449
51182dc82444,W4404753125
51182dc82444,W4405798425
51182dc82444,W4406216805
51182dc82444,W4406431041
51182dc82444,W4407097149
51182dc82444,W4407322280
51182dc82444,W4407393904
51182dc82444,W4407893374
51182dc82444,W4408482518
51182dc82444,W4408613968
51182dc82444,W4408868643
51182dc82444,W4410043438
51182dc82444,W4410078936
51182dc82444,W4410094920
51182dc82444,W4410095005
51182dc82444,W4410095184
51182dc82444,W4410489088
51182dc82444,W4410498297
51182dc82444,W4411069384
51182dc82444,W4411657149
51182dc82444,W4411971885
51182dc82444,W4411974967
51182dc82444,W4411985887
51182dc82444,W4411985909
51182dc82444,W4412723231
51182dc82444,W4413346966
51182dc82444,W4413416647
51182dc82444,W4413420873
51182dc82444,W4414105623
51182dc82444,W4414428782
51182dc82444,W4415143506
51182dc82444,W4415416454
51182dc82444,W4415416693
51182dc82444,W4415416961
51182dc82444,W4416586862
51182dc82444,W4416727047
51182dc82444,W7146973773
51182dc82444,W7151214781
51182dc82444,W7154945143
51182dc82444,W7160109061
51182dc82444,W7160289269
51182dc82444,W7160697587
51182dc82444,W7160830100
51182dc82444,W7162789838
51182dc82444,W7164803833
51182dc82444,W7169860376
51182dc82444,W7172142758
51182dc82444,W7202029020
51182dc82444,W758126271
53172b64b64b,W177318273
53172b64b64b,W2275394058
53172b64b64b,W3092872384
53172b64b64b,W3127847951
53172b64b64b,W4283206600
53172b64b64b,W4285392625
53172b64b64b,W4313544955
53172b64b64b,W4362533940
53172b64b64b,W4362677543
53172b64b64b,W4412768918
53a4ebfd81a5,W2809357046
53a4ebfd81a5,W3128345922
53a4ebfd81a5,W3172392762
53a4ebfd81a5,W3187630655
53a4ebfd81a5,W4200600962
53a4ebfd81a5,W4213131350
53a4ebfd81a5,W4231394344
53a4ebfd81a5,W4237498510
53a4ebfd81a5,W4241517288
53a4ebfd81a5,W4281684275
53a4ebfd81a5,W4285304161
53a4ebfd81a5,W4292737186
53a4ebfd81a5,W4293105734
53a4ebfd81a5,W4297223429
53a4ebfd81a5,W4387220817
53a4ebfd81a5,W4390392088
53a4ebfd81a5,W4399370173
53a4ebfd81a5,W4403063848
53a4ebfd81a5,W4403818143
53a4ebfd81a5,W4405967033
53a4ebfd81a5,W4406905980
53a4ebfd81a5,W4407272768
53a4ebfd81a5,W4407700432
53a4ebfd81a5,W4408737230
53a4ebfd81a5,W4408788233
53a4ebfd81a5,W4408810633
53a4ebfd81a5,W4409121249
53a4ebfd81a5,W4410953457
53a4ebfd81a5,W4413349553
53a4ebfd81a5,W4413920485
53a4ebfd81a5,W4414478557
53a4ebfd81a5,W4414913493
53a4ebfd81a5,W4415109280
53a4ebfd81a5,W7125588586
53a4ebfd81a5,W7196989058
53b6735545b6,W4231394344
53b6735545b6,W4281666650
53b6735545b6,W4398392403
53d9ce49a1c1,W2604788574
53d9ce49a1c1,W2793076804
53d9ce49a1c1,W2808795418
53d9ce49a1c1,W2889739405
53d9ce49a1c1,W2890201750
53d9ce49a1c1,W2891188571
53d9ce49a1c1,W2891346169
53d9ce49a1c1,W2892123269
53d9ce49a1c1,W2894162889
53d9ce49a1c1,W2911168426
53d9ce49a1c1,W2911557769
53d9ce49a1c1,W2915407524
53d9ce49a1c1,W2919162298
53d9ce49a1c1,W2922054154
53d9ce49a1c1,W2928512779
53d9ce49a1c1,W2929347355
53d9ce49a1c1,W2934563845
53d9ce49a1c1,W2944221730
53d9ce49a1c1,W2951797470
53d9ce49a1c1,W2953526766
53d9ce49a1c1,W2958358679
53d9ce49a1c1,W2964864378
53d9ce49a1c1,W2966868554
53d9ce49a1c1,W2975393096
53d9ce49a1c1,W2977413714
53d9ce49a1c1,W2981824154
53d9ce49a1c1,W2999217075
53d9ce49a1c1,W3003791841
53d9ce49a1c1,W3012218490
53d9ce49a1c1,W3014274681
53d9ce49a1c1,W3016717998
53d9ce49a1c1,W3026494741
53d9ce49a1c1,W3034500908
53d9ce49a1c1,W3034871545
53d9ce49a1c1,W3035128275
53d9ce49a1c1,W3038775985
53d9ce49a1c1,W3043790457
53d9ce49a1c1,W3086352795
53d9ce49a1c1,W3087235655
53d9ce49a1c1,W3087437700
53d9ce49a1c1,W3095009023
53d9ce49a1c1,W3096770283
53d9ce49a1c1,W3108574809
53d9ce49a1c1,W3136028244
53d9ce49a1c1,W3156732425
53d9ce49a1c1,W3163558896
53d9ce49a1c1,W3182208573
53d9ce49a1c1,W3184064983
53d9ce49a1c1,W3202567611
53d9ce49a1c1,W3216869777
53d9ce49a1c1,W3217168354
53d9ce49a1c1,W4200087942
53d9ce49a1c1,W4200328292
53d9ce49a1c1,W4200434224
53d9ce49a1c1,W4206991787
53d9ce49a1c1,W4220990449
53d9ce49a1c1,W4221056744
53d9ce49a1c1,W4230023506
53d9ce49a1c1,W4234507228
53d9ce49a1c1,W4237108363
53d9ce49a1c1,W4237685592
53d9ce49a1c1,W4244261326
53d9ce49a1c1,W4244876162
53d9ce49a1c1,W4248281721
53d9ce49a1c1,W4253416135
53d9ce49a1c1,W4283029749
53d9ce49a1c1,W4284701769
53d9ce49a1c1,W4285027977
53d9ce49a1c1,W4289526566
53d9ce49a1c1,W4292663675
53d9ce49a1c1,W4308735987
53d9ce49a1c1,W4309094397
53d9ce49a1c1,W4311593645
53d9ce49a1c1,W4315475301
53d9ce49a1c1,W4316077069
53d9ce49a1c1,W4319788437
53d9ce49a1c1,W4320728435
53d9ce49a1c1,W4327580411
53d9ce49a1c1,W4327580797
53d9ce49a1c1,W4376125400
53d9ce49a1c1,W4381513337
53d9ce49a1c1,W4386647057
53d9ce49a1c1,W4387776945
53d9ce49a1c1,W4388230872
53d9ce49a1c1,W4392447224
53d9ce49a1c1,W4392940496
53d9ce49a1c1,W4396694082
53d9ce49a1c1,W4398223123
53d9ce49a1c1,W4399778430
53d9ce49a1c1,W4399969066
53d9ce49a1c1,W4402844017
53d9ce49a1c1,W4402919550
53d9ce49a1c1,W4403074734
53d9ce49a1c1,W4404163570
53d9ce49a1c1,W4404721456
53d9ce49a1c1,W4405394966
53d9ce49a1c1,W4405739174
53d9ce49a1c1,W4407393904
53d9ce49a1c1,W4407560021
53d9ce49a1c1,W4407873549
53d9ce49a1c1,W4407937338
53d9ce49a1c1,W4407937400
53d9ce49a1c1,W4408215738
53d9ce49a1c1,W4408251262
53d9ce49a1c1,W4408895032
53d9ce49a1c1,W4409317553
53d9ce49a1c1,W4409441205
53d9ce49a1c1,W4409750046
53d9ce49a1c1,W4410090858
53d9ce49a1c1,W4410412383
53d9ce49a1c1,W4411088328
53d9ce49a1c1,W4411577143
53d9ce49a1c1,W4411577179
53d9ce49a1c1,W4412158997
53d9ce49a1c1,W4412473704
53d9ce49a1c1,W4413173184
53d9ce49a1c1,W4413722253
53d9ce49a1c1,W4413725823
53d9ce49a1c1,W4414268297
53d9ce49a1c1,W4414939000
53d9ce49a1c1,W4415261832
53d9ce49a1c1,W4415651308
53d9ce49a1c1,W4415813320
53d9ce49a1c1,W4416137616
53d9ce49a1c1,W7105825510
53d9ce49a1c1,W7105912745
53d9ce49a1c1,W7106233748
53d9ce49a1c1,W7117112000
53d9ce49a1c1,W7155410231
53d9ce49a1c1,W7159848417
53d9ce49a1c1,W7160240042
53d9ce49a1c1,W7160309487
53d9ce49a1c1,W7160581481
53d9ce49a1c1,W7160952466
53d9ce49a1c1,W7160960775
53d9ce49a1c1,W7162546304
53d9ce49a1c1,W7162555808
53d9ce49a1c1,W7162756726
53d9ce49a1c1,W7164509326
53d9ce49a1c1,W7167240440
53d9ce49a1c1,W7167438032
53d9ce49a1c1,W7167712700
53d9ce49a1c1,W7167818821
53d9ce49a1c1,W7169718535
53d9ce49a1c1,W7170068094
53d9ce49a1c1,W7171637467
53d9ce49a1c1,W7172482843
53d9ce49a1c1,W7197003970
53d9ce49a1c1,W7197011708
5411f1b8b04a,W138582014
5411f1b8b04a,W1446334149
5411f1b8b04a,W1697133192
5411f1b8b04a,W189391035
5411f1b8b04a,W1974275080
5411f1b8b04a,W1983499381
5411f1b8b04a,W1984462708
5411f1b8b04a,W1985737346
5411f1b8b04a,W1986849819
5411f1b8b04a,W1994977702
5411f1b8b04a,W1995330870
5411f1b8b04a,W2012377313
5411f1b8b04a,W2017471678
5411f1b8b04a,W2034424709
5411f1b8b04a,W2043173595
5411f1b8b04a,W2066247645
5411f1b8b04a,W2069097650
5411f1b8b04a,W2070970889
5411f1b8b04a,W2098133035
5411f1b8b04a,W2124397784
5411f1b8b04a,W2155573402
5411f1b8b04a,W2161929883
5411f1b8b04a,W2163825195
5411f1b8b04a,W2164541411
5411f1b8b04a,W2166649364
5411f1b8b04a,W2204998780
5411f1b8b04a,W2395160995
5411f1b8b04a,W2398227004
5411f1b8b04a,W2398478682
5411f1b8b04a,W2403710930
5411f1b8b04a,W2408244496
5411f1b8b04a,W2408592521
5411f1b8b04a,W2491236570
5411f1b8b04a,W2518783919
5411f1b8b04a,W2519599339
5411f1b8b04a,W2519687833
5411f1b8b04a,W2519750174
5411f1b8b04a,W2520094964
5411f1b8b04a,W2520506355
5411f1b8b04a,W2521066040
5411f1b8b04a,W2521233877
5411f1b8b04a,W2521458405
5411f1b8b04a,W2521571664
5411f1b8b04a,W2521764883
5411f1b8b04a,W2521823408
5411f1b8b04a,W2521923787
5411f1b8b04a,W2522285830
5411f1b8b04a,W2522356134
5411f1b8b04a,W2522671623
5411f1b8b04a,W2523495147
5411f1b8b04a,W2523512828
5411f1b8b04a,W2523910186
5411f1b8b04a,W2524634402
5411f1b8b04a,W2525193479
5411f1b8b04a,W2525725033
5411f1b8b04a,W2525910796
5411f1b8b04a,W2525945008
5411f1b8b04a,W2526086287
5411f1b8b04a,W2526106164
5411f1b8b04a,W2526396423
5411f1b8b04a,W2526786879
5411f1b8b04a,W2526849398
5411f1b8b04a,W2527291611
5411f1b8b04a,W2527475114
5411f1b8b04a,W2528815602
5411f1b8b04a,W2529814833
5411f1b8b04a,W2566735205
5411f1b8b04a,W2732918277
5411f1b8b04a,W2742046749
5411f1b8b04a,W2755012317
5411f1b8b04a,W2766306331
5411f1b8b04a,W2785771155
5411f1b8b04a,W2800431779
5411f1b8b04a,W2800484619
5411f1b8b04a,W2800813648
5411f1b8b04a,W2804973344
5411f1b8b04a,W2809496588
5411f1b8b04a,W2902591385
5411f1b8b04a,W2937178417
5411f1b8b04a,W2964061033
5411f1b8b04a,W2968332487
5411f1b8b04a,W2968745341
5411f1b8b04a,W2981925679
5411f1b8b04a,W3007825774
5411f1b8b04a,W3014714617
5411f1b8b04a,W3043425463
5411f1b8b04a,W3044097394
5411f1b8b04a,W3044402970
5411f1b8b04a,W3045440533
5411f1b8b04a,W3046775278
5411f1b8b04a,W3047737488
5411f1b8b04a,W3080529017
5411f1b8b04a,W3084393429
5411f1b8b04a,W3087172893
5411f1b8b04a,W3112377065
5411f1b8b04a,W3134623880
5411f1b8b04a,W3138776331
5411f1b8b04a,W3154668322
5411f1b8b04a,W3163067486
5411f1b8b04a,W4200500014
5411f1b8b04a,W4200600962
5411f1b8b04a,W4210982991
5411f1b8b04a,W4213131350
5411f1b8b04a,W4226504205
5411f1b8b04a,W4239948205
5411f1b8b04a,W4250155888
5411f1b8b04a,W4254080110
5411f1b8b04a,W4282966747
5411f1b8b04a,W4287684800
5411f1b8b04a,W4292651857
5411f1b8b04a,W4311589977
5411f1b8b04a,W4365450775
5411f1b8b04a,W4376875053
5411f1b8b04a,W4378215944
5411f1b8b04a,W4386102946
5411f1b8b04a,W4386458846
5411f1b8b04a,W4390909248
5411f1b8b04a,W4391548211
5411f1b8b04a,W4394714357
5411f1b8b04a,W4397289953
5411f1b8b04a,W4399370173
5411f1b8b04a,W4401126579
5411f1b8b04a,W4402441701
5411f1b8b04a,W4403041539
5411f1b8b04a,W4405203062
5411f1b8b04a,W4406101463
5411f1b8b04a,W4406617993
5411f1b8b04a,W4406633044
5411f1b8b04a,W4406905980
5411f1b8b04a,W4407585133
5411f1b8b04a,W4407700432
5411f1b8b04a,W4407832541
5411f1b8b04a,W4408788233
5411f1b8b04a,W4408810633
5411f1b8b04a,W4408907844
5411f1b8b04a,W4409119980
5411f1b8b04a,W4409137964
5411f1b8b04a,W4409185140
5411f1b8b04a,W4409455681
5411f1b8b04a,W4409653112
5411f1b8b04a,W4412567308
5411f1b8b04a,W4413738353
5411f1b8b04a,W4413968031
5411f1b8b04a,W4414013391
5411f1b8b04a,W4414032115
5411f1b8b04a,W4414341611
5411f1b8b04a,W4414478557
5411f1b8b04a,W4414816743
5411f1b8b04a,W4415342425
5411f1b8b04a,W4415383471
5411f1b8b04a,W4415523707
5411f1b8b04a,W4416103787
5411f1b8b04a,W4416556849
5411f1b8b04a,W4416959060
5411f1b8b04a,W4417179003
5411f1b8b04a,W7119766523
5411f1b8b04a,W7128109085
5411f1b8b04a,W7128174106
5411f1b8b04a,W7128801078
5411f1b8b04a,W7129079241
5411f1b8b04a,W7130491301
5411f1b8b04a,W7134236606
5411f1b8b04a,W7134249331
5411f1b8b04a,W7134256475
5411f1b8b04a,W7134259601
5411f1b8b04a,W7134264628
5411f1b8b04a,W7134863585
5411f1b8b04a,W7134873855
5411f1b8b04a,W7134875885
5411f1b8b04a,W7134880855
5411f1b8b04a,W7135201638
5411f1b8b04a,W7135386208
5411f1b8b04a,W7135399353
5411f1b8b04a,W7135405544
5411f1b8b04a,W7135412032
5411f1b8b04a,W7135419998
5411f1b8b04a,W7136745270
5411f1b8b04a,W7136862808
5411f1b8b04a,W7137389528
5411f1b8b04a,W7137498795
5411f1b8b04a,W7137648839
5411f1b8b04a,W7137760619
5411f1b8b04a,W7139353982
5411f1b8b04a,W7147605194
5411f1b8b04a,W7148222872
5411f1b8b04a,W7153957694
5411f1b8b04a,W7154602951
5411f1b8b04a,W7154684109
5411f1b8b04a,W7154696134
5411f1b8b04a,W7154722801
5411f1b8b04a,W7154742595
5411f1b8b04a,W7154919758
5411f1b8b04a,W7154924488
5411f1b8b04a,W7155527230
5411f1b8b04a,W7159739244
5411f1b8b04a,W7160210243
5411f1b8b04a,W7160466250
5411f1b8b04a,W7160568362
5411f1b8b04a,W7160569065
5411f1b8b04a,W7160593664
5411f1b8b04a,W7160637824
5411f1b8b04a,W7160672117
5411f1b8b04a,W7162896052
5411f1b8b04a,W7163124317
5411f1b8b04a,W7163959573
5411f1b8b04a,W7164981178
5411f1b8b04a,W7166645837
5411f1b8b04a,W7167984643
5411f1b8b04a,W7167991490
5411f1b8b04a,W7167999797
5411f1b8b04a,W7168000236
5411f1b8b04a,W7168004225
5411f1b8b04a,W7168004963
5411f1b8b04a,W7168008597
5411f1b8b04a,W7168011585
5411f1b8b04a,W7168057615
5411f1b8b04a,W7171270788
5411f1b8b04a,W7196989058
5480cef34e47,W1857123336
5480cef34e47,W1972362066
5480cef34e47,W1982652936
5480cef34e47,W1986075306
5480cef34e47,W1989947114
5480cef34e47,W1991117791
5480cef34e47,W1991728611
5480cef34e47,W2002721847
5480cef34e47,W2008915858
5480cef34e47,W2011880401
5480cef34e47,W2022845458
5480cef34e47,W2026313323
5480cef34e47,W2035782785
5480cef34e47,W2035910761
5480cef34e47,W2035989472
5480cef34e47,W2045892233
5480cef34e47,W2054291297
5480cef34e47,W2064198183
5480cef34e47,W2065382517
5480cef34e47,W2086052399
5480cef34e47,W2093426783
5480cef34e47,W2100049637
5480cef34e47,W2116964329
5480cef34e47,W2118278630
5480cef34e47,W2119178560
5480cef34e47,W2147984103
5480cef34e47,W2153886200
5480cef34e47,W2155045133
5480cef34e47,W2171813576
5480cef34e47,W2276375783
5480cef34e47,W2303243836
5480cef34e47,W2322693884
5480cef34e47,W2469559502
5480cef34e47,W2527379178
5480cef34e47,W2527904535
5480cef34e47,W2528075421
5480cef34e47,W2573226912
5480cef34e47,W2607237936
5480cef34e47,W2725795171
5480cef34e47,W2728952220
5480cef34e47,W2741421272
5480cef34e47,W2749892072
5480cef34e47,W2782409008
5480cef34e47,W2783539483
5480cef34e47,W2785717772
5480cef34e47,W2788162940
5480cef34e47,W2789467919
5480cef34e47,W2810674826
5480cef34e47,W2889761511
5480cef34e47,W2894300582
5480cef34e47,W289971294
5480cef34e47,W2911180731
5480cef34e47,W2940528320
5480cef34e47,W2949031261
5480cef34e47,W2952388905
5480cef34e47,W2969493263
5480cef34e47,W2973314482
5480cef34e47,W2975115622
5480cef34e47,W2981911268
5480cef34e47,W2999001800
5480cef34e47,W3005676841
5480cef34e47,W3009158693
5480cef34e47,W3012599185
5480cef34e47,W3023231788
5480cef34e47,W3045003071
5480cef34e47,W3092002544
5480cef34e47,W3093598297
5480cef34e47,W3108638207
5480cef34e47,W3118549836
5480cef34e47,W3122249109
5480cef34e47,W3125094553
5480cef34e47,W3127162798
5480cef34e47,W3128403423
5480cef34e47,W3130252602
5480cef34e47,W3131011608
5480cef34e47,W3146035445
5480cef34e47,W3152194451
5480cef34e47,W3152806930
5480cef34e47,W3159549078
5480cef34e47,W3164592889
5480cef34e47,W3166451591
5480cef34e47,W3196831919
5480cef34e47,W3206744719
5480cef34e47,W3208782507
5480cef34e47,W3211330539
5480cef34e47,W4207016140
5480cef34e47,W4213131350
5480cef34e47,W4220778206
5480cef34e47,W4223637197
5480cef34e47,W4230139567
5480cef34e47,W4236272165
5480cef34e47,W4238494866
5480cef34e47,W4242569330
5480cef34e47,W4254634802
5480cef34e47,W4255593296
5480cef34e47,W4280577454
5480cef34e47,W4283715279
5480cef34e47,W4285036386
5480cef34e47,W4285987729
5480cef34e47,W4293070232
5480cef34e47,W4295929590
5480cef34e47,W4297445450
5480cef34e47,W4312863441
5480cef34e47,W4312983499
5480cef34e47,W4321017873
5480cef34e47,W4323323877
5480cef34e47,W4385263696
5480cef34e47,W4385416015
5480cef34e47,W4385617775
5480cef34e47,W4385636576
5480cef34e47,W4386470914
5480cef34e47,W4387311169
5480cef34e47,W4388217767
5480cef34e47,W4388688435
5480cef34e47,W4391925474
5480cef34e47,W4394072456
5480cef34e47,W4394088438
5480cef34e47,W4394109087
5480cef34e47,W4394111532
5480cef34e47,W4394113059
5480cef34e47,W4394114989
5480cef34e47,W4394130796
5480cef34e47,W4394136978
5480cef34e47,W4394146157
5480cef34e47,W4394149515
5480cef34e47,W4394155531
5480cef34e47,W4394157028
5480cef34e47,W4394159851
5480cef34e47,W4394169911
5480cef34e47,W4394170008
5480cef34e47,W4394170300
5480cef34e47,W4394176397
5480cef34e47,W4394185338
5480cef34e47,W4394217124
5480cef34e47,W4394222324
5480cef34e47,W4394229824
5480cef34e47,W4394230865
5480cef34e47,W4394243098
5480cef34e47,W4394244002
5480cef34e47,W4394244652
5480cef34e47,W4394251356
5480cef34e47,W4394261940
5480cef34e47,W4394276491
5480cef34e47,W4394280607
5480cef34e47,W4394297687
5480cef34e47,W4394311979
5480cef34e47,W4394328204
5480cef34e47,W4394338965
5480cef34e47,W4394349472
5480cef34e47,W4394349976
5480cef34e47,W4394366795
5480cef34e47,W4394382177
5480cef34e47,W4394382978
5480cef34e47,W4394399428
5480cef34e47,W4394406681
5480cef34e47,W4394423313
5480cef34e47,W4394427518
5480cef34e47,W4394436497
5480cef34e47,W4394447046
5480cef34e47,W4394469644
5480cef34e47,W4394490133
5480cef34e47,W4394504642
5480cef34e47,W4394509096
5480cef34e47,W4394519131
5480cef34e47,W4394520674
5480cef34e47,W4394521658
5480cef34e47,W4394523233
5480cef34e47,W4394525210
5480cef34e47,W4394533651
5480cef34e47,W4394538085
5480cef34e47,W4394542443
5480cef34e47,W4394543697
5480cef34e47,W4394544393
5480cef34e47,W4394554089
5480cef34e47,W4394559069
5480cef34e47,W4396860384
5480cef34e47,W4399213648
5480cef34e47,W4399607078
5480cef34e47,W4402580065
5480cef34e47,W4404687142
5480cef34e47,W4406624703
5480cef34e47,W4406934579
5480cef34e47,W4407194079
5480cef34e47,W4407550900
5480cef34e47,W4407551416
5480cef34e47,W4410453830
5480cef34e47,W4410632356
5480cef34e47,W4412861356
5480cef34e47,W4413695565
5480cef34e47,W4413948509
5480cef34e47,W4414010959
5480cef34e47,W4414180715
5480cef34e47,W4414307914
5480cef34e47,W4414318434
5480cef34e47,W4414318531
5480cef34e47,W4415882237
5480cef34e47,W7128184409
56769768a52f,W4404813465
56769768a52f,W4411407865
56769768a52f,W4415298924
56769768a52f,W7163681372
56769768a52f,W7163694813
56f098801e09,W3180959667
56f098801e09,W3205183070
56f098801e09,W3208397276
56f098801e09,W4285008158
56f098801e09,W4384827856
56f098801e09,W4386752285
56f098801e09,W4401894450
56f098801e09,W4405430528
56f098801e09,W4411020394
56f098801e09,W7117704200
56f098801e09,W7124413540
56f098801e09,W7143264041
56f098801e09,W7147064659
56f098801e09,W7162024131
56f098801e09,W7166490470
56f098801e09,W7166497772
56f098801e09,W7166548143
56f098801e09,W7168037641
56f098801e09,W7168944265
56f098801e09,W7170080351
578bff15166a,W2170519000
578bff15166a,W2255325610
578bff15166a,W2284636125
578bff15166a,W2346284979
578bff15166a,W2499084384
578bff15166a,W2587823169
578bff15166a,W2760362917
578bff15166a,W2780117878
578bff15166a,W2792525802
578bff15166a,W2914220300
578bff15166a,W2945006430
578bff15166a,W2947141262
578bff15166a,W2949600686
578bff15166a,W2977510354
578bff15166a,W2980241069
578bff15166a,W2999555239
578bff15166a,W3004930960
578bff15166a,W3010367471
578bff15166a,W3012878524
578bff15166a,W3026778752
578bff15166a,W3092822841
578bff15166a,W3113385839
578bff15166a,W3116748985
578bff15166a,W3135933302
578bff15166a,W3154424838
578bff15166a,W3158951052
578bff15166a,W3161260093
578bff15166a,W3163608345
578bff15166a,W3166596991
578bff15166a,W4200012776
578bff15166a,W4223606369
578bff15166a,W4230516904
578bff15166a,W4235516602
578bff15166a,W4241911227
578bff15166a,W4281960304
578bff15166a,W4283163594
578bff15166a,W4293241524
578bff15166a,W4303423360
578bff15166a,W4322491309
578bff15166a,W4375950842
578bff15166a,W4375951612
578bff15166a,W4377023396
578bff15166a,W4387607609
578bff15166a,W4391260926
578bff15166a,W4394714357
578bff15166a,W4396753281
578bff15166a,W4400446583
578bff15166a,W4402441701
578bff15166a,W4403244719
578bff15166a,W4408782401
578bff15166a,W4408815397
578bff15166a,W4408815402
578bff15166a,W4408815404
578bff15166a,W4409185140
578bff15166a,W4413127758
578bff15166a,W4413249059
578bff15166a,W4413699059
578bff15166a,W4414418590
578bff15166a,W4417327011
578bff15166a,W7139091389
578bff15166a,W7147686127
578bff15166a,W7168162437
5795ad212b7c,W4312101563
5795ad212b7c,W4410507082
5795ad212b7c,W4414207942
57f96ac37521,W3087289035
57f96ac37521,W3165589942
57f96ac37521,W3185824430
57f96ac37521,W3194159196
57f96ac37521,W3194460639
57f96ac37521,W3202798796
57f96ac37521,W3213103047
57f96ac37521,W3214099423
57f96ac37521,W3215791711
57f96ac37521,W4206657393
57f96ac37521,W4210579756
57f96ac37521,W4213131350
57f96ac37521,W4213275656
57f96ac37521,W4220660905
57f96ac37521,W4220818659
57f96ac37521,W4240499735
57f96ac37521,W4252922341
57f96ac37521,W4255449712
57f96ac37521,W4286253373
57f96ac37521,W4287448784
57f96ac37521,W4323663849
57f96ac37521,W4362633228
57f96ac37521,W4384406845
57f96ac37521,W4385480875
57f96ac37521,W4389373274
57f96ac37521,W4390986599
57f96ac37521,W4391875678
57f96ac37521,W4391889714
57f96ac37521,W4394114937
57f96ac37521,W4394433391
57f96ac37521,W4394434711
57f96ac37521,W4394459890
57f96ac37521,W4396939036
57f96ac37521,W4399733038
57f96ac37521,W4403973545
57f96ac37521,W4405265975
57f96ac37521,W4407681815
57f96ac37521,W4409161509
57f96ac37521,W4410026662
57f96ac37521,W4410282667
57f96ac37521,W4410412710
57f96ac37521,W4410608823
57f96ac37521,W4411020492
57f96ac37521,W4411638629
57f96ac37521,W4413318418
57f96ac37521,W4413358313
57f96ac37521,W4413358726
57f96ac37521,W4413522264
57f96ac37521,W4413572534
57f96ac37521,W4415159442
57f96ac37521,W7156372393
57f96ac37521,W7156690489
57f96ac37521,W7166059968
57f96ac37521,W7172143898
581a16f7eb7a,W2361238997
581a16f7eb7a,W2805138917
581a16f7eb7a,W3005884512
581a16f7eb7a,W3085815801
581a16f7eb7a,W3111010280
581a16f7eb7a,W3138016342
581a16f7eb7a,W3172392762
581a16f7eb7a,W3187630655
581a16f7eb7a,W3198223862
581a16f7eb7a,W4213131350
581a16f7eb7a,W4237498510
581a16f7eb7a,W4241517288
581a16f7eb7a,W4253504048
581a16f7eb7a,W4281684275
581a16f7eb7a,W4281846416
581a16f7eb7a,W4285491630
581a16f7eb7a,W4293105734
581a16f7eb7a,W4297223429
581a16f7eb7a,W4320038879
581a16f7eb7a,W4323519447
581a16f7eb7a,W4324028652
581a16f7eb7a,W4361012827
581a16f7eb7a,W4361733055
581a16f7eb7a,W4379260576
581a16f7eb7a,W4383498200
581a16f7eb7a,W4391471507
581a16f7eb7a,W4398140842
581a16f7eb7a,W4402547479
581a16f7eb7a,W4402575410
581a16f7eb7a,W4403819045
581a16f7eb7a,W4404312123
581a16f7eb7a,W4404590556
581a16f7eb7a,W4407953084
581a16f7eb7a,W4408323395
581a16f7eb7a,W4408737230
581a16f7eb7a,W4413106047
581a16f7eb7a,W4414528125
581a16f7eb7a,W4415623186
581a16f7eb7a,W4416424672
581a16f7eb7a,W7128159850
581a16f7eb7a,W7162858763
581a16f7eb7a,W7163880618
581a16f7eb7a,W7167447004
581a16f7eb7a,W7167567296
581a16f7eb7a,W7167617052
581a16f7eb7a,W7167869420
5954a0cb9f60,W2409609236
5954a0cb9f60,W2787013127
5954a0cb9f60,W2890207431
5954a0cb9f60,W2913561530
5954a0cb9f60,W3174935857
5954a0cb9f60,W4220766236
5954a0cb9f60,W4315650557
5954a0cb9f60,W4362472880
5954a0cb9f60,W4388706611
5954a0cb9f60,W4399850561
5954a0cb9f60,W4400524526
5954a0cb9f60,W4405388361
5954a0cb9f60,W4411045115
5954a0cb9f60,W4411921583
5954a0cb9f60,W7125927902
5954a0cb9f60,W7165019264
5b3a2273959d,W2345351321
5b3a2273959d,W2809415347
5b3a2273959d,W4397292890
5b3a2273959d,W4407080476
5b3a2273959d,W4412134464
5b3a2273959d,W4415416802
5b3a2273959d,W7166737338
5c1147e75a39,W115912226
5c1147e75a39,W137903233
5c1147e75a39,W145574288
5c1147e75a39,W179075949
5c1147e75a39,W1840461090
5c1147e75a39,W1964308398
5c1147e75a39,W1967196070
5c1147e75a39,W1985268142
5c1147e75a39,W1992928663
5c1147e75a39,W205321729
5c1147e75a39,W2087380240
5c1147e75a39,W2088795864
5c1147e75a39,W2094007436
5c1147e75a39,W2097460461
5c1147e75a39,W2105104570
5c1147e75a39,W2110532960
5c1147e75a39,W2113563134
5c1147e75a39,W2121870010
5c1147e75a39,W2126844163
5c1147e75a39,W2129480442
5c1147e75a39,W2136014915
5c1147e75a39,W2149209567
5c1147e75a39,W2153545081
5c1147e75a39,W2155708977
5c1147e75a39,W2156885407
5c1147e75a39,W2165874505
5c1147e75a39,W2166066762
5c1147e75a39,W2167433553
5c1147e75a39,W2168408957
5c1147e75a39,W2170081013
5c1147e75a39,W219854783
5c1147e75a39,W2252643403
5c1147e75a39,W2258657256
5c1147e75a39,W2267460971
5c1147e75a39,W2269061526
5c1147e75a39,W2293753594
5c1147e75a39,W2398689286
5c1147e75a39,W2401916517
5c1147e75a39,W2404323784
5c1147e75a39,W2414636392
5c1147e75a39,W2528720256
5c1147e75a39,W2529848501
5c1147e75a39,W2530787926
5c1147e75a39,W2546246448
5c1147e75a39,W2584631268
5c1147e75a39,W2596255216
5c1147e75a39,W2602609633
5c1147e75a39,W2617021429
5c1147e75a39,W2618985514
5c1147e75a39,W2624106902
5c1147e75a39,W2783445495
5c1147e75a39,W2786867304
5c1147e75a39,W2787407724
5c1147e75a39,W2787727518
5c1147e75a39,W2788971204
5c1147e75a39,W2792076440
5c1147e75a39,W2886121380
5c1147e75a39,W2887893568
5c1147e75a39,W2900126172
5c1147e75a39,W2937961666
5c1147e75a39,W2942564397
5c1147e75a39,W2943629219
5c1147e75a39,W2950424818
5c1147e75a39,W2966876295
5c1147e75a39,W2972514854
5c1147e75a39,W2972736457
5c1147e75a39,W2973177751
5c1147e75a39,W2977826936
5c1147e75a39,W2978733846
5c1147e75a39,W2978770669
5c1147e75a39,W2979226882
5c1147e75a39,W2981313660
5c1147e75a39,W2982116886
5c1147e75a39,W3001389452
5c1147e75a39,W3011470258
5c1147e75a39,W3093425648
5c1147e75a39,W3094657478
5c1147e75a39,W3095591722
5c1147e75a39,W3119769212
5c1147e75a39,W3143705137
5c1147e75a39,W3157210928
5c1147e75a39,W3178759773
5c1147e75a39,W3184575752
5c1147e75a39,W3184901084
5c1147e75a39,W3186398734
5c1147e75a39,W3211989188
5c1147e75a39,W3216869777
5c1147e75a39,W361443397
5c1147e75a39,W4213104986
5c1147e75a39,W4232351870
5c1147e75a39,W4235540440
5c1147e75a39,W4235992191
5c1147e75a39,W4238610885
5c1147e75a39,W4239273613
5c1147e75a39,W4243507879
5c1147e75a39,W4248865147
5c1147e75a39,W4251467969
5c1147e75a39,W4253705652
5c1147e75a39,W4255152042
5c1147e75a39,W4309185050
5c1147e75a39,W4309972030
5c1147e75a39,W4316193505
5c1147e75a39,W4321003994
5c1147e75a39,W4377823484
5c1147e75a39,W4379010534
5c1147e75a39,W4386843646
5c1147e75a39,W4389849524
5c1147e75a39,W4392638037
5c1147e75a39,W4392939328
5c1147e75a39,W4393118417
5c1147e75a39,W4394059800
5c1147e75a39,W4394714357
5c1147e75a39,W4396225186
5c1147e75a39,W4401206033
5c1147e75a39,W4402441701
5c1147e75a39,W4403589374
5c1147e75a39,W4407393904
5c1147e75a39,W4409185140
5c1147e75a39,W4410598585
5c1147e75a39,W4410628980
5c1147e75a39,W4410813218
5c1147e75a39,W4410813219
5c1147e75a39,W4411343229
5c1147e75a39,W4411353534
5c1147e75a39,W4411645631
5c1147e75a39,W4412615907
5c1147e75a39,W4415407146
5c1147e75a39,W4416959060
5c1147e75a39,W7135761044
5c1147e75a39,W7161373402
5c1147e75a39,W7166506886
5c1147e75a39,W7167737825
5c1147e75a39,W7167986900
5c1dcc59d9b8,W2893914303
5c1dcc59d9b8,W2947536356
5c1dcc59d9b8,W3110854217
5c1dcc59d9b8,W3137363037
5c1dcc59d9b8,W4200328292
5c1dcc59d9b8,W4233673688
5c1dcc59d9b8,W4319788437
5c1dcc59d9b8,W4320897595
5c1dcc59d9b8,W4376125400
5c1dcc59d9b8,W4385302834
5c1dcc59d9b8,W4385358364
5c1dcc59d9b8,W4386647057
5c1dcc59d9b8,W4389125572
5c1dcc59d9b8,W4389125679
5c1dcc59d9b8,W4389125699
5c1dcc59d9b8,W4392939976
5c1dcc59d9b8,W4392940496
5c1dcc59d9b8,W4393278347
5c1dcc59d9b8,W4393279181
5c1dcc59d9b8,W4399969066
5c1dcc59d9b8,W4401384909
5c1dcc59d9b8,W4409028004
5c1dcc59d9b8,W4410090858
5c1dcc59d9b8,W4412107886
5c1dcc59d9b8,W4417201311
5c1dcc59d9b8,W7131085306
5c1dcc59d9b8,W7166584010
5c1dcc59d9b8,W7167507712
5c1dcc59d9b8,W7197011708
5d852cb1b6e5,W114881936
5d852cb1b6e5,W3111269808
5d852cb1b6e5,W3174840528
5d852cb1b6e5,W3185912040
5d852cb1b6e5,W3217168354
5d852cb1b6e5,W4200163266
5d852cb1b6e5,W4200328292
5d852cb1b6e5,W4210318139
5d852cb1b6e5,W4210857952
5d852cb1b6e5,W4221056744
5d852cb1b6e5,W4243351287
5d852cb1b6e5,W4308735987
5d852cb1b6e5,W4312258788
5d852cb1b6e5,W4319788437
5d852cb1b6e5,W4322732087
5d852cb1b6e5,W4323896479
5d852cb1b6e5,W4361196413
5d852cb1b6e5,W4376646197
5d852cb1b6e5,W4379767936
5d852cb1b6e5,W4381513337
5d852cb1b6e5,W4391880064
5d852cb1b6e5,W4392360033
5d852cb1b6e5,W4392639762
5d852cb1b6e5,W4392735405
5d852cb1b6e5,W4399361042
5d852cb1b6e5,W4399370173
5d852cb1b6e5,W4400615114
5d852cb1b6e5,W4402919550
5d852cb1b6e5,W4404670220
5d852cb1b6e5,W4405394966
5d852cb1b6e5,W4405591878
5d852cb1b6e5,W4406641088
5d852cb1b6e5,W4406905980
5d852cb1b6e5,W4406946826
5d852cb1b6e5,W4407827735
5d852cb1b6e5,W4407828441
5d852cb1b6e5,W4407828695
5d852cb1b6e5,W4407831183
5d852cb1b6e5,W4408095706
5d852cb1b6e5,W4408251262
5d852cb1b6e5,W4411583949
5d852cb1b6e5,W4411732777
5d852cb1b6e5,W4413273662
5d852cb1b6e5,W4415416458
5d852cb1b6e5,W4415416634
5d852cb1b6e5,W4416218073
5d852cb1b6e5,W7154612010
5d852cb1b6e5,W7160545581
5d852cb1b6e5,W7160992400
5d852cb1b6e5,W7161020968
5d852cb1b6e5,W7162555808
5d852cb1b6e5,W7163582339
5d852cb1b6e5,W7172402793
5dd638edd6ed,W1509964327
5dd638edd6ed,W1537370684
5dd638edd6ed,W1587711506
5dd638edd6ed,W1608721788
5dd638edd6ed,W1989770200
5dd638edd6ed,W2067845296
5dd638edd6ed,W2959678447
5dd638edd6ed,W2972317069
5dd638edd6ed,W3015262786
5dd638edd6ed,W3030929194
5dd638edd6ed,W3049694882
5dd638edd6ed,W3081799366
5dd638edd6ed,W3110015979
5dd638edd6ed,W3123988623
5dd638edd6ed,W3155666854
5dd638edd6ed,W3165784103
5dd638edd6ed,W3175253421
5dd638edd6ed,W3186034642
5dd638edd6ed,W3204504405
5dd638edd6ed,W4200280308
5dd638edd6ed,W4210631748
5dd638edd6ed,W4213343044
5dd638edd6ed,W4229019898
5dd638edd6ed,W4283581464
5dd638edd6ed,W4287070796
5dd638edd6ed,W4291021120
5dd638edd6ed,W4293084730
5dd638edd6ed,W4312289842
5dd638edd6ed,W4312557381
5dd638edd6ed,W4312578319
5dd638edd6ed,W4317606000
5dd638edd6ed,W4321792844
5dd638edd6ed,W4322495056
5dd638edd6ed,W4360616747
5dd638edd6ed,W4362520968
5dd638edd6ed,W4362591380
5dd638edd6ed,W4362717987
5dd638edd6ed,W4387610508
5dd638edd6ed,W4394620661
5dd638edd6ed,W4399431236
5dd638edd6ed,W4401633443
5dd638edd6ed,W4405810628
5dd638edd6ed,W4408613968
5dd638edd6ed,W4410040114
5dd638edd6ed,W4412649027
5dd638edd6ed,W4412871963
5dd638edd6ed,W4414242547
5dd638edd6ed,W4415894100
5dd638edd6ed,W4415997318
5dd638edd6ed,W4416450305
5dd638edd6ed,W649574589
5dd638edd6ed,W7119507996
5dd638edd6ed,W7132851306
5dd638edd6ed,W7136862790
5dd638edd6ed,W7141584872
5dd638edd6ed,W7154117617
5eef8065efc5,W4283321795
5eef8065efc5,W7104725044
5eef8065efc5,W7155519688
5eef8065efc5,W7155543494
5eef8065efc5,W7160572356
5eef8065efc5,W7166067496
5eef8065efc5,W7166129493
5f568c95702d,W1835051027
5f568c95702d,W1979389045
5f568c95702d,W2003703832
5f568c95702d,W2022822029
5f568c95702d,W2048266902
5f568c95702d,W2063593712
5f568c95702d,W2070347582
5f568c95702d,W2099567232
5f568c95702d,W2101976615
5f568c95702d,W2117162752
5f568c95702d,W2118009483
5f568c95702d,W2123099414
5f568c95702d,W2139979279
5f568c95702d,W2140728977
5f568c95702d,W2140803895
5f568c95702d,W2143453334
5f568c95702d,W2146597028
5f568c95702d,W2165107368
5f568c95702d,W2213229289
5f568c95702d,W2282733895
5f568c95702d,W2295803031
5f568c95702d,W2398094318
5f568c95702d,W2400819164
5f568c95702d,W2405746833
5f568c95702d,W2472639808
5f568c95702d,W2481144107
5f568c95702d,W2505731664
5f568c95702d,W2509065067
5f568c95702d,W2515196805
5f568c95702d,W2532472911
5f568c95702d,W2546420738
5f568c95702d,W2555019469
5f568c95702d,W2559868624
5f568c95702d,W2559941670
5f568c95702d,W2560392493
5f568c95702d,W2560669458
5f568c95702d,W2560699559
5f568c95702d,W2560798078
5f568c95702d,W2603859445
5f568c95702d,W2768365376
5f568c95702d,W2769734978
5f568c95702d,W2776250252
5f568c95702d,W2776543308
5f568c95702d,W2783180691
5f568c95702d,W2786931204
5f568c95702d,W2790596930
5f568c95702d,W2793757369
5f568c95702d,W2796041620
5f568c95702d,W2796700656
5f568c95702d,W2799764825
5f568c95702d,W2800415382
5f568c95702d,W2800803445
5f568c95702d,W2805456119
5f568c95702d,W2806598150
5f568c95702d,W2809093444
5f568c95702d,W2884288110
5f568c95702d,W2887244875
5f568c95702d,W2887837110
5f568c95702d,W2903943377
5f568c95702d,W2904084635
5f568c95702d,W2949272465
5f568c95702d,W2951893327
5f568c95702d,W2953652258
5f568c95702d,W2958532717
5f568c95702d,W2968320970
5f568c95702d,W2978060606
5f568c95702d,W2981441778
5f568c95702d,W2995165016
5f568c95702d,W2997109175
5f568c95702d,W3002319139
5f568c95702d,W3011113154
5f568c95702d,W3035474783
5f568c95702d,W3085767221
5f568c95702d,W3104606175
5f568c95702d,W3105279880
5f568c95702d,W3110057133
5f568c95702d,W3124329177
5f568c95702d,W3126772094
5f568c95702d,W3135149575
5f568c95702d,W3139105153
5f568c95702d,W3158820268
5f568c95702d,W3161068217
5f568c95702d,W3162652378
5f568c95702d,W3167094172
5f568c95702d,W3170361172
5f568c95702d,W3173952121
5f568c95702d,W3175612154
5f568c95702d,W3196670832
5f568c95702d,W3201761624
5f568c95702d,W3211729281
5f568c95702d,W3212167289
5f568c95702d,W3217004573
5f568c95702d,W4200406687
5f568c95702d,W4200536304
5f568c95702d,W4210783725
5f568c95702d,W4210998142
5f568c95702d,W4211002432
5f568c95702d,W4214662435
5f568c95702d,W4214760867
5f568c95702d,W4221096796
5f568c95702d,W4224291038
5f568c95702d,W4229844005
5f568c95702d,W4230950563
5f568c95702d,W4235215094
5f568c95702d,W4237584556
5f568c95702d,W4238767667
5f568c95702d,W4238902956
5f568c95702d,W4241675618
5f568c95702d,W4241912637
5f568c95702d,W4242110678
5f568c95702d,W4242958052
5f568c95702d,W4244516975
5f568c95702d,W4247482716
5f568c95702d,W4247914379
5f568c95702d,W4249108554
5f568c95702d,W4249435087
5f568c95702d,W4251691486
5f568c95702d,W4251736031
5f568c95702d,W4251927638
5f568c95702d,W4252442961
5f568c95702d,W4253763813
5f568c95702d,W4254145045
5f568c95702d,W4254217805
5f568c95702d,W4254777563
5f568c95702d,W4255611384
5f568c95702d,W4284897266
5f568c95702d,W4286632955
5f568c95702d,W4288089043
5f568c95702d,W4306761530
5f568c95702d,W4307836413
5f568c95702d,W4308733137
5f568c95702d,W4312101563
5f568c95702d,W4318150379
5f568c95702d,W4318828009
5f568c95702d,W4321055752
5f568c95702d,W4324145387
5f568c95702d,W4366427237
5f568c95702d,W4376255007
5f568c95702d,W4378377528
5f568c95702d,W4379653279
5f568c95702d,W4381189267
5f568c95702d,W4382654394
5f568c95702d,W4384831757
5f568c95702d,W4385268770
5f568c95702d,W4386448878
5f568c95702d,W4387058457
5f568c95702d,W4387300221
5f568c95702d,W4388977667
5f568c95702d,W4391143802
5f568c95702d,W4392857068
5f568c95702d,W4394142100
5f568c95702d,W4394191808
5f568c95702d,W4394448118
5f568c95702d,W4399042364
5f568c95702d,W4399526534
5f568c95702d,W4399888886
5f568c95702d,W4400239793
5f568c95702d,W4400581630
5f568c95702d,W4400746096
5f568c95702d,W4400900739
5f568c95702d,W4400928296
5f568c95702d,W4400947396
5f568c95702d,W4400958836
5f568c95702d,W4400958950
5f568c95702d,W4401028378
5f568c95702d,W4401029486
5f568c95702d,W4401888270
5f568c95702d,W4402212858
5f568c95702d,W4402730828
5f568c95702d,W4402923303
5f568c95702d,W4405282223
5f568c95702d,W4406855740
5f568c95702d,W4407200121
5f568c95702d,W4407263537
5f568c95702d,W4407394566
5f568c95702d,W4407534944
5f568c95702d,W4407779358
5f568c95702d,W4407863224
5f568c95702d,W4408071315
5f568c95702d,W4408215660
5f568c95702d,W4408432112
5f568c95702d,W4410383479
5f568c95702d,W4410639336
5f568c95702d,W4410768466
5f568c95702d,W4414321472
5f568c95702d,W4414879564
5f568c95702d,W4415149087
5f568c95702d,W4415411035
5f568c95702d,W4415417545
5f568c95702d,W4415417999
5f568c95702d,W4415418016
5f568c95702d,W4415418085
5f568c95702d,W4416583473
5f568c95702d,W7135055089
5f568c95702d,W7154417776
5f568c95702d,W7162471387
5f568c95702d,W7166799495
5f568c95702d,W7167272832
5f568c95702d,W7167580531
5f568c95702d,W7169882526
5f568c95702d,W7171767470
5f568c95702d,W7171821834
5f8a9fe88661,W2001142585
5f8a9fe88661,W2091471616
5f8a9fe88661,W2797859957
5f8a9fe88661,W2908765466
5f8a9fe88661,W2980624415
5f8a9fe88661,W2981277085
5f8a9fe88661,W3028234397
5f8a9fe88661,W3043202850
5f8a9fe88661,W3083701917
5f8a9fe88661,W3086387987
5f8a9fe88661,W3126533132
5f8a9fe88661,W3164861143
5f8a9fe88661,W3165014094
5f8a9fe88661,W4220878129
5f8a9fe88661,W4243842289
5f8a9fe88661,W4250431364
5f8a9fe88661,W4251997540
5f8a9fe88661,W4304757502
5f8a9fe88661,W4310973911
5f8a9fe88661,W4313891878
5f8a9fe88661,W4313892004
5f8a9fe88661,W4360976203
5f8a9fe88661,W4382404271
5f8a9fe88661,W4384157040
5f8a9fe88661,W4385287532
5f8a9fe88661,W4385632432
5f8a9fe88661,W4386836394
5f8a9fe88661,W4386964667
5f8a9fe88661,W4392940496
5f8a9fe88661,W4399884349
5f8a9fe88661,W4401859947
5f8a9fe88661,W4404561908
5f8a9fe88661,W4405321909
5f8a9fe88661,W4406967006
5f8a9fe88661,W4407013730
5f8a9fe88661,W4407013916
5f8a9fe88661,W4407019352
5f8a9fe88661,W4407029066
5f8a9fe88661,W4407585569
5f8a9fe88661,W4407689246
5f8a9fe88661,W4410494862
5f8a9fe88661,W4410495251
5f8a9fe88661,W4411278411
5f8a9fe88661,W4412125509
5f8a9fe88661,W4412585250
5f8a9fe88661,W4413007327
5f8a9fe88661,W4414320733
5f8a9fe88661,W4414993674
5f8a9fe88661,W4415505833
5f8a9fe88661,W4415531844
5f8a9fe88661,W4416071533
5f8a9fe88661,W4416392882
5f8a9fe88661,W7104932936
5f8a9fe88661,W7116307225
5f8a9fe88661,W7116315248
5f8a9fe88661,W7133609368
5f8a9fe88661,W7134046385
5f8a9fe88661,W7136058936
5f8a9fe88661,W7137069472
5f8a9fe88661,W7137892986
5f8a9fe88661,W7138824147
5f8a9fe88661,W7139927387
5f8a9fe88661,W7139968716
5f8a9fe88661,W7140050802
5f8a9fe88661,W7140065549
5f8a9fe88661,W7140242118
5f8a9fe88661,W7148458754
5f8a9fe88661,W7155172624
5f8a9fe88661,W7155186390
5f8a9fe88661,W7155210898
5f8a9fe88661,W7160014703
5f8a9fe88661,W7160740200
5f8a9fe88661,W7162082264
5f8a9fe88661,W7165048774
5f8a9fe88661,W7167987114
5fc811d101fa,W2920858167
5fc811d101fa,W4283526515
5fc811d101fa,W4313424200
5fc811d101fa,W4401505627
60080d4037e7,W1965889995
60080d4037e7,W1967837460
60080d4037e7,W1975780404
60080d4037e7,W1993147121
60080d4037e7,W2020947858
60080d4037e7,W2056169857
60080d4037e7,W2062441132
60080d4037e7,W2131709138
60080d4037e7,W2264830005
60080d4037e7,W2277766230
60080d4037e7,W2333757417
60080d4037e7,W2538225855
60080d4037e7,W2748076572
60080d4037e7,W2792166641
60080d4037e7,W2898667463
60080d4037e7,W2899490122
60080d4037e7,W2902433052
60080d4037e7,W2911557769
60080d4037e7,W2922054154
60080d4037e7,W2936878219
60080d4037e7,W2963728359
60080d4037e7,W2981060944
60080d4037e7,W2982452016
60080d4037e7,W2995471233
60080d4037e7,W3013383160
60080d4037e7,W3015096936
60080d4037e7,W3015275321
60080d4037e7,W3022939366
60080d4037e7,W3023445008
60080d4037e7,W3049690191
60080d4037e7,W3092777257
60080d4037e7,W3112181967
60080d4037e7,W3123246934
60080d4037e7,W3149763338
60080d4037e7,W3175732146
60080d4037e7,W3178829790
60080d4037e7,W3187918203
60080d4037e7,W3214062352
60080d4037e7,W3215045163
60080d4037e7,W3215264826
60080d4037e7,W4213131350
60080d4037e7,W4224006230
60080d4037e7,W4225136990
60080d4037e7,W4226159213
60080d4037e7,W4237498510
60080d4037e7,W4241172996
60080d4037e7,W4243468314
60080d4037e7,W4249811656
60080d4037e7,W4252556670
60080d4037e7,W4281684275
60080d4037e7,W4290091346
60080d4037e7,W4297223429
60080d4037e7,W4381513605
60080d4037e7,W4383374754
60080d4037e7,W4383908570
60080d4037e7,W4386944244
60080d4037e7,W4387056647
60080d4037e7,W4387360431
60080d4037e7,W4387386777
60080d4037e7,W4387386870
60080d4037e7,W4391696423
60080d4037e7,W7125687899
60080d4037e7,W7125761539
60080d4037e7,W7125764450
60080d4037e7,W7128105252
60080d4037e7,W7128400935
60080d4037e7,W7128761211
60080d4037e7,W7128894511
6026830c00e0,W1862792599
6026830c00e0,W1995224049
6026830c00e0,W2587703351
6026830c00e0,W2604397860
6026830c00e0,W2614954236
6026830c00e0,W2781281286
6026830c00e0,W2802869199
6026830c00e0,W2884095424
6026830c00e0,W2924320908
6026830c00e0,W2952535337
6026830c00e0,W2961780322
6026830c00e0,W2969523108
6026830c00e0,W2989908851
6026830c00e0,W3028444886
6026830c00e0,W3093399866
6026830c00e0,W3137946640
6026830c00e0,W3169631360
6026830c00e0,W3202375715
6026830c00e0,W3209555098
6026830c00e0,W4228999088
6026830c00e0,W4243378373
6026830c00e0,W4251206885
6026830c00e0,W4280511281
6026830c00e0,W4284709698
6026830c00e0,W4285129135
6026830c00e0,W4292436111
6026830c00e0,W4292842392
6026830c00e0,W4296874333
6026830c00e0,W4308401418
6026830c00e0,W4310230603
6026830c00e0,W4362673096
6026830c00e0,W4386979653
6026830c00e0,W4408207774
6026830c00e0,W4410383938
6026830c00e0,W7160479878
6026830c00e0,W7163812518
6026830c00e0,W7167060808
6026b01e366d,W2794022842
6026b01e366d,W2898245750
6026b01e366d,W3014953562
6026b01e366d,W3091396517
6026b01e366d,W3134108900
6026b01e366d,W3135579898
6026b01e366d,W3159630331
6026b01e366d,W3169892228
6026b01e366d,W3172392762
6026b01e366d,W3187630655
6026b01e366d,W3193617716
6026b01e366d,W3196298436
6026b01e366d,W3196505488
6026b01e366d,W3198008139
6026b01e366d,W3198814438
6026b01e366d,W3198883437
6026b01e366d,W3215079418
6026b01e366d,W4200108462
6026b01e366d,W4213131350
6026b01e366d,W4223932454
6026b01e366d,W4226504205
6026b01e366d,W4231394344
6026b01e366d,W4233581695
6026b01e366d,W4237498510
6026b01e366d,W4241517288
6026b01e366d,W4243618065
6026b01e366d,W4281684275
6026b01e366d,W4281846416
6026b01e366d,W4281969040
6026b01e366d,W4293105734
6026b01e366d,W4297223429
6026b01e366d,W4308473940
6026b01e366d,W4309655425
6026b01e366d,W4315749175
6026b01e366d,W4320038879
6026b01e366d,W4376140864
6026b01e366d,W4376875053
6026b01e366d,W4378676334
6026b01e366d,W4385240232
6026b01e366d,W4386164964
6026b01e366d,W4391440317
6026b01e366d,W4399370173
6026b01e366d,W4402441701
6026b01e366d,W4403303889
6026b01e366d,W4404617880
6026b01e366d,W4405334302
6026b01e366d,W4405446826
6026b01e366d,W4405734106
6026b01e366d,W4406905980
6026b01e366d,W4408323395
6026b01e366d,W4408737230
6026b01e366d,W4409781041
6026b01e366d,W4411089724
6026b01e366d,W4415388729
6026b01e366d,W4415396639
6026b01e366d,W4415630324
6026b01e366d,W4416103787
6026b01e366d,W4416959060
6128144f020a,W2095249442
6128144f020a,W2897841348
6128144f020a,W2942530475
6128144f020a,W2965303369
6128144f020a,W3094423256
6128144f020a,W3105647717
6128144f020a,W3212590270
6128144f020a,W4285199956
6128144f020a,W4312129539
6128144f020a,W4386583761
6128144f020a,W4389080598
6128144f020a,W4394156598
6128144f020a,W4398481048
6128144f020a,W4398681702
6128144f020a,W4409179041
61af427308f2,W4415171886
61af427308f2,W7166359837
61afac3565c8,W7169786614
61f4650ce66f,W3163029251
61f4650ce66f,W3164126163
61f4650ce66f,W3166172083
61f4650ce66f,W3176762074
61f4650ce66f,W3178042670
61f4650ce66f,W3195023662
61f4650ce66f,W3199360733
61f4650ce66f,W4214536203
61f4650ce66f,W4225368669
61f4650ce66f,W4231833393
61f4650ce66f,W4248880025
61f4650ce66f,W4281298510
61f4650ce66f,W4283269990
61f4650ce66f,W4323826303
61f4650ce66f,W4365514383
61f4650ce66f,W4390884685
61f4650ce66f,W4399124940
61f4650ce66f,W4402051815
61f4650ce66f,W4402812730
61f4650ce66f,W4403201940
61f4650ce66f,W4404109184
61f4650ce66f,W4407006764
61f4650ce66f,W4407804576
61f4650ce66f,W4407963835
61f4650ce66f,W4408195477
61f4650ce66f,W4409671689
61f4650ce66f,W4412406583
61f4650ce66f,W4412692361
61f4650ce66f,W4414301240
61f4650ce66f,W7147605194
61f4650ce66f,W7148222872
61f4650ce66f,W7163925115
61f4650ce66f,W7165139488
61f4650ce66f,W7165171277
622e660c3be1,W1997518895
622e660c3be1,W2000961441
622e660c3be1,W2032872579
622e660c3be1,W2037429901
622e660c3be1,W2048077272
622e660c3be1,W2049679124
622e660c3be1,W2066673169
622e660c3be1,W2076474596
622e660c3be1,W2123888304
622e660c3be1,W2129974396
622e660c3be1,W2134165085
622e660c3be1,W2137491003
622e660c3be1,W2140703911
622e660c3be1,W2295089651
622e660c3be1,W2360105174
622e660c3be1,W2462934906
622e660c3be1,W2530835401
622e660c3be1,W2560016875
622e660c3be1,W2593449438
622e660c3be1,W2596573457
622e660c3be1,W2619420073
622e660c3be1,W269005324
622e660c3be1,W2701055134
622e660c3be1,W2724536974
622e660c3be1,W2749582412
622e660c3be1,W3002338557
622e660c3be1,W3003425504
622e660c3be1,W3047462885
622e660c3be1,W3084758935
622e660c3be1,W3091314188
622e660c3be1,W3108007042
622e660c3be1,W3124840965
622e660c3be1,W3129211852
622e660c3be1,W3157270867
622e660c3be1,W3196277650
622e660c3be1,W4206781934
622e660c3be1,W4220817474
622e660c3be1,W4247208671
622e660c3be1,W4289745556
622e660c3be1,W4315786975
622e660c3be1,W4318814708
622e660c3be1,W4323067115
622e660c3be1,W4361011511
622e660c3be1,W4362589973
622e660c3be1,W4383503666
622e660c3be1,W4385457663
622e660c3be1,W4387664600
622e660c3be1,W4388562463
622e660c3be1,W4389683254
622e660c3be1,W4391032476
622e660c3be1,W4396773945
622e660c3be1,W4403965270
622e660c3be1,W4404287903
622e660c3be1,W4408095706
622e660c3be1,W4408393755
622e660c3be1,W4408414140
622e660c3be1,W4408468937
622e660c3be1,W4409727221
622e660c3be1,W4411373853
622e660c3be1,W4412020205
622e660c3be1,W4413273662
622e660c3be1,W4413641399
622e660c3be1,W4413683878
622e660c3be1,W4413772024
622e660c3be1,W4415416458
622e660c3be1,W4415416634
622e660c3be1,W4416736909
622e660c3be1,W636652762
622e660c3be1,W7133230746
622e660c3be1,W7133244143
622e660c3be1,W7140139026
622e660c3be1,W7160950658
622e660c3be1,W7164672082
622e660c3be1,W7164976965
628fd73c8290,W4323029894
628fd73c8290,W4385721988
628fd73c8290,W4394714357
628fd73c8290,W4394977886
628fd73c8290,W4400165069
628fd73c8290,W4401234044
628fd73c8290,W4402126389
628fd73c8290,W4402441701
628fd73c8290,W4402641704
628fd73c8290,W4407864789
628fd73c8290,W4407864821
628fd73c8290,W4409185140
628fd73c8290,W4409582446
628fd73c8290,W4409593269
628fd73c8290,W4410847160
628fd73c8290,W4411932514
628fd73c8290,W4416756906
628fd73c8290,W4416959060
628fd73c8290,W4416995834
628fd73c8290,W7124468278
628fd73c8290,W7135201638
628fd73c8290,W7136862808
628fd73c8290,W7139353982
628fd73c8290,W7153957694
628fd73c8290,W7161982224
628fd73c8290,W7162896052
628fd73c8290,W7167440383
628fd73c8290,W7167501109
628fd73c8290,W7169838404
629756e56eb3,W2158290290
629756e56eb3,W2806842180
629756e56eb3,W2883068512
629756e56eb3,W2886376938
629756e56eb3,W2950608206
629756e56eb3,W2958645189
629756e56eb3,W2979597415
629756e56eb3,W2979675552
629756e56eb3,W2980867525
629756e56eb3,W2980907177
629756e56eb3,W2981211959
629756e56eb3,W2981427259
629756e56eb3,W2981512213
629756e56eb3,W2981680256
629756e56eb3,W2982139785
629756e56eb3,W2982154069
629756e56eb3,W2991298748
629756e56eb3,W3014559480
629756e56eb3,W3039193060
629756e56eb3,W3043454653
629756e56eb3,W3082324647
629756e56eb3,W3092339194
629756e56eb3,W3104252027
629756e56eb3,W3109052907
629756e56eb3,W3135232457
629756e56eb3,W3169931875
629756e56eb3,W3172065203
629756e56eb3,W3174368456
629756e56eb3,W3174831026
629756e56eb3,W3186363940
629756e56eb3,W3193276337
629756e56eb3,W4213131350
629756e56eb3,W4238859670
629756e56eb3,W4255479169
629756e56eb3,W4281481502
629756e56eb3,W4283013740
629756e56eb3,W4313640641
629756e56eb3,W7119490360
629756e56eb3,W7125761438
6433a08abff2,W1923022314
6433a08abff2,W2135202833
6433a08abff2,W2462214813
6433a08abff2,W2610984002
6433a08abff2,W27936046
6433a08abff2,W2886535112
6433a08abff2,W2890741416
6433a08abff2,W2905183298
6433a08abff2,W2943624092
6433a08abff2,W2970339384
6433a08abff2,W2990505147
6433a08abff2,W2990619690
6433a08abff2,W3041748517
6433a08abff2,W3094398554
6433a08abff2,W3133539069
6433a08abff2,W3133617553
6433a08abff2,W3161293804
6433a08abff2,W3172284288
6433a08abff2,W3200068040
6433a08abff2,W3212155597
6433a08abff2,W4224055741
6433a08abff2,W4241043012
6433a08abff2,W4242321743
6433a08abff2,W4309866986
6433a08abff2,W4313125659
6433a08abff2,W4385302679
6433a08abff2,W4385806814
6433a08abff2,W4386380356
6433a08abff2,W4386448810
6433a08abff2,W4387029554
6433a08abff2,W4387459734
6433a08abff2,W4393445106
6433a08abff2,W4393599672
6433a08abff2,W4393638815
6433a08abff2,W4394024761
6433a08abff2,W4394389429
6433a08abff2,W4394399838
6433a08abff2,W4401628743
6433a08abff2,W7154009019
64450b32ee19,W158963749
64450b32ee19,W2281189562
64450b32ee19,W2344221850
64450b32ee19,W2914746437
64450b32ee19,W3015118770
64450b32ee19,W3040541784
64450b32ee19,W3095021132
64450b32ee19,W3108240623
64450b32ee19,W3108433935
64450b32ee19,W3166861731
64450b32ee19,W3208133639
64450b32ee19,W3209383384
64450b32ee19,W3212805212
64450b32ee19,W4287027658
64450b32ee19,W4302324072
64450b32ee19,W4313485259
64450b32ee19,W4382601112
64450b32ee19,W4385984249
64450b32ee19,W4386847795
64450b32ee19,W4389197077
64450b32ee19,W4395476790
64450b32ee19,W4396926829
64450b32ee19,W4399574259
64450b32ee19,W4399586063
64450b32ee19,W4399591309
64450b32ee19,W4414241261
64450b32ee19,W7106214546
64450b32ee19,W7106240740
64450b32ee19,W7106251451
64450b32ee19,W7106296338
64450b32ee19,W7106312065
64450b32ee19,W7106338209
64450b32ee19,W7108077687
64450b32ee19,W7108089641
64450b32ee19,W7115929670
64450b32ee19,W7115942382
64450b32ee19,W7116041165
64450b32ee19,W7116086923
64450b32ee19,W7162867893
64450b32ee19,W7162872007
64450b32ee19,W7162938925
64450b32ee19,W7162939065
64450b32ee19,W7162942590
64450b32ee19,W7162942622
64450b32ee19,W7166843442
65c9474eeb7a,W106002629
65c9474eeb7a,W1174472127
65c9474eeb7a,W1483151038
65c9474eeb7a,W163776849
65c9474eeb7a,W1911056405
65c9474eeb7a,W1964277120
65c9474eeb7a,W1987970729
65c9474eeb7a,W1988357742
65c9474eeb7a,W1992359311
65c9474eeb7a,W2000946154
65c9474eeb7a,W2007931768
65c9474eeb7a,W2023098517
65c9474eeb7a,W2039842263
65c9474eeb7a,W2040188727
65c9474eeb7a,W2041494802
65c9474eeb7a,W2051572423
65c9474eeb7a,W2054147233
65c9474eeb7a,W2070822454
65c9474eeb7a,W2079448479
65c9474eeb7a,W2087325970
65c9474eeb7a,W2090772092
65c9474eeb7a,W2131237709
65c9474eeb7a,W2142409449
65c9474eeb7a,W2145008513
65c9474eeb7a,W2150548285
65c9474eeb7a,W2152682796
65c9474eeb7a,W2158378430
65c9474eeb7a,W2160257263
65c9474eeb7a,W2161308071
65c9474eeb7a,W2172043176
65c9474eeb7a,W2182249681
65c9474eeb7a,W2185524134
65c9474eeb7a,W2270923873
65c9474eeb7a,W2273859401
65c9474eeb7a,W2321979199
65c9474eeb7a,W2346022892
65c9474eeb7a,W2369839597
65c9474eeb7a,W2381089592
65c9474eeb7a,W2395280572
65c9474eeb7a,W2411587310
65c9474eeb7a,W2414203824
65c9474eeb7a,W2467868540
65c9474eeb7a,W2481742050
65c9474eeb7a,W2550455844
65c9474eeb7a,W2608540021
65c9474eeb7a,W2763344583
65c9474eeb7a,W2774719620
65c9474eeb7a,W2783747082
65c9474eeb7a,W2790368840
65c9474eeb7a,W2790554409
65c9474eeb7a,W2794566112
65c9474eeb7a,W2911015105
65c9474eeb7a,W2999894426
65c9474eeb7a,W3016364201
65c9474eeb7a,W3019076401
65c9474eeb7a,W3026406503
65c9474eeb7a,W3031222539
65c9474eeb7a,W3162343527
65c9474eeb7a,W4246446651
65c9474eeb7a,W4252051553
65c9474eeb7a,W4307683507
65c9474eeb7a,W4380576552
65c9474eeb7a,W4387777960
65c9474eeb7a,W4389833147
65c9474eeb7a,W4396835528
65c9474eeb7a,W4406013982
65c9474eeb7a,W4406981015
65c9474eeb7a,W4409185298
65c9474eeb7a,W4409257598
65c9474eeb7a,W4410198150
65c9474eeb7a,W4414780737
65c9474eeb7a,W4415404706
65c9474eeb7a,W4415404915
65c9474eeb7a,W4416097057
65c9474eeb7a,W4417409950
65c9474eeb7a,W474034290
65c9474eeb7a,W563123311
65c9474eeb7a,W601278191
65c9474eeb7a,W7131428283
65c9474eeb7a,W7131659833
65c9474eeb7a,W7135596013
65c9474eeb7a,W7140085641
65c9474eeb7a,W7154718963
65c9474eeb7a,W7160401441
65c9474eeb7a,W7164893337
65c9474eeb7a,W7165924283
65c9474eeb7a,W7166733204
65c9474eeb7a,W7167447890
65c9474eeb7a,W7167999934
65c9474eeb7a,W7172253684
65d7cd6133bc,W2979391241
65d7cd6133bc,W3034815756
65d7cd6133bc,W3149128228
65d7cd6133bc,W3206397682
65d7cd6133bc,W4310206575
65d7cd6133bc,W4390893034
65d7cd6133bc,W4395701860
65d7cd6133bc,W4399888914
65d7cd6133bc,W4403733132
65d7cd6133bc,W4409179041
65d7cd6133bc,W4411245588
65d7cd6133bc,W4413490410
65d7cd6133bc,W4414150703
65d7cd6133bc,W7127140228
65d7cd6133bc,W7134198380
65d7cd6133bc,W7134875343
65d7cd6133bc,W7161099205
65d7cd6133bc,W7162697370
65d7cd6133bc,W7162898575
65d7cd6133bc,W7164296899
65d7cd6133bc,W7165370565
65d7cd6133bc,W7165602239
65e7ec41d6db,W135103566
65e7ec41d6db,W168682619
65e7ec41d6db,W17503818
65e7ec41d6db,W1992127774
65e7ec41d6db,W2092130399
65e7ec41d6db,W2296908432
65e7ec41d6db,W2519274055
65e7ec41d6db,W2754805941
65e7ec41d6db,W2757154218
65e7ec41d6db,W2757530307
65e7ec41d6db,W2799905097
65e7ec41d6db,W2902994787
65e7ec41d6db,W3013273037
65e7ec41d6db,W3044143872
65e7ec41d6db,W3108776164
65e7ec41d6db,W3111800592
65e7ec41d6db,W3162169923
65e7ec41d6db,W3162239455
65e7ec41d6db,W4213131350
65e7ec41d6db,W4229751840
65e7ec41d6db,W4392082068
65e7ec41d6db,W4405106813
65e7ec41d6db,W4410929157
65e7ec41d6db,W4415705609
65e7ec41d6db,W4415714731
65e7ec41d6db,W84564724
66ed55ecb777,W1591051421
66ed55ecb777,W1602799149
66ed55ecb777,W1637228204
66ed55ecb777,W1671903232
66ed55ecb777,W1890078242
66ed55ecb777,W1947137945
66ed55ecb777,W1968018700
66ed55ecb777,W1970700540
66ed55ecb777,W1997960652
66ed55ecb777,W2002535110
66ed55ecb777,W2015036471
66ed55ecb777,W2053813155
66ed55ecb777,W2079029501
66ed55ecb777,W2082795199
66ed55ecb777,W2089270215
66ed55ecb777,W2138413983
66ed55ecb777,W2145412092
66ed55ecb777,W2150909297
66ed55ecb777,W2181246808
66ed55ecb777,W2477559212
66ed55ecb777,W2517818012
66ed55ecb777,W2533317020
66ed55ecb777,W2558790478
66ed55ecb777,W2584965771
66ed55ecb777,W2608867270
66ed55ecb777,W2609244873
66ed55ecb777,W2618696617
66ed55ecb777,W2736121144
66ed55ecb777,W2746585515
66ed55ecb777,W2765676686
66ed55ecb777,W2766710068
66ed55ecb777,W2767019811
66ed55ecb777,W2796497623
66ed55ecb777,W2796499574
66ed55ecb777,W2798175269
66ed55ecb777,W2800288240
66ed55ecb777,W2806011355
66ed55ecb777,W2808956454
66ed55ecb777,W2902748533
66ed55ecb777,W2904079898
66ed55ecb777,W2904751930
66ed55ecb777,W2904886331
66ed55ecb777,W2906063354
66ed55ecb777,W2908220165
66ed55ecb777,W2939782035
66ed55ecb777,W2943751264
66ed55ecb777,W2945341195
66ed55ecb777,W2945870182
66ed55ecb777,W2947805177
66ed55ecb777,W2953377622
66ed55ecb777,W2954611422
66ed55ecb777,W2975422288
66ed55ecb777,W2991616624
66ed55ecb777,W2999998226
66ed55ecb777,W3002266978
66ed55ecb777,W3004719143
66ed55ecb777,W3005604955
66ed55ecb777,W3007317986
66ed55ecb777,W3008877276
66ed55ecb777,W3008941756
66ed55ecb777,W3015826216
66ed55ecb777,W3020190048
66ed55ecb777,W3022644311
66ed55ecb777,W3025364594
66ed55ecb777,W3028340404
66ed55ecb777,W3032662881
66ed55ecb777,W3034761030
66ed55ecb777,W3043051386
66ed55ecb777,W3045209189
66ed55ecb777,W3090318925
66ed55ecb777,W3092023810
66ed55ecb777,W3112034541
66ed55ecb777,W3116106761
66ed55ecb777,W3118678388
66ed55ecb777,W3120346253
66ed55ecb777,W3121959574
66ed55ecb777,W3138515635
66ed55ecb777,W3153365966
66ed55ecb777,W3167504750
66ed55ecb777,W3169339505
66ed55ecb777,W3172631354
66ed55ecb777,W3177271842
66ed55ecb777,W3199716900
66ed55ecb777,W3212077738
66ed55ecb777,W4200031781
66ed55ecb777,W4200441802
66ed55ecb777,W4200587380
66ed55ecb777,W4212801073
66ed55ecb777,W4224981378
66ed55ecb777,W4237238562
66ed55ecb777,W4238365042
66ed55ecb777,W4245569707
66ed55ecb777,W4245592724
66ed55ecb777,W4250286003
66ed55ecb777,W4251540774
66ed55ecb777,W4281892766
66ed55ecb777,W4283816302
66ed55ecb777,W4288905842
66ed55ecb777,W4292057728
66ed55ecb777,W4292061579
66ed55ecb777,W4293329440
66ed55ecb777,W4295902094
66ed55ecb777,W4295997546
66ed55ecb777,W4297839926
66ed55ecb777,W4307218682
66ed55ecb777,W4311209155
66ed55ecb777,W4312188931
66ed55ecb777,W4316804496
66ed55ecb777,W4361297842
66ed55ecb777,W4362734365
66ed55ecb777,W4367053934
66ed55ecb777,W4367677608
66ed55ecb777,W4378532133
66ed55ecb777,W4382658178
66ed55ecb777,W4385838441
66ed55ecb777,W4387783524
66ed55ecb777,W4389617524
66ed55ecb777,W4390012011
66ed55ecb777,W4390059749
66ed55ecb777,W4390918696
66ed55ecb777,W4391612020
66ed55ecb777,W4391630807
66ed55ecb777,W4392124458
66ed55ecb777,W4392561502
66ed55ecb777,W4393187683
66ed55ecb777,W4394187745
66ed55ecb777,W4394994262
66ed55ecb777,W4394994283
66ed55ecb777,W4396858882
66ed55ecb777,W4399662661
66ed55ecb777,W4400954941
66ed55ecb777,W4401090324
66ed55ecb777,W4401475183
66ed55ecb777,W4401505627
66ed55ecb777,W4404657165
66ed55ecb777,W4406338237
66ed55ecb777,W4408095706
66ed55ecb777,W4408593429
66ed55ecb777,W4409281306
66ed55ecb777,W4409281458
66ed55ecb777,W4409281463
66ed55ecb777,W4409294600
66ed55ecb777,W4410558886
66ed55ecb777,W4411373853
66ed55ecb777,W4411702003
66ed55ecb777,W4412425154
66ed55ecb777,W4412649447
66ed55ecb777,W4412772761
66ed55ecb777,W4413209483
66ed55ecb777,W4413273662
66ed55ecb777,W4413447414
66ed55ecb777,W4413850017
66ed55ecb777,W4414061254
66ed55ecb777,W4414086724
66ed55ecb777,W4414840110
66ed55ecb777,W4415416458
66ed55ecb777,W4415416634
66ed55ecb777,W4416514305
66ed55ecb777,W4417138145
66ed55ecb777,W7107956278
66ed55ecb777,W7120571995
66ed55ecb777,W7130695680
66ed55ecb777,W7131892359
66ed55ecb777,W7133346765
66ed55ecb777,W7134107076
66ed55ecb777,W7134151273
66ed55ecb777,W7134200422
66ed55ecb777,W7141316964
66ed55ecb777,W7148418936
66ed55ecb777,W7156261219
66ed55ecb777,W7160432512
66ed55ecb777,W7160830259
66ed55ecb777,W7165189757
670ad8f5645c,W2464839061
670ad8f5645c,W2596242894
670ad8f5645c,W2597285475
670ad8f5645c,W2768037194
670ad8f5645c,W2777338561
670ad8f5645c,W2808172133
670ad8f5645c,W2899767814
670ad8f5645c,W2947340285
670ad8f5645c,W2955424243
670ad8f5645c,W2967405185
670ad8f5645c,W2984946959
670ad8f5645c,W2990740920
670ad8f5645c,W3000616443
670ad8f5645c,W3029023088
670ad8f5645c,W3029946376
670ad8f5645c,W3048986413
670ad8f5645c,W3186085487
670ad8f5645c,W3205396547
670ad8f5645c,W3208935898
670ad8f5645c,W3212595949
670ad8f5645c,W4221125562
670ad8f5645c,W4238774025
670ad8f5645c,W4248624745
670ad8f5645c,W4252095918
670ad8f5645c,W4286632955
670ad8f5645c,W4288365051
670ad8f5645c,W4293051017
670ad8f5645c,W4312950674
670ad8f5645c,W4313188512
670ad8f5645c,W4384820666
670ad8f5645c,W4385637337
670ad8f5645c,W4386495921
670ad8f5645c,W4389491623
670ad8f5645c,W4393508995
670ad8f5645c,W4394165070
670ad8f5645c,W4394228496
670ad8f5645c,W4394888269
670ad8f5645c,W4401885112
670ad8f5645c,W4403181102
670ad8f5645c,W4408095706
670ad8f5645c,W4408150551
670ad8f5645c,W4409829825
670ad8f5645c,W4411373853
670ad8f5645c,W4413273662
670ad8f5645c,W4415416458
670ad8f5645c,W4415416634
670ad8f5645c,W7134962067
670ad8f5645c,W7155011582
670ad8f5645c,W7155051881
670ad8f5645c,W7160048818
670ad8f5645c,W7167984164
67693e3b4e4c,W1124923237
67693e3b4e4c,W113694692
67693e3b4e4c,W1909985944
67693e3b4e4c,W1969066427
67693e3b4e4c,W1970703837
67693e3b4e4c,W1972863007
67693e3b4e4c,W1974275080
67693e3b4e4c,W1976120249
67693e3b4e4c,W1979691416
67693e3b4e4c,W1995009208
67693e3b4e4c,W2000577914
67693e3b4e4c,W2008208174
67693e3b4e4c,W2012320045
67693e3b4e4c,W2021184087
67693e3b4e4c,W2044936547
67693e3b4e4c,W2045155990
67693e3b4e4c,W2060112995
67693e3b4e4c,W2062685946
67693e3b4e4c,W2065251543
67693e3b4e4c,W2067113683
67693e3b4e4c,W2089585849
67693e3b4e4c,W2102288994
67693e3b4e4c,W2106873368
67693e3b4e4c,W2108301111
67693e3b4e4c,W2119161678
67693e3b4e4c,W2130141606
67693e3b4e4c,W2132456302
67693e3b4e4c,W2140651898
67693e3b4e4c,W2169189083
67693e3b4e4c,W2235693693
67693e3b4e4c,W2237533799
67693e3b4e4c,W2266006640
67693e3b4e4c,W2291698658
67693e3b4e4c,W2346676759
67693e3b4e4c,W2408592521
67693e3b4e4c,W2464913031
67693e3b4e4c,W2466140574
67693e3b4e4c,W2467341540
67693e3b4e4c,W2515002915
67693e3b4e4c,W2519008957
67693e3b4e4c,W2519918490
67693e3b4e4c,W2520127666
67693e3b4e4c,W2520517699
67693e3b4e4c,W2521744508
67693e3b4e4c,W2521973114
67693e3b4e4c,W2522532148
67693e3b4e4c,W2523280079
67693e3b4e4c,W2523634601
67693e3b4e4c,W2523967999
67693e3b4e4c,W2524541437
67693e3b4e4c,W2525354438
67693e3b4e4c,W2526501380
67693e3b4e4c,W2526879795
67693e3b4e4c,W2527181334
67693e3b4e4c,W2587913434
67693e3b4e4c,W2595037913
67693e3b4e4c,W2747158749
67693e3b4e4c,W2749056164
67693e3b4e4c,W2766747027
67693e3b4e4c,W2767142497
67693e3b4e4c,W2767188632
67693e3b4e4c,W2767528913
67693e3b4e4c,W2767627825
67693e3b4e4c,W2776943028
67693e3b4e4c,W2777275559
67693e3b4e4c,W2777631817
67693e3b4e4c,W2778860744
67693e3b4e4c,W2779832885
67693e3b4e4c,W2780162556
67693e3b4e4c,W2780600737
67693e3b4e4c,W2780899415
67693e3b4e4c,W2782066904
67693e3b4e4c,W2783319382
67693e3b4e4c,W2783746948
67693e3b4e4c,W2784790819
67693e3b4e4c,W2786336911
67693e3b4e4c,W2787534899
67693e3b4e4c,W2805643548
67693e3b4e4c,W2806755622
67693e3b4e4c,W2807348974
67693e3b4e4c,W2810320295
67693e3b4e4c,W2811156949
67693e3b4e4c,W2811186159
67693e3b4e4c,W2883144024
67693e3b4e4c,W2887882077
67693e3b4e4c,W2891039941
67693e3b4e4c,W2892027854
67693e3b4e4c,W2898593716
67693e3b4e4c,W2901112791
67693e3b4e4c,W2906337856
67693e3b4e4c,W2915455637
67693e3b4e4c,W2915593641
67693e3b4e4c,W2936257342
67693e3b4e4c,W2940482471
67693e3b4e4c,W2943652454
67693e3b4e4c,W2973547649
67693e3b4e4c,W2978758759
67693e3b4e4c,W2998387594
67693e3b4e4c,W3002319139
67693e3b4e4c,W3012223087
67693e3b4e4c,W3036740296
67693e3b4e4c,W3049201810
67693e3b4e4c,W3083270050
67693e3b4e4c,W3102574417
67693e3b4e4c,W3103833710
67693e3b4e4c,W3106208815
67693e3b4e4c,W3125727576
67693e3b4e4c,W3126772094
67693e3b4e4c,W3128770187
67693e3b4e4c,W3129282938
67693e3b4e4c,W3134579078
67693e3b4e4c,W3161068217
67693e3b4e4c,W3162013531
67693e3b4e4c,W3165577391
67693e3b4e4c,W3166305764
67693e3b4e4c,W3210314125
67693e3b4e4c,W3211113958
67693e3b4e4c,W3216194193
67693e3b4e4c,W4205157481
67693e3b4e4c,W4221096796
67693e3b4e4c,W4231465988
67693e3b4e4c,W4239016771
67693e3b4e4c,W4241961269
67693e3b4e4c,W4246841512
67693e3b4e4c,W4247802456
67693e3b4e4c,W4249736384
67693e3b4e4c,W4251337590
67693e3b4e4c,W4285494299
67693e3b4e4c,W4294255314
67693e3b4e4c,W4294385216
67693e3b4e4c,W4313503130
67693e3b4e4c,W4313886068
67693e3b4e4c,W4365444208
67693e3b4e4c,W4385457518
67693e3b4e4c,W4387057725
67693e3b4e4c,W4388927228
67693e3b4e4c,W4390392088
67693e3b4e4c,W4391143802
67693e3b4e4c,W4391569743
67693e3b4e4c,W4394714357
67693e3b4e4c,W4396653172
67693e3b4e4c,W4396722284
67693e3b4e4c,W4400900739
67693e3b4e4c,W4400958836
67693e3b4e4c,W4400958950
67693e3b4e4c,W4401593215
67693e3b4e4c,W4402441701
67693e3b4e4c,W4403041539
67693e3b4e4c,W4403041594
67693e3b4e4c,W4403828452
67693e3b4e4c,W4405592693
67693e3b4e4c,W4406303057
67693e3b4e4c,W4407779358
67693e3b4e4c,W4408514321
67693e3b4e4c,W4409185140
67693e3b4e4c,W4413920485
67693e3b4e4c,W4414215902
67693e3b4e4c,W4415411035
67693e3b4e4c,W4416959060
67693e3b4e4c,W7131675758
67693e3b4e4c,W7135201638
67693e3b4e4c,W7136862808
67693e3b4e4c,W7139353982
67693e3b4e4c,W7153957694
67693e3b4e4c,W7154660649
67693e3b4e4c,W7155588481
67693e3b4e4c,W7162896052
67693e3b4e4c,W7167368699
67e6674d387c,W114584246
67e6674d387c,W1484103303
67e6674d387c,W1525951524
67e6674d387c,W1638511137
67e6674d387c,W2280839931
67e6674d387c,W2282207095
67e6674d387c,W2287566519
67e6674d387c,W2288888776
67e6674d387c,W2289289779
67e6674d387c,W2294417936
67e6674d387c,W2327214842
67e6674d387c,W2339770399
67e6674d387c,W2410338544
67e6674d387c,W2710697212
67e6674d387c,W2909350042
67e6674d387c,W2924359352
67e6674d387c,W2924589067
67e6674d387c,W2936436361
67e6674d387c,W2942427853
67e6674d387c,W2948488188
67e6674d387c,W2951977089
67e6674d387c,W2959344248
67e6674d387c,W2963973787
67e6674d387c,W2965941690
67e6674d387c,W2969769890
67e6674d387c,W2974869864
67e6674d387c,W2976485682
67e6674d387c,W2994622321
67e6674d387c,W3022344659
67e6674d387c,W3041077668
67e6674d387c,W3044807719
67e6674d387c,W3076443075
67e6674d387c,W3084501825
67e6674d387c,W3107007300
67e6674d387c,W3124415538
67e6674d387c,W3135553189
67e6674d387c,W3180422975
67e6674d387c,W3196775375
67e6674d387c,W3213898304
67e6674d387c,W4200600962
67e6674d387c,W4213131350
67e6674d387c,W4214840233
67e6674d387c,W4225104626
67e6674d387c,W4237314760
67e6674d387c,W4242079094
67e6674d387c,W4243106521
67e6674d387c,W4252556670
67e6674d387c,W4256365888
67e6674d387c,W4281874644
67e6674d387c,W4303433056
67e6674d387c,W4307456149
67e6674d387c,W4319997168
67e6674d387c,W4322620380
67e6674d387c,W4383550936
67e6674d387c,W4383908570
67e6674d387c,W4385580689
67e6674d387c,W4386933136
67e6674d387c,W4390071350
67e6674d387c,W4391109597
67e6674d387c,W4396608214
67e6674d387c,W4400573861
67e6674d387c,W4404884230
67e6674d387c,W4405349680
67e6674d387c,W4406217133
67e6674d387c,W4407700432
67e6674d387c,W4407936791
67e6674d387c,W4407936847
67e6674d387c,W4408788233
67e6674d387c,W4408810633
67e6674d387c,W4409362313
67e6674d387c,W4409364139
67e6674d387c,W4410806273
67e6674d387c,W4411274395
67e6674d387c,W4412484603
67e6674d387c,W4412707530
67e6674d387c,W4414125572
67e6674d387c,W4414341611
67e6674d387c,W4414478557
67e6674d387c,W4416012989
67e6674d387c,W4416783918
67e6674d387c,W46892625
67e6674d387c,W70006023
67e6674d387c,W7104383014
67e6674d387c,W7152695652
67e6674d387c,W7160909685
67e6674d387c,W7165873870
67e6674d387c,W7166860560
67e6674d387c,W7167399944
68525ad359c4,W2000824036
68525ad359c4,W2059615085
68525ad359c4,W2059677634
68525ad359c4,W2081563363
68525ad359c4,W2101029950
68525ad359c4,W2265416366
68525ad359c4,W2281144193
68525ad359c4,W2496481530
68525ad359c4,W2753844420
68525ad359c4,W2780648461
68525ad359c4,W2785362530
68525ad359c4,W2791605391
68525ad359c4,W2803814273
68525ad359c4,W2808582254
68525ad359c4,W2885009665
68525ad359c4,W2885836758
68525ad359c4,W2893488159
68525ad359c4,W2903092034
68525ad359c4,W2905245726
68525ad359c4,W2946426868
68525ad359c4,W2953767155
68525ad359c4,W2981177145
68525ad359c4,W2997628563
68525ad359c4,W2998102576
68525ad359c4,W3001367330
68525ad359c4,W3044409040
68525ad359c4,W3125154348
68525ad359c4,W3161935834
68525ad359c4,W3166842837
68525ad359c4,W3171208486
68525ad359c4,W3175783983
68525ad359c4,W3186316394
68525ad359c4,W3200389379
68525ad359c4,W3203035774
68525ad359c4,W3212065850
68525ad359c4,W3213898304
68525ad359c4,W4200483077
68525ad359c4,W4214890931
68525ad359c4,W4225305766
68525ad359c4,W4235263015
68525ad359c4,W4235844820
68525ad359c4,W4240904510
68525ad359c4,W4241795720
68525ad359c4,W4243255932
68525ad359c4,W4244391446
68525ad359c4,W4244828858
68525ad359c4,W4248806094
68525ad359c4,W4256287632
68525ad359c4,W4281558852
68525ad359c4,W4282835629
68525ad359c4,W4285321766
68525ad359c4,W4288766549
68525ad359c4,W4303622045
68525ad359c4,W4308201851
68525ad359c4,W4383069399
68525ad359c4,W4385141971
68525ad359c4,W4385446307
68525ad359c4,W4389317743
68525ad359c4,W4390071350
68525ad359c4,W4390771859
68525ad359c4,W4392003000
68525ad359c4,W4392641969
68525ad359c4,W4401416207
68525ad359c4,W4405322363
68525ad359c4,W4409630920
68525ad359c4,W4410422533
68525ad359c4,W4411987866
68525ad359c4,W4412989134
68525ad359c4,W4413617124
68525ad359c4,W4413919991
68525ad359c4,W4416659341
68525ad359c4,W4416784561
68525ad359c4,W4417316465
68525ad359c4,W7117966455
68525ad359c4,W7127107039
68525ad359c4,W7127549555
68525ad359c4,W7163928958
68525ad359c4,W7167270235
68525ad359c4,W853587182
693b5c89ffff,W2127561429
693b5c89ffff,W3179655344
693b5c89ffff,W4283699393
693b5c89ffff,W4288535560
693b5c89ffff,W4307184349
693b5c89ffff,W4362618408
693b5c89ffff,W4381513124
693b5c89ffff,W4383068585
693b5c89ffff,W4387902433
693b5c89ffff,W4389610381
693b5c89ffff,W4392906972
693b5c89ffff,W4396799277
693b5c89ffff,W4399555986
693b5c89ffff,W4400913915
693b5c89ffff,W4402652650
693b5c89ffff,W4402652709
693b5c89ffff,W4404698693
693b5c89ffff,W4405520992
693b5c89ffff,W4406336586
693b5c89ffff,W4412463293
693b5c89ffff,W4414241261
693b5c89ffff,W4414836405
693b5c89ffff,W4416265241
693b5c89ffff,W7161571793
69c9b2a9ff9b,W1532844025
69c9b2a9ff9b,W1570145461
69c9b2a9ff9b,W1968466565
69c9b2a9ff9b,W1972921339
69c9b2a9ff9b,W1977463520
69c9b2a9ff9b,W2022919279
69c9b2a9ff9b,W2027929992
69c9b2a9ff9b,W2029054849
69c9b2a9ff9b,W2043507062
69c9b2a9ff9b,W2093676115
69c9b2a9ff9b,W2098189186
69c9b2a9ff9b,W2104545322
69c9b2a9ff9b,W2954965255
69c9b2a9ff9b,W2968068488
69c9b2a9ff9b,W2981471856
69c9b2a9ff9b,W3043943756
69c9b2a9ff9b,W3121580719
69c9b2a9ff9b,W3162613655
69c9b2a9ff9b,W3182814370
69c9b2a9ff9b,W3198158563
69c9b2a9ff9b,W3208717980
69c9b2a9ff9b,W4205436652
69c9b2a9ff9b,W4206915214
69c9b2a9ff9b,W4211001393
69c9b2a9ff9b,W4230018055
69c9b2a9ff9b,W4230120748
69c9b2a9ff9b,W4231459206
69c9b2a9ff9b,W4234437111
69c9b2a9ff9b,W4235502358
69c9b2a9ff9b,W4241601983
69c9b2a9ff9b,W4252713493
69c9b2a9ff9b,W4280614608
69c9b2a9ff9b,W4281741350
69c9b2a9ff9b,W4283321772
69c9b2a9ff9b,W4288078038
69c9b2a9ff9b,W4297362507
69c9b2a9ff9b,W4306784324
69c9b2a9ff9b,W4306929557
69c9b2a9ff9b,W4306929777
69c9b2a9ff9b,W4307804154
69c9b2a9ff9b,W4309309772
69c9b2a9ff9b,W4311954575
69c9b2a9ff9b,W4315746675
69c9b2a9ff9b,W4315746691
69c9b2a9ff9b,W4315822342
69c9b2a9ff9b,W4315822806
69c9b2a9ff9b,W4315845313
69c9b2a9ff9b,W4320165596
69c9b2a9ff9b,W4321102157
69c9b2a9ff9b,W4321369124
69c9b2a9ff9b,W4328049156
69c9b2a9ff9b,W4366407620
69c9b2a9ff9b,W4366776611
69c9b2a9ff9b,W4380302720
69c9b2a9ff9b,W4383377444
69c9b2a9ff9b,W4385197934
69c9b2a9ff9b,W4385452229
69c9b2a9ff9b,W4386465374
69c9b2a9ff9b,W4386540434
69c9b2a9ff9b,W4390947407
69c9b2a9ff9b,W4394680532
69c9b2a9ff9b,W4394690226
69c9b2a9ff9b,W4402940146
69c9b2a9ff9b,W4403666601
69c9b2a9ff9b,W4404303688
69c9b2a9ff9b,W4404303720
69c9b2a9ff9b,W4404814771
69c9b2a9ff9b,W4408664521
69c9b2a9ff9b,W4410556286
69c9b2a9ff9b,W4411604552
69c9b2a9ff9b,W4412361573
69c9b2a9ff9b,W4412837021
69c9b2a9ff9b,W4414722910
69c9b2a9ff9b,W4416083957
69c9b2a9ff9b,W4416096031
69c9b2a9ff9b,W4416943403
69c9b2a9ff9b,W4417490820
69c9b2a9ff9b,W7153885452
69c9b2a9ff9b,W7154067503
69c9b2a9ff9b,W7155226643
69c9b2a9ff9b,W7160398489
69c9b2a9ff9b,W7166344003
6a4d5a8e2ac3,W1024714624
6a4d5a8e2ac3,W1517362573
6a4d5a8e2ac3,W195100488
6a4d5a8e2ac3,W1963952793
6a4d5a8e2ac3,W1972848517
6a4d5a8e2ac3,W2013559698
6a4d5a8e2ac3,W2022445396
6a4d5a8e2ac3,W2025553275
6a4d5a8e2ac3,W2046228566
6a4d5a8e2ac3,W2059239752
6a4d5a8e2ac3,W2065355140
6a4d5a8e2ac3,W2075421529
6a4d5a8e2ac3,W2077247758
6a4d5a8e2ac3,W2097696482
6a4d5a8e2ac3,W2154299911
6a4d5a8e2ac3,W2171406882
6a4d5a8e2ac3,W2181207834
6a4d5a8e2ac3,W2218355194
6a4d5a8e2ac3,W2258258522
6a4d5a8e2ac3,W2280961366
6a4d5a8e2ac3,W2291499855
6a4d5a8e2ac3,W2314722410
6a4d5a8e2ac3,W2318920992
6a4d5a8e2ac3,W2321121718
6a4d5a8e2ac3,W2460492362
6a4d5a8e2ac3,W2465561870
6a4d5a8e2ac3,W2509390222
6a4d5a8e2ac3,W2533948702
6a4d5a8e2ac3,W2564255060
6a4d5a8e2ac3,W2566714837
6a4d5a8e2ac3,W2605860265
6a4d5a8e2ac3,W2606654238
6a4d5a8e2ac3,W2609240079
6a4d5a8e2ac3,W2611518709
6a4d5a8e2ac3,W2741505991
6a4d5a8e2ac3,W2752032401
6a4d5a8e2ac3,W2771704519
6a4d5a8e2ac3,W2773500901
6a4d5a8e2ac3,W2777366312
6a4d5a8e2ac3,W2779125816
6a4d5a8e2ac3,W2782805461
6a4d5a8e2ac3,W2804805693
6a4d5a8e2ac3,W2904247958
6a4d5a8e2ac3,W2911305239
6a4d5a8e2ac3,W2914574951
6a4d5a8e2ac3,W2915076921
6a4d5a8e2ac3,W2919352849
6a4d5a8e2ac3,W2936257342
6a4d5a8e2ac3,W2939692407
6a4d5a8e2ac3,W2945916611
6a4d5a8e2ac3,W2946083167
6a4d5a8e2ac3,W2987445969
6a4d5a8e2ac3,W3001398212
6a4d5a8e2ac3,W3020865668
6a4d5a8e2ac3,W3022084328
6a4d5a8e2ac3,W3036234462
6a4d5a8e2ac3,W3039189044
6a4d5a8e2ac3,W3043547790
6a4d5a8e2ac3,W3083256242
6a4d5a8e2ac3,W3092789181
6a4d5a8e2ac3,W3093321267
6a4d5a8e2ac3,W3095460251
6a4d5a8e2ac3,W3095807101
6a4d5a8e2ac3,W3099850254
6a4d5a8e2ac3,W3100119188
6a4d5a8e2ac3,W3103951359
6a4d5a8e2ac3,W3107250642
6a4d5a8e2ac3,W3107408285
6a4d5a8e2ac3,W3108561421
6a4d5a8e2ac3,W3110851015
6a4d5a8e2ac3,W3115753706
6a4d5a8e2ac3,W3124425901
6a4d5a8e2ac3,W3129446971
6a4d5a8e2ac3,W3133565533
6a4d5a8e2ac3,W3133899950
6a4d5a8e2ac3,W3134785042
6a4d5a8e2ac3,W3138060117
6a4d5a8e2ac3,W3141748975
6a4d5a8e2ac3,W3143635685
6a4d5a8e2ac3,W3155183205
6a4d5a8e2ac3,W3156913471
6a4d5a8e2ac3,W3157104003
6a4d5a8e2ac3,W3157644051
6a4d5a8e2ac3,W3158258992
6a4d5a8e2ac3,W3158366856
6a4d5a8e2ac3,W3159416069
6a4d5a8e2ac3,W3161218677
6a4d5a8e2ac3,W3162443809
6a4d5a8e2ac3,W3163939680
6a4d5a8e2ac3,W3165219504
6a4d5a8e2ac3,W3169914774
6a4d5a8e2ac3,W3175024724
6a4d5a8e2ac3,W3189177032
6a4d5a8e2ac3,W3193639895
6a4d5a8e2ac3,W3194738695
6a4d5a8e2ac3,W3195698381
6a4d5a8e2ac3,W3197713411
6a4d5a8e2ac3,W3199412888
6a4d5a8e2ac3,W3199592217
6a4d5a8e2ac3,W3203451949
6a4d5a8e2ac3,W3207235368
6a4d5a8e2ac3,W3209238345
6a4d5a8e2ac3,W4200206589
6a4d5a8e2ac3,W4200209940
6a4d5a8e2ac3,W4200365963
6a4d5a8e2ac3,W4200585622
6a4d5a8e2ac3,W4205698483
6a4d5a8e2ac3,W4206811013
6a4d5a8e2ac3,W4206902510
6a4d5a8e2ac3,W4210258140
6a4d5a8e2ac3,W4220707633
6a4d5a8e2ac3,W4220911108
6a4d5a8e2ac3,W4220915894
6a4d5a8e2ac3,W4220985651
6a4d5a8e2ac3,W4221027126
6a4d5a8e2ac3,W4221031102
6a4d5a8e2ac3,W4223932454
6a4d5a8e2ac3,W4231911389
6a4d5a8e2ac3,W4240910438
6a4d5a8e2ac3,W4241961269
6a4d5a8e2ac3,W4242054691
6a4d5a8e2ac3,W4245781837
6a4d5a8e2ac3,W4247169541
6a4d5a8e2ac3,W4247311662
6a4d5a8e2ac3,W4250287566
6a4d5a8e2ac3,W42700510
6a4d5a8e2ac3,W4280514535
6a4d5a8e2ac3,W4281969040
6a4d5a8e2ac3,W4283218861
6a4d5a8e2ac3,W4286008614
6a4d5a8e2ac3,W4286715792
6a4d5a8e2ac3,W4294917576
6a4d5a8e2ac3,W4295454558
6a4d5a8e2ac3,W4307452139
6a4d5a8e2ac3,W4308589015
6a4d5a8e2ac3,W4310841667
6a4d5a8e2ac3,W4319794021
6a4d5a8e2ac3,W4321482274
6a4d5a8e2ac3,W4366758616
6a4d5a8e2ac3,W4376471103
6a4d5a8e2ac3,W4381429011
6a4d5a8e2ac3,W4382344206
6a4d5a8e2ac3,W4382796866
6a4d5a8e2ac3,W4385062827
6a4d5a8e2ac3,W4386219851
6a4d5a8e2ac3,W4387581208
6a4d5a8e2ac3,W4388992609
6a4d5a8e2ac3,W4389792000
6a4d5a8e2ac3,W4390460330
6a4d5a8e2ac3,W4390745856
6a4d5a8e2ac3,W4391088666
6a4d5a8e2ac3,W4391294076
6a4d5a8e2ac3,W4391573580
6a4d5a8e2ac3,W4394857666
6a4d5a8e2ac3,W4396704480
6a4d5a8e2ac3,W4396925573
6a4d5a8e2ac3,W4400122683
6a4d5a8e2ac3,W4400336799
6a4d5a8e2ac3,W4400824998
6a4d5a8e2ac3,W4401809937
6a4d5a8e2ac3,W4402466460
6a4d5a8e2ac3,W4403381241
6a4d5a8e2ac3,W4403532217
6a4d5a8e2ac3,W4403693256
6a4d5a8e2ac3,W4403920413
6a4d5a8e2ac3,W4404103403
6a4d5a8e2ac3,W4404170522
6a4d5a8e2ac3,W4405835261
6a4d5a8e2ac3,W4406348232
6a4d5a8e2ac3,W4407018174
6a4d5a8e2ac3,W4407031006
6a4d5a8e2ac3,W4407196455
6a4d5a8e2ac3,W4407253841
6a4d5a8e2ac3,W4407683185
6a4d5a8e2ac3,W4407937161
6a4d5a8e2ac3,W4407997603
6a4d5a8e2ac3,W4408095706
6a4d5a8e2ac3,W4408220672
6a4d5a8e2ac3,W4408372124
6a4d5a8e2ac3,W4409657169
6a4d5a8e2ac3,W4410082922
6a4d5a8e2ac3,W4410779508
6a4d5a8e2ac3,W4411000389
6a4d5a8e2ac3,W4411045398
6a4d5a8e2ac3,W4411373853
6a4d5a8e2ac3,W4412601653
6a4d5a8e2ac3,W4413011507
6a4d5a8e2ac3,W4413273662
6a4d5a8e2ac3,W4413505729
6a4d5a8e2ac3,W4413819170
6a4d5a8e2ac3,W4415247238
6a4d5a8e2ac3,W4415416458
6a4d5a8e2ac3,W4415416634
6a4d5a8e2ac3,W4415711322
6a4d5a8e2ac3,W4415919221
6a4d5a8e2ac3,W7125263829
6a4d5a8e2ac3,W7133332522
6a4d5a8e2ac3,W7133356598
6a4d5a8e2ac3,W7147646265
6a4d5a8e2ac3,W7160836896
6a4d5a8e2ac3,W7165855482
6a4d5a8e2ac3,W759835436
6ab771924f65,W7108209138
6ab771924f65,W7108212029
6ab771924f65,W7108218858
6ab771924f65,W7108221584
6ab771924f65,W7108229272
6ab771924f65,W7108229727
6ab771924f65,W7110845227
6ab771924f65,W7110918018
6ab771924f65,W7161731408
6ab771924f65,W7161742126
6ab771924f65,W7165632795
6ab771924f65,W7165647130
6ab771924f65,W7165661487
6ab771924f65,W7165664941
6ab771924f65,W7165685343
6ab771924f65,W7165693105
6ae3a444ce13,W2776366881
6ae3a444ce13,W2788333819
6ae3a444ce13,W2792821324
6ae3a444ce13,W2883509187
6ae3a444ce13,W2893224609
6ae3a444ce13,W2898511072
6ae3a444ce13,W2900680275
6ae3a444ce13,W2924475686
6ae3a444ce13,W2927662019
6ae3a444ce13,W2927919761
6ae3a444ce13,W2930607050
6ae3a444ce13,W2941630373
6ae3a444ce13,W2954738338
6ae3a444ce13,W2954804289
6ae3a444ce13,W2957632146
6ae3a444ce13,W2964742280
6ae3a444ce13,W2969129548
6ae3a444ce13,W2978498397
6ae3a444ce13,W2981950564
6ae3a444ce13,W2989171706
6ae3a444ce13,W2998303476
6ae3a444ce13,W3002127091
6ae3a444ce13,W3034077892
6ae3a444ce13,W3093977858
6ae3a444ce13,W3095604878
6ae3a444ce13,W3101142611
6ae3a444ce13,W3101388605
6ae3a444ce13,W3104323309
6ae3a444ce13,W3111530680
6ae3a444ce13,W3123557908
6ae3a444ce13,W3138800688
6ae3a444ce13,W3156787272
6ae3a444ce13,W3157143859
6ae3a444ce13,W3163624910
6ae3a444ce13,W3172392762
6ae3a444ce13,W3187630655
6ae3a444ce13,W3204078569
6ae3a444ce13,W3210622523
6ae3a444ce13,W3217113650
6ae3a444ce13,W4205735344
6ae3a444ce13,W4237498510
6ae3a444ce13,W4239705253
6ae3a444ce13,W4239892103
6ae3a444ce13,W4241517288
6ae3a444ce13,W4248045462
6ae3a444ce13,W4281684275
6ae3a444ce13,W4291368366
6ae3a444ce13,W4293105734
6ae3a444ce13,W4297223429
6ae3a444ce13,W4309548602
6ae3a444ce13,W4317860138
6ae3a444ce13,W4324301049
6ae3a444ce13,W4382310405
6ae3a444ce13,W4382490410
6ae3a444ce13,W4382938368
6ae3a444ce13,W4387406185
6ae3a444ce13,W4391548211
6ae3a444ce13,W4393101327
6ae3a444ce13,W4394714357
6ae3a444ce13,W4400679738
6ae3a444ce13,W4402441701
6ae3a444ce13,W4403007432
6ae3a444ce13,W4406182069
6ae3a444ce13,W4408737230
6ae3a444ce13,W4409185140
6ae3a444ce13,W4409364900
6ae3a444ce13,W4410198150
6ae3a444ce13,W4412824650
6ae3a444ce13,W4415641150
6ae3a444ce13,W4415656453
6ae3a444ce13,W4415656500
6ae3a444ce13,W4416959060
6ae3a444ce13,W4417409950
6ae3a444ce13,W7104836910
6ae3a444ce13,W7105642279
6ae3a444ce13,W7151735042
6ae3a444ce13,W7152113274
6ae3a444ce13,W7160827498
6ae3a444ce13,W7161459897
6ae3a444ce13,W7163791987
6ae3a444ce13,W7164016185
6ae3a444ce13,W7166272234
6ae3a444ce13,W7167786255
6ae3a444ce13,W7171168023
6ae3a444ce13,W7172238757
6b70e8c13407,W1842779342
6b70e8c13407,W2061588309
6b70e8c13407,W2130559491
6b70e8c13407,W2135951236
6b70e8c13407,W2254937015
6b70e8c13407,W247702373
6b70e8c13407,W2563441308
6b70e8c13407,W2594864572
6b70e8c13407,W2622487580
6b70e8c13407,W2623562403
6b70e8c13407,W2734698929
6b70e8c13407,W2763247883
6b70e8c13407,W2788078957
6b70e8c13407,W2895012675
6b70e8c13407,W2943812305
6b70e8c13407,W2945840082
6b70e8c13407,W2947003286
6b70e8c13407,W2982041648
6b70e8c13407,W3014126664
6b70e8c13407,W3082783316
6b70e8c13407,W3082879487
6b70e8c13407,W3125248574
6b70e8c13407,W3131485877
6b70e8c13407,W3152194451
6b70e8c13407,W3155837602
6b70e8c13407,W3173716759
6b70e8c13407,W3196940479
6b70e8c13407,W3202726731
6b70e8c13407,W3202803207
6b70e8c13407,W3203201635
6b70e8c13407,W3208700363
6b70e8c13407,W3212389291
6b70e8c13407,W4232341357
6b70e8c13407,W4299809144
6b70e8c13407,W4309994042
6b70e8c13407,W4362559160
6b70e8c13407,W4378611187
6b70e8c13407,W4388940435
6b70e8c13407,W4409967537
6b70e8c13407,W4409967690
6b70e8c13407,W4416304431
6b70e8c13407,W7106280035
6b70e8c13407,W7117895267
6b70e8c13407,W7149219644
6b70e8c13407,W7154737183
6b70e8c13407,W7154744471
6b70e8c13407,W7160512949
6b70e8c13407,W7160522658
6b70e8c13407,W7162697370
6b70e8c13407,W7164811088
6b70e8c13407,W7164834425
6b70e8c13407,W7164850837
6b70e8c13407,W7164852602
6b70e8c13407,W7165370565
6d69c1a7297e,W4368375795
6d69c1a7297e,W4387298108
6d69c1a7297e,W4387306881
6d69c1a7297e,W4399867483
6d69c1a7297e,W4404476181
6d69c1a7297e,W4404477526
6d69c1a7297e,W4404479053
6d69c1a7297e,W4406135818
6d69c1a7297e,W4406184260
6d69c1a7297e,W4408140713
6d69c1a7297e,W4409413859
6d69c1a7297e,W4409413872
6d69c1a7297e,W4409723260
6d69c1a7297e,W4409994926
6d69c1a7297e,W4409994935
6d69c1a7297e,W4410769642
6d69c1a7297e,W4413882878
6d69c1a7297e,W4415376605
6d69c1a7297e,W4415889843
6d69c1a7297e,W7121209795
6d69c1a7297e,W7146999159
6de604913739,W4312211413
6de604913739,W4391317051
6de604913739,W4411196751
6de604913739,W4413354137
6de604913739,W7134266154
6de604913739,W7134882569
6de604913739,W7160673697
6de604913739,W7161154904
6de604913739,W7161167107
6de604913739,W7172014622
6f8aafdda577,W4301401155
6f8aafdda577,W4385064616
6f8aafdda577,W4389244793
6f8aafdda577,W4392343788
6f8aafdda577,W4405487681
6f8aafdda577,W4407041064
6f8aafdda577,W4408817011
6f8aafdda577,W4410324353
6fa6f1b90ae3,W2466154067
6fa6f1b90ae3,W2532769702
6fa6f1b90ae3,W2908567850
6fa6f1b90ae3,W2958494213
6fa6f1b90ae3,W2994435475
6fa6f1b90ae3,W3154931491
6fa6f1b90ae3,W3160783777
6fa6f1b90ae3,W3166642844
6fa6f1b90ae3,W3195004715
6fa6f1b90ae3,W4232750240
6fa6f1b90ae3,W4249308825
6fa6f1b90ae3,W4281731456
6fa6f1b90ae3,W4401508853
6fa6f1b90ae3,W7125676113
6fa6f1b90ae3,W7160462898
6fa6f1b90ae3,W7160463753
6fa6f1b90ae3,W7160474830
6fa6f1b90ae3,W7160729767
6fa6f1b90ae3,W7167569504
6fa6f1b90ae3,W7167858487
6fa6f1b90ae3,W7167876942
6fa6f1b90ae3,W7168003871
6fa6f1b90ae3,W7168006133
70f5d5ab2ea7,W2313008895
70f5d5ab2ea7,W2559774047
70f5d5ab2ea7,W2564546363
70f5d5ab2ea7,W2598113640
70f5d5ab2ea7,W2750688170
70f5d5ab2ea7,W2754883928
70f5d5ab2ea7,W2777983309
70f5d5ab2ea7,W2789646320
70f5d5ab2ea7,W2891037785
70f5d5ab2ea7,W2903338366
70f5d5ab2ea7,W2938322359
70f5d5ab2ea7,W2970178818
70f5d5ab2ea7,W2971175699
70f5d5ab2ea7,W2999158923
70f5d5ab2ea7,W2999551535
70f5d5ab2ea7,W3000122449
70f5d5ab2ea7,W3005834498
70f5d5ab2ea7,W3035096597
70f5d5ab2ea7,W3040134994
70f5d5ab2ea7,W3041651201
70f5d5ab2ea7,W3047948528
70f5d5ab2ea7,W3049005031
70f5d5ab2ea7,W3080188281
70f5d5ab2ea7,W3094886440
70f5d5ab2ea7,W3095117930
70f5d5ab2ea7,W3112634548
70f5d5ab2ea7,W3130730182
70f5d5ab2ea7,W3132093912
70f5d5ab2ea7,W3138755295
70f5d5ab2ea7,W3157516646
70f5d5ab2ea7,W3163243220
70f5d5ab2ea7,W3174220177
70f5d5ab2ea7,W3182264627
70f5d5ab2ea7,W3185405812
70f5d5ab2ea7,W3190275308
70f5d5ab2ea7,W3192278709
70f5d5ab2ea7,W3197519033
70f5d5ab2ea7,W3200449200
70f5d5ab2ea7,W3204303459
70f5d5ab2ea7,W3210432523
70f5d5ab2ea7,W3211328118
70f5d5ab2ea7,W4200042711
70f5d5ab2ea7,W4200187804
70f5d5ab2ea7,W4206670735
70f5d5ab2ea7,W4220872793
70f5d5ab2ea7,W4224031391
70f5d5ab2ea7,W4224247622
70f5d5ab2ea7,W4224300111
70f5d5ab2ea7,W4225808277
70f5d5ab2ea7,W4255934297
70f5d5ab2ea7,W4283119537
70f5d5ab2ea7,W4285061241
70f5d5ab2ea7,W4292209654
70f5d5ab2ea7,W4292841580
70f5d5ab2ea7,W4293068182
70f5d5ab2ea7,W4296029939
70f5d5ab2ea7,W4296498373
70f5d5ab2ea7,W4296863759
70f5d5ab2ea7,W4296877263
70f5d5ab2ea7,W4297887281
70f5d5ab2ea7,W4311780072
70f5d5ab2ea7,W4318819453
70f5d5ab2ea7,W4319660924
70f5d5ab2ea7,W4386390999
70f5d5ab2ea7,W4389035556
70f5d5ab2ea7,W4391401741
70f5d5ab2ea7,W4392671472
70f5d5ab2ea7,W4394714357
70f5d5ab2ea7,W4396894661
70f5d5ab2ea7,W4399297036
70f5d5ab2ea7,W4399370173
70f5d5ab2ea7,W4399457805
70f5d5ab2ea7,W4402441701
70f5d5ab2ea7,W4403063848
70f5d5ab2ea7,W4403616249
70f5d5ab2ea7,W4404033576
70f5d5ab2ea7,W4405020746
70f5d5ab2ea7,W4405407829
70f5d5ab2ea7,W4406294335
70f5d5ab2ea7,W4406294361
70f5d5ab2ea7,W4406294753
70f5d5ab2ea7,W4406348232
70f5d5ab2ea7,W4406617993
70f5d5ab2ea7,W4406633044
70f5d5ab2ea7,W4406905980
70f5d5ab2ea7,W4407196455
70f5d5ab2ea7,W4407272768
70f5d5ab2ea7,W4407585133
70f5d5ab2ea7,W4407795347
70f5d5ab2ea7,W4407832541
70f5d5ab2ea7,W4408213436
70f5d5ab2ea7,W4408213658
70f5d5ab2ea7,W4408213674
70f5d5ab2ea7,W4408440888
70f5d5ab2ea7,W4409163188
70f5d5ab2ea7,W4409185140
70f5d5ab2ea7,W4410112370
70f5d5ab2ea7,W4410502846
70f5d5ab2ea7,W4410773844
70f5d5ab2ea7,W4410918799
70f5d5ab2ea7,W4411193346
70f5d5ab2ea7,W4411830471
70f5d5ab2ea7,W4412567308
70f5d5ab2ea7,W4413168556
70f5d5ab2ea7,W4413738353
70f5d5ab2ea7,W4413790122
70f5d5ab2ea7,W4415383471
70f5d5ab2ea7,W4416959060
70f5d5ab2ea7,W4417036985
70f5d5ab2ea7,W4417443664
70f5d5ab2ea7,W7104836910
70f5d5ab2ea7,W7116637770
70f5d5ab2ea7,W7128546758
70f5d5ab2ea7,W7134560787
70f5d5ab2ea7,W7135201638
70f5d5ab2ea7,W7136862808
70f5d5ab2ea7,W7139353982
70f5d5ab2ea7,W7147077833
70f5d5ab2ea7,W7147135541
70f5d5ab2ea7,W7147467370
70f5d5ab2ea7,W7148196972
70f5d5ab2ea7,W7148331934
70f5d5ab2ea7,W7151129906
70f5d5ab2ea7,W7153957694
70f5d5ab2ea7,W7154175404
70f5d5ab2ea7,W7154660019
70f5d5ab2ea7,W7160917803
70f5d5ab2ea7,W7162581590
70f5d5ab2ea7,W7162896052
70f5d5ab2ea7,W7162917542
70f5d5ab2ea7,W7167807574
70f5d5ab2ea7,W7169572968
70f5d5ab2ea7,W7170060844
70f5d5ab2ea7,W7170068844
70f5d5ab2ea7,W7170084422
70f5d5ab2ea7,W7196975680
72141149ea70,W3158133127
72141149ea70,W3197910399
72141149ea70,W4405658696
72141149ea70,W7140076085
72141149ea70,W7140158925
72141149ea70,W7140195613
72141149ea70,W7140204477
72141149ea70,W7140211286
72141149ea70,W7140219394
72141149ea70,W7140229976
72145b7171a5,W136299921
72145b7171a5,W143302142
72145b7171a5,W1584490874
72145b7171a5,W1590237784
72145b7171a5,W2055187864
72145b7171a5,W2210918364
72145b7171a5,W2241279604
72145b7171a5,W2255674881
72145b7171a5,W2256760696
72145b7171a5,W2256989623
72145b7171a5,W2257495385
72145b7171a5,W2258879785
72145b7171a5,W2260161731
72145b7171a5,W2261605976
72145b7171a5,W2263948429
72145b7171a5,W2264643985
72145b7171a5,W2270060144
72145b7171a5,W2270153507
72145b7171a5,W2270874266
72145b7171a5,W2289383404
72145b7171a5,W2293561871
72145b7171a5,W2297320418
72145b7171a5,W2343821279
72145b7171a5,W2588087732
72145b7171a5,W2588206901
72145b7171a5,W2599243606
72145b7171a5,W2606573575
72145b7171a5,W2615386921
72145b7171a5,W2630560121
72145b7171a5,W2900659593
72145b7171a5,W2901768301
72145b7171a5,W2945102754
72145b7171a5,W2948644194
72145b7171a5,W2977634317
72145b7171a5,W2978379380
72145b7171a5,W3171116580
72145b7171a5,W3182325768
72145b7171a5,W3194494729
72145b7171a5,W3214537218
72145b7171a5,W4214816566
72145b7171a5,W4298900403
72145b7171a5,W4300542441
72145b7171a5,W4376618344
72145b7171a5,W933980003
7254243f56c9,W1843118354
7254243f56c9,W1906597272
7254243f56c9,W1970133251
7254243f56c9,W1989192652
7254243f56c9,W2000201695
7254243f56c9,W2020214718
7254243f56c9,W2034503175
7254243f56c9,W2034504676
7254243f56c9,W2040231184
7254243f56c9,W2077392044
7254243f56c9,W2099823393
7254243f56c9,W2569524135
7254243f56c9,W2608346533
7254243f56c9,W2787798204
7254243f56c9,W2796571507
7254243f56c9,W2803985279
7254243f56c9,W2807593968
7254243f56c9,W2912471296
7254243f56c9,W2916823531
7254243f56c9,W2971776696
7254243f56c9,W2990386182
7254243f56c9,W3018598707
7254243f56c9,W3036936887
7254243f56c9,W3081657792
7254243f56c9,W3113835005
7254243f56c9,W3117387075
7254243f56c9,W3136441935
7254243f56c9,W3188966281
7254243f56c9,W3204617939
7254243f56c9,W4200471917
7254243f56c9,W4200600962
7254243f56c9,W4205850461
7254243f56c9,W4229648777
7254243f56c9,W4230190789
7254243f56c9,W4240190308
7254243f56c9,W4242981690
7254243f56c9,W4244621409
7254243f56c9,W4249927222
7254243f56c9,W4281834699
7254243f56c9,W4287218163
7254243f56c9,W4317036235
7254243f56c9,W4317600499
7254243f56c9,W4361270478
7254243f56c9,W4386119788
7254243f56c9,W4387507735
7254243f56c9,W4387537012
7254243f56c9,W4387806076
7254243f56c9,W4387911411
7254243f56c9,W4389849524
7254243f56c9,W4390392088
7254243f56c9,W4391294113
7254243f56c9,W4392132313
7254243f56c9,W4394062120
7254243f56c9,W4394714357
7254243f56c9,W4395465318
7254243f56c9,W4399370173
7254243f56c9,W4402217659
7254243f56c9,W4402441701
7254243f56c9,W4405202884
7254243f56c9,W4406071853
7254243f56c9,W4406348232
7254243f56c9,W4406905980
7254243f56c9,W4406931649
7254243f56c9,W4407196455
7254243f56c9,W4407700432
7254243f56c9,W4408788233
7254243f56c9,W4408810633
7254243f56c9,W4409185140
7254243f56c9,W4409479432
7254243f56c9,W4409675012
7254243f56c9,W4409890087
7254243f56c9,W4410198150
7254243f56c9,W4410622270
7254243f56c9,W4412148811
7254243f56c9,W4412433664
7254243f56c9,W4412768918
7254243f56c9,W4413757024
7254243f56c9,W4413920485
7254243f56c9,W4414341611
7254243f56c9,W4414478557
7254243f56c9,W4415213847
7254243f56c9,W4415654350
7254243f56c9,W4415654499
7254243f56c9,W4416959060
7254243f56c9,W4417409950
7254243f56c9,W7134875343
7254243f56c9,W7135201638
7254243f56c9,W7136862808
7254243f56c9,W7139353982
7254243f56c9,W7147605194
7254243f56c9,W7148222872
7254243f56c9,W7149087018
7254243f56c9,W7150387892
7254243f56c9,W7153957694
7254243f56c9,W7156696137
7254243f56c9,W7158494781
7254243f56c9,W7160383360
7254243f56c9,W7160470066
7254243f56c9,W7160906019
7254243f56c9,W7161099205
7254243f56c9,W7161222818
7254243f56c9,W7161459897
7254243f56c9,W7162697370
7254243f56c9,W7162896052
7254243f56c9,W7162898575
7254243f56c9,W7163203000
7254243f56c9,W7163791987
7254243f56c9,W7164811088
7254243f56c9,W7164834425
7254243f56c9,W7164850837
7254243f56c9,W7164852602
7254243f56c9,W7165370565
7254243f56c9,W7165602239
7254243f56c9,W7166813284
7254243f56c9,W7167314086
7254243f56c9,W7167553974
7254243f56c9,W7169483879
7254243f56c9,W7172238757
7254243f56c9,W7196989058
72a15ca1e644,W3080442544
72a15ca1e644,W3195351878
72a15ca1e644,W3208105897
72a15ca1e644,W3208377733
72a15ca1e644,W4200203683
72a15ca1e644,W4310258524
72a15ca1e644,W4320493257
72a15ca1e644,W4381513337
72a15ca1e644,W4391578963
72a15ca1e644,W4392939976
72a15ca1e644,W4392940496
72a15ca1e644,W4401384909
72a15ca1e644,W4402919550
72a15ca1e644,W4404721456
72a15ca1e644,W4404875864
72a15ca1e644,W4405394966
72a15ca1e644,W4408167425
72a15ca1e644,W4408251262
72a15ca1e644,W4409028004
72a15ca1e644,W4410276391
72a15ca1e644,W4411691916
72a15ca1e644,W4416137616
72a15ca1e644,W7105825510
72a15ca1e644,W7117125070
72a15ca1e644,W7128088829
72a15ca1e644,W7130620321
72a15ca1e644,W7131387975
72a15ca1e644,W7162555808
72a15ca1e644,W7166666516
72a15ca1e644,W7171795797
73acb0bb1d5e,W4415342378
73acb0bb1d5e,W4416347121
73b6234f125f,W2104566335
73b6234f125f,W2443290868
73b6234f125f,W2554777298
73b6234f125f,W2794128657
73b6234f125f,W2904328336
73b6234f125f,W2906140174
73b6234f125f,W2965845092
73b6234f125f,W2972146870
73b6234f125f,W2980484627
73b6234f125f,W3011720326
73b6234f125f,W3081084081
73b6234f125f,W3125912495
73b6234f125f,W3145541898
73b6234f125f,W3150180529
73b6234f125f,W3187719932
73b6234f125f,W3194963864
73b6234f125f,W4205212055
73b6234f125f,W4212767884
73b6234f125f,W4243247889
73b6234f125f,W4253888527
73b6234f125f,W4280579339
73b6234f125f,W4280640210
73b6234f125f,W4283654324
73b6234f125f,W4285088087
73b6234f125f,W4292596163
73b6234f125f,W4294168579
73b6234f125f,W4324311173
73b6234f125f,W4378348711
73b6234f125f,W4384697799
73b6234f125f,W4394714357
73b6234f125f,W4397008914
73b6234f125f,W4397292890
73b6234f125f,W4402441701
73b6234f125f,W4407080476
73b6234f125f,W4407209192
73b6234f125f,W4409185140
73b6234f125f,W4409989287
73b6234f125f,W4410594007
73b6234f125f,W4411589822
73b6234f125f,W4412134464
73b6234f125f,W4413746345
73b6234f125f,W4415416802
73b6234f125f,W4416959060
73b6234f125f,W7123607491
73b6234f125f,W7135201638
73b6234f125f,W7136862808
73b6234f125f,W7139353982
73b6234f125f,W7153957694
73b6234f125f,W7162896052
73b6234f125f,W7165360340
73b6234f125f,W7202216464
73ccf0908772,W4407779358
73ccf0908772,W4415411035
73ccf0908772,W7163634852
73fc985eeefe,W4386391494
73fc985eeefe,W4386752285
73fc985eeefe,W4399142772
73fc985eeefe,W4401894450
74146d3f90db,W4205135928
74146d3f90db,W4205896561
74146d3f90db,W4320488809
74146d3f90db,W4387130339
74146d3f90db,W4393999366
74146d3f90db,W4406817915
74146d3f90db,W4409141500
74146d3f90db,W4409155452
74146d3f90db,W4409167051
74146d3f90db,W4410742753
74146d3f90db,W4413288450
74146d3f90db,W4414194164
74146d3f90db,W4414494736
74146d3f90db,W4415301277
744a162f256d,W3015558301
744a162f256d,W4378676334
744a162f256d,W4385240232
744a162f256d,W4414972571
746c3f68b8f1,W1045310674
746c3f68b8f1,W1510192578
746c3f68b8f1,W1547256408
746c3f68b8f1,W1554276939
746c3f68b8f1,W1557352063
746c3f68b8f1,W1565966051
746c3f68b8f1,W1596807735
746c3f68b8f1,W183475422
746c3f68b8f1,W1855078745
746c3f68b8f1,W1858903363
746c3f68b8f1,W1978552469
746c3f68b8f1,W2065468945
746c3f68b8f1,W2142483079
746c3f68b8f1,W2157763230
746c3f68b8f1,W2171642238
746c3f68b8f1,W2184251807
746c3f68b8f1,W2200791713
746c3f68b8f1,W2205781121
746c3f68b8f1,W2227085366
746c3f68b8f1,W2229320408
746c3f68b8f1,W2230431586
746c3f68b8f1,W2235473264
746c3f68b8f1,W2236598599
746c3f68b8f1,W2242862111
746c3f68b8f1,W2243349121
746c3f68b8f1,W2244106222
746c3f68b8f1,W2245538409
746c3f68b8f1,W2251654514
746c3f68b8f1,W2253729700
746c3f68b8f1,W2261432901
746c3f68b8f1,W2265159729
746c3f68b8f1,W2271129343
746c3f68b8f1,W2272198618
746c3f68b8f1,W2281282437
746c3f68b8f1,W2282537045
746c3f68b8f1,W2285250613
746c3f68b8f1,W2285722603
746c3f68b8f1,W2285902059
746c3f68b8f1,W2286207548
746c3f68b8f1,W2288420033
746c3f68b8f1,W2293683554
746c3f68b8f1,W2294970097
746c3f68b8f1,W2296358311
746c3f68b8f1,W2328918536
746c3f68b8f1,W2339967948
746c3f68b8f1,W2341390220
746c3f68b8f1,W2356081628
746c3f68b8f1,W2466032306
746c3f68b8f1,W2499202522
746c3f68b8f1,W2501741145
746c3f68b8f1,W2507684130
746c3f68b8f1,W2564013031
746c3f68b8f1,W2573421254
746c3f68b8f1,W2579553979
746c3f68b8f1,W2582398682
746c3f68b8f1,W2588394612
746c3f68b8f1,W2610854890
746c3f68b8f1,W2613670818
746c3f68b8f1,W2613879002
746c3f68b8f1,W2620124101
746c3f68b8f1,W2724949990
746c3f68b8f1,W2732294739
746c3f68b8f1,W2741736506
746c3f68b8f1,W2765151303
746c3f68b8f1,W2777940989
746c3f68b8f1,W2779679455
746c3f68b8f1,W2801030384
746c3f68b8f1,W2802185296
746c3f68b8f1,W2806479944
746c3f68b8f1,W2810269642
746c3f68b8f1,W2810454183
746c3f68b8f1,W2810885911
746c3f68b8f1,W2811149649
746c3f68b8f1,W2811286118
746c3f68b8f1,W2885588601
746c3f68b8f1,W2886135112
746c3f68b8f1,W2886751963
746c3f68b8f1,W2886756398
746c3f68b8f1,W2886919346
746c3f68b8f1,W2887009956
746c3f68b8f1,W2917843287
746c3f68b8f1,W2919129994
746c3f68b8f1,W2939811510
746c3f68b8f1,W2939927587
746c3f68b8f1,W2940208546
746c3f68b8f1,W2940431994
746c3f68b8f1,W2943405273
746c3f68b8f1,W2944712658
746c3f68b8f1,W2945739865
746c3f68b8f1,W2947670770
746c3f68b8f1,W2971019928
746c3f68b8f1,W2978643462
746c3f68b8f1,W2986863796
746c3f68b8f1,W2997556080
746c3f68b8f1,W3034854921
746c3f68b8f1,W3036735244
746c3f68b8f1,W3043231900
746c3f68b8f1,W3046386272
746c3f68b8f1,W3046488037
746c3f68b8f1,W3092956105
746c3f68b8f1,W3093252803
746c3f68b8f1,W3099060900
746c3f68b8f1,W3103959004
746c3f68b8f1,W3109927679
746c3f68b8f1,W3112299135
746c3f68b8f1,W3138782591
746c3f68b8f1,W3158166611
746c3f68b8f1,W315873653
746c3f68b8f1,W3164079429
746c3f68b8f1,W3164415335
746c3f68b8f1,W3164737438
746c3f68b8f1,W3164802286
746c3f68b8f1,W3164882573
746c3f68b8f1,W3164921376
746c3f68b8f1,W3165029580
746c3f68b8f1,W3165171637
746c3f68b8f1,W3165878221
746c3f68b8f1,W3196647872
746c3f68b8f1,W3205973312
746c3f68b8f1,W3207997914
746c3f68b8f1,W3208170897
746c3f68b8f1,W3208885458
746c3f68b8f1,W3209001565
746c3f68b8f1,W3209619305
746c3f68b8f1,W3211280796
746c3f68b8f1,W3211663466
746c3f68b8f1,W3214139225
746c3f68b8f1,W3214259733
746c3f68b8f1,W3216446856
746c3f68b8f1,W4206528818
746c3f68b8f1,W4220689554
746c3f68b8f1,W4220716649
746c3f68b8f1,W4220785943
746c3f68b8f1,W4225985439
746c3f68b8f1,W4226034921
746c3f68b8f1,W4226197492
746c3f68b8f1,W4229679462
746c3f68b8f1,W4244489927
746c3f68b8f1,W4245810322
746c3f68b8f1,W4252409016
746c3f68b8f1,W4281737209
746c3f68b8f1,W4281853436
746c3f68b8f1,W4281887783
746c3f68b8f1,W4287179139
746c3f68b8f1,W4293231372
746c3f68b8f1,W4296471285
746c3f68b8f1,W4297727693
746c3f68b8f1,W4299536934
746c3f68b8f1,W4300518044
746c3f68b8f1,W4310575010
746c3f68b8f1,W4316023192
746c3f68b8f1,W4316076886
746c3f68b8f1,W4316086799
746c3f68b8f1,W4316086903
746c3f68b8f1,W4316086913
746c3f68b8f1,W4316170627
746c3f68b8f1,W4317564784
746c3f68b8f1,W4320341236
746c3f68b8f1,W4322618977
746c3f68b8f1,W4322751961
746c3f68b8f1,W4323568024
746c3f68b8f1,W4323802132
746c3f68b8f1,W4323802589
746c3f68b8f1,W4324112111
746c3f68b8f1,W4361194631
746c3f68b8f1,W4361866833
746c3f68b8f1,W4366738767
746c3f68b8f1,W4368897300
746c3f68b8f1,W4376599581
746c3f68b8f1,W4382490966
746c3f68b8f1,W4383176328
746c3f68b8f1,W4383176397
746c3f68b8f1,W4383181148
746c3f68b8f1,W4383271889
746c3f68b8f1,W4384305486
746c3f68b8f1,W4386098631
746c3f68b8f1,W4386541134
746c3f68b8f1,W4386551956
746c3f68b8f1,W4386589671
746c3f68b8f1,W4388415598
746c3f68b8f1,W4393026328
746c3f68b8f1,W4393401591
746c3f68b8f1,W4393420433
746c3f68b8f1,W4393431346
746c3f68b8f1,W4393431980
746c3f68b8f1,W4393438661
746c3f68b8f1,W4393452237
746c3f68b8f1,W4393453161
746c3f68b8f1,W4393474145
746c3f68b8f1,W4393481997
746c3f68b8f1,W4393485696
746c3f68b8f1,W4393487080
746c3f68b8f1,W4393494782
746c3f68b8f1,W4393497071
746c3f68b8f1,W4393501241
746c3f68b8f1,W4393507682
746c3f68b8f1,W4393507825
746c3f68b8f1,W4393512153
746c3f68b8f1,W4393516925
746c3f68b8f1,W4393523641
746c3f68b8f1,W4393534989
746c3f68b8f1,W4393536484
746c3f68b8f1,W4393537729
746c3f68b8f1,W4393541473
746c3f68b8f1,W4393565886
746c3f68b8f1,W4393581748
746c3f68b8f1,W4393586428
746c3f68b8f1,W4393616268
746c3f68b8f1,W4393624235
746c3f68b8f1,W4393646825
746c3f68b8f1,W4393650641
746c3f68b8f1,W4393654236
746c3f68b8f1,W4393667046
746c3f68b8f1,W4393671027
746c3f68b8f1,W4393671826
746c3f68b8f1,W4393691676
746c3f68b8f1,W4393702807
746c3f68b8f1,W4393726169
746c3f68b8f1,W4393736426
746c3f68b8f1,W4393758072
746c3f68b8f1,W4393761189
746c3f68b8f1,W4393765982
746c3f68b8f1,W4393774921
746c3f68b8f1,W4393795159
746c3f68b8f1,W4393802072
746c3f68b8f1,W4393820313
746c3f68b8f1,W4393820712
746c3f68b8f1,W4393824692
746c3f68b8f1,W4393831931
746c3f68b8f1,W4393839420
746c3f68b8f1,W4393843682
746c3f68b8f1,W4393873351
746c3f68b8f1,W4393877276
746c3f68b8f1,W4393908813
746c3f68b8f1,W4394021991
746c3f68b8f1,W4394023652
746c3f68b8f1,W4394042307
746c3f68b8f1,W4394042575
746c3f68b8f1,W4412945996
746c3f68b8f1,W56439941
746c3f68b8f1,W7108599194
746c3f68b8f1,W7108602171
746c3f68b8f1,W7108702469
746c3f68b8f1,W7108749753
746c3f68b8f1,W7114894617
746c3f68b8f1,W7114906036
746c3f68b8f1,W7117457551
746c3f68b8f1,W7117464126
746c3f68b8f1,W7118472777
746c3f68b8f1,W7119023679
746c3f68b8f1,W7135202458
746c3f68b8f1,W7135205370
746c3f68b8f1,W7135212012
746c3f68b8f1,W7135231755
746c3f68b8f1,W7155177438
746c3f68b8f1,W7155213484
746c3f68b8f1,W7161715579
746c3f68b8f1,W7161734779
746c3f68b8f1,W7163169000
746c3f68b8f1,W7163174313
746c3f68b8f1,W7163174888
746c3f68b8f1,W7163182939
746c3f68b8f1,W7163999791
746c3f68b8f1,W7164024192
746c3f68b8f1,W7166877708
746c3f68b8f1,W7167328646
746c3f68b8f1,W7167360965
746c3f68b8f1,W7167468353
746c3f68b8f1,W7167574290
746c3f68b8f1,W7171787535
746c3f68b8f1,W7171807211
746c3f68b8f1,W7171938047
746c3f68b8f1,W7171956486
746c3f68b8f1,W7171962112
746c3f68b8f1,W94031111
7483a9cf996f,W1079269868
7483a9cf996f,W129823017
7483a9cf996f,W1508406052
7483a9cf996f,W1514737488
7483a9cf996f,W1520290379
7483a9cf996f,W1575151411
7483a9cf996f,W1592308457
7483a9cf996f,W160573510
7483a9cf996f,W1965528668
7483a9cf996f,W1965826478
7483a9cf996f,W1969379360
7483a9cf996f,W1977101708
7483a9cf996f,W1988870447
7483a9cf996f,W1989058060
7483a9cf996f,W1991190088
7483a9cf996f,W1994949650
7483a9cf996f,W1995755664
7483a9cf996f,W2006065004
7483a9cf996f,W2006108443
7483a9cf996f,W2006135774
7483a9cf996f,W2011234311
7483a9cf996f,W2012242079
7483a9cf996f,W2018604477
7483a9cf996f,W2018914761
7483a9cf996f,W2022319625
7483a9cf996f,W2026768137
7483a9cf996f,W2027229279
7483a9cf996f,W2037052050
7483a9cf996f,W2043775132
7483a9cf996f,W2048018963
7483a9cf996f,W2051623392
7483a9cf996f,W2055963329
7483a9cf996f,W2056609824
7483a9cf996f,W2056915262
7483a9cf996f,W2065847623
7483a9cf996f,W2070020577
7483a9cf996f,W2076808147
7483a9cf996f,W2079228826
7483a9cf996f,W2079315797
7483a9cf996f,W2081626741
7483a9cf996f,W2084060365
7483a9cf996f,W2086302609
7483a9cf996f,W2087512662
7483a9cf996f,W2100578690
7483a9cf996f,W2119964570
7483a9cf996f,W2131518686
7483a9cf996f,W2133506805
7483a9cf996f,W2135323390
7483a9cf996f,W2221395936
7483a9cf996f,W2228245540
7483a9cf996f,W2240874305
7483a9cf996f,W2251268978
7483a9cf996f,W2259595408
7483a9cf996f,W2280908575
7483a9cf996f,W2330179331
7483a9cf996f,W2347385205
7483a9cf996f,W2347568185
7483a9cf996f,W2348537528
7483a9cf996f,W2349476776
7483a9cf996f,W2349754534
7483a9cf996f,W2350082357
7483a9cf996f,W2350228565
7483a9cf996f,W2353064883
7483a9cf996f,W2354240748
7483a9cf996f,W2354264928
7483a9cf996f,W2357358195
7483a9cf996f,W2360558010
7483a9cf996f,W2362489956
7483a9cf996f,W2364050974
7483a9cf996f,W2365690659
7483a9cf996f,W2366793079
7483a9cf996f,W2375433621
7483a9cf996f,W2382825998
7483a9cf996f,W2387192134
7483a9cf996f,W2387845094
7483a9cf996f,W2388569261
7483a9cf996f,W2390138366
7483a9cf996f,W2391575707
7483a9cf996f,W2420589331
7483a9cf996f,W2421305053
7483a9cf996f,W2472765821
7483a9cf996f,W2482967277
7483a9cf996f,W2503707911
7483a9cf996f,W2523364691
7483a9cf996f,W2540140208
7483a9cf996f,W2544450393
7483a9cf996f,W2565255577
7483a9cf996f,W2605374023
7483a9cf996f,W2735361084
7483a9cf996f,W2761724665
7483a9cf996f,W2769279968
7483a9cf996f,W2775046304
7483a9cf996f,W2799879788
7483a9cf996f,W2887709043
7483a9cf996f,W2890664702
7483a9cf996f,W2892136179
7483a9cf996f,W2894891844
7483a9cf996f,W2897881030
7483a9cf996f,W2898387062
7483a9cf996f,W2900330655
7483a9cf996f,W2903450736
7483a9cf996f,W2906425142
7483a9cf996f,W2907476233
7483a9cf996f,W2912503782
7483a9cf996f,W2915542729
7483a9cf996f,W2922260014
7483a9cf996f,W2949391559
7483a9cf996f,W2950450840
7483a9cf996f,W2951337567
7483a9cf996f,W2975572463
7483a9cf996f,W2980936400
7483a9cf996f,W2987074620
7483a9cf996f,W2990364336
7483a9cf996f,W2996563947
7483a9cf996f,W3037889049
7483a9cf996f,W30777566
7483a9cf996f,W3083116566
7483a9cf996f,W3087146618
7483a9cf996f,W3109464989
7483a9cf996f,W3119175881
7483a9cf996f,W3131396636
7483a9cf996f,W3133549517
7483a9cf996f,W3154878857
7483a9cf996f,W3162499974
7483a9cf996f,W3181868186
7483a9cf996f,W3195098488
7483a9cf996f,W3204611266
7483a9cf996f,W3207511819
7483a9cf996f,W3210922396
7483a9cf996f,W374868554
7483a9cf996f,W4210707746
7483a9cf996f,W4213131350
7483a9cf996f,W4224280841
7483a9cf996f,W4224468190
7483a9cf996f,W4229021152
7483a9cf996f,W4254876783
7483a9cf996f,W4280509979
7483a9cf996f,W4283013740
7483a9cf996f,W4285491630
7483a9cf996f,W4285594387
7483a9cf996f,W4286223297
7483a9cf996f,W4295466724
7483a9cf996f,W4295560314
7483a9cf996f,W4303985609
7483a9cf996f,W4310874953
7483a9cf996f,W4311319999
7483a9cf996f,W4311421506
7483a9cf996f,W4313640641
7483a9cf996f,W4323310328
7483a9cf996f,W4361012827
7483a9cf996f,W4361733055
7483a9cf996f,W4366086081
7483a9cf996f,W4366203575
7483a9cf996f,W4383908989
7483a9cf996f,W4385334616
7483a9cf996f,W4387777960
7483a9cf996f,W4389046585
7483a9cf996f,W4390690622
7483a9cf996f,W4391052520
7483a9cf996f,W4391826634
7483a9cf996f,W4392148978
7483a9cf996f,W4394494839
7483a9cf996f,W4397292890
7483a9cf996f,W4399123934
7483a9cf996f,W4400613356
7483a9cf996f,W4401073358
7483a9cf996f,W4401995151
7483a9cf996f,W4402212858
7483a9cf996f,W4403818143
7483a9cf996f,W4404518610
7483a9cf996f,W4405564856
7483a9cf996f,W4406152676
7483a9cf996f,W4406152697
7483a9cf996f,W4406981015
7483a9cf996f,W4407080476
7483a9cf996f,W4407350064
7483a9cf996f,W4407380455
7483a9cf996f,W4407381214
7483a9cf996f,W4409185298
7483a9cf996f,W4409257598
7483a9cf996f,W4409564042
7483a9cf996f,W4409602084
7483a9cf996f,W4410332244
7483a9cf996f,W4410332245
7483a9cf996f,W4410353605
7483a9cf996f,W4412044721
7483a9cf996f,W4412134464
7483a9cf996f,W4412150352
7483a9cf996f,W4412610437
7483a9cf996f,W4413122009
7483a9cf996f,W4413279726
7483a9cf996f,W4413323004
7483a9cf996f,W4413349553
7483a9cf996f,W4415109280
7483a9cf996f,W4415149087
7483a9cf996f,W4415404706
7483a9cf996f,W4415404915
7483a9cf996f,W4415416802
7483a9cf996f,W4415740655
7483a9cf996f,W4415966148
7483a9cf996f,W4416498332
7483a9cf996f,W4416959123
7483a9cf996f,W4417117312
7483a9cf996f,W51742649
7483a9cf996f,W67728264
7483a9cf996f,W7119490360
7483a9cf996f,W7140085641
7483a9cf996f,W7148438213
7483a9cf996f,W7160375284
7483a9cf996f,W7160464630
7483a9cf996f,W7160518257
7483a9cf996f,W7161396591
7483a9cf996f,W7161398109
7483a9cf996f,W7165388122
7483a9cf996f,W7167480554
7483a9cf996f,W7169875222
7483a9cf996f,W7170300439
7483a9cf996f,W760452135
7483a9cf996f,W809789407
7483a9cf996f,W81818273
7483a9cf996f,W85008312
7483a9cf996f,W855525481
7483a9cf996f,W992316179
7703d0e9eec3,W3159448438
7703d0e9eec3,W3204516695
7703d0e9eec3,W4205893596
7703d0e9eec3,W4281731119
7703d0e9eec3,W4292236289
7703d0e9eec3,W4293101655
7703d0e9eec3,W4312714573
7703d0e9eec3,W4312763538
7703d0e9eec3,W4315631519
7703d0e9eec3,W4366352169
7703d0e9eec3,W4367852121
7703d0e9eec3,W4377565507
7703d0e9eec3,W4386754999
7703d0e9eec3,W4388931588
7703d0e9eec3,W4392242332
7703d0e9eec3,W4403544600
7703d0e9eec3,W4404962115
7703d0e9eec3,W4409405201
7703d0e9eec3,W4409733847
7703d0e9eec3,W4410284764
7703d0e9eec3,W4412611936
7703d0e9eec3,W4415266211
7703d0e9eec3,W4416819313
7703d0e9eec3,W4416846995
7703d0e9eec3,W7159964485
7703d0e9eec3,W7162473423
7703d0e9eec3,W7169495237
7703d0e9eec3,W7169552545
7703d0e9eec3,W7169559292
7703d0e9eec3,W7169566319
777e2848307e,W1580073421
777e2848307e,W2020974203
777e2848307e,W2082577998
777e2848307e,W2110831552
777e2848307e,W2152297726
777e2848307e,W2181304757
777e2848307e,W2219924660
777e2848307e,W2241940078
777e2848307e,W2294216252
777e2848307e,W2298856711
777e2848307e,W2309713387
777e2848307e,W2472084869
777e2848307e,W2485816861
777e2848307e,W2511284474
777e2848307e,W2529131974
777e2848307e,W2538482979
777e2848307e,W2551166814
777e2848307e,W2738493545
777e2848307e,W2765787420
777e2848307e,W2779379951
777e2848307e,W2801296837
777e2848307e,W2893034830
777e2848307e,W2901746103
777e2848307e,W2915841618
777e2848307e,W2938000351
777e2848307e,W2946790054
777e2848307e,W2950641286
777e2848307e,W2966681807
777e2848307e,W3010039611
777e2848307e,W3035636281
777e2848307e,W3118272555
777e2848307e,W3134366541
777e2848307e,W3146887326
777e2848307e,W3146947532
777e2848307e,W3173190449
777e2848307e,W3176422604
777e2848307e,W3176493797
777e2848307e,W3181093751
777e2848307e,W4206241336
777e2848307e,W4206520492
777e2848307e,W4213131350
777e2848307e,W4220744232
777e2848307e,W4230991319
777e2848307e,W4231394344
777e2848307e,W4242660350
777e2848307e,W4244746024
777e2848307e,W4245863329
777e2848307e,W4246118125
777e2848307e,W4247656010
777e2848307e,W4249214299
777e2848307e,W4249475091
777e2848307e,W4250589019
777e2848307e,W4251007768
777e2848307e,W4252147728
777e2848307e,W4252791682
777e2848307e,W4253288477
777e2848307e,W4253350755
777e2848307e,W4255281951
777e2848307e,W4255412889
777e2848307e,W4255487317
777e2848307e,W4255760235
777e2848307e,W4256542651
777e2848307e,W4281940174
777e2848307e,W4295540358
777e2848307e,W4297626614
777e2848307e,W4297953777
777e2848307e,W4307257953
777e2848307e,W4307257955
777e2848307e,W4307372244
777e2848307e,W4307475647
777e2848307e,W4313528610
777e2848307e,W4313893156
777e2848307e,W4366089144
777e2848307e,W4398594237
777e2848307e,W4398714482
777e2848307e,W4398753182
777e2848307e,W4398909535
777e2848307e,W4402660962
777e2848307e,W4402844017
777e2848307e,W4408215738
777e2848307e,W4408260381
777e2848307e,W4408688463
777e2848307e,W4408700535
777e2848307e,W4408700580
777e2848307e,W4408855098
777e2848307e,W4409672501
777e2848307e,W4409673243
777e2848307e,W4409673393
777e2848307e,W7117759260
777e2848307e,W7124235413
777e2848307e,W7125887662
777e2848307e,W7140523482
777e2848307e,W7140821239
777e2848307e,W7160471033
777e2848307e,W7162914446
777e2848307e,W7164625149
777e2848307e,W7167186836
778fd49eb70f,W2891187721
778fd49eb70f,W3011932550
778fd49eb70f,W3027202680
778fd49eb70f,W3087822757
778fd49eb70f,W3161136821
778fd49eb70f,W3161585207
778fd49eb70f,W3165583094
778fd49eb70f,W3168884440
778fd49eb70f,W4200279487
778fd49eb70f,W4240720408
778fd49eb70f,W4294955799
778fd49eb70f,W4323527336
778fd49eb70f,W4386737257
778fd49eb70f,W4394756886
778fd49eb70f,W4394760404
778fd49eb70f,W4395073261
778fd49eb70f,W4399572515
778fd49eb70f,W4399582441
778fd49eb70f,W4399582691
778fd49eb70f,W4399639768
778fd49eb70f,W4400416639
778fd49eb70f,W4401991029
778fd49eb70f,W4411403595
778fd49eb70f,W4411431343
778fd49eb70f,W4413273662
778fd49eb70f,W4416602013
778fd49eb70f,W4416627716
778fd49eb70f,W4416628513
778fd49eb70f,W4416659486
778fd49eb70f,W4416662162
778fd49eb70f,W7154888104
778fd49eb70f,W7155535484
77c4f17198a4,W2894119786
77c4f17198a4,W2905822987
77c4f17198a4,W2919263430
77c4f17198a4,W2962427132
77c4f17198a4,W3008180709
77c4f17198a4,W3134514966
77c4f17198a4,W3195887072
77c4f17198a4,W3207182139
77c4f17198a4,W3211435516
77c4f17198a4,W3213898304
77c4f17198a4,W3215727830
77c4f17198a4,W4206681075
77c4f17198a4,W4226434205
77c4f17198a4,W4241877458
77c4f17198a4,W4242680144
77c4f17198a4,W4254555230
77c4f17198a4,W4255187817
77c4f17198a4,W4280494918
77c4f17198a4,W4283374150
77c4f17198a4,W4285392150
77c4f17198a4,W4292869107
77c4f17198a4,W4308566859
77c4f17198a4,W4309840984
77c4f17198a4,W4317042454
77c4f17198a4,W4386244126
77c4f17198a4,W4390071350
77c4f17198a4,W4400312768
77c4f17198a4,W4400313181
77c4f17198a4,W4401965034
77c4f17198a4,W4412080480
77c4f17198a4,W7160462992
77c4f17198a4,W7160476457
77c4f17198a4,W7160482667
77c4f17198a4,W7160571215
77c4f17198a4,W7160729657
77c4f17198a4,W7160732664
77c4f17198a4,W7160738565
77c4f17198a4,W7167387716
77c4f17198a4,W7167562128
784ae3ce56a1,W1415427344
784ae3ce56a1,W1581621588
784ae3ce56a1,W1988940426
784ae3ce56a1,W1989807040
784ae3ce56a1,W1990059999
784ae3ce56a1,W1995087737
784ae3ce56a1,W2001046891
784ae3ce56a1,W2005563533
784ae3ce56a1,W2032106795
784ae3ce56a1,W2050582657
784ae3ce56a1,W2051575006
784ae3ce56a1,W2058002328
784ae3ce56a1,W2069137454
784ae3ce56a1,W2071160870
784ae3ce56a1,W2086922464
784ae3ce56a1,W2088321173
784ae3ce56a1,W2088596177
784ae3ce56a1,W2118946104
784ae3ce56a1,W2143636920
784ae3ce56a1,W2168868160
784ae3ce56a1,W2261743410
784ae3ce56a1,W2264857110
784ae3ce56a1,W2284371347
784ae3ce56a1,W2290902875
784ae3ce56a1,W2334367476
784ae3ce56a1,W2494767627
784ae3ce56a1,W2766131371
784ae3ce56a1,W2784547979
784ae3ce56a1,W2911781083
784ae3ce56a1,W2912111684
784ae3ce56a1,W2913103194
784ae3ce56a1,W2964737776
784ae3ce56a1,W2967582730
784ae3ce56a1,W3010463159
784ae3ce56a1,W3012326239
784ae3ce56a1,W3091336385
784ae3ce56a1,W3091703653
784ae3ce56a1,W3163587869
784ae3ce56a1,W3163906158
784ae3ce56a1,W3165831653
784ae3ce56a1,W3217785732
784ae3ce56a1,W4200269303
784ae3ce56a1,W4213207770
784ae3ce56a1,W4214712587
784ae3ce56a1,W4230415312
784ae3ce56a1,W4231394344
784ae3ce56a1,W4233147399
784ae3ce56a1,W4233613794
784ae3ce56a1,W4234231965
784ae3ce56a1,W4235863788
784ae3ce56a1,W4237302293
784ae3ce56a1,W4239146742
784ae3ce56a1,W4239491409
784ae3ce56a1,W4239843274
784ae3ce56a1,W4243279858
784ae3ce56a1,W4243467893
784ae3ce56a1,W4246680459
784ae3ce56a1,W4247082246
784ae3ce56a1,W4247579767
784ae3ce56a1,W4250806826
784ae3ce56a1,W4256491671
784ae3ce56a1,W4285087665
784ae3ce56a1,W4285710251
784ae3ce56a1,W4293859671
784ae3ce56a1,W4323567421
784ae3ce56a1,W4407280532
784ae3ce56a1,W7117224266
784ae3ce56a1,W7147383569
784ae3ce56a1,W7147646265
784ae3ce56a1,W7149219488
784ae3ce56a1,W7149222126
784ae3ce56a1,W7158209167
784ae3ce56a1,W7170130759
78d5687e7f42,W2014567864
78d5687e7f42,W2091276368
78d5687e7f42,W2130520394
78d5687e7f42,W2160202607
78d5687e7f42,W2402420450
78d5687e7f42,W2512671924
78d5687e7f42,W2529381753
78d5687e7f42,W2535806646
78d5687e7f42,W2735355524
78d5687e7f42,W2757641942
78d5687e7f42,W2766397013
78d5687e7f42,W2768981839
78d5687e7f42,W2792176479
78d5687e7f42,W2805687039
78d5687e7f42,W2914955530
78d5687e7f42,W2991744559
78d5687e7f42,W2992346318
78d5687e7f42,W3097197618
78d5687e7f42,W3103951359
78d5687e7f42,W3105052880
78d5687e7f42,W3107250642
78d5687e7f42,W3114458797
78d5687e7f42,W3134377151
78d5687e7f42,W3137450077
78d5687e7f42,W3158258992
78d5687e7f42,W3175011712
78d5687e7f42,W3179346037
78d5687e7f42,W3199767703
78d5687e7f42,W3203112990
78d5687e7f42,W3203279289
78d5687e7f42,W3203451949
78d5687e7f42,W3207235368
78d5687e7f42,W3210714174
78d5687e7f42,W4200365963
78d5687e7f42,W4205797933
78d5687e7f42,W4206209915
78d5687e7f42,W4206902510
78d5687e7f42,W4210258140
78d5687e7f42,W4210724219
78d5687e7f42,W4212904009
78d5687e7f42,W4213376220
78d5687e7f42,W4214778085
78d5687e7f42,W4220707633
78d5687e7f42,W4220911108
78d5687e7f42,W4221031102
78d5687e7f42,W4242804215
78d5687e7f42,W4283718384
78d5687e7f42,W4285078891
78d5687e7f42,W4285153692
78d5687e7f42,W4286253581
78d5687e7f42,W4291238121
78d5687e7f42,W4292687410
78d5687e7f42,W4296806994
78d5687e7f42,W4297461451
78d5687e7f42,W4301180958
78d5687e7f42,W4302362254
78d5687e7f42,W4304165898
78d5687e7f42,W4308928849
78d5687e7f42,W4309113170
78d5687e7f42,W4312221425
78d5687e7f42,W4313312767
78d5687e7f42,W4313585800
78d5687e7f42,W4317401671
78d5687e7f42,W4319041364
78d5687e7f42,W4321453448
78d5687e7f42,W4324017806
78d5687e7f42,W4364296716
78d5687e7f42,W4365456964
78d5687e7f42,W4376642411
78d5687e7f42,W4376871950
78d5687e7f42,W4378716213
78d5687e7f42,W4379010534
78d5687e7f42,W4379878343
78d5687e7f42,W4380046922
78d5687e7f42,W4382796866
78d5687e7f42,W4384120748
78d5687e7f42,W4385787379
78d5687e7f42,W4385878560
78d5687e7f42,W4386116153
78d5687e7f42,W4386206292
78d5687e7f42,W4386282499
78d5687e7f42,W4386535884
78d5687e7f42,W4387003009
78d5687e7f42,W4388700862
78d5687e7f42,W4389290171
78d5687e7f42,W4389792000
78d5687e7f42,W4390268878
78d5687e7f42,W4390871312
78d5687e7f42,W4391548211
78d5687e7f42,W4392352718
78d5687e7f42,W4392561896
78d5687e7f42,W4392847299
78d5687e7f42,W4393308356
78d5687e7f42,W4394613441
78d5687e7f42,W4394933338
78d5687e7f42,W4396704480
78d5687e7f42,W4399348571
78d5687e7f42,W4399384564
78d5687e7f42,W4399391919
78d5687e7f42,W4399883572
78d5687e7f42,W4400430110
78d5687e7f42,W4400513092
78d5687e7f42,W4400596626
78d5687e7f42,W4401260285
78d5687e7f42,W4402019262
78d5687e7f42,W4402325588
78d5687e7f42,W4402696807
78d5687e7f42,W4403458788
78d5687e7f42,W4403589374
78d5687e7f42,W4403637416
78d5687e7f42,W4403777270
78d5687e7f42,W4403850510
78d5687e7f42,W4403863487
78d5687e7f42,W4403952178
78d5687e7f42,W4404165660
78d5687e7f42,W4404165713
78d5687e7f42,W4404270207
78d5687e7f42,W4404525053
78d5687e7f42,W4405056063
78d5687e7f42,W4405417997
78d5687e7f42,W4406733169
78d5687e7f42,W4406940275
78d5687e7f42,W4407264772
78d5687e7f42,W4407876218
78d5687e7f42,W4408029995
78d5687e7f42,W4408199426
78d5687e7f42,W4408220672
78d5687e7f42,W4409380391
78d5687e7f42,W4409617622
78d5687e7f42,W4409723268
78d5687e7f42,W4410001786
78d5687e7f42,W4410332316
78d5687e7f42,W4410737377
78d5687e7f42,W4410791380
78d5687e7f42,W4411645631
78d5687e7f42,W4412017873
78d5687e7f42,W4413002746
78d5687e7f42,W4413048101
78d5687e7f42,W4413052602
78d5687e7f42,W4413428597
78d5687e7f42,W4413739206
78d5687e7f42,W4414751279
78d5687e7f42,W4414929977
78d5687e7f42,W4415165211
78d5687e7f42,W4415407146
78d5687e7f42,W4416130841
78d5687e7f42,W4416903282
78d5687e7f42,W4417369009
78d5687e7f42,W7117541018
78d5687e7f42,W7130662360
78d5687e7f42,W7131339417
78d5687e7f42,W7138943884
78d5687e7f42,W7140066516
78d5687e7f42,W7161178186
78d5687e7f42,W7161805760
78d5687e7f42,W7162867257
78d5687e7f42,W7165426041
78d5687e7f42,W7167791888
78d5687e7f42,W7172199724
78fdc0da2e4c,W2795063917
78fdc0da2e4c,W2800133362
78fdc0da2e4c,W2884709612
78fdc0da2e4c,W2905453850
78fdc0da2e4c,W2905981201
78fdc0da2e4c,W2908302590
78fdc0da2e4c,W2912913053
78fdc0da2e4c,W2913753873
78fdc0da2e4c,W2913785731
78fdc0da2e4c,W2919284505
78fdc0da2e4c,W2942437039
78fdc0da2e4c,W2944730678
78fdc0da2e4c,W2949213133
78fdc0da2e4c,W2949548990
78fdc0da2e4c,W2957046606
78fdc0da2e4c,W2962969737
78fdc0da2e4c,W2967034248
78fdc0da2e4c,W2972378365
78fdc0da2e4c,W2982523205
78fdc0da2e4c,W2993051993
78fdc0da2e4c,W3014925578
78fdc0da2e4c,W3015340740
78fdc0da2e4c,W3034605830
78fdc0da2e4c,W3086949329
78fdc0da2e4c,W3106136770
78fdc0da2e4c,W3115884059
78fdc0da2e4c,W3134033267
78fdc0da2e4c,W3135605915
78fdc0da2e4c,W3156117838
78fdc0da2e4c,W3157378722
78fdc0da2e4c,W3162945207
78fdc0da2e4c,W3179878785
78fdc0da2e4c,W3190149339
78fdc0da2e4c,W3200767434
78fdc0da2e4c,W3202130974
78fdc0da2e4c,W4205982307
78fdc0da2e4c,W4210566563
78fdc0da2e4c,W4210754455
78fdc0da2e4c,W4213390332
78fdc0da2e4c,W4223467756
78fdc0da2e4c,W4225683490
78fdc0da2e4c,W4229451416
78fdc0da2e4c,W4283814006
78fdc0da2e4c,W4291227862
78fdc0da2e4c,W4293255529
78fdc0da2e4c,W4294549847
78fdc0da2e4c,W4308873437
78fdc0da2e4c,W4309889518
78fdc0da2e4c,W4318615026
78fdc0da2e4c,W4321460757
78fdc0da2e4c,W4322755780
78fdc0da2e4c,W4364355544
78fdc0da2e4c,W4379526163
78fdc0da2e4c,W4380681002
78fdc0da2e4c,W4386495662
78fdc0da2e4c,W4387408764
78fdc0da2e4c,W4390979957
78fdc0da2e4c,W4391825410
78fdc0da2e4c,W4392545589
78fdc0da2e4c,W4392645492
78fdc0da2e4c,W4396948495
78fdc0da2e4c,W4400150267
78fdc0da2e4c,W4401086328
78fdc0da2e4c,W4401112139
78fdc0da2e4c,W4402359684
78fdc0da2e4c,W4403392122
78fdc0da2e4c,W4403686855
78fdc0da2e4c,W4403745176
78fdc0da2e4c,W4403965429
78fdc0da2e4c,W4405098199
78fdc0da2e4c,W4405398246
78fdc0da2e4c,W4410212920
78fdc0da2e4c,W4410263746
78fdc0da2e4c,W4410629149
78fdc0da2e4c,W4412119993
78fdc0da2e4c,W4413240246
78fdc0da2e4c,W4414317461
78fdc0da2e4c,W4414914701
78fdc0da2e4c,W4415648154
78fdc0da2e4c,W7125157660
78fdc0da2e4c,W7127294786
78fdc0da2e4c,W7128293949
78fdc0da2e4c,W7153025842
78fdc0da2e4c,W7159849851
78fdc0da2e4c,W7163025935
78fdc0da2e4c,W7163171664
78fdc0da2e4c,W7164693071
78fdc0da2e4c,W7165415662
78fdc0da2e4c,W7165515820
78fdc0da2e4c,W7165551337
78fdc0da2e4c,W7171831601
78fdc0da2e4c,W7197777203
7958b627c5af,W2904079900
7958b627c5af,W2972769941
7958b627c5af,W2994272519
7958b627c5af,W3035224665
7958b627c5af,W3152277289
7958b627c5af,W3163624910
7958b627c5af,W3208364888
7958b627c5af,W3211158515
7958b627c5af,W4205735344
7958b627c5af,W4213131350
7958b627c5af,W4226504205
7958b627c5af,W4292448923
7958b627c5af,W4376875053
7958b627c5af,W4388798956
7958b627c5af,W4404401475
7958b627c5af,W4415404783
7958b627c5af,W4415404786
7958b627c5af,W7167386848
7958b627c5af,W7167447155
79e9dd2abdc7,W1058108145
79e9dd2abdc7,W112242338
79e9dd2abdc7,W143191406
79e9dd2abdc7,W1523369885
79e9dd2abdc7,W1533618420
79e9dd2abdc7,W1572286412
79e9dd2abdc7,W1600154652
79e9dd2abdc7,W162523205
79e9dd2abdc7,W1891740820
79e9dd2abdc7,W190211431
79e9dd2abdc7,W1965959209
79e9dd2abdc7,W1966774772
79e9dd2abdc7,W1972707854
79e9dd2abdc7,W1976488105
79e9dd2abdc7,W1979048832
79e9dd2abdc7,W1982079825
79e9dd2abdc7,W1983387722
79e9dd2abdc7,W1986920056
79e9dd2abdc7,W1992156655
79e9dd2abdc7,W1996010615
79e9dd2abdc7,W2005845452
79e9dd2abdc7,W2011553191
79e9dd2abdc7,W2011881977
79e9dd2abdc7,W2015413549
79e9dd2abdc7,W2018434568
79e9dd2abdc7,W2021364829
79e9dd2abdc7,W2021584717
79e9dd2abdc7,W2021988697
79e9dd2abdc7,W2025567345
79e9dd2abdc7,W2031454708
79e9dd2abdc7,W2038671406
79e9dd2abdc7,W2039173300
79e9dd2abdc7,W2039332679
79e9dd2abdc7,W2040105066
79e9dd2abdc7,W2041652691
79e9dd2abdc7,W2043355908
79e9dd2abdc7,W2045785206
79e9dd2abdc7,W2053908019
79e9dd2abdc7,W2056820213
79e9dd2abdc7,W2062345309
79e9dd2abdc7,W2067026452
79e9dd2abdc7,W2073882473
79e9dd2abdc7,W2077301656
79e9dd2abdc7,W2079820674
79e9dd2abdc7,W2079879999
79e9dd2abdc7,W2081663497
79e9dd2abdc7,W2097327715
79e9dd2abdc7,W2099572686
79e9dd2abdc7,W2105484806
79e9dd2abdc7,W2105512879
79e9dd2abdc7,W2105788563
79e9dd2abdc7,W2108767500
79e9dd2abdc7,W2112041859
79e9dd2abdc7,W2116497319
79e9dd2abdc7,W2119109764
79e9dd2abdc7,W2121462067
79e9dd2abdc7,W2126166936
79e9dd2abdc7,W2143678725
79e9dd2abdc7,W2143742101
79e9dd2abdc7,W2149279583
79e9dd2abdc7,W2158041008
79e9dd2abdc7,W2161547120
79e9dd2abdc7,W2162909478
79e9dd2abdc7,W2168404614
79e9dd2abdc7,W2176860451
79e9dd2abdc7,W2179316497
79e9dd2abdc7,W2224831431
79e9dd2abdc7,W2255914878
79e9dd2abdc7,W2264890812
79e9dd2abdc7,W2295155380
79e9dd2abdc7,W2295338520
79e9dd2abdc7,W2312843249
79e9dd2abdc7,W2314141176
79e9dd2abdc7,W2317198474
79e9dd2abdc7,W2318152728
79e9dd2abdc7,W2332496088
79e9dd2abdc7,W2424411747
79e9dd2abdc7,W2434417144
79e9dd2abdc7,W24413746
79e9dd2abdc7,W2460516429
79e9dd2abdc7,W2463578680
79e9dd2abdc7,W2509394569
79e9dd2abdc7,W2519772982
79e9dd2abdc7,W2521780858
79e9dd2abdc7,W2532198420
79e9dd2abdc7,W2554043258
79e9dd2abdc7,W2561002104
79e9dd2abdc7,W2584843061
79e9dd2abdc7,W2591092602
79e9dd2abdc7,W2593040105
79e9dd2abdc7,W2597094745
79e9dd2abdc7,W2724166139
79e9dd2abdc7,W2771752338
79e9dd2abdc7,W2775305398
79e9dd2abdc7,W2791863222
79e9dd2abdc7,W2795696526
79e9dd2abdc7,W2797849812
79e9dd2abdc7,W2805138917
79e9dd2abdc7,W2809041698
79e9dd2abdc7,W2810188055
79e9dd2abdc7,W2889140637
79e9dd2abdc7,W2902215664
79e9dd2abdc7,W2909085384
79e9dd2abdc7,W2924499170
79e9dd2abdc7,W2943077169
79e9dd2abdc7,W2945139142
79e9dd2abdc7,W2948044379
79e9dd2abdc7,W2948638383
79e9dd2abdc7,W2963727124
79e9dd2abdc7,W2964632476
79e9dd2abdc7,W2979391524
79e9dd2abdc7,W2983342132
79e9dd2abdc7,W3015666316
79e9dd2abdc7,W3021395182
79e9dd2abdc7,W3043490897
79e9dd2abdc7,W3046328813
79e9dd2abdc7,W3082228504
79e9dd2abdc7,W3093396179
79e9dd2abdc7,W3095663158
79e9dd2abdc7,W3097092209
79e9dd2abdc7,W3097615760
79e9dd2abdc7,W3101106654
79e9dd2abdc7,W3107792019
79e9dd2abdc7,W3129773895
79e9dd2abdc7,W3151234889
79e9dd2abdc7,W3157157854
79e9dd2abdc7,W3161218677
79e9dd2abdc7,W3163446508
79e9dd2abdc7,W3164749218
79e9dd2abdc7,W3172392762
79e9dd2abdc7,W3180894424
79e9dd2abdc7,W3187630655
79e9dd2abdc7,W3193476514
79e9dd2abdc7,W3518674
79e9dd2abdc7,W4200035115
79e9dd2abdc7,W4200600962
79e9dd2abdc7,W4210826531
79e9dd2abdc7,W4212947065
79e9dd2abdc7,W4213131350
79e9dd2abdc7,W4214906646
79e9dd2abdc7,W4223932454
79e9dd2abdc7,W4224315195
79e9dd2abdc7,W4225150315
79e9dd2abdc7,W4225690429
79e9dd2abdc7,W4226504205
79e9dd2abdc7,W4230050204
79e9dd2abdc7,W4231956653
79e9dd2abdc7,W4233861740
79e9dd2abdc7,W4234214039
79e9dd2abdc7,W4234429989
79e9dd2abdc7,W4237498510
79e9dd2abdc7,W4240418280
79e9dd2abdc7,W4241517288
79e9dd2abdc7,W4244871878
79e9dd2abdc7,W4245171278
79e9dd2abdc7,W4245711626
79e9dd2abdc7,W4250484968
79e9dd2abdc7,W4251447377
79e9dd2abdc7,W4254165646
79e9dd2abdc7,W4280569125
79e9dd2abdc7,W4281684275
79e9dd2abdc7,W4281846416
79e9dd2abdc7,W4281969040
79e9dd2abdc7,W4283825898
79e9dd2abdc7,W4286219945
79e9dd2abdc7,W4286247879
79e9dd2abdc7,W4286462329
79e9dd2abdc7,W4286632955
79e9dd2abdc7,W4289524744
79e9dd2abdc7,W4291014781
79e9dd2abdc7,W4293105734
79e9dd2abdc7,W4296784058
79e9dd2abdc7,W4297223429
79e9dd2abdc7,W4297887281
79e9dd2abdc7,W4304165898
79e9dd2abdc7,W4313182492
79e9dd2abdc7,W4313428942
79e9dd2abdc7,W4318016618
79e9dd2abdc7,W4319041732
79e9dd2abdc7,W4319232654
79e9dd2abdc7,W4319660924
79e9dd2abdc7,W4320038879
79e9dd2abdc7,W4320181527
79e9dd2abdc7,W4327862711
79e9dd2abdc7,W4327862725
79e9dd2abdc7,W4366293277
79e9dd2abdc7,W4376127614
79e9dd2abdc7,W4376875053
79e9dd2abdc7,W4377078533
79e9dd2abdc7,W4378071353
79e9dd2abdc7,W4378716213
79e9dd2abdc7,W4379010534
79e9dd2abdc7,W4380872702
79e9dd2abdc7,W4382541699
79e9dd2abdc7,W4384662662
79e9dd2abdc7,W4388228111
79e9dd2abdc7,W4389327860
79e9dd2abdc7,W4389353619
79e9dd2abdc7,W4389357413
79e9dd2abdc7,W4389610381
79e9dd2abdc7,W4389914237
79e9dd2abdc7,W4390298974
79e9dd2abdc7,W4391294113
79e9dd2abdc7,W4391548211
79e9dd2abdc7,W4391609628
79e9dd2abdc7,W4391629219
79e9dd2abdc7,W4392735401
79e9dd2abdc7,W4392909196
79e9dd2abdc7,W4393414839
79e9dd2abdc7,W4393419453
79e9dd2abdc7,W4393511406
79e9dd2abdc7,W4393568451
79e9dd2abdc7,W4393697288
79e9dd2abdc7,W4393807150
79e9dd2abdc7,W4393821903
79e9dd2abdc7,W4393836676
79e9dd2abdc7,W4394032309
79e9dd2abdc7,W4394401580
79e9dd2abdc7,W4394714357
79e9dd2abdc7,W4396864445
79e9dd2abdc7,W4397026136
79e9dd2abdc7,W4399370173
79e9dd2abdc7,W4399544389
79e9dd2abdc7,W4399867897
79e9dd2abdc7,W4400454460
79e9dd2abdc7,W4400913915
79e9dd2abdc7,W4401192846
79e9dd2abdc7,W4401493806
79e9dd2abdc7,W4402441701
79e9dd2abdc7,W4403036292
79e9dd2abdc7,W4403063848
79e9dd2abdc7,W4403241183
79e9dd2abdc7,W4403256419
79e9dd2abdc7,W4403565014
79e9dd2abdc7,W4403589374
79e9dd2abdc7,W4403819045
79e9dd2abdc7,W4403945617
79e9dd2abdc7,W4403967744
79e9dd2abdc7,W4403967913
79e9dd2abdc7,W4404165660
79e9dd2abdc7,W4404165713
79e9dd2abdc7,W4404168165
79e9dd2abdc7,W4405003268
79e9dd2abdc7,W4405003353
79e9dd2abdc7,W4405311123
79e9dd2abdc7,W4405689322
79e9dd2abdc7,W4406315797
79e9dd2abdc7,W4406348232
79e9dd2abdc7,W4406617993
79e9dd2abdc7,W4406633044
79e9dd2abdc7,W4406905980
79e9dd2abdc7,W4406931649
79e9dd2abdc7,W4406940275
79e9dd2abdc7,W4407097259
79e9dd2abdc7,W4407196455
79e9dd2abdc7,W4407252947
79e9dd2abdc7,W4407253086
79e9dd2abdc7,W4407272768
79e9dd2abdc7,W4407438505
79e9dd2abdc7,W4407440971
79e9dd2abdc7,W4407585133
79e9dd2abdc7,W4407607278
79e9dd2abdc7,W4407700432
79e9dd2abdc7,W4407832541
79e9dd2abdc7,W4408323395
79e9dd2abdc7,W4408383346
79e9dd2abdc7,W4408384696
79e9dd2abdc7,W4408737230
79e9dd2abdc7,W4408788233
79e9dd2abdc7,W4408810633
79e9dd2abdc7,W4408905239
79e9dd2abdc7,W4408964547
79e9dd2abdc7,W4409052879
79e9dd2abdc7,W4409185140
79e9dd2abdc7,W4409409819
79e9dd2abdc7,W4409441849
79e9dd2abdc7,W4409501802
79e9dd2abdc7,W4409737818
79e9dd2abdc7,W4409984374
79e9dd2abdc7,W4409990986
79e9dd2abdc7,W4410198150
79e9dd2abdc7,W4410212205
79e9dd2abdc7,W4410396169
79e9dd2abdc7,W4410420860
79e9dd2abdc7,W4411147555
79e9dd2abdc7,W4411193346
79e9dd2abdc7,W4411376910
79e9dd2abdc7,W4411377029
79e9dd2abdc7,W4411539975
79e9dd2abdc7,W4411577361
79e9dd2abdc7,W4411645631
79e9dd2abdc7,W4412084874
79e9dd2abdc7,W4412472267
79e9dd2abdc7,W4412567308
79e9dd2abdc7,W4412768918
79e9dd2abdc7,W4412867136
79e9dd2abdc7,W4413067505
79e9dd2abdc7,W4413368317
79e9dd2abdc7,W4413566013
79e9dd2abdc7,W4413592874
79e9dd2abdc7,W4413738353
79e9dd2abdc7,W4414195126
79e9dd2abdc7,W4414478557
79e9dd2abdc7,W4414915791
79e9dd2abdc7,W4415011325
79e9dd2abdc7,W4415383471
79e9dd2abdc7,W4415404765
79e9dd2abdc7,W4415407146
79e9dd2abdc7,W4415630324
79e9dd2abdc7,W4415966840
79e9dd2abdc7,W4416180640
79e9dd2abdc7,W4416959060
79e9dd2abdc7,W4417279986
79e9dd2abdc7,W4417409950
79e9dd2abdc7,W560766767
79e9dd2abdc7,W564989554
79e9dd2abdc7,W7104836910
79e9dd2abdc7,W7125588273
79e9dd2abdc7,W7134262645
79e9dd2abdc7,W7154153037
79e9dd2abdc7,W7154472902
79e9dd2abdc7,W7161459897
79e9dd2abdc7,W7163164447
79e9dd2abdc7,W7163576909
79e9dd2abdc7,W7163791987
79e9dd2abdc7,W7171820432
7b3b72b0108c,W10980049
7b3b72b0108c,W1491086227
7b3b72b0108c,W1703162717
7b3b72b0108c,W1826162775
7b3b72b0108c,W2009603004
7b3b72b0108c,W2070402258
7b3b72b0108c,W2169858295
7b3b72b0108c,W2213221663
7b3b72b0108c,W2287225567
7b3b72b0108c,W2515666402
7b3b72b0108c,W2515944865
7b3b72b0108c,W2586909862
7b3b72b0108c,W2588859011
7b3b72b0108c,W2725370080
7b3b72b0108c,W2796727867
7b3b72b0108c,W2892288855
7b3b72b0108c,W2892359034
7b3b72b0108c,W2895849169
7b3b72b0108c,W3036794965
7b3b72b0108c,W3081871855
7b3b72b0108c,W3111966891
7b3b72b0108c,W3152396167
7b3b72b0108c,W3161190948
7b3b72b0108c,W3214206901
7b3b72b0108c,W4200341830
7b3b72b0108c,W4200621908
7b3b72b0108c,W4205455702
7b3b72b0108c,W4206748278
7b3b72b0108c,W4221086603
7b3b72b0108c,W4283206600
7b3b72b0108c,W4294222484
7b3b72b0108c,W4308136708
7b3b72b0108c,W4312767887
7b3b72b0108c,W4313544955
7b3b72b0108c,W4384071741
7b3b72b0108c,W4385264358
7b3b72b0108c,W4385855119
7b3b72b0108c,W4390837358
7b3b72b0108c,W4391431021
7b3b72b0108c,W4391489727
7b3b72b0108c,W4399979838
7b3b72b0108c,W4400416554
7b3b72b0108c,W4402217024
7b3b72b0108c,W4407150050
7b3b72b0108c,W4408095706
7b3b72b0108c,W4408150453
7b3b72b0108c,W4411373853
7b3b72b0108c,W4412044839
7b3b72b0108c,W4412571712
7b3b72b0108c,W4413273662
7b3b72b0108c,W4414110657
7b3b72b0108c,W4415416458
7b3b72b0108c,W4415416634
7b3b72b0108c,W4416071709
7b3b72b0108c,W7167583671
7b3b72b0108c,W7168186811
7b3b72b0108c,W82405886
7bc23043e691,W2501252277
7bc23043e691,W2783781294
7bc23043e691,W2953557310
7bc23043e691,W2979825133
7bc23043e691,W3041716136
7bc23043e691,W3111936309
7bc23043e691,W3129848676
7bc23043e691,W3153756123
7bc23043e691,W3158784614
7bc23043e691,W3159993954
7bc23043e691,W3182225515
7bc23043e691,W3192337022
7bc23043e691,W4200626410
7bc23043e691,W4205803868
7bc23043e691,W4206382956
7bc23043e691,W4213131350
7bc23043e691,W4214929179
7bc23043e691,W4225650080
7bc23043e691,W4226504205
7bc23043e691,W4226526865
7bc23043e691,W4233121771
7bc23043e691,W4236610682
7bc23043e691,W4246319001
7bc23043e691,W4252577872
7bc23043e691,W4280528285
7bc23043e691,W4280585222
7bc23043e691,W4284963312
7bc23043e691,W4304165929
7bc23043e691,W4309971992
7bc23043e691,W4309994233
7bc23043e691,W4321503822
7bc23043e691,W4376875053
7bc23043e691,W4378676334
7bc23043e691,W4382446870
7bc23043e691,W4385240232
7bc23043e691,W4389670743
7bc23043e691,W4391052601
7bc23043e691,W4391399032
7bc23043e691,W4401072036
7bc23043e691,W4404546246
7bc23043e691,W4406903895
7bc23043e691,W4407402855
7bc23043e691,W4412750954
7bc23043e691,W4417222054
7bc23043e691,W7130590257
7bc23043e691,W7154709065
7bc23043e691,W7154919924
7bc23043e691,W7160369600
7bc23043e691,W7160568966
7bc23043e691,W7160744512
7bc23043e691,W7162630750
7bc23043e691,W7162909123
7bc23043e691,W7162978487
7bc23043e691,W7167311798
7bc23043e691,W7167981969
7bc23043e691,W7167992766
7bc23043e691,W7167994271
7bc23043e691,W7169639581
7d5a556dd22e,W1025798427
7d5a556dd22e,W1554915455
7d5a556dd22e,W2037685244
7d5a556dd22e,W2203853962
7d5a556dd22e,W2299583836
7d5a556dd22e,W2327412331
7d5a556dd22e,W2528183582
7d5a556dd22e,W2595964341
7d5a556dd22e,W2621066408
7d5a556dd22e,W2741349091
7d5a556dd22e,W2795453388
7d5a556dd22e,W2893547398
7d5a556dd22e,W2894095288
7d5a556dd22e,W2894523911
7d5a556dd22e,W2938000351
7d5a556dd22e,W2943938880
7d5a556dd22e,W2944135200
7d5a556dd22e,W2944193466
7d5a556dd22e,W2944258777
7d5a556dd22e,W2944308274
7d5a556dd22e,W2944323677
7d5a556dd22e,W2944371635
7d5a556dd22e,W2944399436
7d5a556dd22e,W2944413681
7d5a556dd22e,W2944501676
7d5a556dd22e,W2944556575
7d5a556dd22e,W2944705080
7d5a556dd22e,W2960818060
7d5a556dd22e,W2975237045
7d5a556dd22e,W299415493
7d5a556dd22e,W2996993776
7d5a556dd22e,W3009548505
7d5a556dd22e,W3009594212
7d5a556dd22e,W3037525367
7d5a556dd22e,W3038236330
7d5a556dd22e,W3083208763
7d5a556dd22e,W3089436046
7d5a556dd22e,W3091566670
7d5a556dd22e,W3102153500
7d5a556dd22e,W3129547842
7d5a556dd22e,W3155507314
7d5a556dd22e,W3171054837
7d5a556dd22e,W3176493797
7d5a556dd22e,W3178519248
7d5a556dd22e,W3181093751
7d5a556dd22e,W3202579197
7d5a556dd22e,W3210516315
7d5a556dd22e,W4220937700
7d5a556dd22e,W4221095012
7d5a556dd22e,W4251880783
7d5a556dd22e,W4254343940
7d5a556dd22e,W4282974272
7d5a556dd22e,W4283025895
7d5a556dd22e,W4286632955
7d5a556dd22e,W4307475647
7d5a556dd22e,W4313233132
7d5a556dd22e,W4321102181
7d5a556dd22e,W4367678966
7d5a556dd22e,W4377096810
7d5a556dd22e,W4383495884
7d5a556dd22e,W4388422106
7d5a556dd22e,W4398782530
7d5a556dd22e,W4398817458
7d5a556dd22e,W4398820321
7d5a556dd22e,W4398826591
7d5a556dd22e,W4398836975
7d5a556dd22e,W4398843649
7d5a556dd22e,W4398843822
7d5a556dd22e,W4398859676
7d5a556dd22e,W4398867661
7d5a556dd22e,W4398868580
7d5a556dd22e,W4398876285
7d5a556dd22e,W4398877783
7d5a556dd22e,W4398890532
7d5a556dd22e,W4398890842
7d5a556dd22e,W4398897044
7d5a556dd22e,W4398915236
7d5a556dd22e,W4398916429
7d5a556dd22e,W4398924426
7d5a556dd22e,W4398926508
7d5a556dd22e,W4398928416
7d5a556dd22e,W4398929238
7d5a556dd22e,W4398936637
7d5a556dd22e,W4398945530
7d5a556dd22e,W4398955519
7d5a556dd22e,W4398960042
7d5a556dd22e,W4398970532
7d5a556dd22e,W4398973431
7d5a556dd22e,W4398978976
7d5a556dd22e,W4398979125
7d5a556dd22e,W4398983322
7d5a556dd22e,W4398986538
7d5a556dd22e,W4398989894
7d5a556dd22e,W4398990163
7d5a556dd22e,W4398990297
7d5a556dd22e,W4398990527
7d5a556dd22e,W4398992634
7d5a556dd22e,W4398993281
7d5a556dd22e,W4398993608
7d5a556dd22e,W4398995131
7d5a556dd22e,W4398997665
7d5a556dd22e,W4398999200
7d5a556dd22e,W4399001532
7d5a556dd22e,W4399015729
7d5a556dd22e,W4399055019
7d5a556dd22e,W4401246849
7d5a556dd22e,W4404722449
7d5a556dd22e,W4405645755
7d5a556dd22e,W4408260381
7d5a556dd22e,W4408688463
7d5a556dd22e,W4408700535
7d5a556dd22e,W4408700580
7d5a556dd22e,W4408855098
7d5a556dd22e,W4409487581
7d5a556dd22e,W4410545993
7d5a556dd22e,W4412581930
7d5a556dd22e,W4413473580
7d5a556dd22e,W4415937611
7d5a556dd22e,W7104836910
7d5a556dd22e,W7108318778
7d5a556dd22e,W7117224266
7d5a556dd22e,W7126401712
7d5a556dd22e,W7128546758
7d5a556dd22e,W7131809874
7d5a556dd22e,W7131816702
7d5a556dd22e,W7131848764
7d5a556dd22e,W7131863412
7d5a556dd22e,W7140762668
7d5a556dd22e,W7147077833
7d5a556dd22e,W7147135541
7d5a556dd22e,W7147383569
7d5a556dd22e,W7147467370
7d5a556dd22e,W7147646265
7d5a556dd22e,W7148196972
7d5a556dd22e,W7148331934
7d5a556dd22e,W7149219488
7d5a556dd22e,W7151129906
7d5a556dd22e,W7154175404
7d5a556dd22e,W7202075354
7d5a556dd22e,W914919364
7f045e4ff370,W2922206321
7f045e4ff370,W2974773622
7f045e4ff370,W2979767922
7f045e4ff370,W2980035045
7f045e4ff370,W2994164911
7f045e4ff370,W3012161437
7f045e4ff370,W3092995055
7f045e4ff370,W3104614521
7f045e4ff370,W3145757206
7f045e4ff370,W3172337168
7f045e4ff370,W4200374396
7f045e4ff370,W4230050261
7f045e4ff370,W4251159268
7f045e4ff370,W4307559116
7f045e4ff370,W4308132635
7f045e4ff370,W4308257785
7f045e4ff370,W4312444877
7f045e4ff370,W4319440382
7f045e4ff370,W4321102157
7f045e4ff370,W4322098624
7f045e4ff370,W4366776611
7f045e4ff370,W4387909460
7f045e4ff370,W4388154074
7f045e4ff370,W4389818448
7f045e4ff370,W4394808026
7f045e4ff370,W4394827533
7f045e4ff370,W4401493806
7f045e4ff370,W4402940335
7f045e4ff370,W4403641328
7f045e4ff370,W4405003268
7f045e4ff370,W4405003353
7f045e4ff370,W4405432282
7f045e4ff370,W4406972404
7f045e4ff370,W4409379661
7f045e4ff370,W4409405201
7f045e4ff370,W4416757043
7f045e4ff370,W4417523737
7f045e4ff370,W7107870595
7f045e4ff370,W7107872167
7f045e4ff370,W7117108016
7f045e4ff370,W7153766509
7f045e4ff370,W7162156476
7f045e4ff370,W7163164447
7f045e4ff370,W7163576909
7f045e4ff370,W7166517788
7fb822b8d657,W4225305766
7fb822b8d657,W4391294113
7fb822b8d657,W4391751153
7fb822b8d657,W4403063848
7fb822b8d657,W4406348232
7fb822b8d657,W4406931649
7fb822b8d657,W4407196455
7fb822b8d657,W4407272768
7fb822b8d657,W4412768918
7fbd28213343,W1494239927
7fbd28213343,W1988098758
7fbd28213343,W1999650707
7fbd28213343,W2004009202
7fbd28213343,W2004483813
7fbd28213343,W2012000613
7fbd28213343,W2019005694
7fbd28213343,W2069760228
7fbd28213343,W2099940728
7fbd28213343,W2118787993
7fbd28213343,W2136207313
7fbd28213343,W2140135316
7fbd28213343,W2153304693
7fbd28213343,W2157459766
7fbd28213343,W2160271928
7fbd28213343,W2166834254
7fbd28213343,W2173139872
7fbd28213343,W2276270053
7fbd28213343,W2475987328
7fbd28213343,W2482513112
7fbd28213343,W2484956973
7fbd28213343,W2486330613
7fbd28213343,W2487031479
7fbd28213343,W2488203476
7fbd28213343,W2492062558
7fbd28213343,W2497536004
7fbd28213343,W2498721092
7fbd28213343,W2499977078
7fbd28213343,W2517804352
7fbd28213343,W2518351092
7fbd28213343,W2522255581
7fbd28213343,W2523866523
7fbd28213343,W2526814019
7fbd28213343,W2534020765
7fbd28213343,W2536719389
7fbd28213343,W2537999971
7fbd28213343,W2541403232
7fbd28213343,W2549998535
7fbd28213343,W2554752144
7fbd28213343,W2561761548
7fbd28213343,W2567986647
7fbd28213343,W2569261307
7fbd28213343,W2573374581
7fbd28213343,W2577462339
7fbd28213343,W2579867825
7fbd28213343,W2587485565
7fbd28213343,W2588565059
7fbd28213343,W2621428310
7fbd28213343,W2622566755
7fbd28213343,W2622954749
7fbd28213343,W2623434624
7fbd28213343,W2623436626
7fbd28213343,W2624051317
7fbd28213343,W2765514580
7fbd28213343,W2805587690
7fbd28213343,W2933725261
7fbd28213343,W2975684063
7fbd28213343,W2996540769
7fbd28213343,W3026355505
7fbd28213343,W3081350270
7fbd28213343,W3097374298
7fbd28213343,W3108075661
7fbd28213343,W3161832713
7fbd28213343,W3163463583
7fbd28213343,W3167190031
7fbd28213343,W4200406687
7fbd28213343,W4212972255
7fbd28213343,W4221041599
7fbd28213343,W4229611965
7fbd28213343,W4232467913
7fbd28213343,W4238208055
7fbd28213343,W4238913786
7fbd28213343,W4239662660
7fbd28213343,W4244530744
7fbd28213343,W4246611182
7fbd28213343,W4247866252
7fbd28213343,W4248990904
7fbd28213343,W4250707874
7fbd28213343,W4252457089
7fbd28213343,W4285464237
7fbd28213343,W4285464279
7fbd28213343,W4383759852
7fbd28213343,W4390725198
7fbd28213343,W4401032651
7fbd28213343,W4401550561
7fbd28213343,W4403025964
7fbd28213343,W4403045757
7fbd28213343,W4405036296
7fbd28213343,W4408473957
7fbd28213343,W4411347263
7fbd28213343,W4414784286
7fbd28213343,W4415566005
7fbd28213343,W7139991551
7fbd28213343,W7172165450
8035bfc9ded8,W2797629095
8035bfc9ded8,W3035734631
8035bfc9ded8,W3083381197
8035bfc9ded8,W3184925794
8035bfc9ded8,W3200233557
8035bfc9ded8,W4200254226
8035bfc9ded8,W4200456451
8035bfc9ded8,W4200457588
8035bfc9ded8,W4205120232
8035bfc9ded8,W4213131350
8035bfc9ded8,W4226147954
8035bfc9ded8,W4226160618
8035bfc9ded8,W4226227390
8035bfc9ded8,W4255875554
8035bfc9ded8,W4283321857
8035bfc9ded8,W4285412325
8035bfc9ded8,W4385901824
8035bfc9ded8,W4386578937
8035bfc9ded8,W4388018900
8035bfc9ded8,W4390192466
8035bfc9ded8,W4391294123
8035bfc9ded8,W4394714357
8035bfc9ded8,W4396777604
8035bfc9ded8,W4401014493
8035bfc9ded8,W4401506231
8035bfc9ded8,W4402441701
8035bfc9ded8,W4409185140
8035bfc9ded8,W4416126223
8035bfc9ded8,W4416959060
8035bfc9ded8,W7124565388
8035bfc9ded8,W7135201638
8035bfc9ded8,W7136862808
8035bfc9ded8,W7139353982
8035bfc9ded8,W7140210861
8035bfc9ded8,W7153957694
8073e243b657,W2419670237
8073e243b657,W2791156417
8073e243b657,W2807195643
8073e243b657,W2947445629
8073e243b657,W3105007942
8073e243b657,W3135221474
8073e243b657,W3160254650
8073e243b657,W3191566111
8073e243b657,W3208956598
8073e243b657,W3209706808
8073e243b657,W4205791715
8073e243b657,W4230796383
8073e243b657,W4244805306
8073e243b657,W4283460279
8073e243b657,W4306318916
8073e243b657,W4317387854
8073e243b657,W4380152987
8073e243b657,W4385406163
8073e243b657,W4385683832
8073e243b657,W4387777960
8073e243b657,W4388658763
8073e243b657,W4393501855
8073e243b657,W4393504635
8073e243b657,W4393547824
8073e243b657,W4393629870
8073e243b657,W4393730310
8073e243b657,W4393838778
8073e243b657,W4393895661
8073e243b657,W4394039891
8073e243b657,W4394714357
8073e243b657,W4402036037
8073e243b657,W4402441701
8073e243b657,W4406981015
8073e243b657,W4409185140
8073e243b657,W4409185298
8073e243b657,W4409257598
8073e243b657,W4409970637
8073e243b657,W4412157597
8073e243b657,W4412157600
8073e243b657,W4413082705
8073e243b657,W4414148830
8073e243b657,W4415404706
8073e243b657,W4415404915
8073e243b657,W4416817579
8073e243b657,W4416959060
8073e243b657,W7119507730
8073e243b657,W7134277766
8073e243b657,W7135201638
8073e243b657,W7136862808
8073e243b657,W7140085641
8073e243b657,W7140203152
8073e243b657,W7165388122
8073e243b657,W7165603179
8073e243b657,W7165877928
8073e243b657,W7167480554
8073e243b657,W7167767828
8073e243b657,W7172512154
8073e243b657,W7201975540
80b9225f55c4,W1878996634
80b9225f55c4,W1972607294
80b9225f55c4,W1995422627
80b9225f55c4,W2002869705
80b9225f55c4,W2020030374
80b9225f55c4,W2027829965
80b9225f55c4,W2031474298
80b9225f55c4,W2048915161
80b9225f55c4,W2050237905
80b9225f55c4,W2081808730
80b9225f55c4,W2092150992
80b9225f55c4,W2099773196
80b9225f55c4,W2160693898
80b9225f55c4,W2188706420
80b9225f55c4,W2236214776
80b9225f55c4,W2260655214
80b9225f55c4,W2263251844
80b9225f55c4,W2293996804
80b9225f55c4,W2460076318
80b9225f55c4,W2469144673
80b9225f55c4,W2473005779
80b9225f55c4,W2474784326
80b9225f55c4,W2490703856
80b9225f55c4,W2495733094
80b9225f55c4,W2523059907
80b9225f55c4,W2529766566
80b9225f55c4,W2587224541
80b9225f55c4,W2603139967
80b9225f55c4,W2609335738
80b9225f55c4,W2743297604
80b9225f55c4,W2762449935
80b9225f55c4,W2778892080
80b9225f55c4,W2783326937
80b9225f55c4,W2791235618
80b9225f55c4,W2791620739
80b9225f55c4,W2794601743
80b9225f55c4,W2796236376
80b9225f55c4,W2911423960
80b9225f55c4,W2911964749
80b9225f55c4,W2913174614
80b9225f55c4,W2934156452
80b9225f55c4,W2946083167
80b9225f55c4,W2950889384
80b9225f55c4,W3003171336
80b9225f55c4,W3020976746
80b9225f55c4,W3025797353
80b9225f55c4,W3027069469
80b9225f55c4,W3083256242
80b9225f55c4,W3088155108
80b9225f55c4,W3089943759
80b9225f55c4,W3090699732
80b9225f55c4,W3090741958
80b9225f55c4,W3114162405
80b9225f55c4,W3115555747
80b9225f55c4,W3129817936
80b9225f55c4,W3138610432
80b9225f55c4,W3163373790
80b9225f55c4,W3164327208
80b9225f55c4,W3165907749
80b9225f55c4,W3180209878
80b9225f55c4,W3180922259
80b9225f55c4,W3185837895
80b9225f55c4,W3196757194
80b9225f55c4,W3204940354
80b9225f55c4,W3210482017
80b9225f55c4,W4200600962
80b9225f55c4,W4205410603
80b9225f55c4,W4206387421
80b9225f55c4,W4220661187
80b9225f55c4,W4221070941
80b9225f55c4,W4221142045
80b9225f55c4,W4224315195
80b9225f55c4,W4225690429
80b9225f55c4,W4280569125
80b9225f55c4,W4285086173
80b9225f55c4,W4286247879
80b9225f55c4,W4294917576
80b9225f55c4,W4295731897
80b9225f55c4,W4298282543
80b9225f55c4,W4307259265
80b9225f55c4,W4307733331
80b9225f55c4,W4312222682
80b9225f55c4,W4312348524
80b9225f55c4,W4312421497
80b9225f55c4,W4312759645
80b9225f55c4,W4313701585
80b9225f55c4,W4317661918
80b9225f55c4,W4319041732
80b9225f55c4,W4360619062
80b9225f55c4,W4365813326
80b9225f55c4,W4367178356
80b9225f55c4,W4376127614
80b9225f55c4,W4380415379
80b9225f55c4,W4384451000
80b9225f55c4,W4385893673
80b9225f55c4,W4386490494
80b9225f55c4,W4387935299
80b9225f55c4,W4389056677
80b9225f55c4,W4390709711
80b9225f55c4,W4391771386
80b9225f55c4,W4394714357
80b9225f55c4,W4401397194
80b9225f55c4,W4401819442
80b9225f55c4,W4402441701
80b9225f55c4,W4403063848
80b9225f55c4,W4403834692
80b9225f55c4,W4403945617
80b9225f55c4,W4405112317
80b9225f55c4,W4406736835
80b9225f55c4,W4407272768
80b9225f55c4,W4407700432
80b9225f55c4,W4408161838
80b9225f55c4,W4408788233
80b9225f55c4,W4408810633
80b9225f55c4,W4409185140
80b9225f55c4,W4409657169
80b9225f55c4,W4410918119
80b9225f55c4,W4411870813
80b9225f55c4,W4412394527
80b9225f55c4,W4412430416
80b9225f55c4,W4412490229
80b9225f55c4,W4414478557
80b9225f55c4,W4416959060
80b9225f55c4,W7108068091
80b9225f55c4,W7124279689
80b9225f55c4,W7135201638
80b9225f55c4,W7136862808
80b9225f55c4,W7139353982
80b9225f55c4,W7147135541
80b9225f55c4,W7150132704
80b9225f55c4,W7161003121
80b9225f55c4,W7162176049
80b9225f55c4,W7162259204
80b9225f55c4,W7162481197
80b9225f55c4,W7163899328
80b9225f55c4,W7166076631
80b9225f55c4,W7196989058
80b9225f55c4,W795230815
80d84c620f97,W2043933212
80d84c620f97,W2323759030
80d84c620f97,W2795247572
80d84c620f97,W2802735302
80d84c620f97,W2804964056
80d84c620f97,W2913437995
80d84c620f97,W2939694255
80d84c620f97,W2945292842
80d84c620f97,W2966187010
80d84c620f97,W2980741364
80d84c620f97,W3000394486
80d84c620f97,W3014346932
80d84c620f97,W3085001246
80d84c620f97,W3134867986
80d84c620f97,W3170114708
80d84c620f97,W4200468361
80d84c620f97,W4224324696
80d84c620f97,W4225545459
80d84c620f97,W4225621495
80d84c620f97,W4225727260
80d84c620f97,W4225832378
80d84c620f97,W4225944232
80d84c620f97,W4226115288
80d84c620f97,W4226138439
80d84c620f97,W4226140350
80d84c620f97,W4226267293
80d84c620f97,W4226374791
80d84c620f97,W4226380860
80d84c620f97,W4226427827
80d84c620f97,W4231866698
80d84c620f97,W4235895053
80d84c620f97,W4241953681
80d84c620f97,W4244205803
80d84c620f97,W4245778099
80d84c620f97,W4247042202
80d84c620f97,W4248728069
80d84c620f97,W4249013951
80d84c620f97,W4250466962
80d84c620f97,W4252240956
80d84c620f97,W4252521940
80d84c620f97,W4253111956
80d84c620f97,W4315699882
80d84c620f97,W4390758824
80d84c620f97,W4402731531
80d84c620f97,W4404540611
80d84c620f97,W4404540658
80d84c620f97,W4404540663
80d84c620f97,W4404540828
80d84c620f97,W4404540829
80d84c620f97,W4405828198
80d84c620f97,W4405829099
80d84c620f97,W4410791799
80d84c620f97,W4411619145
80d84c620f97,W4412363273
80d84c620f97,W4413216561
80d84c620f97,W4414329394
80d84c620f97,W7166797964
80d84c620f97,W7167276834
80e49d18500e,W1941783251
80e49d18500e,W2017885631
80e49d18500e,W2023985409
80e49d18500e,W2053326745
80e49d18500e,W2126632863
80e49d18500e,W2132320854
80e49d18500e,W2223065421
80e49d18500e,W2291698658
80e49d18500e,W2551845518
80e49d18500e,W2776052311
80e49d18500e,W2776375371
80e49d18500e,W2776961836
80e49d18500e,W2777371210
80e49d18500e,W2778441749
80e49d18500e,W2778559577
80e49d18500e,W2779903462
80e49d18500e,W2780194092
80e49d18500e,W2781423859
80e49d18500e,W2781699363
80e49d18500e,W2781703629
80e49d18500e,W2782244231
80e49d18500e,W2782707220
80e49d18500e,W2785589163
80e49d18500e,W2805138917
80e49d18500e,W2805403022
80e49d18500e,W2810320295
80e49d18500e,W2884054980
80e49d18500e,W2886022069
80e49d18500e,W2887882077
80e49d18500e,W2900858289
80e49d18500e,W2902292915
80e49d18500e,W2923548702
80e49d18500e,W2936257342
80e49d18500e,W2943629219
80e49d18500e,W2983826961
80e49d18500e,W2988533961
80e49d18500e,W3029930773
80e49d18500e,W3041144295
80e49d18500e,W3086044296
80e49d18500e,W3098973543
80e49d18500e,W3102638009
80e49d18500e,W3122306322
80e49d18500e,W3124463108
80e49d18500e,W3161218677
80e49d18500e,W3162798413
80e49d18500e,W3162937339
80e49d18500e,W3164362338
80e49d18500e,W3168301972
80e49d18500e,W3172392762
80e49d18500e,W3187630655
80e49d18500e,W3200995957
80e49d18500e,W4200162890
80e49d18500e,W4200600962
80e49d18500e,W4210323870
80e49d18500e,W4213216470
80e49d18500e,W4214883126
80e49d18500e,W4223932454
80e49d18500e,W4225656869
80e49d18500e,W4225666409
80e49d18500e,W4226251881
80e49d18500e,W4226504205
80e49d18500e,W4231465988
80e49d18500e,W4237498510
80e49d18500e,W4240885804
80e49d18500e,W4241517288
80e49d18500e,W4241961269
80e49d18500e,W4244393971
80e49d18500e,W4249736384
80e49d18500e,W4253814839
80e49d18500e,W4281684275
80e49d18500e,W4281770782
80e49d18500e,W4281846416
80e49d18500e,W4281969040
80e49d18500e,W4292736962
80e49d18500e,W4293105734
80e49d18500e,W4296301807
80e49d18500e,W4297092866
80e49d18500e,W4297223429
80e49d18500e,W4300856323
80e49d18500e,W4307230342
80e49d18500e,W4307599356
80e49d18500e,W4310092745
80e49d18500e,W4319657189
80e49d18500e,W4320038879
80e49d18500e,W4320488168
80e49d18500e,W4321788752
80e49d18500e,W4366293277
80e49d18500e,W4376875053
80e49d18500e,W4378676334
80e49d18500e,W4379010534
80e49d18500e,W4383224360
80e49d18500e,W4385240232
80e49d18500e,W4385879855
80e49d18500e,W4388099553
80e49d18500e,W4390075581
80e49d18500e,W4390392088
80e49d18500e,W4391294113
80e49d18500e,W4391548211
80e49d18500e,W4391880064
80e49d18500e,W4394714357
80e49d18500e,W4397292890
80e49d18500e,W4398351791
80e49d18500e,W4398431496
80e49d18500e,W4398568988
80e49d18500e,W4399202578
80e49d18500e,W4399370173
80e49d18500e,W4399544389
80e49d18500e,W4400454460
80e49d18500e,W4402441701
80e49d18500e,W4403063848
80e49d18500e,W4403256419
80e49d18500e,W4403521744
80e49d18500e,W4403521748
80e49d18500e,W4403589374
80e49d18500e,W4403818143
80e49d18500e,W4403819045
80e49d18500e,W4403820134
80e49d18500e,W4403878685
80e49d18500e,W4404670220
80e49d18500e,W4406348232
80e49d18500e,W4406905980
80e49d18500e,W4407080476
80e49d18500e,W4407196455
80e49d18500e,W4407272768
80e49d18500e,W4407700432
80e49d18500e,W4408323395
80e49d18500e,W4408357862
80e49d18500e,W4408737230
80e49d18500e,W4408788233
80e49d18500e,W4408810633
80e49d18500e,W4409185140
80e49d18500e,W4410632436
80e49d18500e,W4411645631
80e49d18500e,W4412134464
80e49d18500e,W4412768918
80e49d18500e,W4413349553
80e49d18500e,W4413920485
80e49d18500e,W4414341611
80e49d18500e,W4414478557
80e49d18500e,W4415011325
80e49d18500e,W4415109280
80e49d18500e,W4415407146
80e49d18500e,W4415416802
80e49d18500e,W4415966840
81729961284d,W2748901349
81729961284d,W2784547979
81729961284d,W2788930055
81729961284d,W2792586925
81729961284d,W2803536098
81729961284d,W2805648112
81729961284d,W2810320295
81729961284d,W2884430142
81729961284d,W2929434553
81729961284d,W2943951668
81729961284d,W2946370812
81729961284d,W2947495427
81729961284d,W2966535023
81729961284d,W2966868554
81729961284d,W2972555947
81729961284d,W2985923507
81729961284d,W3005555715
81729961284d,W3034420189
81729961284d,W3082624368
81729961284d,W3106359913
81729961284d,W3113132966
81729961284d,W3126499695
81729961284d,W3136205026
81729961284d,W3161257786
81729961284d,W3162863567
81729961284d,W3172392762
81729961284d,W3187630655
81729961284d,W3209288515
81729961284d,W4210480844
81729961284d,W4213115757
81729961284d,W4225662597
81729961284d,W4230364257
81729961284d,W4230588950
81729961284d,W4236686216
81729961284d,W4237498510
81729961284d,W4237889011
81729961284d,W4241517288
81729961284d,W4243196218
81729961284d,W4253613672
81729961284d,W4253698364
81729961284d,W4281684275
81729961284d,W4281846416
81729961284d,W4288358821
81729961284d,W4290759673
81729961284d,W4293105734
81729961284d,W4293859671
81729961284d,W4297223429
81729961284d,W4307836413
81729961284d,W4318828009
81729961284d,W4320038879
81729961284d,W4323363904
81729961284d,W4386441575
81729961284d,W4388462059
81729961284d,W4388488611
81729961284d,W4400947396
81729961284d,W4405279598
81729961284d,W4407280532
81729961284d,W4408323395
81729961284d,W4408737230
81729961284d,W4409150317
81729961284d,W4409969633
81729961284d,W4409969756
81729961284d,W4410985473
81729961284d,W4411619601
81729961284d,W4415699447
81729961284d,W4415699521
81729961284d,W4416959246
8254b0b67691,W1995379801
8254b0b67691,W2005190548
8254b0b67691,W2020103640
8254b0b67691,W2032518840
8254b0b67691,W2043505035
8254b0b67691,W2049981266
8254b0b67691,W2079424949
8254b0b67691,W2089260058
8254b0b67691,W2151491099
8254b0b67691,W2166967407
8254b0b67691,W2168534313
8254b0b67691,W2311625180
8254b0b67691,W2338940449
8254b0b67691,W2413236628
8254b0b67691,W2740086896
8254b0b67691,W2744193295
8254b0b67691,W2804440176
8254b0b67691,W2917453559
8254b0b67691,W4206404958
8254b0b67691,W4377289507
8254b0b67691,W4391951787
8254b0b67691,W4394543766
8254b0b67691,W4408506019
833e0c729147,W2791420152
833e0c729147,W2796374315
833e0c729147,W3022363718
833e0c729147,W3213628987
833e0c729147,W4385355091
833e0c729147,W4399321642
833e0c729147,W4404798166
833e0c729147,W4405631286
833e0c729147,W4410451680
833e0c729147,W4410609348
833e0c729147,W4417035873
83cf220526fb,W1563161742
83cf220526fb,W1919123816
83cf220526fb,W2162786283
83cf220526fb,W2216896118
83cf220526fb,W2217779536
83cf220526fb,W2254778680
83cf220526fb,W2276108542
83cf220526fb,W2287430896
83cf220526fb,W2414703791
83cf220526fb,W2528587750
83cf220526fb,W2549749659
83cf220526fb,W2587466204
83cf220526fb,W2612375931
83cf220526fb,W2623938517
83cf220526fb,W2771104279
83cf220526fb,W2774795418
83cf220526fb,W2794715307
83cf220526fb,W2801957277
83cf220526fb,W2816634639
83cf220526fb,W2897113649
83cf220526fb,W2905691418
83cf220526fb,W2912876144
83cf220526fb,W2927484508
83cf220526fb,W2950550173
83cf220526fb,W2954336198
83cf220526fb,W2968274383
83cf220526fb,W2995133169
83cf220526fb,W3003189348
83cf220526fb,W3032006658
83cf220526fb,W3033234506
83cf220526fb,W3034544969
83cf220526fb,W3035860326
83cf220526fb,W3040188916
83cf220526fb,W3043462550
83cf220526fb,W3044085509
83cf220526fb,W3044619517
83cf220526fb,W3077822777
83cf220526fb,W3081559571
83cf220526fb,W3084471346
83cf220526fb,W3085460447
83cf220526fb,W3111617815
83cf220526fb,W3119319547
83cf220526fb,W3148946367
83cf220526fb,W3197963763
83cf220526fb,W3205698478
83cf220526fb,W4205358419
83cf220526fb,W4229611738
83cf220526fb,W4295885426
83cf220526fb,W4311081128
83cf220526fb,W4318692644
83cf220526fb,W4328015791
83cf220526fb,W4377047024
83cf220526fb,W4382940356
83cf220526fb,W4386531259
83cf220526fb,W4392014274
83cf220526fb,W4392728090
83cf220526fb,W4399275771
83cf220526fb,W4405208444
83cf220526fb,W4405993862
83cf220526fb,W4406053184
83cf220526fb,W4406660490
83cf220526fb,W4411717127
83cf220526fb,W4413116103
83cf220526fb,W4414241796
83cf220526fb,W4415122740
83cf220526fb,W7106112145
83cf220526fb,W7106123872
83cf220526fb,W7108207070
83cf220526fb,W7108214338
83cf220526fb,W7114894365
83cf220526fb,W7114926961
83cf220526fb,W7134879497
83cf220526fb,W7135043313
83cf220526fb,W7154417304
83cf220526fb,W7155601243
83cf220526fb,W7155608516
83cf220526fb,W7158181838
83cf220526fb,W7160040043
83cf220526fb,W7160323544
83cf220526fb,W7160398908
83cf220526fb,W7160739407
83cf220526fb,W7161152121
83cf220526fb,W7161162284
83cf220526fb,W7163917297
83cf220526fb,W7165645622
83cf220526fb,W7165664703
83cf220526fb,W7167259677
83cf220526fb,W7167384278
83cf220526fb,W7168080055
83cf220526fb,W7168087379
83cf220526fb,W7168733742
83cf220526fb,W7171491960
83cf220526fb,W7171514182
83cf220526fb,W7171523728
83cf220526fb,W7171566289
83cf220526fb,W7171627284
83cf220526fb,W7171645261
83cf220526fb,W7171662918
83cf220526fb,W7171743677
842f4b32ea31,W3162589814
842f4b32ea31,W3193465439
842f4b32ea31,W3195047483
842f4b32ea31,W3202298930
842f4b32ea31,W3210282356
842f4b32ea31,W3216565722
842f4b32ea31,W4212786079
842f4b32ea31,W4221034153
842f4b32ea31,W4240848679
842f4b32ea31,W4243162263
842f4b32ea31,W4253267505
842f4b32ea31,W4255006610
842f4b32ea31,W4289912248
842f4b32ea31,W4376141120
842f4b32ea31,W4385241898
842f4b32ea31,W4386833401
842f4b32ea31,W4388424795
842f4b32ea31,W4391445503
842f4b32ea31,W4391509830
842f4b32ea31,W4392236064
842f4b32ea31,W4401410780
842f4b32ea31,W4402414389
842f4b32ea31,W4403779215
842f4b32ea31,W4407560913
842f4b32ea31,W4407583315
842f4b32ea31,W4408532893
842f4b32ea31,W4408702159
842f4b32ea31,W4409283861
842f4b32ea31,W4409841668
842f4b32ea31,W4411225630
842f4b32ea31,W4411468630
842f4b32ea31,W4411490229
842f4b32ea31,W4413421444
842f4b32ea31,W4414643717
842f4b32ea31,W4415363579
842f4b32ea31,W4415609459
842f4b32ea31,W4416014968
842f4b32ea31,W4417241772
842f4b32ea31,W7104836910
842f4b32ea31,W7128546758
842f4b32ea31,W7134266154
842f4b32ea31,W7134882569
842f4b32ea31,W7141587558
842f4b32ea31,W7141670534
842f4b32ea31,W7143584325
842f4b32ea31,W7147077833
842f4b32ea31,W7148196972
842f4b32ea31,W7154140161
842f4b32ea31,W7154660019
842f4b32ea31,W7155217687
842f4b32ea31,W7160566101
842f4b32ea31,W7160673697
842f4b32ea31,W7160732506
842f4b32ea31,W7162917542
842f4b32ea31,W7167856800
842f4b32ea31,W7168063216
842f4b32ea31,W7169849249
842f4b32ea31,W7171826384
842f4b32ea31,W7172481574
842f4b32ea31,W7172533113
842f4b32ea31,W7172541136
842f4b32ea31,W7172553046
84429cc976d8,W2785467308
84429cc976d8,W2808777043
84429cc976d8,W2964028041
84429cc976d8,W2972370473
84429cc976d8,W2972578544
84429cc976d8,W2973299943
84429cc976d8,W2981152681
84429cc976d8,W2989669553
84429cc976d8,W3009920088
84429cc976d8,W3025448921
84429cc976d8,W3041335789
84429cc976d8,W3119662713
84429cc976d8,W3197447342
84429cc976d8,W4206243796
84429cc976d8,W4213047569
84429cc976d8,W4214641528
84429cc976d8,W4285491630
84429cc976d8,W4361012827
84429cc976d8,W4392427271
84429cc976d8,W4392714491
84429cc976d8,W4399732199
84429cc976d8,W4402546629
84429cc976d8,W4408039878
84429cc976d8,W7127995622
84429cc976d8,W7128718332
84429cc976d8,W7164401715
84429cc976d8,W7164923364
8490779e6037,W1975327611
8490779e6037,W1975639312
8490779e6037,W2006606693
8490779e6037,W2016077903
8490779e6037,W2020427755
8490779e6037,W2030863242
8490779e6037,W2038427022
8490779e6037,W2039803603
8490779e6037,W2040277744
8490779e6037,W2082601099
8490779e6037,W2095108160
8490779e6037,W2121311077
8490779e6037,W2132666654
8490779e6037,W2704954209
8490779e6037,W2776446352
8490779e6037,W2776759356
8490779e6037,W2776949765
8490779e6037,W2777282345
8490779e6037,W2777540834
8490779e6037,W2777728429
8490779e6037,W2779782133
8490779e6037,W2781506423
8490779e6037,W2781606908
8490779e6037,W2781709973
8490779e6037,W2782808426
8490779e6037,W2783758786
8490779e6037,W2783878395
8490779e6037,W2784122136
8490779e6037,W2784834423
8490779e6037,W2785172525
8490779e6037,W2785256872
8490779e6037,W2788625694
8490779e6037,W2801480631
8490779e6037,W2802229729
8490779e6037,W2803504395
8490779e6037,W2805138917
8490779e6037,W2811184628
8490779e6037,W2890077852
8490779e6037,W2895145676
8490779e6037,W2898735680
8490779e6037,W2910811075
8490779e6037,W2911825484
8490779e6037,W2912177535
8490779e6037,W2918694988
8490779e6037,W2922817215
8490779e6037,W2942593247
8490779e6037,W2943866356
8490779e6037,W2944101509
8490779e6037,W2944123779
8490779e6037,W2947815349
8490779e6037,W2949267749
8490779e6037,W2955295757
8490779e6037,W2961456568
8490779e6037,W2963723433
8490779e6037,W2966139823
8490779e6037,W2969583354
8490779e6037,W2974175271
8490779e6037,W2975762772
8490779e6037,W2978737971
8490779e6037,W2979214247
8490779e6037,W2981103551
8490779e6037,W3006563103
8490779e6037,W3007995873
8490779e6037,W3011160530
8490779e6037,W3011823606
8490779e6037,W3013603889
8490779e6037,W3027717115
8490779e6037,W3033636505
8490779e6037,W3035309950
8490779e6037,W3035668338
8490779e6037,W3036470972
8490779e6037,W3080976372
8490779e6037,W3083503073
8490779e6037,W3092686523
8490779e6037,W3093063375
8490779e6037,W3094827106
8490779e6037,W3096549001
8490779e6037,W3118407245
8490779e6037,W3118731235
8490779e6037,W3118742239
8490779e6037,W3119057337
8490779e6037,W3119230451
8490779e6037,W3120320983
8490779e6037,W3121277753
8490779e6037,W3123232792
8490779e6037,W3123538829
8490779e6037,W3123570459
8490779e6037,W3126113416
8490779e6037,W3126498616
8490779e6037,W3126707188
8490779e6037,W3127455891
8490779e6037,W3128780918
8490779e6037,W3133365195
8490779e6037,W3135616852
8490779e6037,W3140656847
8490779e6037,W3157700736
8490779e6037,W3157897942
8490779e6037,W3160315141
8490779e6037,W3161218677
8490779e6037,W3177930428
8490779e6037,W3196783988
8490779e6037,W3201357361
8490779e6037,W3203003282
8490779e6037,W3215194582
8490779e6037,W4205492896
8490779e6037,W4212886868
8490779e6037,W4231394344
8490779e6037,W4233929427
8490779e6037,W4236884537
8490779e6037,W4244131664
8490779e6037,W4246260600
8490779e6037,W4248911856
8490779e6037,W4250952591
8490779e6037,W4256086747
8490779e6037,W4281705884
8490779e6037,W4304165898
8490779e6037,W4360616932
8490779e6037,W4377981886
8490779e6037,W4378716213
8490779e6037,W4389949102
8490779e6037,W4399202578
8490779e6037,W4403521744
8490779e6037,W4403521748
8490779e6037,W4403818143
8490779e6037,W4403819045
8490779e6037,W4403820134
8490779e6037,W4403878685
8490779e6037,W4406940275
8490779e6037,W4410353427
8490779e6037,W4410354063
8490779e6037,W4410357540
8490779e6037,W4412366430
8490779e6037,W4412366431
8490779e6037,W4413349553
8490779e6037,W4413824880
8490779e6037,W4414275560
8490779e6037,W4415109280
8490779e6037,W7126233654
8490779e6037,W7135049892
8490779e6037,W7135081784
8490779e6037,W7138943884
8490779e6037,W7140336653
8490779e6037,W7164807462
849374c19cde,W1549300339
849374c19cde,W1656992481
849374c19cde,W1858460597
849374c19cde,W1864496794
849374c19cde,W1932577564
849374c19cde,W2017626898
849374c19cde,W2025243901
849374c19cde,W2098057636
849374c19cde,W2105035755
849374c19cde,W2116610197
849374c19cde,W2140051767
849374c19cde,W2143212231
849374c19cde,W2157425515
849374c19cde,W2177204252
849374c19cde,W2182178958
849374c19cde,W2247809886
849374c19cde,W2248840612
849374c19cde,W2257682069
849374c19cde,W2315194502
849374c19cde,W2397537141
849374c19cde,W2405183050
849374c19cde,W2405394068
849374c19cde,W2408113912
849374c19cde,W2410475298
849374c19cde,W2481549339
849374c19cde,W2499154041
849374c19cde,W2533450154
849374c19cde,W2535593125
849374c19cde,W2547588508
849374c19cde,W255463053
849374c19cde,W2586332241
849374c19cde,W2600469354
849374c19cde,W2613790914
849374c19cde,W2624990182
849374c19cde,W2754667819
849374c19cde,W2755196014
849374c19cde,W2777631817
849374c19cde,W2780484249
849374c19cde,W2783891650
849374c19cde,W2784834054
849374c19cde,W2784973718
849374c19cde,W2786062427
849374c19cde,W2788754727
849374c19cde,W2792180676
849374c19cde,W2792299191
849374c19cde,W2793076804
849374c19cde,W2810449113
849374c19cde,W2811361853
849374c19cde,W2886680241
849374c19cde,W2887283260
849374c19cde,W2888481354
849374c19cde,W2902444355
849374c19cde,W2911077252
849374c19cde,W2912753128
849374c19cde,W2921432236
849374c19cde,W2941427879
849374c19cde,W2941758913
849374c19cde,W2954972306
849374c19cde,W2969571933
849374c19cde,W2978559565
849374c19cde,W2979253610
849374c19cde,W2981069530
849374c19cde,W3006810440
849374c19cde,W3013461864
849374c19cde,W3034469334
849374c19cde,W3037845206
849374c19cde,W3039327973
849374c19cde,W3048889731
849374c19cde,W3135553655
849374c19cde,W3137071549
849374c19cde,W3147036010
849374c19cde,W3163553406
849374c19cde,W3164120063
849374c19cde,W3176405869
849374c19cde,W3185882977
849374c19cde,W3210445122
849374c19cde,W3216399952
849374c19cde,W3216869777
849374c19cde,W4210287224
849374c19cde,W4221001444
849374c19cde,W4223606369
849374c19cde,W4229843132
849374c19cde,W4233522240
849374c19cde,W4234362574
849374c19cde,W4235519739
849374c19cde,W4236462057
849374c19cde,W4240090042
849374c19cde,W4241014419
849374c19cde,W4244724741
849374c19cde,W4247802456
849374c19cde,W4252231940
849374c19cde,W4254468308
849374c19cde,W4255304565
849374c19cde,W4280559364
849374c19cde,W4284991474
849374c19cde,W4284992493
849374c19cde,W4288766776
849374c19cde,W4303423360
849374c19cde,W4317397655
849374c19cde,W4318321238
849374c19cde,W4319062942
849374c19cde,W4319232666
849374c19cde,W4322008797
849374c19cde,W4322577109
849374c19cde,W4366547402
849374c19cde,W4380522922
849374c19cde,W4381376992
849374c19cde,W4382699771
849374c19cde,W4386884826
849374c19cde,W4387607609
849374c19cde,W4387704935
849374c19cde,W4387892335
849374c19cde,W4388127631
849374c19cde,W4392182792
849374c19cde,W4393097430
849374c19cde,W4395012577
849374c19cde,W4396753281
849374c19cde,W4396833446
849374c19cde,W4398204130
849374c19cde,W4400732027
849374c19cde,W4401044991
849374c19cde,W4401730514
849374c19cde,W4404046980
849374c19cde,W4406518090
849374c19cde,W4407393904
849374c19cde,W4408079827
849374c19cde,W4408260519
849374c19cde,W4408591081
849374c19cde,W4408681212
849374c19cde,W4408815880
849374c19cde,W4409003873
849374c19cde,W4409023923
849374c19cde,W4409109916
849374c19cde,W4409111083
849374c19cde,W4409213810
849374c19cde,W4409657859
849374c19cde,W4409718072
849374c19cde,W4410286414
849374c19cde,W4411220975
849374c19cde,W4411221348
849374c19cde,W4411308835
849374c19cde,W4412069692
849374c19cde,W4412127972
849374c19cde,W4413756207
849374c19cde,W4414827855
849374c19cde,W4415404983
849374c19cde,W4415405007
849374c19cde,W4415417567
849374c19cde,W4415417573
849374c19cde,W4415937873
849374c19cde,W4416501522
849374c19cde,W54333946
849374c19cde,W7103985939
849374c19cde,W7104612223
849374c19cde,W7134833706
849374c19cde,W7154026889
849374c19cde,W7160392435
849374c19cde,W7161590410
849374c19cde,W7161917982
849374c19cde,W7162806839
849374c19cde,W7166503080
849374c19cde,W7172180062
849374c19cde,W7172271620
849374c19cde,W7201969295
84c2dba6cba6,W2057783920
84c2dba6cba6,W2932647401
84c2dba6cba6,W4238046737
84c2dba6cba6,W4379233414
84c2dba6cba6,W4388618871
84c2dba6cba6,W4406785187
84c2dba6cba6,W4408658546
84c2dba6cba6,W4414093753
84c2dba6cba6,W4414145099
84c2dba6cba6,W4415227157
84c2dba6cba6,W7104051600
84c2dba6cba6,W7104269077
84c2dba6cba6,W7104283653
84c2dba6cba6,W7104367042
84c2dba6cba6,W7104412281
84c2dba6cba6,W7108364721
84c2dba6cba6,W7108930308
84c2dba6cba6,W7119011655
84c2dba6cba6,W7119093754
84c2dba6cba6,W7123618580
84c2dba6cba6,W7124874162
84c2dba6cba6,W7124920183
84c2dba6cba6,W7125127351
84c2dba6cba6,W7125189499
84c2dba6cba6,W7125275880
84c2dba6cba6,W7125388751
84c2dba6cba6,W7127992999
84c2dba6cba6,W7128606932
84c2dba6cba6,W7128607271
84c2dba6cba6,W7128622346
84c2dba6cba6,W7128638829
84c2dba6cba6,W7128751197
84c2dba6cba6,W7128758949
84c2dba6cba6,W7130707694
84c2dba6cba6,W7133192368
84c2dba6cba6,W7133403917
84c2dba6cba6,W7133777703
84c2dba6cba6,W7134032115
84c2dba6cba6,W7134041409
84c2dba6cba6,W7134611114
84c2dba6cba6,W7151499800
84c2dba6cba6,W7152938473
84c2dba6cba6,W7155627438
84c2dba6cba6,W7158329873
84c2dba6cba6,W7160451252
84c2dba6cba6,W7160671654
84c2dba6cba6,W7162125643
84c2dba6cba6,W7162274513
84c2dba6cba6,W7163557157
84c2dba6cba6,W7163895544
84c2dba6cba6,W7164496756
84c2dba6cba6,W7164514180
84c2dba6cba6,W7164773052
84c2dba6cba6,W7164774206
84c2dba6cba6,W7164908392
84c2dba6cba6,W7165365144
84c2dba6cba6,W7165503524
84c2dba6cba6,W7165756873
84c2dba6cba6,W7166117303
84c2dba6cba6,W7167051708
84c2dba6cba6,W7167081246
84c2dba6cba6,W7167391627
84c2dba6cba6,W7167497664
84c2dba6cba6,W7167766230
84c2dba6cba6,W7168751915
84c2dba6cba6,W7168987795
84c2dba6cba6,W7171283930
84c2dba6cba6,W7171313754
84c2dba6cba6,W7171552172
84c2dba6cba6,W7171749822
84c2dba6cba6,W7171782107
84c2dba6cba6,W7171837672
84c2dba6cba6,W7172663662
87442488ce69,W3179149108
87442488ce69,W4221135927
87442488ce69,W4396511434
87442488ce69,W4403507612
87442488ce69,W4404104006
87442488ce69,W4405510733
87442488ce69,W4408612469
87442488ce69,W7105888339
87442488ce69,W7105928066
87442488ce69,W7117451402
87442488ce69,W7124539501
87442488ce69,W7124618984
87442488ce69,W7128372648
87442488ce69,W7128383994
87442488ce69,W7141823272
87442488ce69,W7148214727
87442488ce69,W7148653826
87442488ce69,W7148966951
87442488ce69,W7153976370
87442488ce69,W7166326407
87442488ce69,W7167680397
87d9b9e42927,W101538703
87d9b9e42927,W102936110
87d9b9e42927,W1163780507
87d9b9e42927,W132294805
87d9b9e42927,W1601068095
87d9b9e42927,W165370400
87d9b9e42927,W1726147808
87d9b9e42927,W1787403865
87d9b9e42927,W185563095
87d9b9e42927,W192496810
87d9b9e42927,W1926464550
87d9b9e42927,W197037881
87d9b9e42927,W19735118
87d9b9e42927,W2014083637
87d9b9e42927,W2029998602
87d9b9e42927,W2032936638
87d9b9e42927,W2123372998
87d9b9e42927,W2126820070
87d9b9e42927,W2158616085
87d9b9e42927,W2173909337
87d9b9e42927,W2287950014
87d9b9e42927,W2411255419
87d9b9e42927,W2463086691
87d9b9e42927,W2558984732
87d9b9e42927,W257313948
87d9b9e42927,W2574455330
87d9b9e42927,W2612273003
87d9b9e42927,W2622012462
87d9b9e42927,W2624647388
87d9b9e42927,W2686932770
87d9b9e42927,W2729297720
87d9b9e42927,W2753080509
87d9b9e42927,W2784420508
87d9b9e42927,W2806444049
87d9b9e42927,W2899366990
87d9b9e42927,W2903588531
87d9b9e42927,W2903710528
87d9b9e42927,W2903801968
87d9b9e42927,W2903943463
87d9b9e42927,W2904186286
87d9b9e42927,W2904513456
87d9b9e42927,W2904752014
87d9b9e42927,W2905079784
87d9b9e42927,W2905405576
87d9b9e42927,W2909024420
87d9b9e42927,W2909599560
87d9b9e42927,W2910037536
87d9b9e42927,W2910053518
87d9b9e42927,W2910406556
87d9b9e42927,W2911216984
87d9b9e42927,W2942839067
87d9b9e42927,W2947408789
87d9b9e42927,W2947736466
87d9b9e42927,W2954518968
87d9b9e42927,W2971881556
87d9b9e42927,W2980737600
87d9b9e42927,W3003365903
87d9b9e42927,W3004062124
87d9b9e42927,W3011360679
87d9b9e42927,W3011387385
87d9b9e42927,W3035888077
87d9b9e42927,W3047331011
87d9b9e42927,W3048489758
87d9b9e42927,W3048558014
87d9b9e42927,W3127664894
87d9b9e42927,W313285932
87d9b9e42927,W313373775
87d9b9e42927,W3149998080
87d9b9e42927,W3156553897
87d9b9e42927,W3197402289
87d9b9e42927,W3198027538
87d9b9e42927,W3198045575
87d9b9e42927,W3198220414
87d9b9e42927,W3198244200
87d9b9e42927,W3198716593
87d9b9e42927,W334231127
87d9b9e42927,W34370211
87d9b9e42927,W4200496182
87d9b9e42927,W4205699961
87d9b9e42927,W4220742128
87d9b9e42927,W4226478902
87d9b9e42927,W4230842218
87d9b9e42927,W4231108001
87d9b9e42927,W4231906835
87d9b9e42927,W4233103746
87d9b9e42927,W4233543472
87d9b9e42927,W4233551212
87d9b9e42927,W4235448574
87d9b9e42927,W4240595969
87d9b9e42927,W4240800210
87d9b9e42927,W4240850163
87d9b9e42927,W4242539337
87d9b9e42927,W4248975951
87d9b9e42927,W4252203845
87d9b9e42927,W4253383432
87d9b9e42927,W4255159582
87d9b9e42927,W4255427584
87d9b9e42927,W4255882243
87d9b9e42927,W4289674911
87d9b9e42927,W4292263347
87d9b9e42927,W4293075267
87d9b9e42927,W4293077686
87d9b9e42927,W4295800149
87d9b9e42927,W4299607360
87d9b9e42927,W4309474882
87d9b9e42927,W4313533949
87d9b9e42927,W4316669510
87d9b9e42927,W4319432356
87d9b9e42927,W4384697032
87d9b9e42927,W4385808030
87d9b9e42927,W4385808206
87d9b9e42927,W4385808233
87d9b9e42927,W4385808462
87d9b9e42927,W4386011616
87d9b9e42927,W4386011674
87d9b9e42927,W4386011722
87d9b9e42927,W4386011873
87d9b9e42927,W4386165683
87d9b9e42927,W4386203578
87d9b9e42927,W4386203876
87d9b9e42927,W4386933135
87d9b9e42927,W4386934480
87d9b9e42927,W4387233451
87d9b9e42927,W4387641031
87d9b9e42927,W4387695309
87d9b9e42927,W4387957322
87d9b9e42927,W4390544455
87d9b9e42927,W4391497141
87d9b9e42927,W4391841620
87d9b9e42927,W4394754106
87d9b9e42927,W4403818178
87d9b9e42927,W4405417624
87d9b9e42927,W4408819492
87d9b9e42927,W4408819547
87d9b9e42927,W4409584715
87d9b9e42927,W4409679718
87d9b9e42927,W4409986528
87d9b9e42927,W4412809026
87d9b9e42927,W4412830567
87d9b9e42927,W4413026581
87d9b9e42927,W4417330225
87d9b9e42927,W600364188
87d9b9e42927,W62870914
87d9b9e42927,W7138024821
87d9b9e42927,W71450233
87d9b9e42927,W7155497604
87d9b9e42927,W7162941718
87d9b9e42927,W7172303683
87d9b9e42927,W73890184
87d9b9e42927,W89831710
87d9b9e42927,W97159768
880fb0ad15a1,W4389619668
880fb0ad15a1,W4410747785
880fb0ad15a1,W4410924415
880fb0ad15a1,W4412565303
8812199e466c,W3032880827
8812199e466c,W3044431725
8812199e466c,W3089132664
8812199e466c,W3093991130
8812199e466c,W3102714234
8812199e466c,W3111508452
8812199e466c,W3111564425
8812199e466c,W3150020114
8812199e466c,W3167672897
8812199e466c,W3174750946
8812199e466c,W3191721219
8812199e466c,W3201866125
8812199e466c,W3210973984
8812199e466c,W4221040698
8812199e466c,W4282932527
8812199e466c,W4293780013
8812199e466c,W4318191454
8812199e466c,W4318192258
8812199e466c,W4318192700
8812199e466c,W4319793493
8812199e466c,W4377145803
8812199e466c,W4386081218
8812199e466c,W4391670970
8812199e466c,W4394133479
8812199e466c,W4394181132
8812199e466c,W4394470704
8812199e466c,W4394714357
8812199e466c,W4402441701
8812199e466c,W4403749567
8812199e466c,W4409185140
8812199e466c,W4416959060
8812199e466c,W7129180820
8812199e466c,W7133363960
8812199e466c,W7135201638
8812199e466c,W7135574892
8812199e466c,W7136862808
8812199e466c,W7139353982
8812199e466c,W7153957694
8812199e466c,W7162896052
883f15fc9059,W2795312495
883f15fc9059,W2911617100
883f15fc9059,W3212878347
883f15fc9059,W3216602984
883f15fc9059,W4221023329
883f15fc9059,W4226504205
883f15fc9059,W4362555502
883f15fc9059,W4376875053
883f15fc9059,W7165796101
8867725432b2,W2982895802
8867725432b2,W3095505626
8867725432b2,W3105279880
8867725432b2,W3125707048
8867725432b2,W3135149575
8867725432b2,W3175612154
8867725432b2,W3201761624
8867725432b2,W4200406687
8867725432b2,W4226504205
8867725432b2,W4241912637
8867725432b2,W4243179057
8867725432b2,W4249108554
8867725432b2,W4284897266
8867725432b2,W4307836413
8867725432b2,W4312101563
8867725432b2,W4318828009
8867725432b2,W4376875053
8867725432b2,W4382654394
8867725432b2,W4384831757
8867725432b2,W4385268770
8867725432b2,W4386254537
8867725432b2,W4388520061
8867725432b2,W4389765760
8867725432b2,W4392857068
8867725432b2,W4394714357
8867725432b2,W4396850535
8867725432b2,W4399831048
8867725432b2,W4400581630
8867725432b2,W4400825513
8867725432b2,W4400825706
8867725432b2,W4400928296
8867725432b2,W4401219220
8867725432b2,W4401409634
8867725432b2,W4402441701
8867725432b2,W4407863224
8867725432b2,W4408111151
8867725432b2,W4408552160
8867725432b2,W4409185140
8867725432b2,W4413810021
8867725432b2,W4415699486
8867725432b2,W4416781998
8867725432b2,W4416959060
8867725432b2,W7125086852
8867725432b2,W7135201638
8867725432b2,W7136862808
8867725432b2,W7139353982
8867725432b2,W7148883538
8867725432b2,W7150382683
8867725432b2,W7153957694
8867725432b2,W7160737766
8867725432b2,W7162471387
8867725432b2,W7162896052
8867725432b2,W7163326492
8867725432b2,W7163331339
8867725432b2,W7163340219
8867725432b2,W7163350187
8867725432b2,W7163393049
8867725432b2,W7164944792
8867725432b2,W7165274893
8867725432b2,W7165901889
8867725432b2,W7165932130
8867725432b2,W7166843495
8867725432b2,W7167390845
8867725432b2,W7167399109
8867725432b2,W7169488331
8867725432b2,W7169638810
8867725432b2,W7169779290
8867725432b2,W7171850726
8867725432b2,W7172294358
8867725432b2,W7172344279
89328d7cd14d,W4309874408
89328d7cd14d,W4392082461
89328d7cd14d,W4394714357
89328d7cd14d,W4401945060
89328d7cd14d,W4402441701
89328d7cd14d,W4404293249
89328d7cd14d,W4404739469
89328d7cd14d,W4404843340
89328d7cd14d,W4408674282
89328d7cd14d,W4409185140
89328d7cd14d,W4409223968
89328d7cd14d,W4409318685
89328d7cd14d,W4410565732
89328d7cd14d,W4411884267
89328d7cd14d,W4412464884
89328d7cd14d,W4412471930
89328d7cd14d,W4412721379
89328d7cd14d,W4414847326
89328d7cd14d,W4415202873
89328d7cd14d,W4415530950
89328d7cd14d,W4416501795
89328d7cd14d,W4416959060
89328d7cd14d,W4417258266
89328d7cd14d,W7104836910
89328d7cd14d,W7108339792
89328d7cd14d,W7115904200
89328d7cd14d,W7122350731
89328d7cd14d,W7124472516
89328d7cd14d,W7124536139
89328d7cd14d,W7124753949
89328d7cd14d,W7125212828
89328d7cd14d,W7125274634
89328d7cd14d,W7125835699
89328d7cd14d,W7127598814
89328d7cd14d,W7128297426
89328d7cd14d,W7128546758
89328d7cd14d,W7132963176
89328d7cd14d,W7135201638
89328d7cd14d,W7136862808
89328d7cd14d,W7139353982
89328d7cd14d,W7147077833
89328d7cd14d,W7148196972
89328d7cd14d,W7153957694
89328d7cd14d,W7154193738
89328d7cd14d,W7154660019
89328d7cd14d,W7162657887
89328d7cd14d,W7162806310
89328d7cd14d,W7162896052
89328d7cd14d,W7162917542
89328d7cd14d,W7163212887
89328d7cd14d,W7164639343
89328d7cd14d,W7167730267
89328d7cd14d,W7171640776
8a6912693a18,W2755118510
8a6912693a18,W2888552750
8a6912693a18,W2941113478
8a6912693a18,W2970869074
8a6912693a18,W2973226211
8a6912693a18,W2988445012
8a6912693a18,W3015160663
8a6912693a18,W3016800108
8a6912693a18,W3020310654
8a6912693a18,W3084339060
8a6912693a18,W3093273815
8a6912693a18,W3098448021
8a6912693a18,W3112008464
8a6912693a18,W3118335127
8a6912693a18,W3156756883
8a6912693a18,W3205427751
8a6912693a18,W3211116012
8a6912693a18,W4206054071
8a6912693a18,W4220859729
8a6912693a18,W4229445924
8a6912693a18,W4236475984
8a6912693a18,W4281572890
8a6912693a18,W4289260150
8a6912693a18,W4289766990
8a6912693a18,W4319261541
8a6912693a18,W4380886089
8a6912693a18,W4385707492
8a6912693a18,W4386715196
8a6912693a18,W4392127785
8a6912693a18,W4392839814
8a6912693a18,W4395068608
8a6912693a18,W4395471574
8a6912693a18,W4398774168
8a6912693a18,W4400020977
8a6912693a18,W4401916750
8a6912693a18,W4402459004
8a6912693a18,W4402962105
8a6912693a18,W4405989621
8a6912693a18,W4406749803
8a6912693a18,W4406873760
8a6912693a18,W4409115985
8a6912693a18,W4409445128
8a6912693a18,W4411336406
8a6912693a18,W4411471186
8a6912693a18,W4415531580
8a6912693a18,W4416622196
8a6912693a18,W7125090335
8a6912693a18,W7128117594
8a6912693a18,W7128689544
8a6912693a18,W7141522052
8a6912693a18,W7170092269
8a6912693a18,W7172281431
8bbfbc587f0a,W2285109422
8bbfbc587f0a,W4385812797
8bbfbc587f0a,W4416389255
8bbfbc587f0a,W7133743284
8bbfbc587f0a,W7139966890
8bc921f8d949,W2210322338
8bc921f8d949,W2230139108
8bc921f8d949,W2396610607
8bc921f8d949,W2412874317
8bc921f8d949,W2466315061
8bc921f8d949,W2611002985
8bc921f8d949,W2769378428
8bc921f8d949,W2797921591
8bc921f8d949,W2920076879
8bc921f8d949,W2920106794
8bc921f8d949,W2920153931
8bc921f8d949,W2945522855
8bc921f8d949,W2952822714
8bc921f8d949,W2957878766
8bc921f8d949,W2963157055
8bc921f8d949,W2973200825
8bc921f8d949,W3012028751
8bc921f8d949,W3022286624
8bc921f8d949,W3088567464
8bc921f8d949,W3089479736
8bc921f8d949,W3090499726
8bc921f8d949,W3108686772
8bc921f8d949,W3125601314
8bc921f8d949,W3133280601
8bc921f8d949,W3170362788
8bc921f8d949,W3171855736
8bc921f8d949,W3174678457
8bc921f8d949,W3175126868
8bc921f8d949,W3183518463
8bc921f8d949,W3200311428
8bc921f8d949,W3202768238
8bc921f8d949,W3208380438
8bc921f8d949,W4213281062
8bc921f8d949,W4238092834
8bc921f8d949,W4253255674
8bc921f8d949,W4253358922
8bc921f8d949,W4281289304
8bc921f8d949,W4283312015
8bc921f8d949,W4294723154
8bc921f8d949,W4318621145
8bc921f8d949,W4364395669
8bc921f8d949,W4386530320
8bc921f8d949,W4388926129
8bc921f8d949,W4391418085
8bc921f8d949,W4393388402
8bc921f8d949,W4394233706
8bc921f8d949,W4399523180
8bc921f8d949,W4399532532
8bc921f8d949,W4399546515
8bc921f8d949,W4401594674
8bc921f8d949,W4401594877
8bc921f8d949,W4401594933
8bc921f8d949,W4401594956
8bc921f8d949,W4401594969
8bc921f8d949,W4401595533
8bc921f8d949,W4401615179
8bc921f8d949,W4401615429
8bc921f8d949,W4401615443
8bc921f8d949,W4401616066
8bc921f8d949,W4401616381
8bc921f8d949,W4401616914
8bc921f8d949,W4401626994
8bc921f8d949,W4401759310
8bc921f8d949,W4401759483
8bc921f8d949,W4401827578
8bc921f8d949,W4403985572
8bc921f8d949,W4404614233
8bc921f8d949,W4404743274
8bc921f8d949,W4405380020
8bc921f8d949,W4406463486
8bc921f8d949,W4406807657
8bc921f8d949,W4409171817
8bc921f8d949,W4409502901
8bc921f8d949,W4410599793
8bc921f8d949,W4412970273
8bc921f8d949,W4414068248
8bc921f8d949,W4414988811
8bc921f8d949,W7104658114
8bc921f8d949,W7104703364
8bc921f8d949,W7116041165
8bc921f8d949,W7116086923
8bc921f8d949,W7124305711
8bc921f8d949,W7124354175
8bc921f8d949,W7125510917
8bc921f8d949,W7128305339
8bc921f8d949,W7128311109
8bc921f8d949,W7131778850
8bc921f8d949,W7131779792
8bc921f8d949,W7133197789
8bc921f8d949,W7133200342
8bc921f8d949,W7133226893
8bc921f8d949,W7133233122
8bc921f8d949,W7133237278
8bc921f8d949,W7133238668
8bc921f8d949,W7134047763
8bc921f8d949,W7134059186
8bc921f8d949,W7147084733
8bc921f8d949,W7154479840
8bc921f8d949,W7154480278
8bc921f8d949,W7160472778
8bc921f8d949,W7161677838
8bc921f8d949,W7161735356
8bc921f8d949,W7165780358
8bc921f8d949,W7165813567
8bc921f8d949,W7171930925
8bc921f8d949,W7171995481
8bc921f8d949,W7172250491
8bc921f8d949,W7172260455
8bce46e7baf5,W103469268
8bce46e7baf5,W1514358770
8bce46e7baf5,W1515768460
8bce46e7baf5,W1555074162
8bce46e7baf5,W1558837793
8bce46e7baf5,W157009031
8bce46e7baf5,W1591331962
8bce46e7baf5,W164030541
8bce46e7baf5,W171400847
8bce46e7baf5,W1982682481
8bce46e7baf5,W1983845206
8bce46e7baf5,W1993255614
8bce46e7baf5,W2012817484
8bce46e7baf5,W2021420433
8bce46e7baf5,W2031088601
8bce46e7baf5,W2057285439
8bce46e7baf5,W2060726323
8bce46e7baf5,W2061251353
8bce46e7baf5,W2079189622
8bce46e7baf5,W2081554053
8bce46e7baf5,W2084843331
8bce46e7baf5,W2125060791
8bce46e7baf5,W2146718438
8bce46e7baf5,W2155339855
8bce46e7baf5,W2160267819
8bce46e7baf5,W2182212366
8bce46e7baf5,W2188372809
8bce46e7baf5,W2189250151
8bce46e7baf5,W2195910173
8bce46e7baf5,W2210694261
8bce46e7baf5,W2216488349
8bce46e7baf5,W2219691598
8bce46e7baf5,W2230911392
8bce46e7baf5,W2234678395
8bce46e7baf5,W2265264374
8bce46e7baf5,W2322986781
8bce46e7baf5,W241767156
8bce46e7baf5,W2478013127
8bce46e7baf5,W2486602629
8bce46e7baf5,W2497717239
8bce46e7baf5,W2499692569
8bce46e7baf5,W2500527111
8bce46e7baf5,W2504852564
8bce46e7baf5,W2527923696
8bce46e7baf5,W264671975
8bce46e7baf5,W2772098550
8bce46e7baf5,W2776175703
8bce46e7baf5,W280138070
8bce46e7baf5,W2808092996
8bce46e7baf5,W2809338219
8bce46e7baf5,W283744064
8bce46e7baf5,W2886811944
8bce46e7baf5,W2890718095
8bce46e7baf5,W289831865
8bce46e7baf5,W2901729461
8bce46e7baf5,W2907976442
8bce46e7baf5,W2908041105
8bce46e7baf5,W2971305495
8bce46e7baf5,W2978893209
8bce46e7baf5,W2981078632
8bce46e7baf5,W2981713017
8bce46e7baf5,W2995035616
8bce46e7baf5,W2995719846
8bce46e7baf5,W3048951138
8bce46e7baf5,W3081777585
8bce46e7baf5,W3083574848
8bce46e7baf5,W3086314033
8bce46e7baf5,W3089848945
8bce46e7baf5,W3100432668
8bce46e7baf5,W3134410794
8bce46e7baf5,W3139475300
8bce46e7baf5,W3152695325
8bce46e7baf5,W3161387503
8bce46e7baf5,W3163238117
8bce46e7baf5,W3172124677
8bce46e7baf5,W3186179551
8bce46e7baf5,W3189822066
8bce46e7baf5,W337409282
8bce46e7baf5,W4200442614
8bce46e7baf5,W4210266301
8bce46e7baf5,W4213131350
8bce46e7baf5,W4225305766
8bce46e7baf5,W4226504205
8bce46e7baf5,W4230568498
8bce46e7baf5,W4231477907
8bce46e7baf5,W4238076226
8bce46e7baf5,W4241522811
8bce46e7baf5,W4242129946
8bce46e7baf5,W4242944266
8bce46e7baf5,W4243997180
8bce46e7baf5,W4245217024
8bce46e7baf5,W4245679873
8bce46e7baf5,W4249346732
8bce46e7baf5,W4251254061
8bce46e7baf5,W4252888740
8bce46e7baf5,W4253560909
8bce46e7baf5,W4254166843
8bce46e7baf5,W4283013740
8bce46e7baf5,W4289698262
8bce46e7baf5,W4296408583
8bce46e7baf5,W4308728675
8bce46e7baf5,W4311264059
8bce46e7baf5,W4316082149
8bce46e7baf5,W4376875053
8bce46e7baf5,W4385074717
8bce46e7baf5,W4385374759
8bce46e7baf5,W4386376028
8bce46e7baf5,W4391300488
8bce46e7baf5,W4391367695
8bce46e7baf5,W4393256695
8bce46e7baf5,W4403912495
8bce46e7baf5,W4405475734
8bce46e7baf5,W4405976707
8bce46e7baf5,W4409003225
8bce46e7baf5,W4409069156
8bce46e7baf5,W4409094178
8bce46e7baf5,W4409630920
8bce46e7baf5,W4410738028
8bce46e7baf5,W4410740917
8bce46e7baf5,W4411490942
8bce46e7baf5,W4411731251
8bce46e7baf5,W4414066655
8bce46e7baf5,W4415519448
8bce46e7baf5,W4415520051
8bce46e7baf5,W4415520538
8bce46e7baf5,W4415997664
8bce46e7baf5,W4416659341
8bce46e7baf5,W4416780765
8bce46e7baf5,W4416879123
8bce46e7baf5,W48837771
8bce46e7baf5,W56391144
8bce46e7baf5,W656385122
8bce46e7baf5,W7119490360
8bce46e7baf5,W7128164106
8bce46e7baf5,W7130478524
8bce46e7baf5,W7139451703
8bce46e7baf5,W7155025891
8bce46e7baf5,W7167447259
8bce46e7baf5,W7167996759
8bce46e7baf5,W7169517474
8bce46e7baf5,W7169744681
8bce46e7baf5,W7170195620
8bce46e7baf5,W7170471119
8bce46e7baf5,W7171271795
8bce46e7baf5,W7202193225
8bce46e7baf5,W771557379
8bce46e7baf5,W889702161
8c2f4746419e,W2611898500
8c2f4746419e,W3141370374
8c2f4746419e,W3208811804
8c2f4746419e,W4235584490
8c2f4746419e,W4236248067
8c2f4746419e,W4413864015
8c2f4746419e,W4413864227
8c2f4746419e,W4414698255
8c2f4746419e,W7151474762
8c2f4746419e,W7152939277
8c2f4746419e,W7154966842
8c2f4746419e,W7155471142
8c6be9d2424a,W1557012790
8c6be9d2424a,W2079714388
8c6be9d2424a,W2805530222
8c6be9d2424a,W2916722768
8c6be9d2424a,W2922438228
8c6be9d2424a,W3107792019
8c6be9d2424a,W3134423407
8c6be9d2424a,W4200209990
8c6be9d2424a,W4205212427
8c6be9d2424a,W4206307914
8c6be9d2424a,W4206322147
8c6be9d2424a,W4206760946
8c6be9d2424a,W4206911817
8c6be9d2424a,W4213178796
8c6be9d2424a,W4213338135
8c6be9d2424a,W4220959804
8c6be9d2424a,W4220972494
8c6be9d2424a,W4224315195
8c6be9d2424a,W4225690429
8c6be9d2424a,W4226504205
8c6be9d2424a,W4233171576
8c6be9d2424a,W4247841119
8c6be9d2424a,W4280569125
8c6be9d2424a,W4286247879
8c6be9d2424a,W4292575180
8c6be9d2424a,W4294884110
8c6be9d2424a,W4297219592
8c6be9d2424a,W4300962416
8c6be9d2424a,W4307451859
8c6be9d2424a,W4309623206
8c6be9d2424a,W4317908214
8c6be9d2424a,W4376127614
8c6be9d2424a,W4376875053
8c6be9d2424a,W4379259713
8c6be9d2424a,W4381379654
8c6be9d2424a,W4385891927
8c6be9d2424a,W4386203559
8c6be9d2424a,W4391629219
8c6be9d2424a,W4394766297
8c6be9d2424a,W4396958035
8c6be9d2424a,W4399167646
8c6be9d2424a,W4399361067
8c6be9d2424a,W4400036907
8c6be9d2424a,W4402166694
8c6be9d2424a,W4403036292
8c6be9d2424a,W4403241183
8c6be9d2424a,W4406633044
8c6be9d2424a,W4407097259
8c6be9d2424a,W4408398788
8c6be9d2424a,W4408434129
8c6be9d2424a,W4408468826
8c6be9d2424a,W4410573288
8c6be9d2424a,W4410982293
8c6be9d2424a,W4410989568
8c6be9d2424a,W4411508427
8c6be9d2424a,W4411577361
8c6be9d2424a,W4412022784
8c6be9d2424a,W4412305510
8c6be9d2424a,W4412626671
8c6be9d2424a,W4414195852
8c6be9d2424a,W4414247679
8c6be9d2424a,W4414555518
8c6be9d2424a,W4414977603
8c6be9d2424a,W4415913430
8c6be9d2424a,W7108926755
8c6be9d2424a,W7108944748
8c6be9d2424a,W7109090597
8c6be9d2424a,W7128741884
8c6be9d2424a,W7154849751
8c6be9d2424a,W7161140701
8c6be9d2424a,W7162517869
8c6be9d2424a,W7168271499
8cafdb197d7b,W1038901635
8cafdb197d7b,W104711285
8cafdb197d7b,W106627079
8cafdb197d7b,W147811382
8cafdb197d7b,W1496985737
8cafdb197d7b,W1508269516
8cafdb197d7b,W1509897788
8cafdb197d7b,W1528273618
8cafdb197d7b,W1538221295
8cafdb197d7b,W1548465314
8cafdb197d7b,W1553933310
8cafdb197d7b,W1554627908
8cafdb197d7b,W1556876849
8cafdb197d7b,W1567377045
8cafdb197d7b,W1567957026
8cafdb197d7b,W1590490704
8cafdb197d7b,W1599371567
8cafdb197d7b,W1599451519
8cafdb197d7b,W1660320051
8cafdb197d7b,W1677501911
8cafdb197d7b,W1679556752
8cafdb197d7b,W172583453
8cafdb197d7b,W190965137
8cafdb197d7b,W191587813
8cafdb197d7b,W1964310431
8cafdb197d7b,W1974228891
8cafdb197d7b,W1978976372
8cafdb197d7b,W1979474988
8cafdb197d7b,W1979772062
8cafdb197d7b,W1980906023
8cafdb197d7b,W1982316240
8cafdb197d7b,W1984443654
8cafdb197d7b,W1984696908
8cafdb197d7b,W1990712594
8cafdb197d7b,W1994230546
8cafdb197d7b,W1996556168
8cafdb197d7b,W1998761879
8cafdb197d7b,W2002518548
8cafdb197d7b,W2006035867
8cafdb197d7b,W2006228077
8cafdb197d7b,W2010764013
8cafdb197d7b,W2011281921
8cafdb197d7b,W2012363677
8cafdb197d7b,W2015301110
8cafdb197d7b,W2016831472
8cafdb197d7b,W2023735303
8cafdb197d7b,W2026201026
8cafdb197d7b,W2028510950
8cafdb197d7b,W2028528655
8cafdb197d7b,W2034140686
8cafdb197d7b,W2035819677
8cafdb197d7b,W2037703331
8cafdb197d7b,W2041868141
8cafdb197d7b,W2042152485
8cafdb197d7b,W2042249530
8cafdb197d7b,W2043747353
8cafdb197d7b,W2048547293
8cafdb197d7b,W2048603988
8cafdb197d7b,W2054354679
8cafdb197d7b,W2059418336
8cafdb197d7b,W2063994666
8cafdb197d7b,W2064413074
8cafdb197d7b,W2072115379
8cafdb197d7b,W2073125030
8cafdb197d7b,W2073134102
8cafdb197d7b,W2073494227
8cafdb197d7b,W2075655790
8cafdb197d7b,W2079188897
8cafdb197d7b,W2082755238
8cafdb197d7b,W2085681572
8cafdb197d7b,W2085943607
8cafdb197d7b,W2086092862
8cafdb197d7b,W2086951104
8cafdb197d7b,W2087643184
8cafdb197d7b,W2087812492
8cafdb197d7b,W2089746771
8cafdb197d7b,W2090138478
8cafdb197d7b,W2091076936
8cafdb197d7b,W2091855346
8cafdb197d7b,W2092047698
8cafdb197d7b,W2092431675
8cafdb197d7b,W2093262046
8cafdb197d7b,W2093276419
8cafdb197d7b,W2095336573
8cafdb197d7b,W2099071096
8cafdb197d7b,W2099315847
8cafdb197d7b,W2101286386
8cafdb197d7b,W2102322810
8cafdb197d7b,W2102462901
8cafdb197d7b,W2104137960
8cafdb197d7b,W2107429873
8cafdb197d7b,W2109484061
8cafdb197d7b,W2111914581
8cafdb197d7b,W2114169920
8cafdb197d7b,W2114753832
8cafdb197d7b,W2115140422
8cafdb197d7b,W2115923220
8cafdb197d7b,W2117143804
8cafdb197d7b,W2117289408
8cafdb197d7b,W2118029778
8cafdb197d7b,W2118719246
8cafdb197d7b,W2121736665
8cafdb197d7b,W2125101806
8cafdb197d7b,W2127725011
8cafdb197d7b,W2129537236
8cafdb197d7b,W2129568227
8cafdb197d7b,W2132174849
8cafdb197d7b,W2133617051
8cafdb197d7b,W2137413967
8cafdb197d7b,W2138687823
8cafdb197d7b,W2138801802
8cafdb197d7b,W2138985166
8cafdb197d7b,W2139197846
8cafdb197d7b,W2143918632
8cafdb197d7b,W2144438751
8cafdb197d7b,W2144547591
8cafdb197d7b,W2145375776
8cafdb197d7b,W2145848723
8cafdb197d7b,W2146666316
8cafdb197d7b,W2149694222
8cafdb197d7b,W2151040408
8cafdb197d7b,W2151056056
8cafdb197d7b,W2152244690
8cafdb197d7b,W2152303583
8cafdb197d7b,W2153116389
8cafdb197d7b,W2153153705
8cafdb197d7b,W2154124931
8cafdb197d7b,W2154243713
8cafdb197d7b,W2155941081
8cafdb197d7b,W2157782726
8cafdb197d7b,W2164025400
8cafdb197d7b,W2166277737
8cafdb197d7b,W2167554404
8cafdb197d7b,W2168030653
8cafdb197d7b,W2168059247
8cafdb197d7b,W2170671739
8cafdb197d7b,W2170857744
8cafdb197d7b,W2171053814
8cafdb197d7b,W2180329378
8cafdb197d7b,W2186914062
8cafdb197d7b,W2187261639
8cafdb197d7b,W2190114304
8cafdb197d7b,W2211171097
8cafdb197d7b,W2226836471
8cafdb197d7b,W2248859700
8cafdb197d7b,W2249506237
8cafdb197d7b,W2252766093
8cafdb197d7b,W2290781298
8cafdb197d7b,W2291661380
8cafdb197d7b,W2321319193
8cafdb197d7b,W2329254204
8cafdb197d7b,W2330491661
8cafdb197d7b,W2378317603
8cafdb197d7b,W2402825495
8cafdb197d7b,W2402926652
8cafdb197d7b,W2404128142
8cafdb197d7b,W2415335835
8cafdb197d7b,W2423241626
8cafdb197d7b,W2461348130
8cafdb197d7b,W2468814322
8cafdb197d7b,W2469565138
8cafdb197d7b,W2471498038
8cafdb197d7b,W2505040711
8cafdb197d7b,W2517691548
8cafdb197d7b,W2518955713
8cafdb197d7b,W2519856075
8cafdb197d7b,W2534176100
8cafdb197d7b,W2535572738
8cafdb197d7b,W2535978804
8cafdb197d7b,W2537935735
8cafdb197d7b,W2543556972
8cafdb197d7b,W2589739788
8cafdb197d7b,W2593053127
8cafdb197d7b,W2597378786
8cafdb197d7b,W2599619776
8cafdb197d7b,W2605351903
8cafdb197d7b,W2610969206
8cafdb197d7b,W2611486134
8cafdb197d7b,W2611783681
8cafdb197d7b,W2620880088
8cafdb197d7b,W2621698146
8cafdb197d7b,W2686296389
8cafdb197d7b,W2744896498
8cafdb197d7b,W2751600854
8cafdb197d7b,W2762398287
8cafdb197d7b,W2765986258
8cafdb197d7b,W2786550078
8cafdb197d7b,W2795656481
8cafdb197d7b,W2795872244
8cafdb197d7b,W2802038788
8cafdb197d7b,W2898768879
8cafdb197d7b,W2899153045
8cafdb197d7b,W2913920413
8cafdb197d7b,W2915077304
8cafdb197d7b,W2921536569
8cafdb197d7b,W2943066153
8cafdb197d7b,W2943238419
8cafdb197d7b,W2945207224
8cafdb197d7b,W2972468450
8cafdb197d7b,W2973223116
8cafdb197d7b,W2981636397
8cafdb197d7b,W2982224587
8cafdb197d7b,W2983248869
8cafdb197d7b,W2985288913
8cafdb197d7b,W2988091912
8cafdb197d7b,W2988713080
8cafdb197d7b,W3011603897
8cafdb197d7b,W3021416465
8cafdb197d7b,W3025298693
8cafdb197d7b,W3028748280
8cafdb197d7b,W3028854389
8cafdb197d7b,W3030520404
8cafdb197d7b,W3080838424
8cafdb197d7b,W3086582864
8cafdb197d7b,W3094424474
8cafdb197d7b,W3104608975
8cafdb197d7b,W3110662249
8cafdb197d7b,W3138961038
8cafdb197d7b,W3163158034
8cafdb197d7b,W3163484588
8cafdb197d7b,W3178346279
8cafdb197d7b,W3180585357
8cafdb197d7b,W3196887035
8cafdb197d7b,W3208464635
8cafdb197d7b,W3209786763
8cafdb197d7b,W415839725
8cafdb197d7b,W4211011045
8cafdb197d7b,W4220837929
8cafdb197d7b,W4224992620
8cafdb197d7b,W4225015649
8cafdb197d7b,W4232889069
8cafdb197d7b,W4240915455
8cafdb197d7b,W4243805628
8cafdb197d7b,W4244220243
8cafdb197d7b,W4247362584
8cafdb197d7b,W42497557
8cafdb197d7b,W4252998322
8cafdb197d7b,W4256165605
8cafdb197d7b,W4280600731
8cafdb197d7b,W4285537822
8cafdb197d7b,W4285543647
8cafdb197d7b,W4285548404
8cafdb197d7b,W4285551867
8cafdb197d7b,W4285553815
8cafdb197d7b,W4285712779
8cafdb197d7b,W4285722473
8cafdb197d7b,W4285722902
8cafdb197d7b,W4285723014
8cafdb197d7b,W4285723320
8cafdb197d7b,W4285751932
8cafdb197d7b,W4293117914
8cafdb197d7b,W4293118005
8cafdb197d7b,W4293118032
8cafdb197d7b,W4293118035
8cafdb197d7b,W4293118056
8cafdb197d7b,W4293136404
8cafdb197d7b,W4293136492
8cafdb197d7b,W4293137151
8cafdb197d7b,W4293138059
8cafdb197d7b,W4293138216
8cafdb197d7b,W4297970693
8cafdb197d7b,W4309616880
8cafdb197d7b,W4311119185
8cafdb197d7b,W4312454063
8cafdb197d7b,W4312576106
8cafdb197d7b,W4312579007
8cafdb197d7b,W4312615276
8cafdb197d7b,W4312644892
8cafdb197d7b,W4312768089
8cafdb197d7b,W4312947974
8cafdb197d7b,W4312965126
8cafdb197d7b,W4313051521
8cafdb197d7b,W4313052459
8cafdb197d7b,W4313163083
8cafdb197d7b,W4313171645
8cafdb197d7b,W4313436069
8cafdb197d7b,W4322604198
8cafdb197d7b,W4366589740
8cafdb197d7b,W4366967656
8cafdb197d7b,W4380479552
8cafdb197d7b,W4383616999
8cafdb197d7b,W4387328662
8cafdb197d7b,W4387421319
8cafdb197d7b,W4387773319
8cafdb197d7b,W4389463461
8cafdb197d7b,W4391382599
8cafdb197d7b,W4392940496
8cafdb197d7b,W4394120528
8cafdb197d7b,W4394135636
8cafdb197d7b,W4394140124
8cafdb197d7b,W4394387091
8cafdb197d7b,W4396832981
8cafdb197d7b,W4396833539
8cafdb197d7b,W4403499948
8cafdb197d7b,W4403576855
8cafdb197d7b,W4404029819
8cafdb197d7b,W4406595929
8cafdb197d7b,W4406608165
8cafdb197d7b,W4409736294
8cafdb197d7b,W4409887129
8cafdb197d7b,W4411558073
8cafdb197d7b,W4414114741
8cafdb197d7b,W4414754149
8cafdb197d7b,W4415275469
8cafdb197d7b,W4415444841
8cafdb197d7b,W4415861870
8cafdb197d7b,W4417299064
8cafdb197d7b,W44899684
8cafdb197d7b,W572264225
8cafdb197d7b,W65594512
8cafdb197d7b,W67222080
8cafdb197d7b,W7125515690
8cafdb197d7b,W7125566793
8cafdb197d7b,W7128781241
8cafdb197d7b,W7140235814
8cafdb197d7b,W7148506101
8cafdb197d7b,W7149210641
8cafdb197d7b,W7160636014
8cafdb197d7b,W7160727203
8cafdb197d7b,W7162203621
8cafdb197d7b,W7163712592
8cafdb197d7b,W7164027520
8cafdb197d7b,W7165398113
8cafdb197d7b,W7167226454
8cafdb197d7b,W7167380666
8cafdb197d7b,W7167504522
8cafdb197d7b,W7170171811
8cafdb197d7b,W77060280
8cafdb197d7b,W82965579
8cafdb197d7b,W92494699
8f8e0a58c822,W2029114321
8f8e0a58c822,W2396297859
8f8e0a58c822,W2584977263
8f8e0a58c822,W2735646190
8f8e0a58c822,W2765492598
8f8e0a58c822,W2947998344
8f8e0a58c822,W2955439922
8f8e0a58c822,W2956149197
8f8e0a58c822,W3048731091
8f8e0a58c822,W3119614083
8f8e0a58c822,W3129423421
8f8e0a58c822,W3207182139
8f8e0a58c822,W4226504205
8f8e0a58c822,W4242680144
8f8e0a58c822,W4246951656
8f8e0a58c822,W4255403355
8f8e0a58c822,W4283157114
8f8e0a58c822,W4307683448
8f8e0a58c822,W4322707845
8f8e0a58c822,W4365810361
8f8e0a58c822,W4376875053
8f8e0a58c822,W4378676334
8f8e0a58c822,W4385240232
8f8e0a58c822,W4385837794
8f8e0a58c822,W4402388391
8f8e0a58c822,W4406809800
8f8e0a58c822,W4407075807
8f8e0a58c822,W4407099097
8f8e0a58c822,W4407136407
8f8e0a58c822,W4407136408
8f8e0a58c822,W4412119586
8f8e0a58c822,W4415397113
8feea8860b01,W2965973825
8feea8860b01,W4226147954
8feea8860b01,W4226504205
8feea8860b01,W4376875053
8feea8860b01,W4384938832
8feea8860b01,W4385010982
8feea8860b01,W4386640656
8feea8860b01,W4394714357
8feea8860b01,W4396868172
8feea8860b01,W4399370173
8feea8860b01,W4402075396
8feea8860b01,W4402441701
8feea8860b01,W4406209329
8feea8860b01,W4406210325
8feea8860b01,W4406905980
8feea8860b01,W4408095706
8feea8860b01,W4409185140
8feea8860b01,W4410944190
8feea8860b01,W4411373853
8feea8860b01,W4413208703
8feea8860b01,W4413209633
8feea8860b01,W4413273662
8feea8860b01,W4415416458
8feea8860b01,W4415416634
8feea8860b01,W4416959060
8feea8860b01,W7133242159
8feea8860b01,W7135201638
8feea8860b01,W7136862808
8feea8860b01,W7139353982
8feea8860b01,W7153957694
8feea8860b01,W7154627077
8feea8860b01,W7154667851
8feea8860b01,W7154676779
8feea8860b01,W7164670337
8feea8860b01,W7167352197
8ffa3d72d112,W3034227413
8ffa3d72d112,W3135839482
8ffa3d72d112,W4224922660
8ffa3d72d112,W4318914069
8ffa3d72d112,W4376664029
8ffa3d72d112,W4377024434
8ffa3d72d112,W4387777960
8ffa3d72d112,W4393434661
8ffa3d72d112,W4393571308
8ffa3d72d112,W4393793805
8ffa3d72d112,W4400682658
8ffa3d72d112,W4406981015
8ffa3d72d112,W4409185130
8ffa3d72d112,W4409185298
8ffa3d72d112,W4409185324
8ffa3d72d112,W4409257598
8ffa3d72d112,W4409892463
8ffa3d72d112,W4415404706
8ffa3d72d112,W4415404915
8ffa3d72d112,W4416959060
8ffa3d72d112,W4417066045
8ffa3d72d112,W7108453890
8ffa3d72d112,W7108456257
8ffa3d72d112,W7108463252
8ffa3d72d112,W7131099897
8ffa3d72d112,W7135201638
8ffa3d72d112,W7136862808
8ffa3d72d112,W7139353982
8ffa3d72d112,W7139977737
8ffa3d72d112,W7140085641
8ffa3d72d112,W7153957694
8ffa3d72d112,W7162896052
8ffa3d72d112,W7165388122
8ffa3d72d112,W7165603179
8ffa3d72d112,W7167480554
8ffa3d72d112,W7167767828
90ac76f60ba1,W2460677969
90ac76f60ba1,W2606358011
90ac76f60ba1,W2737925742
90ac76f60ba1,W2751360544
90ac76f60ba1,W27824326
90ac76f60ba1,W2793980871
90ac76f60ba1,W2890508281
90ac76f60ba1,W3144098172
90ac76f60ba1,W3160900752
90ac76f60ba1,W3171897053
90ac76f60ba1,W3197574136
90ac76f60ba1,W3198891736
90ac76f60ba1,W3215525664
90ac76f60ba1,W4213131350
90ac76f60ba1,W4214832910
90ac76f60ba1,W4232168695
90ac76f60ba1,W4310092745
90ac76f60ba1,W4393656974
90ac76f60ba1,W4393763363
90ac76f60ba1,W4396849294
90ac76f60ba1,W4400336195
90ac76f60ba1,W4402673633
90ac76f60ba1,W4409253681
90ac76f60ba1,W7167406914
90ac76f60ba1,W7167412979
90ac76f60ba1,W7167417251
90ac76f60ba1,W7167418900
91463b54678b,W1533631354
91463b54678b,W1558369120
91463b54678b,W1600712529
91463b54678b,W2198101834
91463b54678b,W2241379767
91463b54678b,W2254884313
91463b54678b,W2264225673
91463b54678b,W2275882497
91463b54678b,W2584453132
91463b54678b,W2598488808
91463b54678b,W2744026162
91463b54678b,W2745485983
91463b54678b,W2746220262
91463b54678b,W2747012315
91463b54678b,W2747853292
91463b54678b,W2747897609
91463b54678b,W2748013567
91463b54678b,W2748019240
91463b54678b,W2748173255
91463b54678b,W2748338505
91463b54678b,W2748993664
91463b54678b,W2749156825
91463b54678b,W2749334392
91463b54678b,W2749416493
91463b54678b,W2749564140
91463b54678b,W2750141856
91463b54678b,W2751004597
91463b54678b,W2751214065
91463b54678b,W2751278289
91463b54678b,W2751308723
91463b54678b,W2751608769
91463b54678b,W2751856585
91463b54678b,W2752162574
91463b54678b,W2752170492
91463b54678b,W2752318296
91463b54678b,W2752875764
91463b54678b,W2753007213
91463b54678b,W2753026384
91463b54678b,W2753238773
91463b54678b,W2753251836
91463b54678b,W2753386056
91463b54678b,W2753414390
91463b54678b,W2753428998
91463b54678b,W2754131436
91463b54678b,W2754303116
91463b54678b,W2793700101
91463b54678b,W2945272215
91463b54678b,W2946123805
91463b54678b,W2946187032
91463b54678b,W2946243674
91463b54678b,W2953316134
91463b54678b,W2983660380
91463b54678b,W3016497833
91463b54678b,W3032722559
91463b54678b,W3083567904
91463b54678b,W3092872384
91463b54678b,W3127847951
91463b54678b,W3169286006
91463b54678b,W3176011774
91463b54678b,W3210635251
91463b54678b,W3211692064
91463b54678b,W32585309
91463b54678b,W4200463458
91463b54678b,W4206960461
91463b54678b,W4214531830
91463b54678b,W4231738939
91463b54678b,W4233209482
91463b54678b,W4253962395
91463b54678b,W4283206600
91463b54678b,W4285392625
91463b54678b,W4295233237
91463b54678b,W4303712231
91463b54678b,W4313544955
91463b54678b,W4315498548
91463b54678b,W4362676440
91463b54678b,W4362677543
91463b54678b,W4386162100
91463b54678b,W4388111412
91463b54678b,W4389362019
91463b54678b,W4389749363
91463b54678b,W4390082599
91463b54678b,W4390670016
91463b54678b,W4403063848
91463b54678b,W4404087091
91463b54678b,W4404567963
91463b54678b,W4407272768
91463b54678b,W4408095706
91463b54678b,W4410198150
91463b54678b,W4411373853
91463b54678b,W4413273662
91463b54678b,W4413414070
91463b54678b,W4415416458
91463b54678b,W4415416634
91463b54678b,W4416959060
91463b54678b,W4417409950
91463b54678b,W7135201638
91463b54678b,W7136862808
91463b54678b,W7139353982
91463b54678b,W7153957694
91463b54678b,W7161459897
91463b54678b,W7162896052
91463b54678b,W7163791987
91463b54678b,W7168061256
91463b54678b,W7172238757
91d1d7acc274,W1094934784
91d1d7acc274,W174341350
91d1d7acc274,W1796915455
91d1d7acc274,W1982924591
91d1d7acc274,W1985067409
91d1d7acc274,W2001367373
91d1d7acc274,W2021724552
91d1d7acc274,W2078875437
91d1d7acc274,W2108000567
91d1d7acc274,W2142384976
91d1d7acc274,W2168336588
91d1d7acc274,W2185557257
91d1d7acc274,W2189685333
91d1d7acc274,W2238051470
91d1d7acc274,W2245060175
91d1d7acc274,W2274895429
91d1d7acc274,W2407896069
91d1d7acc274,W2418321680
91d1d7acc274,W2569277550
91d1d7acc274,W2596033078
91d1d7acc274,W2601362010
91d1d7acc274,W2614591255
91d1d7acc274,W2614896808
91d1d7acc274,W2621028142
91d1d7acc274,W2753552603
91d1d7acc274,W2759505082
91d1d7acc274,W2765994077
91d1d7acc274,W2779401028
91d1d7acc274,W2784320781
91d1d7acc274,W2789612586
91d1d7acc274,W2790983257
91d1d7acc274,W2805490660
91d1d7acc274,W2807971116
91d1d7acc274,W2901243974
91d1d7acc274,W2901487861
91d1d7acc274,W2905726980
91d1d7acc274,W2906548833
91d1d7acc274,W2907260184
91d1d7acc274,W2910462018
91d1d7acc274,W2911990650
91d1d7acc274,W2944965460
91d1d7acc274,W2950128704
91d1d7acc274,W2951187851
91d1d7acc274,W2957421176
91d1d7acc274,W2977358925
91d1d7acc274,W2981198252
91d1d7acc274,W2990493109
91d1d7acc274,W2995038291
91d1d7acc274,W2996145908
91d1d7acc274,W2999145967
91d1d7acc274,W3021039690
91d1d7acc274,W3033150936
91d1d7acc274,W3034033005
91d1d7acc274,W3034188014
91d1d7acc274,W3034979365
91d1d7acc274,W3041603802
91d1d7acc274,W3043644130
91d1d7acc274,W3045496590
91d1d7acc274,W3086582813
91d1d7acc274,W3086641439
91d1d7acc274,W3102760302
91d1d7acc274,W3108479920
91d1d7acc274,W3119064015
91d1d7acc274,W3120814919
91d1d7acc274,W3121303486
91d1d7acc274,W3121790778
91d1d7acc274,W3122200303
91d1d7acc274,W3122592168
91d1d7acc274,W3122943949
91d1d7acc274,W3123747148
91d1d7acc274,W3123850100
91d1d7acc274,W3124102385
91d1d7acc274,W3124145272
91d1d7acc274,W3124522889
91d1d7acc274,W3124864051
91d1d7acc274,W3125302381
91d1d7acc274,W3125344087
91d1d7acc274,W3133557841
91d1d7acc274,W3138354809
91d1d7acc274,W3140120479
91d1d7acc274,W3146862980
91d1d7acc274,W3168588228
91d1d7acc274,W3174351539
91d1d7acc274,W3182478748
91d1d7acc274,W3183547509
91d1d7acc274,W3183966815
91d1d7acc274,W3184088932
91d1d7acc274,W3185780142
91d1d7acc274,W3197486198
91d1d7acc274,W3214418850
91d1d7acc274,W3216631892
91d1d7acc274,W3216829347
91d1d7acc274,W4231272035
91d1d7acc274,W4252910463
91d1d7acc274,W4254949589
91d1d7acc274,W4283833562
91d1d7acc274,W4285328403
91d1d7acc274,W4286219945
91d1d7acc274,W4286620454
91d1d7acc274,W4286667303
91d1d7acc274,W4286704064
91d1d7acc274,W4286903284
91d1d7acc274,W4287525881
91d1d7acc274,W4288020998
91d1d7acc274,W4288336796
91d1d7acc274,W4288660211
91d1d7acc274,W4293801445
91d1d7acc274,W4300042831
91d1d7acc274,W4300456568
91d1d7acc274,W4300825880
91d1d7acc274,W4309355488
91d1d7acc274,W4312276661
91d1d7acc274,W4312433594
91d1d7acc274,W4318685233
91d1d7acc274,W4319660267
91d1d7acc274,W4322505562
91d1d7acc274,W4367469035
91d1d7acc274,W4375864593
91d1d7acc274,W4385239472
91d1d7acc274,W4389782548
91d1d7acc274,W4390339764
91d1d7acc274,W4391910752
91d1d7acc274,W4394847607
91d1d7acc274,W4401521597
91d1d7acc274,W4402666038
91d1d7acc274,W4408623141
91d1d7acc274,W4411683334
91d1d7acc274,W4413549069
91d1d7acc274,W4413567394
91d1d7acc274,W4414817197
91d1d7acc274,W4415928963
91d1d7acc274,W4416577950
91d1d7acc274,W7104836910
91d1d7acc274,W7125382976
91d1d7acc274,W7125570876
91d1d7acc274,W7128308870
91d1d7acc274,W7128546758
91d1d7acc274,W7128652181
91d1d7acc274,W7128653516
91d1d7acc274,W7128656689
91d1d7acc274,W7128662291
91d1d7acc274,W7128669031
91d1d7acc274,W7128794243
91d1d7acc274,W7147077833
91d1d7acc274,W7147605194
91d1d7acc274,W7148196972
91d1d7acc274,W7148222872
91d1d7acc274,W7154660019
91d1d7acc274,W7154949145
91d1d7acc274,W7154968787
91d1d7acc274,W7160194683
91d1d7acc274,W7161116853
91d1d7acc274,W7161145041
91d1d7acc274,W7162917542
91d1d7acc274,W7169664550
91d1d7acc274,W756409939
928741f09797,W4400165069
928741f09797,W4402126389
928741f09797,W4407864789
928741f09797,W4407864821
928741f09797,W4415342378
928741f09797,W4416347121
928741f09797,W7107853085
928741f09797,W7159589931
928741f09797,W7165735054
928741f09797,W7165762810
928741f09797,W7167921801
928741f09797,W7168115104
92b62773a096,W1976228267
92b62773a096,W2088709614
92b62773a096,W2509372683
92b62773a096,W2595020291
92b62773a096,W2600740213
92b62773a096,W2732091829
92b62773a096,W2795705936
92b62773a096,W2811282408
92b62773a096,W2896307186
92b62773a096,W2944465813
92b62773a096,W2948576064
92b62773a096,W2953230345
92b62773a096,W2963743801
92b62773a096,W2965809652
92b62773a096,W2971183934
92b62773a096,W2983545651
92b62773a096,W2989067911
92b62773a096,W3091448788
92b62773a096,W3097909100
92b62773a096,W3111451532
92b62773a096,W3159782780
92b62773a096,W3172392762
92b62773a096,W3176788039
92b62773a096,W3180828499
92b62773a096,W3184559361
92b62773a096,W3187630655
92b62773a096,W3195063457
92b62773a096,W3201542214
92b62773a096,W3207182139
92b62773a096,W3208027362
92b62773a096,W4200162890
92b62773a096,W4200600962
92b62773a096,W4210323870
92b62773a096,W4213131350
92b62773a096,W4226504205
92b62773a096,W4231394344
92b62773a096,W4237498510
92b62773a096,W4241517288
92b62773a096,W4242680144
92b62773a096,W4281684275
92b62773a096,W4281846416
92b62773a096,W4288029631
92b62773a096,W4293105734
92b62773a096,W4293434233
92b62773a096,W4297223429
92b62773a096,W4316670318
92b62773a096,W4320038879
92b62773a096,W4321788752
92b62773a096,W4375862527
92b62773a096,W4376875053
92b62773a096,W4384277341
92b62773a096,W4387407616
92b62773a096,W4388650527
92b62773a096,W4390392088
92b62773a096,W4394735329
92b62773a096,W4396955662
92b62773a096,W4399487006
92b62773a096,W4400889075
92b62773a096,W4403577128
92b62773a096,W4403589374
92b62773a096,W4405470861
92b62773a096,W4407700432
92b62773a096,W4408323395
92b62773a096,W4408737230
92b62773a096,W4408788233
92b62773a096,W4408810633
92b62773a096,W4409362313
92b62773a096,W4409364139
92b62773a096,W4411645631
92b62773a096,W4412484603
92b62773a096,W4412707530
92b62773a096,W4413547063
92b62773a096,W4413547560
92b62773a096,W4413920485
92b62773a096,W4414341611
92b62773a096,W4414478557
92b62773a096,W4415407146
92b62773a096,W4416116705
92b62773a096,W4417080907
92b62773a096,W7134175729
92b62773a096,W7134623421
92b62773a096,W7160470317
92b62773a096,W7165382751
92b62773a096,W7166860560
92b62773a096,W7167388238
92b62773a096,W7167863919
92b62773a096,W7167982606
92b62773a096,W7167984390
92b62773a096,W7167992371
92b62773a096,W7167996742
92b62773a096,W7168002151
92b62773a096,W7168057959
92b62773a096,W7168061703
92b62773a096,W7168065466
92b62773a096,W7168066412
92b62773a096,W7168069067
92b62773a096,W7168075297
932554903d01,W2804812938
932554903d01,W4200140894
932554903d01,W4381429011
932554903d01,W4412690585
93810b38b6f3,W1970801587
93810b38b6f3,W1977562420
93810b38b6f3,W1982273614
93810b38b6f3,W1984075613
93810b38b6f3,W1999624064
93810b38b6f3,W2013843355
93810b38b6f3,W2015104282
93810b38b6f3,W2023488377
93810b38b6f3,W2024231583
93810b38b6f3,W2045483064
93810b38b6f3,W2046648515
93810b38b6f3,W2055239151
93810b38b6f3,W2067620323
93810b38b6f3,W2075375345
93810b38b6f3,W2092434653
93810b38b6f3,W2147934339
93810b38b6f3,W2176966375
93810b38b6f3,W2194292233
93810b38b6f3,W2231539636
93810b38b6f3,W2317031775
93810b38b6f3,W2332327168
93810b38b6f3,W2333978810
93810b38b6f3,W2404833682
93810b38b6f3,W2414884817
93810b38b6f3,W2523518440
93810b38b6f3,W2567752064
93810b38b6f3,W2587687897
93810b38b6f3,W2589538891
93810b38b6f3,W2615050210
93810b38b6f3,W2622397332
93810b38b6f3,W2626259594
93810b38b6f3,W2652816808
93810b38b6f3,W2686903079
93810b38b6f3,W2735203379
93810b38b6f3,W2757433387
93810b38b6f3,W2774048571
93810b38b6f3,W2787093115
93810b38b6f3,W2797789713
93810b38b6f3,W2885203179
93810b38b6f3,W2893186455
93810b38b6f3,W2894928537
93810b38b6f3,W2921827849
93810b38b6f3,W2951322856
93810b38b6f3,W2973716833
93810b38b6f3,W2986643808
93810b38b6f3,W3009686572
93810b38b6f3,W3019659126
93810b38b6f3,W3030081134
93810b38b6f3,W3043224858
93810b38b6f3,W3047249015
93810b38b6f3,W3088418957
93810b38b6f3,W3094387332
93810b38b6f3,W3094654552
93810b38b6f3,W3097340949
93810b38b6f3,W3097516329
93810b38b6f3,W3106894939
93810b38b6f3,W3107685864
93810b38b6f3,W3108149642
93810b38b6f3,W3118582984
93810b38b6f3,W3120850043
93810b38b6f3,W3123454149
93810b38b6f3,W3133737958
93810b38b6f3,W3138692432
93810b38b6f3,W4212765177
93810b38b6f3,W4213074604
93810b38b6f3,W4226022253
93810b38b6f3,W4232748991
93810b38b6f3,W4238103364
93810b38b6f3,W4239038333
93810b38b6f3,W4242036190
93810b38b6f3,W4244082351
93810b38b6f3,W4244996772
93810b38b6f3,W4245179400
93810b38b6f3,W4245435480
93810b38b6f3,W4245763579
93810b38b6f3,W4246237130
93810b38b6f3,W4251457051
93810b38b6f3,W4254354592
93810b38b6f3,W4254664807
93810b38b6f3,W4256485122
93810b38b6f3,W4283274738
93810b38b6f3,W4285588546
93810b38b6f3,W4289751416
93810b38b6f3,W4293101990
93810b38b6f3,W4295757820
93810b38b6f3,W4307259265
93810b38b6f3,W4308843604
93810b38b6f3,W4315705353
93810b38b6f3,W4318039068
93810b38b6f3,W4319656225
93810b38b6f3,W4380446046
93810b38b6f3,W4386506161
93810b38b6f3,W4391654823
93810b38b6f3,W4391846007
93810b38b6f3,W4394714357
93810b38b6f3,W4399495737
93810b38b6f3,W4399522626
93810b38b6f3,W4401819442
93810b38b6f3,W4402441701
93810b38b6f3,W4404484820
93810b38b6f3,W4408003724
93810b38b6f3,W4408122559
93810b38b6f3,W4408283829
93810b38b6f3,W4408592832
93810b38b6f3,W4409061389
93810b38b6f3,W4409075320
93810b38b6f3,W4409185140
93810b38b6f3,W4409657964
93810b38b6f3,W4409673621
93810b38b6f3,W4415446531
93810b38b6f3,W7119095753
93810b38b6f3,W7125952317
93810b38b6f3,W7136920188
93810b38b6f3,W7137206738
93810b38b6f3,W7169754321
93810b38b6f3,W7202066089
9394604c42c6,W104494726
9394604c42c6,W104936865
9394604c42c6,W1158467099
9394604c42c6,W1501179696
9394604c42c6,W1593766640
9394604c42c6,W1599137801
9394604c42c6,W1886723331
9394604c42c6,W1918184540
9394604c42c6,W1953022957
9394604c42c6,W1967420633
9394604c42c6,W1970416788
9394604c42c6,W1971517016
9394604c42c6,W1989757160
9394604c42c6,W2007140275
9394604c42c6,W2015985041
9394604c42c6,W2016217917
9394604c42c6,W2016347564
9394604c42c6,W2040778217
9394604c42c6,W2047035038
9394604c42c6,W2049941135
9394604c42c6,W2077614217
9394604c42c6,W2078680766
9394604c42c6,W2082945076
9394604c42c6,W2094349210
9394604c42c6,W2095692398
9394604c42c6,W2100666854
9394604c42c6,W2106875468
9394604c42c6,W2107037676
9394604c42c6,W2111187715
9394604c42c6,W2113101052
9394604c42c6,W2115800702
9394604c42c6,W2117172056
9394604c42c6,W2124230444
9394604c42c6,W2128974156
9394604c42c6,W2130898264
9394604c42c6,W2131974902
9394604c42c6,W2138383117
9394604c42c6,W2157601953
9394604c42c6,W2167389298
9394604c42c6,W2168099224
9394604c42c6,W2168528114
9394604c42c6,W2186958106
9394604c42c6,W2243373018
9394604c42c6,W2255101335
9394604c42c6,W2305944495
9394604c42c6,W2329085147
9394604c42c6,W2735290529
9394604c42c6,W2745083323
9394604c42c6,W2754841946
9394604c42c6,W2784274823
9394604c42c6,W2790542844
9394604c42c6,W2793544398
9394604c42c6,W2803591227
9394604c42c6,W2808621478
9394604c42c6,W2885840302
9394604c42c6,W2893867154
9394604c42c6,W2898392430
9394604c42c6,W2898479064
9394604c42c6,W2935598682
9394604c42c6,W2937011526
9394604c42c6,W2947107044
9394604c42c6,W2947414159
9394604c42c6,W2947696336
9394604c42c6,W2973960951
9394604c42c6,W2982675378
9394604c42c6,W3022240156
9394604c42c6,W3026080375
9394604c42c6,W3032284404
9394604c42c6,W3110856670
9394604c42c6,W3121713192
9394604c42c6,W3143239149
9394604c42c6,W3146887326
9394604c42c6,W3183603466
9394604c42c6,W3187821195
9394604c42c6,W3194133360
9394604c42c6,W3199506360
9394604c42c6,W3213539021
9394604c42c6,W4200448424
9394604c42c6,W4200600962
9394604c42c6,W4206241336
9394604c42c6,W4213131350
9394604c42c6,W4221113660
9394604c42c6,W4223932454
9394604c42c6,W4226154896
9394604c42c6,W4226504205
9394604c42c6,W4233369961
9394604c42c6,W4234973081
9394604c42c6,W4235740961
9394604c42c6,W4237569690
9394604c42c6,W4237931553
9394604c42c6,W4240577472
9394604c42c6,W4242760770
9394604c42c6,W4247222966
9394604c42c6,W4249251479
9394604c42c6,W4250411622
9394604c42c6,W4251876948
9394604c42c6,W4281969040
9394604c42c6,W4283012481
9394604c42c6,W4285093942
9394604c42c6,W4293236011
9394604c42c6,W4295006334
9394604c42c6,W4297144132
9394604c42c6,W4306658999
9394604c42c6,W4319041732
9394604c42c6,W4322704064
9394604c42c6,W4322706259
9394604c42c6,W4366688244
9394604c42c6,W4376140864
9394604c42c6,W4376875053
9394604c42c6,W4383455317
9394604c42c6,W4386789401
9394604c42c6,W4391692219
9394604c42c6,W4392546172
9394604c42c6,W4392562810
9394604c42c6,W4393070467
9394604c42c6,W4394834232
9394604c42c6,W4399623580
9394604c42c6,W4401273739
9394604c42c6,W4401799121
9394604c42c6,W4402594924
9394604c42c6,W4402737067
9394604c42c6,W4403063848
9394604c42c6,W4403303889
9394604c42c6,W4403483243
9394604c42c6,W4403940214
9394604c42c6,W4403945617
9394604c42c6,W4405782496
9394604c42c6,W4406903430
9394604c42c6,W4407090633
9394604c42c6,W4407196455
9394604c42c6,W4407272768
9394604c42c6,W4407700432
9394604c42c6,W4407917425
9394604c42c6,W4408788233
9394604c42c6,W4408810633
9394604c42c6,W4413285005
9394604c42c6,W4414478557
9394604c42c6,W54180468
9394604c42c6,W7133025813
9394604c42c6,W7134143940
9394604c42c6,W7134198380
9394604c42c6,W7134875343
9394604c42c6,W7139928946
9394604c42c6,W7140109951
9394604c42c6,W7159748406
9394604c42c6,W7159999188
9394604c42c6,W7160851204
9394604c42c6,W7161099205
9394604c42c6,W7162697370
9394604c42c6,W7162898575
9394604c42c6,W7163412306
9394604c42c6,W7164304823
9394604c42c6,W7164782716
9394604c42c6,W7164811088
9394604c42c6,W7164834425
9394604c42c6,W7164850837
9394604c42c6,W7164852602
9394604c42c6,W7165370565
9394604c42c6,W7165602239
9394604c42c6,W7167309401
9394604c42c6,W7167403896
9394604c42c6,W7167446143
9394604c42c6,W7167770726
9394604c42c6,W7167991625
9394604c42c6,W7167995871
9394604c42c6,W7167999959
9394604c42c6,W7196989058
9394604c42c6,W769523252
93a221cc8111,W1173544801
93a221cc8111,W1747611552
93a221cc8111,W1890433298
93a221cc8111,W1978594842
93a221cc8111,W2012188291
93a221cc8111,W2022278048
93a221cc8111,W2029203702
93a221cc8111,W2039598418
93a221cc8111,W2047045536
93a221cc8111,W2047582412
93a221cc8111,W2061512159
93a221cc8111,W2070510207
93a221cc8111,W2094312839
93a221cc8111,W2103948822
93a221cc8111,W2105824687
93a221cc8111,W2109964336
93a221cc8111,W2112192003
93a221cc8111,W2115849680
93a221cc8111,W2128283668
93a221cc8111,W2142257241
93a221cc8111,W2152188540
93a221cc8111,W2177903386
93a221cc8111,W2301596470
93a221cc8111,W2344015904
93a221cc8111,W2402490675
93a221cc8111,W2463172244
93a221cc8111,W2469418282
93a221cc8111,W2471876301
93a221cc8111,W2518549483
93a221cc8111,W2558206625
93a221cc8111,W2570760970
93a221cc8111,W2580040190
93a221cc8111,W2585817095
93a221cc8111,W2585981346
93a221cc8111,W2604575648
93a221cc8111,W2730219378
93a221cc8111,W2758807589
93a221cc8111,W2765822240
93a221cc8111,W2789427463
93a221cc8111,W2800477930
93a221cc8111,W2801691208
93a221cc8111,W2805624491
93a221cc8111,W2890289215
93a221cc8111,W2906699825
93a221cc8111,W2915053954
93a221cc8111,W2924722563
93a221cc8111,W2931536709
93a221cc8111,W2939717750
93a221cc8111,W2942472665
93a221cc8111,W2943986306
93a221cc8111,W2952273546
93a221cc8111,W2954086711
93a221cc8111,W2954957526
93a221cc8111,W2968569101
93a221cc8111,W2969428532
93a221cc8111,W2969469681
93a221cc8111,W2974841401
93a221cc8111,W2983944192
93a221cc8111,W2996404849
93a221cc8111,W3005740010
93a221cc8111,W3005976418
93a221cc8111,W3012023499
93a221cc8111,W3049284496
93a221cc8111,W3080413193
93a221cc8111,W3084440567
93a221cc8111,W3091705876
93a221cc8111,W3092204056
93a221cc8111,W3092898303
93a221cc8111,W3096616897
93a221cc8111,W3117293643
93a221cc8111,W3142014568
93a221cc8111,W3153924331
93a221cc8111,W3158591143
93a221cc8111,W3161935834
93a221cc8111,W3166518545
93a221cc8111,W3170402923
93a221cc8111,W3173937431
93a221cc8111,W3195887072
93a221cc8111,W3196773768
93a221cc8111,W3205449589
93a221cc8111,W3215727830
93a221cc8111,W4210540540
93a221cc8111,W4212900742
93a221cc8111,W4224926642
93a221cc8111,W4225576598
93a221cc8111,W4226434205
93a221cc8111,W4226504205
93a221cc8111,W4243461258
93a221cc8111,W4254555230
93a221cc8111,W4255281739
93a221cc8111,W4283012136
93a221cc8111,W4289269895
93a221cc8111,W4292869184
93a221cc8111,W4322757541
93a221cc8111,W4376875053
93a221cc8111,W4382982085
93a221cc8111,W4386244126
93a221cc8111,W4389317743
93a221cc8111,W4390783203
93a221cc8111,W4394323104
93a221cc8111,W4394524440
93a221cc8111,W4394545452
93a221cc8111,W4400107702
93a221cc8111,W4400200363
93a221cc8111,W4402938797
93a221cc8111,W4405290960
93a221cc8111,W4405301364
93a221cc8111,W4405427392
93a221cc8111,W4407124535
93a221cc8111,W4412641086
93a221cc8111,W4412776622
93a221cc8111,W4413919991
93a221cc8111,W4414523419
93a221cc8111,W7107856445
93a221cc8111,W7124592260
93a221cc8111,W7138454498
93a221cc8111,W7165544351
93a221cc8111,W7166465963
93a221cc8111,W7166475157
945c4653ed7b,W3167106401
945c4653ed7b,W4404561691
945c4653ed7b,W4410143474
945c4653ed7b,W4412351333
945c4653ed7b,W7147135541
945c4653ed7b,W7147383569
945c4653ed7b,W7147467370
945c4653ed7b,W7147646265
945c4653ed7b,W7148331934
945c4653ed7b,W7149219488
945c4653ed7b,W7149592192
945c4653ed7b,W7151129906
945c4653ed7b,W7154175404
945c4653ed7b,W7155305310
945c4653ed7b,W7158209167
945c4653ed7b,W7159548291
945c4653ed7b,W7170130759
945c4653ed7b,W7172536230
945c4653ed7b,W7196975680
945c4653ed7b,W7197020422
94734e2e0f18,W117468086
94734e2e0f18,W12605104
94734e2e0f18,W133089895
94734e2e0f18,W1419066563
94734e2e0f18,W146585025
94734e2e0f18,W148879248
94734e2e0f18,W1505702894
94734e2e0f18,W1510453288
94734e2e0f18,W1530557060
94734e2e0f18,W1531858707
94734e2e0f18,W1549307561
94734e2e0f18,W1554512281
94734e2e0f18,W15701700
94734e2e0f18,W1570704253
94734e2e0f18,W1575893895
94734e2e0f18,W1578766341
94734e2e0f18,W1582730379
94734e2e0f18,W1585261898
94734e2e0f18,W159430299
94734e2e0f18,W162403036
94734e2e0f18,W1682838625
94734e2e0f18,W174589811
94734e2e0f18,W1749444737
94734e2e0f18,W1903671953
94734e2e0f18,W1910371214
94734e2e0f18,W1964401371
94734e2e0f18,W1964970510
94734e2e0f18,W1967185050
94734e2e0f18,W1974131892
94734e2e0f18,W1975614560
94734e2e0f18,W1977564692
94734e2e0f18,W1990387222
94734e2e0f18,W1992102378
94734e2e0f18,W1998750040
94734e2e0f18,W2012993651
94734e2e0f18,W2015411940
94734e2e0f18,W2016457883
94734e2e0f18,W2021814479
94734e2e0f18,W2021961998
94734e2e0f18,W2023611072
94734e2e0f18,W2027164850
94734e2e0f18,W2030290279
94734e2e0f18,W2032979803
94734e2e0f18,W2041094166
94734e2e0f18,W2044000647
94734e2e0f18,W2049328879
94734e2e0f18,W2050314410
94734e2e0f18,W2052808663
94734e2e0f18,W2053042924
94734e2e0f18,W2054765409
94734e2e0f18,W2061629685
94734e2e0f18,W2063422591
94734e2e0f18,W2071648196
94734e2e0f18,W2072502614
94734e2e0f18,W2076345047
94734e2e0f18,W2078766780
94734e2e0f18,W2080138883
94734e2e0f18,W2080664923
94734e2e0f18,W2082734254
94734e2e0f18,W2093219224
94734e2e0f18,W2097364404
94734e2e0f18,W2097706132
94734e2e0f18,W2102629003
94734e2e0f18,W2119794435
94734e2e0f18,W2121389569
94734e2e0f18,W2135561099
94734e2e0f18,W2148742658
94734e2e0f18,W2152110463
94734e2e0f18,W2161637604
94734e2e0f18,W2163375685
94734e2e0f18,W2165352554
94734e2e0f18,W2192108
94734e2e0f18,W2216346539
94734e2e0f18,W2217616747
94734e2e0f18,W2222469287
94734e2e0f18,W2236899498
94734e2e0f18,W2243620135
94734e2e0f18,W2244407598
94734e2e0f18,W2265107523
94734e2e0f18,W2279404673
94734e2e0f18,W2287682926
94734e2e0f18,W2315214375
94734e2e0f18,W2316096353
94734e2e0f18,W2321185826
94734e2e0f18,W2321559387
94734e2e0f18,W2321637312
94734e2e0f18,W2323500589
94734e2e0f18,W2324275239
94734e2e0f18,W2327549969
94734e2e0f18,W2328831471
94734e2e0f18,W2330681091
94734e2e0f18,W2343444356
94734e2e0f18,W2344047568
94734e2e0f18,W235852788
94734e2e0f18,W2403204149
94734e2e0f18,W2409344882
94734e2e0f18,W2416949060
94734e2e0f18,W2427135606
94734e2e0f18,W2461937635
94734e2e0f18,W246709043
94734e2e0f18,W2467330958
94734e2e0f18,W2478159729
94734e2e0f18,W2479124616
94734e2e0f18,W2479876049
94734e2e0f18,W2483556950
94734e2e0f18,W2484957448
94734e2e0f18,W2487863762
94734e2e0f18,W2489337792
94734e2e0f18,W2489834067
94734e2e0f18,W2490486881
94734e2e0f18,W2493277193
94734e2e0f18,W2493922220
94734e2e0f18,W2496590911
94734e2e0f18,W2497593434
94734e2e0f18,W2498083384
94734e2e0f18,W2519985884
94734e2e0f18,W2521134433
94734e2e0f18,W2521461239
94734e2e0f18,W2537399878
94734e2e0f18,W253887252
94734e2e0f18,W25509692
94734e2e0f18,W2561804488
94734e2e0f18,W257124768
94734e2e0f18,W2581746900
94734e2e0f18,W2589777900
94734e2e0f18,W2597747224
94734e2e0f18,W2603216076
94734e2e0f18,W2604195059
94734e2e0f18,W2605720344
94734e2e0f18,W2606486696
94734e2e0f18,W2606914645
94734e2e0f18,W2607529366
94734e2e0f18,W2607855091
94734e2e0f18,W2608025867
94734e2e0f18,W2609372088
94734e2e0f18,W2609626023
94734e2e0f18,W2612119164
94734e2e0f18,W2615081646
94734e2e0f18,W2617013601
94734e2e0f18,W2626375841
94734e2e0f18,W267566292
94734e2e0f18,W2732139197
94734e2e0f18,W2736747513
94734e2e0f18,W2751511675
94734e2e0f18,W2751865166
94734e2e0f18,W2752334509
94734e2e0f18,W2758921164
94734e2e0f18,W2760781611
94734e2e0f18,W2767776381
94734e2e0f18,W2771043229
94734e2e0f18,W2775305548
94734e2e0f18,W2790371033
94734e2e0f18,W2799890330
94734e2e0f18,W2800010755
94734e2e0f18,W2800910334
94734e2e0f18,W2806764634
94734e2e0f18,W2904515416
94734e2e0f18,W2909979843
94734e2e0f18,W2912564352
94734e2e0f18,W2938000351
94734e2e0f18,W2945555261
94734e2e0f18,W2949909060
94734e2e0f18,W2951842144
94734e2e0f18,W2952124545
94734e2e0f18,W2954335747
94734e2e0f18,W2967517548
94734e2e0f18,W2979212353
94734e2e0f18,W2982588394
94734e2e0f18,W2988915196
94734e2e0f18,W2989701855
94734e2e0f18,W2996114138
94734e2e0f18,W2996141334
94734e2e0f18,W2996301611
94734e2e0f18,W2996423269
94734e2e0f18,W2997267743
94734e2e0f18,W3002826630
94734e2e0f18,W3003905035
94734e2e0f18,W3008677842
94734e2e0f18,W3009254644
94734e2e0f18,W3011172369
94734e2e0f18,W3011179082
94734e2e0f18,W3013031558
94734e2e0f18,W3035719416
94734e2e0f18,W3041632818
94734e2e0f18,W3042254089
94734e2e0f18,W3043482378
94734e2e0f18,W3043605758
94734e2e0f18,W3046613456
94734e2e0f18,W3047708677
94734e2e0f18,W3048185150
94734e2e0f18,W3080879720
94734e2e0f18,W3083585401
94734e2e0f18,W3092659055
94734e2e0f18,W3092834882
94734e2e0f18,W3094059621
94734e2e0f18,W3095014600
94734e2e0f18,W3103136441
94734e2e0f18,W3103450715
94734e2e0f18,W3105146554
94734e2e0f18,W3107270531
94734e2e0f18,W3108524242
94734e2e0f18,W3109993144
94734e2e0f18,W3110208364
94734e2e0f18,W3110920635
94734e2e0f18,W3113416495
94734e2e0f18,W3117390533
94734e2e0f18,W3119584252
94734e2e0f18,W3124269825
94734e2e0f18,W3124598934
94734e2e0f18,W3126454976
94734e2e0f18,W3126900738
94734e2e0f18,W3130864271
94734e2e0f18,W3131046648
94734e2e0f18,W3137750237
94734e2e0f18,W3145717706
94734e2e0f18,W3147886323
94734e2e0f18,W3151305888
94734e2e0f18,W3153338519
94734e2e0f18,W3158316496
94734e2e0f18,W3162215056
94734e2e0f18,W3169961900
94734e2e0f18,W3174166106
94734e2e0f18,W3176493797
94734e2e0f18,W3178559453
94734e2e0f18,W3178851042
94734e2e0f18,W3180933632
94734e2e0f18,W3181093751
94734e2e0f18,W3182948918
94734e2e0f18,W3185066061
94734e2e0f18,W3188593356
94734e2e0f18,W3190269384
94734e2e0f18,W3194443577
94734e2e0f18,W3195864984
94734e2e0f18,W3198573243
94734e2e0f18,W3200035162
94734e2e0f18,W3203981671
94734e2e0f18,W3208677078
94734e2e0f18,W3211198495
94734e2e0f18,W3213220597
94734e2e0f18,W3216869777
94734e2e0f18,W3217252723
94734e2e0f18,W3458807
94734e2e0f18,W353183950
94734e2e0f18,W354343154
94734e2e0f18,W364315719
94734e2e0f18,W36730141
94734e2e0f18,W379573989
94734e2e0f18,W40930062
94734e2e0f18,W4200584766
94734e2e0f18,W4205653643
94734e2e0f18,W4223600480
94734e2e0f18,W4226215177
94734e2e0f18,W4229837542
94734e2e0f18,W4231060541
94734e2e0f18,W4232216239
94734e2e0f18,W4233079482
94734e2e0f18,W4233237155
94734e2e0f18,W4233656765
94734e2e0f18,W4235559435
94734e2e0f18,W4236015863
94734e2e0f18,W4237857201
94734e2e0f18,W4242618338
94734e2e0f18,W4242775339
94734e2e0f18,W4243203163
94734e2e0f18,W4245141577
94734e2e0f18,W4246126085
94734e2e0f18,W4248066266
94734e2e0f18,W4248749142
94734e2e0f18,W4249557381
94734e2e0f18,W4249900227
94734e2e0f18,W4250540532
94734e2e0f18,W4250766794
94734e2e0f18,W4251554507
94734e2e0f18,W4251941602
94734e2e0f18,W4252596753
94734e2e0f18,W4253300839
94734e2e0f18,W4255825005
94734e2e0f18,W4256018784
94734e2e0f18,W4280588400
94734e2e0f18,W4285455612
94734e2e0f18,W4286209903
94734e2e0f18,W4292996582
94734e2e0f18,W4294295960
94734e2e0f18,W4298373570
94734e2e0f18,W4302840002
94734e2e0f18,W4307475647
94734e2e0f18,W4312719193
94734e2e0f18,W4320350599
94734e2e0f18,W4320350603
94734e2e0f18,W4323526603
94734e2e0f18,W4324127741
94734e2e0f18,W4361830627
94734e2e0f18,W4366452636
94734e2e0f18,W4367667379
94734e2e0f18,W4375856347
94734e2e0f18,W4379057214
94734e2e0f18,W4382137394
94734e2e0f18,W4388426138
94734e2e0f18,W4388471627
94734e2e0f18,W4391217607
94734e2e0f18,W4391388038
94734e2e0f18,W4391455807
94734e2e0f18,W4391456351
94734e2e0f18,W4391786636
94734e2e0f18,W4393745856
94734e2e0f18,W4393883954
94734e2e0f18,W4398227264
94734e2e0f18,W4402311826
94734e2e0f18,W4402461104
94734e2e0f18,W4406410207
94734e2e0f18,W4406484974
94734e2e0f18,W4407393904
94734e2e0f18,W4408260381
94734e2e0f18,W4408688463
94734e2e0f18,W4408700535
94734e2e0f18,W4408700580
94734e2e0f18,W4408855098
94734e2e0f18,W4411144253
94734e2e0f18,W4411624833
94734e2e0f18,W4413248261
94734e2e0f18,W4413478319
94734e2e0f18,W4414109757
94734e2e0f18,W4414165890
94734e2e0f18,W561956838
94734e2e0f18,W575565753
94734e2e0f18,W577786181
94734e2e0f18,W579837381
94734e2e0f18,W598495736
94734e2e0f18,W602133469
94734e2e0f18,W605582813
94734e2e0f18,W609818589
94734e2e0f18,W620598567
94734e2e0f18,W630083101
94734e2e0f18,W633747641
94734e2e0f18,W634330448
94734e2e0f18,W635708325
94734e2e0f18,W636026729
94734e2e0f18,W638783447
94734e2e0f18,W648416088
94734e2e0f18,W650372845
94734e2e0f18,W650623952
94734e2e0f18,W7128482966
94734e2e0f18,W7132851895
94734e2e0f18,W7132856307
94734e2e0f18,W7135203005
94734e2e0f18,W7135226262
94734e2e0f18,W7136278394
94734e2e0f18,W7138023711
94734e2e0f18,W73972462
94734e2e0f18,W78003834
94734e2e0f18,W888477259
94734e2e0f18,W93317147
9481a18fa3f2,W2323843104
9481a18fa3f2,W2540007739
9481a18fa3f2,W2784260270
9481a18fa3f2,W2910368036
9481a18fa3f2,W2910909286
9481a18fa3f2,W2923593617
9481a18fa3f2,W2925767170
9481a18fa3f2,W2972489155
9481a18fa3f2,W2997852974
9481a18fa3f2,W3000410815
9481a18fa3f2,W3000531413
9481a18fa3f2,W3003487339
9481a18fa3f2,W3037676613
9481a18fa3f2,W3163049955
9481a18fa3f2,W3195929135
9481a18fa3f2,W3207238627
9481a18fa3f2,W4210495548
9481a18fa3f2,W4220867121
9481a18fa3f2,W4281664448
9481a18fa3f2,W4307683448
9481a18fa3f2,W4307803736
9481a18fa3f2,W4313535113
9481a18fa3f2,W4322707845
9481a18fa3f2,W4365810361
9481a18fa3f2,W4367054722
9481a18fa3f2,W4394715475
9481a18fa3f2,W4398145417
9481a18fa3f2,W4404552109
9481a18fa3f2,W4407671820
9481a18fa3f2,W4408670773
9481a18fa3f2,W4409405201
9481a18fa3f2,W4417181257
9481a18fa3f2,W7107972011
9481a18fa3f2,W7118666538
9481a18fa3f2,W7124245742
9481a18fa3f2,W7124274210
9481a18fa3f2,W7124303029
9481a18fa3f2,W7124312265
9481a18fa3f2,W7131744655
9481a18fa3f2,W7134876468
9481a18fa3f2,W7135896775
9481a18fa3f2,W7136006692
949e2b88b786,W3144313109
949e2b88b786,W3200447884
949e2b88b786,W3211339009
949e2b88b786,W3216505308
949e2b88b786,W4200420179
949e2b88b786,W4221022654
949e2b88b786,W4225918181
949e2b88b786,W4283071743
949e2b88b786,W4312143998
949e2b88b786,W4319158669
949e2b88b786,W4382283165
949e2b88b786,W4385954184
949e2b88b786,W4387637102
949e2b88b786,W4389286340
949e2b88b786,W4393039750
949e2b88b786,W4394714357
949e2b88b786,W4395042409
949e2b88b786,W4396954706
949e2b88b786,W4402441701
949e2b88b786,W4408102341
949e2b88b786,W4409185140
949e2b88b786,W4411087769
949e2b88b786,W4411583973
949e2b88b786,W4414217929
949e2b88b786,W4416959060
949e2b88b786,W7117309772
949e2b88b786,W7117320675
949e2b88b786,W7128546758
949e2b88b786,W7135201638
949e2b88b786,W7136862808
949e2b88b786,W7139353982
949e2b88b786,W7147077833
949e2b88b786,W7147605194
949e2b88b786,W7148196972
949e2b88b786,W7148222872
949e2b88b786,W7153957694
949e2b88b786,W7154660019
949e2b88b786,W7162896052
949e2b88b786,W7162917542
949e2b88b786,W7165865271
949e2b88b786,W7167858620
949e2b88b786,W7168137872
94a5cf01992c,W1502827143
94a5cf01992c,W1805507692
94a5cf01992c,W2025640120
94a5cf01992c,W2127455621
94a5cf01992c,W2540081585
94a5cf01992c,W2595076432
94a5cf01992c,W2613162672
94a5cf01992c,W2731046075
94a5cf01992c,W2745756472
94a5cf01992c,W2778100822
94a5cf01992c,W2779479504
94a5cf01992c,W2779532656
94a5cf01992c,W2779953302
94a5cf01992c,W2780365602
94a5cf01992c,W2780575541
94a5cf01992c,W2781121145
94a5cf01992c,W2782518719
94a5cf01992c,W2782825250
94a5cf01992c,W2783807051
94a5cf01992c,W2784133467
94a5cf01992c,W2784854042
94a5cf01992c,W2787261801
94a5cf01992c,W2805138917
94a5cf01992c,W2806001781
94a5cf01992c,W2810320295
94a5cf01992c,W2886022069
94a5cf01992c,W2887367812
94a5cf01992c,W2887882077
94a5cf01992c,W2898107119
94a5cf01992c,W2900858289
94a5cf01992c,W2902047869
94a5cf01992c,W2904111546
94a5cf01992c,W2905919985
94a5cf01992c,W2912546433
94a5cf01992c,W2914701246
94a5cf01992c,W2923548702
94a5cf01992c,W2929117688
94a5cf01992c,W2938752988
94a5cf01992c,W2946370812
94a5cf01992c,W2951134316
94a5cf01992c,W2952592574
94a5cf01992c,W2952969826
94a5cf01992c,W2953106838
94a5cf01992c,W2964919210
94a5cf01992c,W2966139823
94a5cf01992c,W2970877424
94a5cf01992c,W2971516633
94a5cf01992c,W2972555947
94a5cf01992c,W2973516729
94a5cf01992c,W2981944227
94a5cf01992c,W3005806139
94a5cf01992c,W3006183775
94a5cf01992c,W3007065471
94a5cf01992c,W3016987659
94a5cf01992c,W3027391392
94a5cf01992c,W3035808519
94a5cf01992c,W3047817574
94a5cf01992c,W3048064798
94a5cf01992c,W3048117538
94a5cf01992c,W3092611537
94a5cf01992c,W3118407245
94a5cf01992c,W3120893145
94a5cf01992c,W3125078248
94a5cf01992c,W3131537098
94a5cf01992c,W3131979791
94a5cf01992c,W3152764940
94a5cf01992c,W3156752107
94a5cf01992c,W3161257786
94a5cf01992c,W3161930084
94a5cf01992c,W3162485913
94a5cf01992c,W3163295653
94a5cf01992c,W3164362338
94a5cf01992c,W3169693793
94a5cf01992c,W3172392762
94a5cf01992c,W3176734817
94a5cf01992c,W3180828499
94a5cf01992c,W3187630655
94a5cf01992c,W3189299076
94a5cf01992c,W3190123647
94a5cf01992c,W3196783988
94a5cf01992c,W3197961733
94a5cf01992c,W3201688392
94a5cf01992c,W3208332240
94a5cf01992c,W3215194582
94a5cf01992c,W3217271159
94a5cf01992c,W4200549805
94a5cf01992c,W4205492896
94a5cf01992c,W4231098044
94a5cf01992c,W4231465988
94a5cf01992c,W4233671229
94a5cf01992c,W4236757179
94a5cf01992c,W4237498510
94a5cf01992c,W4241517288
94a5cf01992c,W4244678844
94a5cf01992c,W4246148581
94a5cf01992c,W4248308722
94a5cf01992c,W4249357165
94a5cf01992c,W4249736384
94a5cf01992c,W4250176078
94a5cf01992c,W4251623925
94a5cf01992c,W4255737354
94a5cf01992c,W4256086747
94a5cf01992c,W4256342185
94a5cf01992c,W4280529185
94a5cf01992c,W4280585012
94a5cf01992c,W4281386057
94a5cf01992c,W4281476344
94a5cf01992c,W4281684275
94a5cf01992c,W4281846416
94a5cf01992c,W4293105734
94a5cf01992c,W4296785236
94a5cf01992c,W4297223429
94a5cf01992c,W4300690154
94a5cf01992c,W4306888927
94a5cf01992c,W4319591336
94a5cf01992c,W4320038879
94a5cf01992c,W4320733882
94a5cf01992c,W4321194334
94a5cf01992c,W4368368891
94a5cf01992c,W4376646197
94a5cf01992c,W4379010534
94a5cf01992c,W4380537666
94a5cf01992c,W4391144429
94a5cf01992c,W4392639762
94a5cf01992c,W4396520795
94a5cf01992c,W4399361042
94a5cf01992c,W4400239612
94a5cf01992c,W4403589374
94a5cf01992c,W4403819045
94a5cf01992c,W4406946826
94a5cf01992c,W4407827735
94a5cf01992c,W4407828441
94a5cf01992c,W4407828695
94a5cf01992c,W4407831183
94a5cf01992c,W4407848226
94a5cf01992c,W4408323395
94a5cf01992c,W4408737230
94a5cf01992c,W4408869778
94a5cf01992c,W4409656300
94a5cf01992c,W4409668642
94a5cf01992c,W4410632436
94a5cf01992c,W4411489686
94a5cf01992c,W4411542143
94a5cf01992c,W4411583949
94a5cf01992c,W4411645631
94a5cf01992c,W4411732777
94a5cf01992c,W4412905107
94a5cf01992c,W4415407146
94a5cf01992c,W4417006317
94a5cf01992c,W7153298357
94a5cf01992c,W7167564572
94a5cf01992c,W7167750507
94a5cf01992c,W7167859634
94a5cf01992c,W7167869238
94a5cf01992c,W7167984390
95a59e575ba0,W2752146797
95a59e575ba0,W2892159062
95a59e575ba0,W2908492650
95a59e575ba0,W2962777326
95a59e575ba0,W2974477877
95a59e575ba0,W2990323189
95a59e575ba0,W3011077026
95a59e575ba0,W3011879396
95a59e575ba0,W3095443626
95a59e575ba0,W3127378316
95a59e575ba0,W4213131350
95a59e575ba0,W4229545878
95a59e575ba0,W4235172256
95a59e575ba0,W4242035064
95a59e575ba0,W4283013740
95a59e575ba0,W4283330881
95a59e575ba0,W4297520294
95a59e575ba0,W4311804906
95a59e575ba0,W4312196157
95a59e575ba0,W4323924612
95a59e575ba0,W4327814372
95a59e575ba0,W4377140238
95a59e575ba0,W4380486983
95a59e575ba0,W4386216288
95a59e575ba0,W4386247445
95a59e575ba0,W4386384186
95a59e575ba0,W4386593211
95a59e575ba0,W4391880064
95a59e575ba0,W4394695655
95a59e575ba0,W4401691889
95a59e575ba0,W4402904815
95a59e575ba0,W4402912310
95a59e575ba0,W4403559764
95a59e575ba0,W4403934151
95a59e575ba0,W4404670220
95a59e575ba0,W4409562214
95a59e575ba0,W4412458981
95a59e575ba0,W4413205076
95a59e575ba0,W4413919130
95a59e575ba0,W4415775240
95a59e575ba0,W7118233294
95a59e575ba0,W7119490360
95a59e575ba0,W7128424989
95a59e575ba0,W7133524375
95a59e575ba0,W7161137707
95a59e575ba0,W7162495662
95a59e575ba0,W7167032523
95a59e575ba0,W7167266659
960483823fea,W2022966919
960483823fea,W2595503155
960483823fea,W2600721564
960483823fea,W2751604818
960483823fea,W2766306331
960483823fea,W2797364264
960483823fea,W2913492672
960483823fea,W2921515112
960483823fea,W2990465903
960483823fea,W2994099185
960483823fea,W2994668960
960483823fea,W2999765006
960483823fea,W3000471270
960483823fea,W3006262343
960483823fea,W3034584189
960483823fea,W3103110751
960483823fea,W3103190405
960483823fea,W3111824350
960483823fea,W3112853162
960483823fea,W3119633613
960483823fea,W3136125977
960483823fea,W3138380596
960483823fea,W3150278862
960483823fea,W3150321569
960483823fea,W3162833279
960483823fea,W3164446949
960483823fea,W3164719061
960483823fea,W3176626015
960483823fea,W3199491845
960483823fea,W3201312328
960483823fea,W3205898159
960483823fea,W3214182751
960483823fea,W4200489267
960483823fea,W4205179868
960483823fea,W4205254807
960483823fea,W4205415258
960483823fea,W4205643788
960483823fea,W4205700943
960483823fea,W4206401062
960483823fea,W4206579662
960483823fea,W4206821600
960483823fea,W4231982658
960483823fea,W4294752707
960483823fea,W4306825273
960483823fea,W4307826938
960483823fea,W4309464819
960483823fea,W4319262699
960483823fea,W4384928511
960483823fea,W4385374510
960483823fea,W4386743115
960483823fea,W4386824642
960483823fea,W4392277005
960483823fea,W4401582160
960483823fea,W4403805495
960483823fea,W4405037320
960483823fea,W4407129103
960483823fea,W4414691314
960483823fea,W7120563507
960483823fea,W7135161650
960483823fea,W7135162884
960483823fea,W7147570393
960483823fea,W7149875439
960483823fea,W7154329237
960483823fea,W7160672117
960483823fea,W7160848735
960483823fea,W7164099017
960483823fea,W7164904683
960483823fea,W7167561776
960483823fea,W7171270788
960483823fea,W7172028127
96cd3ba71e94,W2594755663
96cd3ba71e94,W2776916995
96cd3ba71e94,W2779559581
96cd3ba71e94,W2914525554
96cd3ba71e94,W2946532126
96cd3ba71e94,W2947052294
96cd3ba71e94,W2967064817
96cd3ba71e94,W2977592503
96cd3ba71e94,W2979711101
96cd3ba71e94,W2981060582
96cd3ba71e94,W2989229990
96cd3ba71e94,W3003256135
96cd3ba71e94,W3036247384
96cd3ba71e94,W3036888922
96cd3ba71e94,W3104068245
96cd3ba71e94,W3124421403
96cd3ba71e94,W3126365959
96cd3ba71e94,W3137624866
96cd3ba71e94,W3163815878
96cd3ba71e94,W3170172023
96cd3ba71e94,W3172392762
96cd3ba71e94,W3183705982
96cd3ba71e94,W3186329411
96cd3ba71e94,W3187630655
96cd3ba71e94,W3191268393
96cd3ba71e94,W3194401616
96cd3ba71e94,W3211707055
96cd3ba71e94,W4232929448
96cd3ba71e94,W4237498510
96cd3ba71e94,W4241517288
96cd3ba71e94,W4244855101
96cd3ba71e94,W4248340494
96cd3ba71e94,W4281684275
96cd3ba71e94,W4281846416
96cd3ba71e94,W4282978488
96cd3ba71e94,W4286219945
96cd3ba71e94,W4286499406
96cd3ba71e94,W4293105734
96cd3ba71e94,W4297223429
96cd3ba71e94,W4309548602
96cd3ba71e94,W4312856761
96cd3ba71e94,W4319591419
96cd3ba71e94,W4320038879
96cd3ba71e94,W4328129776
96cd3ba71e94,W4378783670
96cd3ba71e94,W4381612380
96cd3ba71e94,W4387966640
96cd3ba71e94,W4390009570
96cd3ba71e94,W4394726165
96cd3ba71e94,W4399067064
96cd3ba71e94,W4399246382
96cd3ba71e94,W4400679738
96cd3ba71e94,W4403007432
96cd3ba71e94,W4404474591
96cd3ba71e94,W4404789876
96cd3ba71e94,W4408323395
96cd3ba71e94,W4408737230
96cd3ba71e94,W4410003358
96cd3ba71e94,W4410420729
96cd3ba71e94,W4412990214
96cd3ba71e94,W4413137425
96cd3ba71e94,W4415964286
96cd3ba71e94,W4416169590
96cd3ba71e94,W4416425896
96cd3ba71e94,W7106219461
96cd3ba71e94,W7106224723
96cd3ba71e94,W7106283008
96cd3ba71e94,W7106285731
96cd3ba71e94,W7106310944
96cd3ba71e94,W7106339382
96cd3ba71e94,W7133626731
96cd3ba71e94,W7133681882
96cd3ba71e94,W7133855007
96cd3ba71e94,W7133855116
96cd3ba71e94,W7133865528
96cd3ba71e94,W7133941924
96cd3ba71e94,W7162697370
96cd3ba71e94,W7163665363
96cd3ba71e94,W7164811088
96cd3ba71e94,W7164834425
96cd3ba71e94,W7164850837
96cd3ba71e94,W7164852602
96cd3ba71e94,W7165370565
9758aeb7a2f5,W4393130504
9758aeb7a2f5,W4408095706
9758aeb7a2f5,W4408608850
9758aeb7a2f5,W4411373853
9758aeb7a2f5,W4413273662
9758aeb7a2f5,W4415416458
9758aeb7a2f5,W4415416634
9758aeb7a2f5,W7168149475
97d22c634ce2,W2408800652
97d22c634ce2,W2512780753
97d22c634ce2,W2529905650
97d22c634ce2,W2556223957
97d22c634ce2,W2605760731
97d22c634ce2,W2762644549
97d22c634ce2,W2772202347
97d22c634ce2,W2773024214
97d22c634ce2,W2785336835
97d22c634ce2,W2800813764
97d22c634ce2,W2810810880
97d22c634ce2,W2887011145
97d22c634ce2,W2902059071
97d22c634ce2,W2914573821
97d22c634ce2,W2921015617
97d22c634ce2,W2941060291
97d22c634ce2,W2972967636
97d22c634ce2,W3003196858
97d22c634ce2,W3015564592
97d22c634ce2,W3015620994
97d22c634ce2,W3015976067
97d22c634ce2,W3041321739
97d22c634ce2,W3044365901
97d22c634ce2,W3081377635
97d22c634ce2,W3087323901
97d22c634ce2,W3109069904
97d22c634ce2,W3111802265
97d22c634ce2,W3113870765
97d22c634ce2,W3128484396
97d22c634ce2,W3157926150
97d22c634ce2,W3158996865
97d22c634ce2,W3159851506
97d22c634ce2,W3159885238
97d22c634ce2,W3182901567
97d22c634ce2,W3212360412
97d22c634ce2,W3216869777
97d22c634ce2,W394123060
97d22c634ce2,W4200209572
97d22c634ce2,W4205279787
97d22c634ce2,W4213032439
97d22c634ce2,W4220712149
97d22c634ce2,W4234287661
97d22c634ce2,W4239260368
97d22c634ce2,W4241009534
97d22c634ce2,W4245917713
97d22c634ce2,W4250161849
97d22c634ce2,W4255353756
97d22c634ce2,W4256096515
97d22c634ce2,W4318823858
97d22c634ce2,W4366427237
97d22c634ce2,W4386374156
97d22c634ce2,W4386401825
97d22c634ce2,W4390750062
97d22c634ce2,W4399382304
97d22c634ce2,W4400297661
97d22c634ce2,W4404970288
97d22c634ce2,W4406983822
97d22c634ce2,W4406997997
97d22c634ce2,W4406998927
97d22c634ce2,W4407393904
97d22c634ce2,W4407615485
97d22c634ce2,W4408215660
97d22c634ce2,W4408734048
97d22c634ce2,W4410383479
97d22c634ce2,W4415417545
97d22c634ce2,W4415417999
97d22c634ce2,W4415418085
97d22c634ce2,W4416468824
97d22c634ce2,W4416813154
97d22c634ce2,W7143417636
97d22c634ce2,W7165727158
97d22c634ce2,W7167281323
989afc40fac3,W2611691372
989afc40fac3,W4213131350
989afc40fac3,W4313390209
989afc40fac3,W4389463297
989afc40fac3,W4394714357
989afc40fac3,W4402441701
989afc40fac3,W4409185140
989afc40fac3,W7135201638
989afc40fac3,W7136862808
989afc40fac3,W7139353982
989afc40fac3,W7153957694
989afc40fac3,W7201976652
98c1af03e2e4,W4386244126
98c1af03e2e4,W4403132697
98c1af03e2e4,W4407199443
98c1af03e2e4,W4407199451
98c1af03e2e4,W4408555412
98c1af03e2e4,W4408874083
98c1af03e2e4,W4414429954
98c1af03e2e4,W4415703204
98c1af03e2e4,W7143499615
98c1af03e2e4,W7147605194
98c1af03e2e4,W7148222872
98f5ea02ca3e,W4387581768
98f5ea02ca3e,W4391360832
98f5ea02ca3e,W4392940496
98f5ea02ca3e,W4404561908
98f5ea02ca3e,W4410494862
98f5ea02ca3e,W4410495251
98f5ea02ca3e,W4414993674
98f5ea02ca3e,W4415531844
98f5ea02ca3e,W7116315248
98f5ea02ca3e,W7134046385
98f5ea02ca3e,W7136058936
98f5ea02ca3e,W7139927387
98f5ea02ca3e,W7140050802
98f5ea02ca3e,W7140065549
98f5ea02ca3e,W7140242118
98f5ea02ca3e,W7149228968
98f5ea02ca3e,W7155172624
98f5ea02ca3e,W7155186390
98f5ea02ca3e,W7155210898
98f5ea02ca3e,W7160014703
98f5ea02ca3e,W7162082264
994e32715336,W4213131350
994e32715336,W4226504205
994e32715336,W4283157114
994e32715336,W4307683448
994e32715336,W4322707845
994e32715336,W4376875053
994e32715336,W4407075807
994e32715336,W4407099097
994e32715336,W4409405201
994e32715336,W4413597870
994e32715336,W4415397113
994e32715336,W7116041165
994e32715336,W7116086923
994e32715336,W7149225749
994e32715336,W7171930925
994e32715336,W7171995481
99937b966080,W3174749147
99937b966080,W4385583915
99937b966080,W4415016378
99937b966080,W4415171886
99937b966080,W7124145888
99937b966080,W7127258734
99937b966080,W7130311190
99937b966080,W7133270300
99937b966080,W7147605194
99937b966080,W7148222872
99937b966080,W7149230042
99937b966080,W7161830502
9a001c24a0a7,W1003673137
9a001c24a0a7,W1413467890
9a001c24a0a7,W1520408632
9a001c24a0a7,W1562716603
9a001c24a0a7,W1597290939
9a001c24a0a7,W1608459203
9a001c24a0a7,W1873295129
9a001c24a0a7,W1974959895
9a001c24a0a7,W1977018847
9a001c24a0a7,W2010593926
9a001c24a0a7,W2037262068
9a001c24a0a7,W2044734239
9a001c24a0a7,W2045684951
9a001c24a0a7,W2046132160
9a001c24a0a7,W2068785137
9a001c24a0a7,W2074640480
9a001c24a0a7,W2076177225
9a001c24a0a7,W2089172512
9a001c24a0a7,W2093314819
9a001c24a0a7,W2100102316
9a001c24a0a7,W2141035696
9a001c24a0a7,W2141611005
9a001c24a0a7,W2143114093
9a001c24a0a7,W2152603988
9a001c24a0a7,W2155994536
9a001c24a0a7,W2156916692
9a001c24a0a7,W2158487067
9a001c24a0a7,W2185654741
9a001c24a0a7,W2188700239
9a001c24a0a7,W2208153427
9a001c24a0a7,W2226488155
9a001c24a0a7,W2275631765
9a001c24a0a7,W2283025574
9a001c24a0a7,W2287014945
9a001c24a0a7,W2329155479
9a001c24a0a7,W2497875401
9a001c24a0a7,W2503689761
9a001c24a0a7,W2524709389
9a001c24a0a7,W2530588067
9a001c24a0a7,W2531228488
9a001c24a0a7,W2531288701
9a001c24a0a7,W2594592283
9a001c24a0a7,W2599755491
9a001c24a0a7,W2603487644
9a001c24a0a7,W2604957124
9a001c24a0a7,W2616439587
9a001c24a0a7,W2732458527
9a001c24a0a7,W2734323314
9a001c24a0a7,W2763888032
9a001c24a0a7,W2785084992
9a001c24a0a7,W2942659103
9a001c24a0a7,W2944998877
9a001c24a0a7,W2948991861
9a001c24a0a7,W2970294570
9a001c24a0a7,W2991662784
9a001c24a0a7,W2993834901
9a001c24a0a7,W3000569771
9a001c24a0a7,W3010821641
9a001c24a0a7,W3011885498
9a001c24a0a7,W3012253210
9a001c24a0a7,W3022422502
9a001c24a0a7,W3023029464
9a001c24a0a7,W3094397050
9a001c24a0a7,W3098306480
9a001c24a0a7,W3121104928
9a001c24a0a7,W3146967420
9a001c24a0a7,W3154482186
9a001c24a0a7,W3160654450
9a001c24a0a7,W3164968968
9a001c24a0a7,W3170413519
9a001c24a0a7,W3177327774
9a001c24a0a7,W3194998916
9a001c24a0a7,W3210564278
9a001c24a0a7,W398193812
9a001c24a0a7,W4200360804
9a001c24a0a7,W4200544449
9a001c24a0a7,W4210518642
9a001c24a0a7,W4213037612
9a001c24a0a7,W4214775573
9a001c24a0a7,W4214933202
9a001c24a0a7,W4226504205
9a001c24a0a7,W4232572691
9a001c24a0a7,W4239673355
9a001c24a0a7,W4240972277
9a001c24a0a7,W4251702544
9a001c24a0a7,W4252373665
9a001c24a0a7,W4252585827
9a001c24a0a7,W4281571783
9a001c24a0a7,W4283161508
9a001c24a0a7,W4283660870
9a001c24a0a7,W4285012450
9a001c24a0a7,W4292114209
9a001c24a0a7,W4296046563
9a001c24a0a7,W4304165898
9a001c24a0a7,W4311319835
9a001c24a0a7,W4311696882
9a001c24a0a7,W4311929482
9a001c24a0a7,W4315748600
9a001c24a0a7,W4315817433
9a001c24a0a7,W4315817647
9a001c24a0a7,W4318612730
9a001c24a0a7,W4318701109
9a001c24a0a7,W4318707959
9a001c24a0a7,W4318707963
9a001c24a0a7,W4319013621
9a001c24a0a7,W4320339435
9a001c24a0a7,W4320401150
9a001c24a0a7,W4320401255
9a001c24a0a7,W4320401260
9a001c24a0a7,W4320401265
9a001c24a0a7,W4320404726
9a001c24a0a7,W4368362680
9a001c24a0a7,W4376875053
9a001c24a0a7,W4377823484
9a001c24a0a7,W4378716213
9a001c24a0a7,W4383755531
9a001c24a0a7,W4388496689
9a001c24a0a7,W4388725381
9a001c24a0a7,W4390816734
9a001c24a0a7,W4392596309
9a001c24a0a7,W4393118417
9a001c24a0a7,W4393256695
9a001c24a0a7,W4393337522
9a001c24a0a7,W4400560194
9a001c24a0a7,W4405025263
9a001c24a0a7,W4406298683
9a001c24a0a7,W4406940275
9a001c24a0a7,W4410211594
9a001c24a0a7,W4411731251
9a001c24a0a7,W4412848056
9a001c24a0a7,W4415261284
9a001c24a0a7,W4416766959
9a001c24a0a7,W7130662360
9a001c24a0a7,W7131339417
9a001c24a0a7,W7138943884
9a001c24a0a7,W7140066516
9a001c24a0a7,W7160504384
9a55d9d1a8db,W3008078363
9a55d9d1a8db,W3013507935
9a55d9d1a8db,W3161486778
9a55d9d1a8db,W3164849790
9a55d9d1a8db,W3203992626
9a55d9d1a8db,W3210864841
9a55d9d1a8db,W4239780192
9a55d9d1a8db,W4253887787
9a55d9d1a8db,W4312190288
9a55d9d1a8db,W4387029551
9a55d9d1a8db,W4392414529
9a55d9d1a8db,W4394714357
9a55d9d1a8db,W4394953596
9a55d9d1a8db,W4397292890
9a55d9d1a8db,W4399581076
9a55d9d1a8db,W4402018951
9a55d9d1a8db,W4402441701
9a55d9d1a8db,W4407080476
9a55d9d1a8db,W4409185140
9a55d9d1a8db,W4409479432
9a55d9d1a8db,W4412134464
9a55d9d1a8db,W4412148811
9a55d9d1a8db,W4415416802
9a55d9d1a8db,W4415544866
9a55d9d1a8db,W4416959060
9a55d9d1a8db,W4417129238
9a55d9d1a8db,W7110865733
9a55d9d1a8db,W7111351870
9a55d9d1a8db,W7115892280
9a55d9d1a8db,W7115930697
9a55d9d1a8db,W7123917082
9a55d9d1a8db,W7128781513
9a55d9d1a8db,W7128947342
9a55d9d1a8db,W7129186875
9a55d9d1a8db,W7131228772
9a55d9d1a8db,W7133219654
9a55d9d1a8db,W7133235343
9a55d9d1a8db,W7134266154
9a55d9d1a8db,W7134882569
9a55d9d1a8db,W7135201638
9a55d9d1a8db,W7136862808
9a55d9d1a8db,W7139353982
9a55d9d1a8db,W7150871791
9a55d9d1a8db,W7153957694
9a55d9d1a8db,W7155411438
9a55d9d1a8db,W7155527230
9a55d9d1a8db,W7160673697
9a55d9d1a8db,W7161154904
9a55d9d1a8db,W7161167107
9a55d9d1a8db,W7162471387
9a55d9d1a8db,W7162657887
9a55d9d1a8db,W7162896052
9a55d9d1a8db,W7163212887
9a55d9d1a8db,W7164666366
9a55d9d1a8db,W7164908596
9a55d9d1a8db,W7165728931
9a55d9d1a8db,W7167730267
9a55d9d1a8db,W7167806118
9a55d9d1a8db,W7168057847
9a55d9d1a8db,W7169638810
9a55d9d1a8db,W7169853418
9a55d9d1a8db,W7172014622
9aa6ab2bd09e,W1484582425
9aa6ab2bd09e,W1963485898
9aa6ab2bd09e,W1998913749
9aa6ab2bd09e,W2006433822
9aa6ab2bd09e,W2007773211
9aa6ab2bd09e,W2011062838
9aa6ab2bd09e,W2030296536
9aa6ab2bd09e,W2051395562
9aa6ab2bd09e,W2053657767
9aa6ab2bd09e,W2055718999
9aa6ab2bd09e,W2117649098
9aa6ab2bd09e,W2119019256
9aa6ab2bd09e,W2126062749
9aa6ab2bd09e,W2129138638
9aa6ab2bd09e,W2132407976
9aa6ab2bd09e,W2135501565
9aa6ab2bd09e,W2143642781
9aa6ab2bd09e,W2153000132
9aa6ab2bd09e,W2157904407
9aa6ab2bd09e,W2306563412
9aa6ab2bd09e,W2323647746
9aa6ab2bd09e,W2326792138
9aa6ab2bd09e,W2403799208
9aa6ab2bd09e,W2483532719
9aa6ab2bd09e,W2556748054
9aa6ab2bd09e,W2594071466
9aa6ab2bd09e,W2594396453
9aa6ab2bd09e,W2740760053
9aa6ab2bd09e,W2787517993
9aa6ab2bd09e,W2788376007
9aa6ab2bd09e,W2793931846
9aa6ab2bd09e,W2802216979
9aa6ab2bd09e,W2890089910
9aa6ab2bd09e,W2909277161
9aa6ab2bd09e,W2915358202
9aa6ab2bd09e,W2936257342
9aa6ab2bd09e,W2953761503
9aa6ab2bd09e,W2954202922
9aa6ab2bd09e,W2963487449
9aa6ab2bd09e,W2966937546
9aa6ab2bd09e,W2987738381
9aa6ab2bd09e,W2999388559
9aa6ab2bd09e,W3000986613
9aa6ab2bd09e,W3001473936
9aa6ab2bd09e,W3004101302
9aa6ab2bd09e,W3004742833
9aa6ab2bd09e,W3009021754
9aa6ab2bd09e,W3014713463
9aa6ab2bd09e,W3018225848
9aa6ab2bd09e,W3046349367
9aa6ab2bd09e,W3046930717
9aa6ab2bd09e,W3091859105
9aa6ab2bd09e,W3104524549
9aa6ab2bd09e,W3123359444
9aa6ab2bd09e,W3125511727
9aa6ab2bd09e,W3162856582
9aa6ab2bd09e,W3165461531
9aa6ab2bd09e,W3186440618
9aa6ab2bd09e,W3194110192
9aa6ab2bd09e,W3196682383
9aa6ab2bd09e,W3212413283
9aa6ab2bd09e,W4200224443
9aa6ab2bd09e,W4200626189
9aa6ab2bd09e,W4205790245
9aa6ab2bd09e,W4232711269
9aa6ab2bd09e,W4235245935
9aa6ab2bd09e,W4236785697
9aa6ab2bd09e,W4238899154
9aa6ab2bd09e,W4241961269
9aa6ab2bd09e,W4246567098
9aa6ab2bd09e,W4280494501
9aa6ab2bd09e,W4282942253
9aa6ab2bd09e,W4287092335
9aa6ab2bd09e,W4297530416
9aa6ab2bd09e,W4306939532
9aa6ab2bd09e,W4307380191
9aa6ab2bd09e,W4317804546
9aa6ab2bd09e,W4318256445
9aa6ab2bd09e,W4321096221
9aa6ab2bd09e,W4375850335
9aa6ab2bd09e,W4380482605
9aa6ab2bd09e,W4383878512
9aa6ab2bd09e,W4385837622
9aa6ab2bd09e,W4387010330
9aa6ab2bd09e,W4387790823
9aa6ab2bd09e,W4388140862
9aa6ab2bd09e,W4388431031
9aa6ab2bd09e,W4388768705
9aa6ab2bd09e,W4389215139
9aa6ab2bd09e,W4391813385
9aa6ab2bd09e,W4391827549
9aa6ab2bd09e,W4400443116
9aa6ab2bd09e,W4402725651
9aa6ab2bd09e,W4402780693
9aa6ab2bd09e,W4403012630
9aa6ab2bd09e,W4403075112
9aa6ab2bd09e,W4403920234
9aa6ab2bd09e,W4404685988
9aa6ab2bd09e,W4405079220
9aa6ab2bd09e,W4407222925
9aa6ab2bd09e,W4408628896
9aa6ab2bd09e,W4408679501
9aa6ab2bd09e,W4409703982
9aa6ab2bd09e,W4410032099
9aa6ab2bd09e,W4410055624
9aa6ab2bd09e,W4410093580
9aa6ab2bd09e,W4410169806
9aa6ab2bd09e,W4411507794
9aa6ab2bd09e,W4412753413
9aa6ab2bd09e,W4413076472
9aa6ab2bd09e,W4416814346
9aa6ab2bd09e,W4417206591
9aa6ab2bd09e,W4417208817
9aa6ab2bd09e,W4417474538
9aa6ab2bd09e,W582484496
9aa6ab2bd09e,W7134830008
9aa6ab2bd09e,W7140291290
9aa6ab2bd09e,W7152686082
9aa6ab2bd09e,W7152705351
9aa6ab2bd09e,W7160635341
9aa6ab2bd09e,W7162471387
9aa6ab2bd09e,W7163421729
9aa6ab2bd09e,W7163998950
9aa6ab2bd09e,W7164836099
9aa6ab2bd09e,W7165086764
9aa6ab2bd09e,W7169796021
9ad1c2b4d7f7,W2947940636
9ad1c2b4d7f7,W2969412975
9ad1c2b4d7f7,W2996357764
9ad1c2b4d7f7,W3017119281
9ad1c2b4d7f7,W3183321751
9ad1c2b4d7f7,W3184197010
9ad1c2b4d7f7,W3194375307
9ad1c2b4d7f7,W3195820731
9ad1c2b4d7f7,W4200600962
9ad1c2b4d7f7,W4213275024
9ad1c2b4d7f7,W4311920588
9ad1c2b4d7f7,W4399370173
9ad1c2b4d7f7,W4399726788
9ad1c2b4d7f7,W4400356629
9ad1c2b4d7f7,W4402083416
9ad1c2b4d7f7,W4406905980
9ad1c2b4d7f7,W4407284040
9ad1c2b4d7f7,W4407700432
9ad1c2b4d7f7,W4408788233
9ad1c2b4d7f7,W4408810633
9ad1c2b4d7f7,W4410571655
9ad1c2b4d7f7,W4414478557
9ad1c2b4d7f7,W4415556981
9af9a5ed28c3,W2779444698
9af9a5ed28c3,W2801120724
9af9a5ed28c3,W4213131350
9af9a5ed28c3,W4253503909
9b0110a41410,W2932901354
9b0110a41410,W2950755652
9b0110a41410,W2961530499
9b0110a41410,W3007824088
9b0110a41410,W3042382769
9b0110a41410,W3042790535
9b0110a41410,W3042814012
9b0110a41410,W3104346743
9b0110a41410,W3110183215
9b0110a41410,W3118068484
9b0110a41410,W3118531550
9b0110a41410,W3119439074
9b0110a41410,W3138007500
9b0110a41410,W3157179663
9b0110a41410,W3157210247
9b0110a41410,W3157383862
9b0110a41410,W3158152136
9b0110a41410,W3158165446
9b0110a41410,W3171598968
9b0110a41410,W3176003979
9b0110a41410,W3185344138
9b0110a41410,W3201558084
9b0110a41410,W3215946406
9b0110a41410,W3216809808
9b0110a41410,W4213131350
9b0110a41410,W4232356243
9b0110a41410,W4281729635
9b0110a41410,W4327566964
9b0110a41410,W4378611187
9b0110a41410,W4388940435
9b0110a41410,W4399590584
9b0110a41410,W4406182077
9b0110a41410,W4414614059
9b0110a41410,W7107947878
9b0110a41410,W7107967426
9b0110a41410,W7127275192
9b0110a41410,W7140297377
9b0110a41410,W7141163421
9b0110a41410,W7143271258
9b0110a41410,W7155067923
9b0110a41410,W7163875710
9b0110a41410,W7163884825
9b0110a41410,W7167387045
9b0110a41410,W7167995984
9b0110a41410,W7171938462
9b0110a41410,W7172014622
9b0110a41410,W7172250491
9b0110a41410,W7172260455
9b0a880592a7,W2082388103
9b0a880592a7,W2317265975
9b0a880592a7,W4213131350
9b0a880592a7,W4390582010
9b0a880592a7,W4407136761
9b0a880592a7,W4411931659
9b6bb852cbc1,W2551024902
9b6bb852cbc1,W2611476623
9b6bb852cbc1,W2612959973
9b6bb852cbc1,W2784536226
9b6bb852cbc1,W2784870794
9b6bb852cbc1,W2791071490
9b6bb852cbc1,W2809477670
9b6bb852cbc1,W2892273922
9b6bb852cbc1,W2898250181
9b6bb852cbc1,W2901560786
9b6bb852cbc1,W2965962929
9b6bb852cbc1,W2967051346
9b6bb852cbc1,W2969009464
9b6bb852cbc1,W2972166607
9b6bb852cbc1,W3134016082
9b6bb852cbc1,W3162515149
9b6bb852cbc1,W3162794801
9b6bb852cbc1,W3163630938
9b6bb852cbc1,W3164611374
9b6bb852cbc1,W3200291069
9b6bb852cbc1,W3205043025
9b6bb852cbc1,W3207675906
9b6bb852cbc1,W4231140552
9b6bb852cbc1,W4235227844
9b6bb852cbc1,W4246586504
9b6bb852cbc1,W4246690002
9b6bb852cbc1,W4247145968
9b6bb852cbc1,W4249659073
9b6bb852cbc1,W4288418744
9b6bb852cbc1,W4288418959
9b6bb852cbc1,W4315749301
9b6bb852cbc1,W4321102181
9b6bb852cbc1,W4405645755
9b6bb852cbc1,W4410304047
9b6bb852cbc1,W7115060257
9b6bb852cbc1,W7115060983
9b6bb852cbc1,W7115078462
9b6bb852cbc1,W7115083012
9bfe0650602e,W2602699030
9bfe0650602e,W2883307604
9bfe0650602e,W2913922488
9bfe0650602e,W2920149631
9bfe0650602e,W2928986745
9bfe0650602e,W2936152208
9bfe0650602e,W2954632830
9bfe0650602e,W2963853275
9bfe0650602e,W2986133424
9bfe0650602e,W2998681263
9bfe0650602e,W3009336692
9bfe0650602e,W3016013176
9bfe0650602e,W3016851758
9bfe0650602e,W3036166914
9bfe0650602e,W3043760279
9bfe0650602e,W3091802282
9bfe0650602e,W3126751093
9bfe0650602e,W3128142025
9bfe0650602e,W3128254452
9bfe0650602e,W3130027278
9bfe0650602e,W3154675302
9bfe0650602e,W3188232145
9bfe0650602e,W3199872856
9bfe0650602e,W3211573712
9bfe0650602e,W4223433166
9bfe0650602e,W4283736878
9bfe0650602e,W4285087440
9bfe0650602e,W4288802252
9bfe0650602e,W4292746358
9bfe0650602e,W4296182838
9bfe0650602e,W4296497877
9bfe0650602e,W4296863990
9bfe0650602e,W4297029544
9bfe0650602e,W4297777231
9bfe0650602e,W4309115755
9bfe0650602e,W4312854721
9bfe0650602e,W4313622518
9bfe0650602e,W4361799670
9bfe0650602e,W4377042664
9bfe0650602e,W4384300136
9bfe0650602e,W4386480836
9bfe0650602e,W4386744767
9bfe0650602e,W4387971206
9bfe0650602e,W4391966593
9bfe0650602e,W4392696541
9bfe0650602e,W4394017135
9bfe0650602e,W4402599149
9bfe0650602e,W4410133892
9bfe0650602e,W4413219197
9bfe0650602e,W4413391522
9bfe0650602e,W4416644378
9bfe0650602e,W7154566404
9bfe0650602e,W7167066534
9c18704e0fc2,W4213131350
9c18704e0fc2,W4399755367
9c18704e0fc2,W7129081014
9ca3dfcaebe7,W2507666147
9ca3dfcaebe7,W2524708382
9ca3dfcaebe7,W2548118306
9ca3dfcaebe7,W2586434990
9ca3dfcaebe7,W2600657520
9ca3dfcaebe7,W2728215500
9ca3dfcaebe7,W2728721077
9ca3dfcaebe7,W2761484868
9ca3dfcaebe7,W2762841160
9ca3dfcaebe7,W2771287325
9ca3dfcaebe7,W2772179864
9ca3dfcaebe7,W2773421072
9ca3dfcaebe7,W2785385838
9ca3dfcaebe7,W2797032666
9ca3dfcaebe7,W2801415343
9ca3dfcaebe7,W2802906172
9ca3dfcaebe7,W2803745223
9ca3dfcaebe7,W2808025883
9ca3dfcaebe7,W2888059670
9ca3dfcaebe7,W2888953548
9ca3dfcaebe7,W2889679667
9ca3dfcaebe7,W2900721168
9ca3dfcaebe7,W2901273878
9ca3dfcaebe7,W2901899463
9ca3dfcaebe7,W2902726860
9ca3dfcaebe7,W2904274197
9ca3dfcaebe7,W2905574643
9ca3dfcaebe7,W2907431103
9ca3dfcaebe7,W2910860530
9ca3dfcaebe7,W2911724339
9ca3dfcaebe7,W2912961090
9ca3dfcaebe7,W2936710311
9ca3dfcaebe7,W2944733424
9ca3dfcaebe7,W2945374944
9ca3dfcaebe7,W2946451344
9ca3dfcaebe7,W2969570676
9ca3dfcaebe7,W2992334282
9ca3dfcaebe7,W2996035231
9ca3dfcaebe7,W2999042081
9ca3dfcaebe7,W3003524497
9ca3dfcaebe7,W3003889984
9ca3dfcaebe7,W3005729605
9ca3dfcaebe7,W3008340118
9ca3dfcaebe7,W3011722272
9ca3dfcaebe7,W3015572032
9ca3dfcaebe7,W3022244988
9ca3dfcaebe7,W3022954292
9ca3dfcaebe7,W3028630923
9ca3dfcaebe7,W3035746526
9ca3dfcaebe7,W3040194037
9ca3dfcaebe7,W3047734766
9ca3dfcaebe7,W3080725325
9ca3dfcaebe7,W3085690252
9ca3dfcaebe7,W3089006023
9ca3dfcaebe7,W3094575829
9ca3dfcaebe7,W3104675398
9ca3dfcaebe7,W3108018783
9ca3dfcaebe7,W3109837027
9ca3dfcaebe7,W3111497485
9ca3dfcaebe7,W3118843455
9ca3dfcaebe7,W3122092180
9ca3dfcaebe7,W3131819583
9ca3dfcaebe7,W3132293004
9ca3dfcaebe7,W3134871342
9ca3dfcaebe7,W3135067399
9ca3dfcaebe7,W3135945937
9ca3dfcaebe7,W3144353853
9ca3dfcaebe7,W3149458372
9ca3dfcaebe7,W3152695263
9ca3dfcaebe7,W3152733526
9ca3dfcaebe7,W3157502991
9ca3dfcaebe7,W3157659760
9ca3dfcaebe7,W3159144440
9ca3dfcaebe7,W3162383626
9ca3dfcaebe7,W3175062896
9ca3dfcaebe7,W3177211809
9ca3dfcaebe7,W3181582388
9ca3dfcaebe7,W3185636630
9ca3dfcaebe7,W3186500649
9ca3dfcaebe7,W3186881431
9ca3dfcaebe7,W3196017089
9ca3dfcaebe7,W3199056295
9ca3dfcaebe7,W3205417746
9ca3dfcaebe7,W3205866086
9ca3dfcaebe7,W3213537976
9ca3dfcaebe7,W3214222440
9ca3dfcaebe7,W3215953358
9ca3dfcaebe7,W3216590192
9ca3dfcaebe7,W3216679665
9ca3dfcaebe7,W4200139568
9ca3dfcaebe7,W4210295359
9ca3dfcaebe7,W4220664586
9ca3dfcaebe7,W4220684751
9ca3dfcaebe7,W4225155400
9ca3dfcaebe7,W4225931883
9ca3dfcaebe7,W4226504205
9ca3dfcaebe7,W4229045992
9ca3dfcaebe7,W4229053754
9ca3dfcaebe7,W4229499886
9ca3dfcaebe7,W4229728831
9ca3dfcaebe7,W4232463577
9ca3dfcaebe7,W4232535013
9ca3dfcaebe7,W4235661043
9ca3dfcaebe7,W4238744132
9ca3dfcaebe7,W4238980887
9ca3dfcaebe7,W4240009293
9ca3dfcaebe7,W4246101440
9ca3dfcaebe7,W4251220835
9ca3dfcaebe7,W4281560050
9ca3dfcaebe7,W4283750609
9ca3dfcaebe7,W4289731311
9ca3dfcaebe7,W4294600011
9ca3dfcaebe7,W4297093800
9ca3dfcaebe7,W4300647107
9ca3dfcaebe7,W4307398029
9ca3dfcaebe7,W4309409786
9ca3dfcaebe7,W4309836394
9ca3dfcaebe7,W4312203966
9ca3dfcaebe7,W4313272742
9ca3dfcaebe7,W4313637964
9ca3dfcaebe7,W4313909343
9ca3dfcaebe7,W4315842158
9ca3dfcaebe7,W4319297061
9ca3dfcaebe7,W4361238837
9ca3dfcaebe7,W4366829586
9ca3dfcaebe7,W4376598247
9ca3dfcaebe7,W4376875053
9ca3dfcaebe7,W4380841910
9ca3dfcaebe7,W4385276344
9ca3dfcaebe7,W4386656658
9ca3dfcaebe7,W4387906205
9ca3dfcaebe7,W4388456591
9ca3dfcaebe7,W4388828066
9ca3dfcaebe7,W4389047731
9ca3dfcaebe7,W4389138147
9ca3dfcaebe7,W4390105484
9ca3dfcaebe7,W4391882073
9ca3dfcaebe7,W4391925604
9ca3dfcaebe7,W4394076812
9ca3dfcaebe7,W4394113007
9ca3dfcaebe7,W4394128840
9ca3dfcaebe7,W4394162063
9ca3dfcaebe7,W4394247008
9ca3dfcaebe7,W4394379937
9ca3dfcaebe7,W4394415918
9ca3dfcaebe7,W4394521961
9ca3dfcaebe7,W4396555543
9ca3dfcaebe7,W4399760474
9ca3dfcaebe7,W4400036772
9ca3dfcaebe7,W4400278230
9ca3dfcaebe7,W4401882650
9ca3dfcaebe7,W4402626628
9ca3dfcaebe7,W4402879702
9ca3dfcaebe7,W4403171545
9ca3dfcaebe7,W4404026762
9ca3dfcaebe7,W4404510384
9ca3dfcaebe7,W4404578028
9ca3dfcaebe7,W4405530127
9ca3dfcaebe7,W4406358160
9ca3dfcaebe7,W4406887848
9ca3dfcaebe7,W4407181494
9ca3dfcaebe7,W4408693222
9ca3dfcaebe7,W4408851738
9ca3dfcaebe7,W4409320910
9ca3dfcaebe7,W4411226510
9ca3dfcaebe7,W4411438650
9ca3dfcaebe7,W4411509326
9ca3dfcaebe7,W4411726816
9ca3dfcaebe7,W4412070670
9ca3dfcaebe7,W4412856037
9ca3dfcaebe7,W4413954171
9ca3dfcaebe7,W4414105233
9ca3dfcaebe7,W4416302647
9ca3dfcaebe7,W4416678582
9ca3dfcaebe7,W4417362034
9ca3dfcaebe7,W7140220167
9ca3dfcaebe7,W7160224912
9ca3dfcaebe7,W7160318999
9ca3dfcaebe7,W7163617648
9ca3dfcaebe7,W7165129716
9ca3dfcaebe7,W7165357365
9ca3dfcaebe7,W7165767846
9ca3dfcaebe7,W7165965105
9ca3dfcaebe7,W7167203496
9df496574585,W1512715643
9df496574585,W1519787770
9df496574585,W1534290495
9df496574585,W1564420256
9df496574585,W1588931378
9df496574585,W1808280180
9df496574585,W188140165
9df496574585,W2013290169
9df496574585,W2026160701
9df496574585,W2086545516
9df496574585,W2110251593
9df496574585,W2125164540
9df496574585,W2139361172
9df496574585,W2172096112
9df496574585,W2198844398
9df496574585,W2263542649
9df496574585,W2284085221
9df496574585,W2299619056
9df496574585,W2319969567
9df496574585,W2411117887
9df496574585,W2460705159
9df496574585,W2532272329
9df496574585,W2567400135
9df496574585,W2591295947
9df496574585,W2591547663
9df496574585,W2599028300
9df496574585,W2902106489
9df496574585,W2907800472
9df496574585,W2907980837
9df496574585,W2942662647
9df496574585,W3003267609
9df496574585,W3021933707
9df496574585,W3121353126
9df496574585,W3121800921
9df496574585,W3122288995
9df496574585,W3122447307
9df496574585,W3122533082
9df496574585,W3122618650
9df496574585,W3122661529
9df496574585,W3122838312
9df496574585,W3123220922
9df496574585,W3123286913
9df496574585,W3123804410
9df496574585,W3123816946
9df496574585,W3123822262
9df496574585,W3124148904
9df496574585,W3125887903
9df496574585,W3207263711
9df496574585,W4380482853
9df496574585,W4391910505
9df496574585,W4403982336
9df496574585,W4417129238
9df496574585,W567681613
9df496574585,W7133308889
9df496574585,W7133352246
9df496574585,W7166196889
9f339d89e6dc,W2999869728
9f339d89e6dc,W3022655122
9f339d89e6dc,W3048570217
9f339d89e6dc,W3084577190
9f339d89e6dc,W3127740886
9f339d89e6dc,W3137197706
9f339d89e6dc,W3160407494
9f339d89e6dc,W3200968954
9f339d89e6dc,W3213404919
9f339d89e6dc,W3214948926
9f339d89e6dc,W4200102892
9f339d89e6dc,W4200448424
9f339d89e6dc,W4200622796
9f339d89e6dc,W4205307708
9f339d89e6dc,W4220847102
9f339d89e6dc,W4225154610
9f339d89e6dc,W4225155571
9f339d89e6dc,W4226154896
9f339d89e6dc,W4240584366
9f339d89e6dc,W4250782804
9f339d89e6dc,W4252237481
9f339d89e6dc,W4254511545
9f339d89e6dc,W4281940174
9f339d89e6dc,W4283170520
9f339d89e6dc,W4286809465
9f339d89e6dc,W4289885592
9f339d89e6dc,W4293153022
9f339d89e6dc,W4313681564
9f339d89e6dc,W4316193713
9f339d89e6dc,W4320733994
9f339d89e6dc,W4324088954
9f339d89e6dc,W4385741673
9f339d89e6dc,W4385781348
9f339d89e6dc,W4386545394
9f339d89e6dc,W4387344354
9f339d89e6dc,W4388180275
9f339d89e6dc,W4388499870
9f339d89e6dc,W4388505922
9f339d89e6dc,W4389508446
9f339d89e6dc,W4389508512
9f339d89e6dc,W4393040003
9f339d89e6dc,W4393040095
9f339d89e6dc,W4396581916
9f339d89e6dc,W4396661217
9f339d89e6dc,W4396832343
9f339d89e6dc,W4399167669
9f339d89e6dc,W4399262310
9f339d89e6dc,W4400589506
9f339d89e6dc,W4402844017
9f339d89e6dc,W4403284841
9f339d89e6dc,W4404687258
9f339d89e6dc,W4406641088
9f339d89e6dc,W4406930040
9f339d89e6dc,W4406930094
9f339d89e6dc,W4407511785
9f339d89e6dc,W4408044044
9f339d89e6dc,W4408215738
9f339d89e6dc,W4408259672
9f339d89e6dc,W4408319395
9f339d89e6dc,W4408376669
9f339d89e6dc,W4408812936
9f339d89e6dc,W4408836564
9f339d89e6dc,W4408837878
9f339d89e6dc,W4408853216
9f339d89e6dc,W4409419885
9f339d89e6dc,W4409420403
9f339d89e6dc,W4410093638
9f339d89e6dc,W4413499875
9f339d89e6dc,W4413736042
9f339d89e6dc,W4413865625
9f339d89e6dc,W4416012960
9f339d89e6dc,W4416222853
9f339d89e6dc,W7125603617
9f339d89e6dc,W7125715188
9f339d89e6dc,W7134875343
9f339d89e6dc,W7135091979
9f339d89e6dc,W7135835056
9f339d89e6dc,W7140723465
9f339d89e6dc,W7153986429
9f339d89e6dc,W7154681340
9f339d89e6dc,W7162697370
9f339d89e6dc,W7164811088
9f339d89e6dc,W7164834425
9f339d89e6dc,W7164850837
9f339d89e6dc,W7164852602
9f339d89e6dc,W7165370565
9f339d89e6dc,W7167186836
9f4b2646014a,W1987628471
9f4b2646014a,W2049909590
9f4b2646014a,W2056187228
9f4b2646014a,W2345275605
9f4b2646014a,W2518285764
9f4b2646014a,W2590175443
9f4b2646014a,W2618750711
9f4b2646014a,W2765497229
9f4b2646014a,W2781342396
9f4b2646014a,W2793936145
9f4b2646014a,W2972732899
9f4b2646014a,W2981987451
9f4b2646014a,W2989778780
9f4b2646014a,W3003585144
9f4b2646014a,W3027379093
9f4b2646014a,W3046253145
9f4b2646014a,W3083212469
9f4b2646014a,W3092560706
9f4b2646014a,W3095038176
9f4b2646014a,W3098641962
9f4b2646014a,W3165091843
9f4b2646014a,W3165655525
9f4b2646014a,W3190034502
9f4b2646014a,W3195297409
9f4b2646014a,W4221095679
9f4b2646014a,W4224085379
9f4b2646014a,W4234530541
9f4b2646014a,W4248966796
9f4b2646014a,W4291570866
9f4b2646014a,W4323265936
9f4b2646014a,W4324017968
9f4b2646014a,W4386572942
9f4b2646014a,W4388850018
9f4b2646014a,W4389725207
9f4b2646014a,W4394009843
9f4b2646014a,W4394714357
9f4b2646014a,W4396925529
9f4b2646014a,W4399637661
9f4b2646014a,W4399650462
9f4b2646014a,W4400907090
9f4b2646014a,W4401817308
9f4b2646014a,W4402441701
9f4b2646014a,W4407554844
9f4b2646014a,W4407876637
9f4b2646014a,W4407953561
9f4b2646014a,W4407961081
9f4b2646014a,W4409185140
9f4b2646014a,W4410447287
9f4b2646014a,W4411071272
9f4b2646014a,W4415147297
9f4b2646014a,W4415768232
9f4b2646014a,W4416928936
9f4b2646014a,W7160649586
9f77016b3616,W1041727275
9f77016b3616,W11607544
9f77016b3616,W1499389583
9f77016b3616,W150715997
9f77016b3616,W1543998739
9f77016b3616,W1559876535
9f77016b3616,W1747725520
9f77016b3616,W1831698812
9f77016b3616,W1898152212
9f77016b3616,W1969839975
9f77016b3616,W1970283682
9f77016b3616,W1978023213
9f77016b3616,W1978481164
9f77016b3616,W1979723239
9f77016b3616,W1986945600
9f77016b3616,W1990650958
9f77016b3616,W1994423211
9f77016b3616,W1997594289
9f77016b3616,W2000879866
9f77016b3616,W2003962923
9f77016b3616,W2004534639
9f77016b3616,W2006486194
9f77016b3616,W2010349599
9f77016b3616,W2019219017
9f77016b3616,W2022878307
9f77016b3616,W2025675433
9f77016b3616,W2026023548
9f77016b3616,W2026175408
9f77016b3616,W2029499386
9f77016b3616,W2030772174
9f77016b3616,W2034624666
9f77016b3616,W2040510060
9f77016b3616,W2040700044
9f77016b3616,W2043714053
9f77016b3616,W2054734396
9f77016b3616,W2058867123
9f77016b3616,W2071704086
9f77016b3616,W2074022247
9f77016b3616,W2089674586
9f77016b3616,W2094856245
9f77016b3616,W2121160202
9f77016b3616,W2122384877
9f77016b3616,W2128947494
9f77016b3616,W2147184167
9f77016b3616,W2151475537
9f77016b3616,W2166702983
9f77016b3616,W2168745533
9f77016b3616,W2173477330
9f77016b3616,W2203954551
9f77016b3616,W2234739997
9f77016b3616,W2289500311
9f77016b3616,W2321105912
9f77016b3616,W2323022529
9f77016b3616,W2332482690
9f77016b3616,W2334167372
9f77016b3616,W2345544330
9f77016b3616,W2369995550
9f77016b3616,W2397905426
9f77016b3616,W2400530828
9f77016b3616,W2414570236
9f77016b3616,W2484318540
9f77016b3616,W2515376820
9f77016b3616,W2518959914
9f77016b3616,W2521015761
9f77016b3616,W2530024985
9f77016b3616,W2560510134
9f77016b3616,W2565167245
9f77016b3616,W2588749731
9f77016b3616,W2593183893
9f77016b3616,W2597900002
9f77016b3616,W2741028843
9f77016b3616,W2751704366
9f77016b3616,W2751903965
9f77016b3616,W2753653089
9f77016b3616,W2755230278
9f77016b3616,W2755255691
9f77016b3616,W2758437958
9f77016b3616,W2765260814
9f77016b3616,W2770766519
9f77016b3616,W2771592581
9f77016b3616,W2775375695
9f77016b3616,W2783714652
9f77016b3616,W2783916169
9f77016b3616,W2784752634
9f77016b3616,W2784834763
9f77016b3616,W2791230048
9f77016b3616,W2796525775
9f77016b3616,W2805143084
9f77016b3616,W2807366228
9f77016b3616,W2809400954
9f77016b3616,W2891318485
9f77016b3616,W2892626196
9f77016b3616,W2893529500
9f77016b3616,W2905944996
9f77016b3616,W2906132478
9f77016b3616,W2906665342
9f77016b3616,W2907879219
9f77016b3616,W2929117688
9f77016b3616,W2936684883
9f77016b3616,W2938000351
9f77016b3616,W2951074565
9f77016b3616,W2962139217
9f77016b3616,W2962794617
9f77016b3616,W2963325342
9f77016b3616,W2963402425
9f77016b3616,W2963748153
9f77016b3616,W2965172603
9f77016b3616,W2969677944
9f77016b3616,W2971998145
9f77016b3616,W2980115941
9f77016b3616,W2988244508
9f77016b3616,W2994795658
9f77016b3616,W2995028665
9f77016b3616,W3005522941
9f77016b3616,W3007092394
9f77016b3616,W3007777851
9f77016b3616,W3009964370
9f77016b3616,W3011915213
9f77016b3616,W3013458391
9f77016b3616,W3013549853
9f77016b3616,W3013882931
9f77016b3616,W3014077886
9f77016b3616,W3021596337
9f77016b3616,W3024408939
9f77016b3616,W3028100766
9f77016b3616,W3039545132
9f77016b3616,W3040875168
9f77016b3616,W3044129417
9f77016b3616,W3068053209
9f77016b3616,W3083567904
9f77016b3616,W3089392452
9f77016b3616,W3092872384
9f77016b3616,W3094130551
9f77016b3616,W3095562577
9f77016b3616,W3095978496
9f77016b3616,W3104044732
9f77016b3616,W3107792019
9f77016b3616,W3109627915
9f77016b3616,W3114410975
9f77016b3616,W3115842964
9f77016b3616,W3119963299
9f77016b3616,W3121640147
9f77016b3616,W3122578752
9f77016b3616,W3127847951
9f77016b3616,W3130667157
9f77016b3616,W3133658688
9f77016b3616,W3134094251
9f77016b3616,W3134305617
9f77016b3616,W3158136365
9f77016b3616,W3160088219
9f77016b3616,W3160238387
9f77016b3616,W3161534659
9f77016b3616,W3161883349
9f77016b3616,W3163041597
9f77016b3616,W3163507213
9f77016b3616,W3163757452
9f77016b3616,W3163897614
9f77016b3616,W3168501232
9f77016b3616,W3171662409
9f77016b3616,W3172215502
9f77016b3616,W3172392762
9f77016b3616,W3176493797
9f77016b3616,W3181093751
9f77016b3616,W3187630655
9f77016b3616,W3195094761
9f77016b3616,W3203412515
9f77016b3616,W3208397276
9f77016b3616,W3208570733
9f77016b3616,W3209215423
9f77016b3616,W3215037162
9f77016b3616,W4205720571
9f77016b3616,W4205821495
9f77016b3616,W4206075948
9f77016b3616,W4206138099
9f77016b3616,W4206198473
9f77016b3616,W4206352178
9f77016b3616,W4206433670
9f77016b3616,W4213131350
9f77016b3616,W4214493416
9f77016b3616,W4214576405
9f77016b3616,W4220777686
9f77016b3616,W4221065436
9f77016b3616,W4223586455
9f77016b3616,W4223932454
9f77016b3616,W4224315195
9f77016b3616,W4225690429
9f77016b3616,W4226342675
9f77016b3616,W4230399891
9f77016b3616,W4233834882
9f77016b3616,W4234120193
9f77016b3616,W4235341709
9f77016b3616,W4237297017
9f77016b3616,W4237498510
9f77016b3616,W4254319003
9f77016b3616,W4280496977
9f77016b3616,W4281684275
9f77016b3616,W4281969040
9f77016b3616,W4283206600
9f77016b3616,W4283276364
9f77016b3616,W4283809149
9f77016b3616,W4285008158
9f77016b3616,W4285152779
9f77016b3616,W4285665865
9f77016b3616,W4286247879
9f77016b3616,W4293105734
9f77016b3616,W4294740753
9f77016b3616,W4297223429
9f77016b3616,W4306888927
9f77016b3616,W4307125971
9f77016b3616,W4307475647
9f77016b3616,W4313544955
9f77016b3616,W4313621144
9f77016b3616,W4319657189
9f77016b3616,W4320038879
9f77016b3616,W4321107832
9f77016b3616,W4321367844
9f77016b3616,W4321499497
9f77016b3616,W4322726691
9f77016b3616,W4323772420
9f77016b3616,W4364361713
9f77016b3616,W4367322153
9f77016b3616,W4376127614
9f77016b3616,W4376140864
9f77016b3616,W4377822632
9f77016b3616,W4378676334
9f77016b3616,W4380291831
9f77016b3616,W4383335486
9f77016b3616,W4383335526
9f77016b3616,W4383335547
9f77016b3616,W4383335557
9f77016b3616,W4383335602
9f77016b3616,W4383335747
9f77016b3616,W4383336085
9f77016b3616,W4385238954
9f77016b3616,W4385240232
9f77016b3616,W4385494856
9f77016b3616,W4385741255
9f77016b3616,W4387023560
9f77016b3616,W4387023891
9f77016b3616,W4387377351
9f77016b3616,W4387439352
9f77016b3616,W4389670743
9f77016b3616,W4390047050
9f77016b3616,W4390794700
9f77016b3616,W4390909233
9f77016b3616,W4391294113
9f77016b3616,W4391320504
9f77016b3616,W4391548211
9f77016b3616,W4393263872
9f77016b3616,W4393484546
9f77016b3616,W4394130318
9f77016b3616,W4394154834
9f77016b3616,W4394184320
9f77016b3616,W4394234794
9f77016b3616,W4394374556
9f77016b3616,W4394415880
9f77016b3616,W4394424248
9f77016b3616,W4394434442
9f77016b3616,W4394472755
9f77016b3616,W4394507753
9f77016b3616,W4394525992
9f77016b3616,W4394534423
9f77016b3616,W4394538028
9f77016b3616,W4394539448
9f77016b3616,W4399659640
9f77016b3616,W4400027453
9f77016b3616,W4400027519
9f77016b3616,W4400027571
9f77016b3616,W4400027989
9f77016b3616,W4400035341
9f77016b3616,W4400737411
9f77016b3616,W4401910351
9f77016b3616,W4402471185
9f77016b3616,W4402771907
9f77016b3616,W4403303889
9f77016b3616,W4403601140
9f77016b3616,W4403945617
9f77016b3616,W4404359528
9f77016b3616,W4404455930
9f77016b3616,W4404579416
9f77016b3616,W4405199442
9f77016b3616,W4405696234
9f77016b3616,W4405910032
9f77016b3616,W4406215833
9f77016b3616,W4406679068
9f77016b3616,W4406931649
9f77016b3616,W4406936181
9f77016b3616,W4407113851
9f77016b3616,W4407172969
9f77016b3616,W4407743983
9f77016b3616,W4407827181
9f77016b3616,W4408260381
9f77016b3616,W4408688463
9f77016b3616,W4408700535
9f77016b3616,W4408700580
9f77016b3616,W4408818997
9f77016b3616,W4408855098
9f77016b3616,W4410003322
9f77016b3616,W4410759946
9f77016b3616,W4411881942
9f77016b3616,W4412168995
9f77016b3616,W4412169146
9f77016b3616,W4412169430
9f77016b3616,W4412169545
9f77016b3616,W4412169688
9f77016b3616,W4412768918
9f77016b3616,W4413002763
9f77016b3616,W4413393887
9f77016b3616,W4414341611
9f77016b3616,W4414478557
9f77016b3616,W4415149087
9f77016b3616,W4415699531
9f77016b3616,W4416654323
9f77016b3616,W4416889388
9f77016b3616,W4417307630
9f77016b3616,W4417307654
9f77016b3616,W604392818
9f77016b3616,W7167475187
a0317b8a38c9,W1535272280
a0317b8a38c9,W1537636234
a0317b8a38c9,W1900850713
a0317b8a38c9,W1917460112
a0317b8a38c9,W1967210434
a0317b8a38c9,W1999434387
a0317b8a38c9,W2010544845
a0317b8a38c9,W2012224024
a0317b8a38c9,W2017558192
a0317b8a38c9,W2036086298
a0317b8a38c9,W2050913583
a0317b8a38c9,W2077148952
a0317b8a38c9,W2082972569
a0317b8a38c9,W2095241852
a0317b8a38c9,W2098469032
a0317b8a38c9,W2115010377
a0317b8a38c9,W2118588421
a0317b8a38c9,W2125196593
a0317b8a38c9,W2135560386
a0317b8a38c9,W2140684514
a0317b8a38c9,W2156782064
a0317b8a38c9,W2159571045
a0317b8a38c9,W2166822922
a0317b8a38c9,W2186652840
a0317b8a38c9,W2266178945
a0317b8a38c9,W2287449494
a0317b8a38c9,W2296906543
a0317b8a38c9,W2409832221
a0317b8a38c9,W2528484196
a0317b8a38c9,W2529103612
a0317b8a38c9,W2530416039
a0317b8a38c9,W2531477340
a0317b8a38c9,W2565781896
a0317b8a38c9,W2582721760
a0317b8a38c9,W2593372779
a0317b8a38c9,W2607246545
a0317b8a38c9,W2746943128
a0317b8a38c9,W2757518896
a0317b8a38c9,W2767449007
a0317b8a38c9,W2779464377
a0317b8a38c9,W2783496155
a0317b8a38c9,W2784322420
a0317b8a38c9,W2792295514
a0317b8a38c9,W2792587057
a0317b8a38c9,W2793142788
a0317b8a38c9,W2890559011
a0317b8a38c9,W2898674506
a0317b8a38c9,W2906109115
a0317b8a38c9,W2936144335
a0317b8a38c9,W2939898561
a0317b8a38c9,W2945363509
a0317b8a38c9,W2954954460
a0317b8a38c9,W2964457292
a0317b8a38c9,W2967450535
a0317b8a38c9,W2969889076
a0317b8a38c9,W2973059055
a0317b8a38c9,W2976775372
a0317b8a38c9,W2987415522
a0317b8a38c9,W2997235175
a0317b8a38c9,W3011263581
a0317b8a38c9,W3012781653
a0317b8a38c9,W3026917185
a0317b8a38c9,W3031197701
a0317b8a38c9,W3043207685
a0317b8a38c9,W3043609983
a0317b8a38c9,W3081072569
a0317b8a38c9,W3081374330
a0317b8a38c9,W3099351319
a0317b8a38c9,W3100828003
a0317b8a38c9,W3106764713
a0317b8a38c9,W3107064054
a0317b8a38c9,W3107618780
a0317b8a38c9,W3108489391
a0317b8a38c9,W3130252623
a0317b8a38c9,W3137402195
a0317b8a38c9,W3140753617
a0317b8a38c9,W3147181611
a0317b8a38c9,W3152194451
a0317b8a38c9,W3158015415
a0317b8a38c9,W3158427984
a0317b8a38c9,W3165205935
a0317b8a38c9,W3165985650
a0317b8a38c9,W3169648480
a0317b8a38c9,W3178004501
a0317b8a38c9,W3186632412
a0317b8a38c9,W3190955770
a0317b8a38c9,W3204084905
a0317b8a38c9,W3205586760
a0317b8a38c9,W3207158199
a0317b8a38c9,W3207918205
a0317b8a38c9,W3208066266
a0317b8a38c9,W3209514789
a0317b8a38c9,W3213995789
a0317b8a38c9,W3215148250
a0317b8a38c9,W3215470900
a0317b8a38c9,W4200332297
a0317b8a38c9,W4200347927
a0317b8a38c9,W4206904935
a0317b8a38c9,W4206955039
a0317b8a38c9,W4210864195
a0317b8a38c9,W4212833904
a0317b8a38c9,W4213378691
a0317b8a38c9,W4220664170
a0317b8a38c9,W4220969339
a0317b8a38c9,W4226139468
a0317b8a38c9,W4232295115
a0317b8a38c9,W4233156570
a0317b8a38c9,W4237059730
a0317b8a38c9,W4237615542
a0317b8a38c9,W4237928991
a0317b8a38c9,W4239356002
a0317b8a38c9,W4240797589
a0317b8a38c9,W4242337584
a0317b8a38c9,W4244258972
a0317b8a38c9,W4244888402
a0317b8a38c9,W4247031597
a0317b8a38c9,W4247819754
a0317b8a38c9,W4255750622
a0317b8a38c9,W4280556974
a0317b8a38c9,W4281753067
a0317b8a38c9,W4281816782
a0317b8a38c9,W4283156711
a0317b8a38c9,W4283157176
a0317b8a38c9,W4283163220
a0317b8a38c9,W4283164165
a0317b8a38c9,W4283164685
a0317b8a38c9,W4283164848
a0317b8a38c9,W4283164968
a0317b8a38c9,W4283166172
a0317b8a38c9,W4283166820
a0317b8a38c9,W4283167341
a0317b8a38c9,W4283167477
a0317b8a38c9,W4283169555
a0317b8a38c9,W4283170326
a0317b8a38c9,W4283171051
a0317b8a38c9,W4288050471
a0317b8a38c9,W4289101053
a0317b8a38c9,W4290189377
a0317b8a38c9,W4291214187
a0317b8a38c9,W4296250752
a0317b8a38c9,W4297789878
a0317b8a38c9,W4297840788
a0317b8a38c9,W4306412476
a0317b8a38c9,W4309349466
a0317b8a38c9,W4310099930
a0317b8a38c9,W4311156252
a0317b8a38c9,W4311437808
a0317b8a38c9,W4312157002
a0317b8a38c9,W4312208779
a0317b8a38c9,W4312211511
a0317b8a38c9,W4313001068
a0317b8a38c9,W4313048724
a0317b8a38c9,W4313646737
a0317b8a38c9,W4313702436
a0317b8a38c9,W4313705072
a0317b8a38c9,W4317795304
a0317b8a38c9,W4319323401
a0317b8a38c9,W4361285273
a0317b8a38c9,W4362520612
a0317b8a38c9,W4362520831
a0317b8a38c9,W4362523552
a0317b8a38c9,W4364376634
a0317b8a38c9,W4366827835
a0317b8a38c9,W4367314218
a0317b8a38c9,W4376254733
a0317b8a38c9,W4377292677
a0317b8a38c9,W4379386855
a0317b8a38c9,W4379509267
a0317b8a38c9,W4379780890
a0317b8a38c9,W4379802012
a0317b8a38c9,W4379803236
a0317b8a38c9,W4386173295
a0317b8a38c9,W4387006853
a0317b8a38c9,W4387299000
a0317b8a38c9,W4387311149
a0317b8a38c9,W4387311169
a0317b8a38c9,W4387521774
a0317b8a38c9,W4387895731
a0317b8a38c9,W4387972710
a0317b8a38c9,W4388132054
a0317b8a38c9,W4388967787
a0317b8a38c9,W4389166591
a0317b8a38c9,W4389363943
a0317b8a38c9,W4389610381
a0317b8a38c9,W4389937846
a0317b8a38c9,W4390231299
a0317b8a38c9,W4390674654
a0317b8a38c9,W4390732362
a0317b8a38c9,W4390917087
a0317b8a38c9,W4391058337
a0317b8a38c9,W4391058359
a0317b8a38c9,W4391105927
a0317b8a38c9,W4391232546
a0317b8a38c9,W4391247191
a0317b8a38c9,W4391260908
a0317b8a38c9,W4391352282
a0317b8a38c9,W4391770025
a0317b8a38c9,W4392111735
a0317b8a38c9,W4392204191
a0317b8a38c9,W4392204854
a0317b8a38c9,W4392252647
a0317b8a38c9,W4392751282
a0317b8a38c9,W4392820507
a0317b8a38c9,W4393468886
a0317b8a38c9,W4393504365
a0317b8a38c9,W4393536853
a0317b8a38c9,W4393625597
a0317b8a38c9,W4393777522
a0317b8a38c9,W4393875738
a0317b8a38c9,W4393881137
a0317b8a38c9,W4393881800
a0317b8a38c9,W4394152374
a0317b8a38c9,W4394157878
a0317b8a38c9,W4394214512
a0317b8a38c9,W4394220758
a0317b8a38c9,W4394222559
a0317b8a38c9,W4394266094
a0317b8a38c9,W4394275129
a0317b8a38c9,W4394340474
a0317b8a38c9,W4394431005
a0317b8a38c9,W4394487249
a0317b8a38c9,W4394546723
a0317b8a38c9,W4394728249
a0317b8a38c9,W4394869543
a0317b8a38c9,W4394973680
a0317b8a38c9,W4395097737
a0317b8a38c9,W4395456249
a0317b8a38c9,W4396929077
a0317b8a38c9,W4396985397
a0317b8a38c9,W4398764101
a0317b8a38c9,W4399038247
a0317b8a38c9,W4399163181
a0317b8a38c9,W4399607078
a0317b8a38c9,W4400166514
a0317b8a38c9,W4400459525
a0317b8a38c9,W4400483420
a0317b8a38c9,W4400513259
a0317b8a38c9,W4400557131
a0317b8a38c9,W4400676643
a0317b8a38c9,W4400865879
a0317b8a38c9,W4400913915
a0317b8a38c9,W4401105099
a0317b8a38c9,W4401119223
a0317b8a38c9,W4401124329
a0317b8a38c9,W4402025794
a0317b8a38c9,W4402030993
a0317b8a38c9,W4402099505
a0317b8a38c9,W4402186878
a0317b8a38c9,W4402349364
a0317b8a38c9,W4402418961
a0317b8a38c9,W4402594924
a0317b8a38c9,W4402703890
a0317b8a38c9,W4403047690
a0317b8a38c9,W4403057458
a0317b8a38c9,W4403057790
a0317b8a38c9,W4403403138
a0317b8a38c9,W4403414071
a0317b8a38c9,W4403414276
a0317b8a38c9,W4403414345
a0317b8a38c9,W4403887864
a0317b8a38c9,W4404171615
a0317b8a38c9,W4404604926
a0317b8a38c9,W4405110062
a0317b8a38c9,W4405318649
a0317b8a38c9,W4405318721
a0317b8a38c9,W4405643022
a0317b8a38c9,W4406309992
a0317b8a38c9,W4406934579
a0317b8a38c9,W4406963656
a0317b8a38c9,W4407090633
a0317b8a38c9,W4407093825
a0317b8a38c9,W4407186206
a0317b8a38c9,W4407194079
a0317b8a38c9,W4407313546
a0317b8a38c9,W4407364835
a0317b8a38c9,W4407364895
a0317b8a38c9,W4407398333
a0317b8a38c9,W4407398687
a0317b8a38c9,W4407408773
a0317b8a38c9,W4407409505
a0317b8a38c9,W4408173758
a0317b8a38c9,W4408388690
a0317b8a38c9,W4408508430
a0317b8a38c9,W4408597118
a0317b8a38c9,W4408636096
a0317b8a38c9,W4408674941
a0317b8a38c9,W4408789872
a0317b8a38c9,W4408931252
a0317b8a38c9,W4409413502
a0317b8a38c9,W4410033600
a0317b8a38c9,W4410108942
a0317b8a38c9,W4410529887
a0317b8a38c9,W4410952054
a0317b8a38c9,W4410983167
a0317b8a38c9,W4411020296
a0317b8a38c9,W4411334865
a0317b8a38c9,W4412560011
a0317b8a38c9,W4412712875
a0317b8a38c9,W4412861356
a0317b8a38c9,W4412979870
a0317b8a38c9,W4413223920
a0317b8a38c9,W4413296690
a0317b8a38c9,W4413370462
a0317b8a38c9,W4413380076
a0317b8a38c9,W4413468404
a0317b8a38c9,W4413988591
a0317b8a38c9,W4414241261
a0317b8a38c9,W4414246624
a0317b8a38c9,W4414249622
a0317b8a38c9,W4414358161
a0317b8a38c9,W4414721057
a0317b8a38c9,W4414721697
a0317b8a38c9,W4414725229
a0317b8a38c9,W4414725601
a0317b8a38c9,W4414762807
a0317b8a38c9,W4414892304
a0317b8a38c9,W4414949245
a0317b8a38c9,W4415164363
a0317b8a38c9,W4415189973
a0317b8a38c9,W4415190018
a0317b8a38c9,W4415597691
a0317b8a38c9,W4415926581
a0317b8a38c9,W4415953642
a0317b8a38c9,W4416793398
a0317b8a38c9,W4416817592
a0317b8a38c9,W4417199109
a0317b8a38c9,W4417200681
a0317b8a38c9,W4417207684
a0317b8a38c9,W4417207686
a0317b8a38c9,W7105831034
a0317b8a38c9,W7115706323
a0317b8a38c9,W7119532349
a0317b8a38c9,W7128804525
a0317b8a38c9,W7128806555
a0317b8a38c9,W7128819987
a0317b8a38c9,W7130598405
a0317b8a38c9,W7133194890
a0317b8a38c9,W7134935874
a0317b8a38c9,W7135215460
a0317b8a38c9,W7136216097
a0317b8a38c9,W7136970532
a0317b8a38c9,W7137231470
a0317b8a38c9,W7151384880
a0317b8a38c9,W7152394370
a0317b8a38c9,W7160389561
a0317b8a38c9,W7160943107
a0317b8a38c9,W7161108887
a0317b8a38c9,W7161179754
a0317b8a38c9,W7161219453
a0317b8a38c9,W7161242590
a0317b8a38c9,W7162112359
a0317b8a38c9,W7162129021
a0317b8a38c9,W7162401735
a0317b8a38c9,W7162469964
a0317b8a38c9,W7162511189
a0317b8a38c9,W7162697370
a0317b8a38c9,W7162767507
a0317b8a38c9,W7165012540
a0317b8a38c9,W7165053230
a0317b8a38c9,W7165370565
a0317b8a38c9,W7165738368
a0317b8a38c9,W7165874419
a0317b8a38c9,W7165895250
a0317b8a38c9,W7166549634
a0317b8a38c9,W7166648077
a0317b8a38c9,W7167091860
a0317b8a38c9,W7167268044
a0317b8a38c9,W7171873093
a0317b8a38c9,W7196954809
a0317b8a38c9,W7196977996
a17d804fa128,W3037290887
a17d804fa128,W3048680002
a17d804fa128,W3090598090
a17d804fa128,W3092872384
a17d804fa128,W3127847951
a17d804fa128,W3162574918
a17d804fa128,W3165570328
a17d804fa128,W3166784967
a17d804fa128,W3187887310
a17d804fa128,W4206960461
a17d804fa128,W4233172266
a17d804fa128,W4293070040
a17d804fa128,W4311354136
a17d804fa128,W4368369994
a17d804fa128,W4380574728
a17d804fa128,W4386601536
a17d804fa128,W4386611944
a17d804fa128,W4389558405
a17d804fa128,W4390197599
a17d804fa128,W4391097544
a17d804fa128,W4401321766
a17d804fa128,W4405003268
a17d804fa128,W4405003353
a17d804fa128,W4409957933
a17d804fa128,W7167387961
a1a94dcdb5ca,W1667713429
a1a94dcdb5ca,W1968282657
a1a94dcdb5ca,W1974328274
a1a94dcdb5ca,W2056769916
a1a94dcdb5ca,W206605889
a1a94dcdb5ca,W2171218691
a1a94dcdb5ca,W2278594121
a1a94dcdb5ca,W2343913290
a1a94dcdb5ca,W2776025063
a1a94dcdb5ca,W2777524903
a1a94dcdb5ca,W2779265671
a1a94dcdb5ca,W2781752935
a1a94dcdb5ca,W2791997984
a1a94dcdb5ca,W2887309235
a1a94dcdb5ca,W2944630581
a1a94dcdb5ca,W2947486254
a1a94dcdb5ca,W2948571281
a1a94dcdb5ca,W2966398795
a1a94dcdb5ca,W2983826961
a1a94dcdb5ca,W2983916046
a1a94dcdb5ca,W2991263013
a1a94dcdb5ca,W2992329011
a1a94dcdb5ca,W3012753352
a1a94dcdb5ca,W3041931393
a1a94dcdb5ca,W3056910815
a1a94dcdb5ca,W3082228504
a1a94dcdb5ca,W3105651344
a1a94dcdb5ca,W3127848832
a1a94dcdb5ca,W3163378874
a1a94dcdb5ca,W3164162744
a1a94dcdb5ca,W3172392762
a1a94dcdb5ca,W3187630655
a1a94dcdb5ca,W3211792070
a1a94dcdb5ca,W4200600962
a1a94dcdb5ca,W4213119139
a1a94dcdb5ca,W4237498510
a1a94dcdb5ca,W4238001764
a1a94dcdb5ca,W4241517288
a1a94dcdb5ca,W4242305734
a1a94dcdb5ca,W4281684275
a1a94dcdb5ca,W4281846416
a1a94dcdb5ca,W4286430024
a1a94dcdb5ca,W4293105734
a1a94dcdb5ca,W4295038591
a1a94dcdb5ca,W4295995570
a1a94dcdb5ca,W4297223429
a1a94dcdb5ca,W4298310760
a1a94dcdb5ca,W4300182405
a1a94dcdb5ca,W4300755014
a1a94dcdb5ca,W4319041732
a1a94dcdb5ca,W4319731056
a1a94dcdb5ca,W4320038879
a1a94dcdb5ca,W4386000168
a1a94dcdb5ca,W4386021071
a1a94dcdb5ca,W4391294113
a1a94dcdb5ca,W4391548211
a1a94dcdb5ca,W4399370173
a1a94dcdb5ca,W4402147872
a1a94dcdb5ca,W4402147873
a1a94dcdb5ca,W4402147875
a1a94dcdb5ca,W4403063848
a1a94dcdb5ca,W4403256419
a1a94dcdb5ca,W4403521744
a1a94dcdb5ca,W4403521748
a1a94dcdb5ca,W4403818143
a1a94dcdb5ca,W4403945617
a1a94dcdb5ca,W4404161301
a1a94dcdb5ca,W4404168165
a1a94dcdb5ca,W4404226105
a1a94dcdb5ca,W4406348232
a1a94dcdb5ca,W4406631277
a1a94dcdb5ca,W4406905980
a1a94dcdb5ca,W4406931649
a1a94dcdb5ca,W4407196455
a1a94dcdb5ca,W4407272768
a1a94dcdb5ca,W4407700432
a1a94dcdb5ca,W4408323395
a1a94dcdb5ca,W4408737230
a1a94dcdb5ca,W4408788233
a1a94dcdb5ca,W4408810633
a1a94dcdb5ca,W4410198150
a1a94dcdb5ca,W4412768918
a1a94dcdb5ca,W4413237083
a1a94dcdb5ca,W4413349553
a1a94dcdb5ca,W4414241261
a1a94dcdb5ca,W4414478557
a1a94dcdb5ca,W4415011325
a1a94dcdb5ca,W4415109280
a1a94dcdb5ca,W4415404765
a1a94dcdb5ca,W4415966840
a1a94dcdb5ca,W4416268060
a1a94dcdb5ca,W4417015059
a1a94dcdb5ca,W4417409950
a1a94dcdb5ca,W7104612238
a1a94dcdb5ca,W7106032026
a1a94dcdb5ca,W7124153717
a1a94dcdb5ca,W7147107937
a1a94dcdb5ca,W7147157032
a1a94dcdb5ca,W7147605194
a1a94dcdb5ca,W7148222872
a1a94dcdb5ca,W7167474560
a1a94dcdb5ca,W7171785378
a1a94dcdb5ca,W7172394276
a1a94dcdb5ca,W7172411858
a1a94dcdb5ca,W7201867958
a264cc41472a,W124502119
a264cc41472a,W1484522266
a264cc41472a,W1487259338
a264cc41472a,W1495763088
a264cc41472a,W1556110913
a264cc41472a,W1767470961
a264cc41472a,W179646708
a264cc41472a,W1900783275
a264cc41472a,W1941783251
a264cc41472a,W1945068953
a264cc41472a,W1950313197
a264cc41472a,W1965382793
a264cc41472a,W1967104770
a264cc41472a,W1969295811
a264cc41472a,W1969749986
a264cc41472a,W1971757187
a264cc41472a,W1973843787
a264cc41472a,W1975174817
a264cc41472a,W1978903596
a264cc41472a,W1985797369
a264cc41472a,W1990578438
a264cc41472a,W1993896318
a264cc41472a,W1995067449
a264cc41472a,W2002663045
a264cc41472a,W2005510749
a264cc41472a,W2005842014
a264cc41472a,W2006994343
a264cc41472a,W2012188291
a264cc41472a,W2014014500
a264cc41472a,W2023985409
a264cc41472a,W2026628019
a264cc41472a,W2029901712
a264cc41472a,W2030770980
a264cc41472a,W2031734678
a264cc41472a,W2035627250
a264cc41472a,W2035829737
a264cc41472a,W2035999477
a264cc41472a,W2036335035
a264cc41472a,W2044583237
a264cc41472a,W2046902928
a264cc41472a,W2047208004
a264cc41472a,W2053326745
a264cc41472a,W2059543797
a264cc41472a,W2060152457
a264cc41472a,W2061479713
a264cc41472a,W2066255970
a264cc41472a,W2067418500
a264cc41472a,W2072504900
a264cc41472a,W2072946787
a264cc41472a,W2074817539
a264cc41472a,W2075414463
a264cc41472a,W2075532150
a264cc41472a,W2076879021
a264cc41472a,W2081306771
a264cc41472a,W2082585114
a264cc41472a,W2082734370
a264cc41472a,W2083119666
a264cc41472a,W2086729980
a264cc41472a,W2088102624
a264cc41472a,W2088840132
a264cc41472a,W2090617812
a264cc41472a,W2091110771
a264cc41472a,W2092146741
a264cc41472a,W2092375644
a264cc41472a,W2094312839
a264cc41472a,W2095725023
a264cc41472a,W2095981185
a264cc41472a,W2096227567
a264cc41472a,W2096910467
a264cc41472a,W2102225743
a264cc41472a,W2103436495
a264cc41472a,W2105824687
a264cc41472a,W2108193005
a264cc41472a,W2109058335
a264cc41472a,W2111276187
a264cc41472a,W2111847644
a264cc41472a,W2112985640
a264cc41472a,W2113085067
a264cc41472a,W2113788769
a264cc41472a,W2116279325
a264cc41472a,W2116808802
a264cc41472a,W2118012588
a264cc41472a,W2119432837
a264cc41472a,W2125169166
a264cc41472a,W2125603510
a264cc41472a,W2126539575
a264cc41472a,W2126632863
a264cc41472a,W2126718333
a264cc41472a,W2126924803
a264cc41472a,W2128246772
a264cc41472a,W2132320854
a264cc41472a,W2133395812
a264cc41472a,W2134672891
a264cc41472a,W2135763112
a264cc41472a,W2136528623
a264cc41472a,W2137147259
a264cc41472a,W2139598698
a264cc41472a,W2140612461
a264cc41472a,W2142020941
a264cc41472a,W2142148275
a264cc41472a,W2145409614
a264cc41472a,W2146533140
a264cc41472a,W2146547436
a264cc41472a,W2146629826
a264cc41472a,W2147816918
a264cc41472a,W2148717178
a264cc41472a,W2149403824
a264cc41472a,W2150833190
a264cc41472a,W2154203526
a264cc41472a,W2166226752
a264cc41472a,W2169212991
a264cc41472a,W2202148421
a264cc41472a,W2223065421
a264cc41472a,W2238645357
a264cc41472a,W2243823157
a264cc41472a,W2244726980
a264cc41472a,W2280455168
a264cc41472a,W2284082552
a264cc41472a,W2287288242
a264cc41472a,W2291698658
a264cc41472a,W2308634414
a264cc41472a,W2313759460
a264cc41472a,W2315531456
a264cc41472a,W2321785553
a264cc41472a,W2322647307
a264cc41472a,W2329257539
a264cc41472a,W2330456086
a264cc41472a,W2335036046
a264cc41472a,W2344828577
a264cc41472a,W2347945263
a264cc41472a,W23636130
a264cc41472a,W2390706404
a264cc41472a,W2402372859
a264cc41472a,W2463568293
a264cc41472a,W2470443285
a264cc41472a,W2476907122
a264cc41472a,W2490247932
a264cc41472a,W2499055853
a264cc41472a,W2520456228
a264cc41472a,W2529238435
a264cc41472a,W2547836180
a264cc41472a,W2565747109
a264cc41472a,W2567385642
a264cc41472a,W2570760970
a264cc41472a,W2575291744
a264cc41472a,W2575775275
a264cc41472a,W2584445283
a264cc41472a,W2586132147
a264cc41472a,W2598961202
a264cc41472a,W2612514603
a264cc41472a,W2619255114
a264cc41472a,W2736848882
a264cc41472a,W2739029225
a264cc41472a,W2746204208
a264cc41472a,W2747667166
a264cc41472a,W2749154051
a264cc41472a,W2756221989
a264cc41472a,W2762364541
a264cc41472a,W2771562717
a264cc41472a,W2775923435
a264cc41472a,W2775986752
a264cc41472a,W2776053114
a264cc41472a,W2776240922
a264cc41472a,W2776366851
a264cc41472a,W2776375371
a264cc41472a,W2776409477
a264cc41472a,W2776412443
a264cc41472a,W2776536627
a264cc41472a,W2776784459
a264cc41472a,W2776834965
a264cc41472a,W2776868100
a264cc41472a,W2776961836
a264cc41472a,W2777107367
a264cc41472a,W2777111330
a264cc41472a,W2777256506
a264cc41472a,W2777262746
a264cc41472a,W2777264267
a264cc41472a,W2777269267
a264cc41472a,W2777344936
a264cc41472a,W2777366312
a264cc41472a,W2777447656
a264cc41472a,W2777477694
a264cc41472a,W2777531485
a264cc41472a,W2777553047
a264cc41472a,W2777565748
a264cc41472a,W2777594722
a264cc41472a,W2777601434
a264cc41472a,W2777625748
a264cc41472a,W2777776296
a264cc41472a,W2777793208
a264cc41472a,W2777833493
a264cc41472a,W2777843799
a264cc41472a,W2777864707
a264cc41472a,W2777883985
a264cc41472a,W2777885830
a264cc41472a,W2778093318
a264cc41472a,W2778194333
a264cc41472a,W2778319275
a264cc41472a,W2778352553
a264cc41472a,W2778416466
a264cc41472a,W2778559577
a264cc41472a,W2778820330
a264cc41472a,W2779100362
a264cc41472a,W2779114882
a264cc41472a,W2779276784
a264cc41472a,W2779372970
a264cc41472a,W2779438965
a264cc41472a,W2779539709
a264cc41472a,W2779567337
a264cc41472a,W2779605296
a264cc41472a,W2779615540
a264cc41472a,W2779617440
a264cc41472a,W2779672689
a264cc41472a,W2779688183
a264cc41472a,W2779703753
a264cc41472a,W2779725147
a264cc41472a,W2779745737
a264cc41472a,W2779812635
a264cc41472a,W2779852565
a264cc41472a,W2779903462
a264cc41472a,W2779939791
a264cc41472a,W2779952793
a264cc41472a,W2779953302
a264cc41472a,W2779953906
a264cc41472a,W2779974987
a264cc41472a,W2780114646
a264cc41472a,W2780194092
a264cc41472a,W2780489181
a264cc41472a,W2780545619
a264cc41472a,W2780682007
a264cc41472a,W2781078315
a264cc41472a,W2781247022
a264cc41472a,W2781297264
a264cc41472a,W2781428146
a264cc41472a,W2781433633
a264cc41472a,W2781527810
a264cc41472a,W2781531193
a264cc41472a,W2781558518
a264cc41472a,W2781660561
a264cc41472a,W2781678308
a264cc41472a,W2781699363
a264cc41472a,W2781703629
a264cc41472a,W2781723193
a264cc41472a,W2781853751
a264cc41472a,W2781939691
a264cc41472a,W2781978301
a264cc41472a,W2782111747
a264cc41472a,W2782229583
a264cc41472a,W2782244231
a264cc41472a,W2782276391
a264cc41472a,W2782360247
a264cc41472a,W2782387529
a264cc41472a,W2782535441
a264cc41472a,W2782662352
a264cc41472a,W2782707220
a264cc41472a,W2782898225
a264cc41472a,W2782902711
a264cc41472a,W2782909475
a264cc41472a,W2782928736
a264cc41472a,W2782968137
a264cc41472a,W2783048037
a264cc41472a,W2783054545
a264cc41472a,W2783155036
a264cc41472a,W2783187996
a264cc41472a,W2783242775
a264cc41472a,W2783301703
a264cc41472a,W2783388888
a264cc41472a,W2783388995
a264cc41472a,W2783458887
a264cc41472a,W2783516193
a264cc41472a,W2783522919
a264cc41472a,W2783538372
a264cc41472a,W2783550590
a264cc41472a,W2783588803
a264cc41472a,W2783677600
a264cc41472a,W2783702815
a264cc41472a,W2783712397
a264cc41472a,W2783714112
a264cc41472a,W2783735848
a264cc41472a,W2783807051
a264cc41472a,W2783841906
a264cc41472a,W2783912526
a264cc41472a,W2783951258
a264cc41472a,W2783965983
a264cc41472a,W2783978973
a264cc41472a,W2784180105
a264cc41472a,W2784196095
a264cc41472a,W2784294225
a264cc41472a,W2784300928
a264cc41472a,W2784364277
a264cc41472a,W2784370151
a264cc41472a,W2784446871
a264cc41472a,W2784588326
a264cc41472a,W2784589344
a264cc41472a,W2784673359
a264cc41472a,W2784692571
a264cc41472a,W2784712566
a264cc41472a,W2784783931
a264cc41472a,W2784790192
a264cc41472a,W2784949575
a264cc41472a,W2784992133
a264cc41472a,W2785011760
a264cc41472a,W2785028286
a264cc41472a,W2785040417
a264cc41472a,W2785131612
a264cc41472a,W2785192853
a264cc41472a,W2785510602
a264cc41472a,W2785530144
a264cc41472a,W2785582611
a264cc41472a,W2785624333
a264cc41472a,W2785691077
a264cc41472a,W2785845862
a264cc41472a,W2786115525
a264cc41472a,W2786842009
a264cc41472a,W2786947836
a264cc41472a,W2787658958
a264cc41472a,W2788058613
a264cc41472a,W2788385896
a264cc41472a,W2788401512
a264cc41472a,W2789206793
a264cc41472a,W2789264030
a264cc41472a,W2790049166
a264cc41472a,W2790188606
a264cc41472a,W2790254110
a264cc41472a,W2791390284
a264cc41472a,W2791469608
a264cc41472a,W2791637438
a264cc41472a,W2792571267
a264cc41472a,W2792603337
a264cc41472a,W2793365990
a264cc41472a,W2793555250
a264cc41472a,W2793696510
a264cc41472a,W2794883368
a264cc41472a,W2794896326
a264cc41472a,W2795041464
a264cc41472a,W2795297188
a264cc41472a,W2796030432
a264cc41472a,W2797602295
a264cc41472a,W2797933332
a264cc41472a,W2799438024
a264cc41472a,W2801494949
a264cc41472a,W2801739294
a264cc41472a,W2803270775
a264cc41472a,W2803713686
a264cc41472a,W2803790127
a264cc41472a,W2804339972
a264cc41472a,W2805110561
a264cc41472a,W2805136432
a264cc41472a,W2805198157
a264cc41472a,W2805283518
a264cc41472a,W2805403022
a264cc41472a,W2805457761
a264cc41472a,W2805575592
a264cc41472a,W2805806857
a264cc41472a,W2805841783
a264cc41472a,W2805994169
a264cc41472a,W2806038616
a264cc41472a,W2806234233
a264cc41472a,W2806279436
a264cc41472a,W2806445336
a264cc41472a,W2807087460
a264cc41472a,W2807799959
a264cc41472a,W2808024195
a264cc41472a,W2808070577
a264cc41472a,W2808082607
a264cc41472a,W2808268883
a264cc41472a,W2808427955
a264cc41472a,W2808437690
a264cc41472a,W2808596014
a264cc41472a,W2808748198
a264cc41472a,W2809586864
a264cc41472a,W2809659288
a264cc41472a,W2809678315
a264cc41472a,W2836930532
a264cc41472a,W2884319169
a264cc41472a,W2885270212
a264cc41472a,W2886059161
a264cc41472a,W2886512263
a264cc41472a,W2887270224
a264cc41472a,W2887389763
a264cc41472a,W2888618745
a264cc41472a,W2888823134
a264cc41472a,W2889698774
a264cc41472a,W2890461102
a264cc41472a,W2890570888
a264cc41472a,W2890763908
a264cc41472a,W2891207466
a264cc41472a,W2891655388
a264cc41472a,W2892307441
a264cc41472a,W2897494084
a264cc41472a,W2897893253
a264cc41472a,W2898161671
a264cc41472a,W2899856539
a264cc41472a,W2901712280
a264cc41472a,W2901926545
a264cc41472a,W2902047869
a264cc41472a,W2902176864
a264cc41472a,W2903236802
a264cc41472a,W2903582592
a264cc41472a,W2905571052
a264cc41472a,W2906405410
a264cc41472a,W2906473188
a264cc41472a,W2906699825
a264cc41472a,W2907710420
a264cc41472a,W2909959465
a264cc41472a,W2911661347
a264cc41472a,W2912399738
a264cc41472a,W2913758621
a264cc41472a,W2913966627
a264cc41472a,W2913999807
a264cc41472a,W2914216642
a264cc41472a,W2914383672
a264cc41472a,W2914561963
a264cc41472a,W2914871571
a264cc41472a,W2916239441
a264cc41472a,W2917179206
a264cc41472a,W2918133597
a264cc41472a,W2918318772
a264cc41472a,W2925738519
a264cc41472a,W2935069460
a264cc41472a,W2936257342
a264cc41472a,W2942507721
a264cc41472a,W2942740451
a264cc41472a,W2944874905
a264cc41472a,W2946347556
a264cc41472a,W2949033096
a264cc41472a,W2949225283
a264cc41472a,W2949423309
a264cc41472a,W2949880389
a264cc41472a,W2950607040
a264cc41472a,W2950939146
a264cc41472a,W2951667644
a264cc41472a,W2951951156
a264cc41472a,W2951976417
a264cc41472a,W2952254753
a264cc41472a,W2952287076
a264cc41472a,W2952384246
a264cc41472a,W2952965728
a264cc41472a,W2953776362
a264cc41472a,W2953918375
a264cc41472a,W2954217383
a264cc41472a,W2954565499
a264cc41472a,W2955123433
a264cc41472a,W2955359718
a264cc41472a,W2955542800
a264cc41472a,W2956762355
a264cc41472a,W2957828666
a264cc41472a,W2960056478
a264cc41472a,W2964392471
a264cc41472a,W2964598595
a264cc41472a,W2965113859
a264cc41472a,W2966440223
a264cc41472a,W2966928800
a264cc41472a,W2966943026
a264cc41472a,W2966986477
a264cc41472a,W2967245248
a264cc41472a,W2967652156
a264cc41472a,W2967663670
a264cc41472a,W2967819325
a264cc41472a,W2967819512
a264cc41472a,W2967831449
a264cc41472a,W2967967548
a264cc41472a,W2968123851
a264cc41472a,W2968150900
a264cc41472a,W2968352909
a264cc41472a,W2968431414
a264cc41472a,W2968448449
a264cc41472a,W2968522829
a264cc41472a,W2968642188
a264cc41472a,W2968650104
a264cc41472a,W2968972589
a264cc41472a,W2969115513
a264cc41472a,W2969395249
a264cc41472a,W2969914371
a264cc41472a,W2969951151
a264cc41472a,W2973262836
a264cc41472a,W2979992014
a264cc41472a,W2982990862
a264cc41472a,W2983990672
a264cc41472a,W2991118702
a264cc41472a,W2994637561
a264cc41472a,W2996246353
a264cc41472a,W2996771565
a264cc41472a,W2996806546
a264cc41472a,W2997242841
a264cc41472a,W2997495465
a264cc41472a,W2997580355
a264cc41472a,W2997979247
a264cc41472a,W2999262642
a264cc41472a,W299992653
a264cc41472a,W3000621955
a264cc41472a,W3003141864
a264cc41472a,W3006485561
a264cc41472a,W3012335402
a264cc41472a,W3013926312
a264cc41472a,W3014529724
a264cc41472a,W3016226056
a264cc41472a,W3017241266
a264cc41472a,W3017380040
a264cc41472a,W3022157893
a264cc41472a,W3026130018
a264cc41472a,W3028648191
a264cc41472a,W3029930773
a264cc41472a,W3030972944
a264cc41472a,W3036482883
a264cc41472a,W3037757426
a264cc41472a,W3037952558
a264cc41472a,W3040856036
a264cc41472a,W3041485406
a264cc41472a,W3042295810
a264cc41472a,W3042768282
a264cc41472a,W3043866520
a264cc41472a,W3043977862
a264cc41472a,W3044185424
a264cc41472a,W3045056576
a264cc41472a,W3046344064
a264cc41472a,W3046413818
a264cc41472a,W3047034964
a264cc41472a,W3047382597
a264cc41472a,W3047506160
a264cc41472a,W3047921028
a264cc41472a,W3048728355
a264cc41472a,W3081488539
a264cc41472a,W3081687860
a264cc41472a,W3081914069
a264cc41472a,W3082407253
a264cc41472a,W3083772414
a264cc41472a,W3084972390
a264cc41472a,W3086974737
a264cc41472a,W3090714224
a264cc41472a,W3091863051
a264cc41472a,W3093321267
a264cc41472a,W3095793224
a264cc41472a,W3096600229
a264cc41472a,W3097351899
a264cc41472a,W3097880317
a264cc41472a,W3097931901
a264cc41472a,W3106778067
a264cc41472a,W3107384546
a264cc41472a,W3107416354
a264cc41472a,W3110881333
a264cc41472a,W3122101003
a264cc41472a,W3122306322
a264cc41472a,W3122721818
a264cc41472a,W3123043431
a264cc41472a,W3123266470
a264cc41472a,W3123568424
a264cc41472a,W3123837195
a264cc41472a,W3123874019
a264cc41472a,W3124333825
a264cc41472a,W3124463108
a264cc41472a,W3124472860
a264cc41472a,W3124574375
a264cc41472a,W3124598427
a264cc41472a,W3124758648
a264cc41472a,W3125027805
a264cc41472a,W3125246655
a264cc41472a,W3125519286
a264cc41472a,W3125798046
a264cc41472a,W3134171730
a264cc41472a,W3137443845
a264cc41472a,W314518750
a264cc41472a,W3149249614
a264cc41472a,W3151724980
a264cc41472a,W3161588210
a264cc41472a,W3162798413
a264cc41472a,W3170447327
a264cc41472a,W3174962313
a264cc41472a,W3174993952
a264cc41472a,W3178645932
a264cc41472a,W3190416783
a264cc41472a,W3194033476
a264cc41472a,W3210069975
a264cc41472a,W3213684554
a264cc41472a,W3216869777
a264cc41472a,W3217004573
a264cc41472a,W400260400
a264cc41472a,W4200021434
a264cc41472a,W4200099901
a264cc41472a,W4200247206
a264cc41472a,W4205211149
a264cc41472a,W4205624045
a264cc41472a,W4206008352
a264cc41472a,W4206609628
a264cc41472a,W4211014154
a264cc41472a,W4211125142
a264cc41472a,W4213216470
a264cc41472a,W4214662435
a264cc41472a,W4225656869
a264cc41472a,W4225666409
a264cc41472a,W4226251881
a264cc41472a,W4229595896
a264cc41472a,W4229694211
a264cc41472a,W4229850581
a264cc41472a,W4230151761
a264cc41472a,W4230748207
a264cc41472a,W4231714630
a264cc41472a,W4231952484
a264cc41472a,W4232262107
a264cc41472a,W4232872584
a264cc41472a,W4233259023
a264cc41472a,W4233339953
a264cc41472a,W4233596468
a264cc41472a,W4233621436
a264cc41472a,W4233653489
a264cc41472a,W4233671229
a264cc41472a,W4234292332
a264cc41472a,W4234322815
a264cc41472a,W4234417288
a264cc41472a,W4234517134
a264cc41472a,W4234540756
a264cc41472a,W4234701809
a264cc41472a,W4234831675
a264cc41472a,W4234833375
a264cc41472a,W4235048817
a264cc41472a,W4235764873
a264cc41472a,W4235791242
a264cc41472a,W4236452934
a264cc41472a,W4236458593
a264cc41472a,W4236460723
a264cc41472a,W4236752618
a264cc41472a,W4236876023
a264cc41472a,W4238438873
a264cc41472a,W4239099146
a264cc41472a,W4239394590
a264cc41472a,W4239476639
a264cc41472a,W4239513977
a264cc41472a,W4239780370
a264cc41472a,W4239858942
a264cc41472a,W4240669564
a264cc41472a,W4240872119
a264cc41472a,W4240885804
a264cc41472a,W4241321136
a264cc41472a,W4241474786
a264cc41472a,W4241491372
a264cc41472a,W4241492819
a264cc41472a,W4241716651
a264cc41472a,W4241720152
a264cc41472a,W4241827458
a264cc41472a,W4241892534
a264cc41472a,W4241961269
a264cc41472a,W4241994256
a264cc41472a,W4242186887
a264cc41472a,W4242502054
a264cc41472a,W4242528045
a264cc41472a,W4242535251
a264cc41472a,W4243231269
a264cc41472a,W4243253775
a264cc41472a,W4243370114
a264cc41472a,W4243623620
a264cc41472a,W4243643633
a264cc41472a,W4243827475
a264cc41472a,W4244044403
a264cc41472a,W4244165982
a264cc41472a,W4244265027
a264cc41472a,W4244315486
a264cc41472a,W4244428276
a264cc41472a,W4244883675
a264cc41472a,W4244910138
a264cc41472a,W4245063085
a264cc41472a,W4245294005
a264cc41472a,W4245368312
a264cc41472a,W4245491313
a264cc41472a,W4245748347
a264cc41472a,W4245853515
a264cc41472a,W4246270365
a264cc41472a,W4246465685
a264cc41472a,W4246558675
a264cc41472a,W4246846328
a264cc41472a,W4247114675
a264cc41472a,W4247543035
a264cc41472a,W4247661090
a264cc41472a,W4247752353
a264cc41472a,W4247805219
a264cc41472a,W4247951582
a264cc41472a,W4248151905
a264cc41472a,W4248708428
a264cc41472a,W4249201463
a264cc41472a,W4249291120
a264cc41472a,W4249716627
a264cc41472a,W4249716669
a264cc41472a,W4249835243
a264cc41472a,W4249945749
a264cc41472a,W4250111075
a264cc41472a,W4251369016
a264cc41472a,W4251387359
a264cc41472a,W4251392836
a264cc41472a,W4251635793
a264cc41472a,W4251730608
a264cc41472a,W4251931208
a264cc41472a,W4252100731
a264cc41472a,W4252616896
a264cc41472a,W4252978063
a264cc41472a,W4252992051
a264cc41472a,W4253118303
a264cc41472a,W4253418570
a264cc41472a,W4253447517
a264cc41472a,W4253626098
a264cc41472a,W4253700253
a264cc41472a,W4253728087
a264cc41472a,W4254032901
a264cc41472a,W4254048528
a264cc41472a,W4254214244
a264cc41472a,W4254996830
a264cc41472a,W4255021104
a264cc41472a,W4255191952
a264cc41472a,W4255403835
a264cc41472a,W4255467697
a264cc41472a,W4255820220
a264cc41472a,W4255999867
a264cc41472a,W4256012625
a264cc41472a,W4256695965
a264cc41472a,W4281489745
a264cc41472a,W4286383390
a264cc41472a,W4288574320
a264cc41472a,W4293683035
a264cc41472a,W4293776443
a264cc41472a,W4293776464
a264cc41472a,W4293776776
a264cc41472a,W4293802544
a264cc41472a,W4302805728
a264cc41472a,W4312015079
a264cc41472a,W4316083826
a264cc41472a,W4321102181
a264cc41472a,W4387058103
a264cc41472a,W4388523091
a264cc41472a,W4388768448
a264cc41472a,W4394180868
a264cc41472a,W4396670802
a264cc41472a,W4398272754
a264cc41472a,W4398279077
a264cc41472a,W4398285293
a264cc41472a,W4398287532
a264cc41472a,W4398305898
a264cc41472a,W4398310876
a264cc41472a,W4398314509
a264cc41472a,W4398315049
a264cc41472a,W4398338504
a264cc41472a,W4398342703
a264cc41472a,W4398346807
a264cc41472a,W4398347909
a264cc41472a,W4398351791
a264cc41472a,W4398358335
a264cc41472a,W4398382655
a264cc41472a,W4398386330
a264cc41472a,W4398393797
a264cc41472a,W4398398473
a264cc41472a,W4398401385
a264cc41472a,W4398403346
a264cc41472a,W4398408074
a264cc41472a,W4398412829
a264cc41472a,W4398423879
a264cc41472a,W4398430158
a264cc41472a,W4398431496
a264cc41472a,W4398444506
a264cc41472a,W4398449199
a264cc41472a,W4398453881
a264cc41472a,W4398459366
a264cc41472a,W4398470578
a264cc41472a,W4398482803
a264cc41472a,W4398492298
a264cc41472a,W4398509199
a264cc41472a,W4398510262
a264cc41472a,W4398519027
a264cc41472a,W4398528606
a264cc41472a,W4398528945
a264cc41472a,W4398529691
a264cc41472a,W4398536366
a264cc41472a,W4398537445
a264cc41472a,W4398554125
a264cc41472a,W4398568988
a264cc41472a,W4398569785
a264cc41472a,W4398576475
a264cc41472a,W4398577782
a264cc41472a,W4398582816
a264cc41472a,W4398584865
a264cc41472a,W4398596606
a264cc41472a,W4398598430
a264cc41472a,W4398603986
a264cc41472a,W4398611697
a264cc41472a,W4398620311
a264cc41472a,W4398626651
a264cc41472a,W4398629405
a264cc41472a,W4398651960
a264cc41472a,W4398658748
a264cc41472a,W4398670190
a264cc41472a,W4398671655
a264cc41472a,W4398673277
a264cc41472a,W4398674456
a264cc41472a,W4398679884
a264cc41472a,W4398697071
a264cc41472a,W4398711496
a264cc41472a,W4398728264
a264cc41472a,W4398731832
a264cc41472a,W4398732796
a264cc41472a,W4398734498
a264cc41472a,W4398743050
a264cc41472a,W4398798864
a264cc41472a,W4398802225
a264cc41472a,W4398812087
a264cc41472a,W4398812462
a264cc41472a,W4398813756
a264cc41472a,W4398817521
a264cc41472a,W4398817627
a264cc41472a,W4398819929
a264cc41472a,W4398821235
a264cc41472a,W4398821795
a264cc41472a,W4398826887
a264cc41472a,W4398832076
a264cc41472a,W4398833310
a264cc41472a,W4398834716
a264cc41472a,W4398835024
a264cc41472a,W4398835038
a264cc41472a,W4398836092
a264cc41472a,W4398842301
a264cc41472a,W4398843708
a264cc41472a,W4398846224
a264cc41472a,W4398847023
a264cc41472a,W4398847376
a264cc41472a,W4398856634
a264cc41472a,W4398857574
a264cc41472a,W4398867286
a264cc41472a,W4398867675
a264cc41472a,W4398867714
a264cc41472a,W4398872500
a264cc41472a,W4398876293
a264cc41472a,W4398876904
a264cc41472a,W4398877139
a264cc41472a,W4398882096
a264cc41472a,W4398882276
a264cc41472a,W4398885358
a264cc41472a,W4398889215
a264cc41472a,W4398889490
a264cc41472a,W4398891248
a264cc41472a,W4398893112
a264cc41472a,W4398893435
a264cc41472a,W4398894460
a264cc41472a,W4398894676
a264cc41472a,W4398894717
a264cc41472a,W4398894741
a264cc41472a,W4398895373
a264cc41472a,W4398903157
a264cc41472a,W4398904960
a264cc41472a,W4398905947
a264cc41472a,W4398908314
a264cc41472a,W4398916086
a264cc41472a,W4398918560
a264cc41472a,W4398921513
a264cc41472a,W4398923198
a264cc41472a,W4398923781
a264cc41472a,W4398925007
a264cc41472a,W4398926609
a264cc41472a,W4398937039
a264cc41472a,W4398938792
a264cc41472a,W4398940782
a264cc41472a,W4398942996
a264cc41472a,W4398944189
a264cc41472a,W4398946897
a264cc41472a,W4398948286
a264cc41472a,W4398950756
a264cc41472a,W4398950943
a264cc41472a,W4398950962
a264cc41472a,W4398952494
a264cc41472a,W4398963763
a264cc41472a,W4398964960
a264cc41472a,W4398967782
a264cc41472a,W4398968603
a264cc41472a,W4398969697
a264cc41472a,W4398973644
a264cc41472a,W4398994619
a264cc41472a,W4399000045
a264cc41472a,W4399001242
a264cc41472a,W4399004648
a264cc41472a,W4399015385
a264cc41472a,W4399018423
a264cc41472a,W4400024134
a264cc41472a,W4400200363
a264cc41472a,W4401700890
a264cc41472a,W4402508074
a264cc41472a,W4402594924
a264cc41472a,W4402758940
a264cc41472a,W4404501470
a264cc41472a,W4404689519
a264cc41472a,W4405645755
a264cc41472a,W4405703337
a264cc41472a,W4407090633
a264cc41472a,W4407393904
a264cc41472a,W4408357862
a264cc41472a,W4409655990
a264cc41472a,W4409656103
a264cc41472a,W4409656241
a264cc41472a,W4409656331
a264cc41472a,W4409656390
a264cc41472a,W4409656545
a264cc41472a,W4409656751
a264cc41472a,W4409668410
a264cc41472a,W4409672059
a264cc41472a,W4409672433
a264cc41472a,W4409673302
a264cc41472a,W4409673384
a264cc41472a,W4409673392
a264cc41472a,W4409675020
a264cc41472a,W4409677294
a264cc41472a,W4409677297
a264cc41472a,W4412837311
a264cc41472a,W4416463849
a264cc41472a,W4416463951
a264cc41472a,W4416507940
a264cc41472a,W4416928836
a264cc41472a,W595021544
a264cc41472a,W601779589
a264cc41472a,W7130432490
a2de32682ed5,W134575015
a2de32682ed5,W1495680387
a2de32682ed5,W1512428385
a2de32682ed5,W1531136949
a2de32682ed5,W153422749
a2de32682ed5,W1548058282
a2de32682ed5,W1568725243
a2de32682ed5,W1589455247
a2de32682ed5,W159414680
a2de32682ed5,W1702006586
a2de32682ed5,W1755938039
a2de32682ed5,W180584522
a2de32682ed5,W1939278833
a2de32682ed5,W2109913748
a2de32682ed5,W2148404354
a2de32682ed5,W2166814616
a2de32682ed5,W2210529964
a2de32682ed5,W2275175970
a2de32682ed5,W2294773653
a2de32682ed5,W2471117963
a2de32682ed5,W2508013384
a2de32682ed5,W2565893871
a2de32682ed5,W2776829454
a2de32682ed5,W2782845136
a2de32682ed5,W2784547979
a2de32682ed5,W2792027301
a2de32682ed5,W2883646653
a2de32682ed5,W2888227371
a2de32682ed5,W2890686333
a2de32682ed5,W2897868325
a2de32682ed5,W2902069833
a2de32682ed5,W2911557769
a2de32682ed5,W2915407524
a2de32682ed5,W2922054154
a2de32682ed5,W2928512779
a2de32682ed5,W2943731024
a2de32682ed5,W2948932066
a2de32682ed5,W2948991861
a2de32682ed5,W2955312101
a2de32682ed5,W2964970419
a2de32682ed5,W2967918737
a2de32682ed5,W2977277954
a2de32682ed5,W2977370630
a2de32682ed5,W2977507245
a2de32682ed5,W2977650359
a2de32682ed5,W2977693369
a2de32682ed5,W2977715029
a2de32682ed5,W2977849912
a2de32682ed5,W2977899289
a2de32682ed5,W2978094101
a2de32682ed5,W2978096912
a2de32682ed5,W2978133079
a2de32682ed5,W2978146310
a2de32682ed5,W2978204626
a2de32682ed5,W2979021261
a2de32682ed5,W2979172692
a2de32682ed5,W2979245768
a2de32682ed5,W2980302941
a2de32682ed5,W2982228284
a2de32682ed5,W2988702118
a2de32682ed5,W2990000101
a2de32682ed5,W2990844712
a2de32682ed5,W2996073028
a2de32682ed5,W2996984296
a2de32682ed5,W3011684216
a2de32682ed5,W3020703043
a2de32682ed5,W3034500908
a2de32682ed5,W3034762701
a2de32682ed5,W3044396875
a2de32682ed5,W3057312091
a2de32682ed5,W3085438121
a2de32682ed5,W3087789949
a2de32682ed5,W3123309367
a2de32682ed5,W3132632064
a2de32682ed5,W3138182209
a2de32682ed5,W3149458372
a2de32682ed5,W31574363
a2de32682ed5,W3163045346
a2de32682ed5,W3167757317
a2de32682ed5,W3172827196
a2de32682ed5,W3182792309
a2de32682ed5,W3184559361
a2de32682ed5,W3187124146
a2de32682ed5,W3192636770
a2de32682ed5,W3206572995
a2de32682ed5,W3207182139
a2de32682ed5,W3214380489
a2de32682ed5,W41782730
a2de32682ed5,W4200250592
a2de32682ed5,W4213131350
a2de32682ed5,W4221048758
a2de32682ed5,W4223503963
a2de32682ed5,W4225154097
a2de32682ed5,W4225259000
a2de32682ed5,W4231394344
a2de32682ed5,W4233816089
a2de32682ed5,W4238375608
a2de32682ed5,W4239445025
a2de32682ed5,W4242680144
a2de32682ed5,W4244876162
a2de32682ed5,W4247022531
a2de32682ed5,W4250453112
a2de32682ed5,W4250628583
a2de32682ed5,W4283398072
a2de32682ed5,W4283654028
a2de32682ed5,W4285098404
a2de32682ed5,W4288748470
a2de32682ed5,W4293859671
a2de32682ed5,W4296784868
a2de32682ed5,W4308231036
a2de32682ed5,W4308588630
a2de32682ed5,W4313243883
a2de32682ed5,W4317376172
a2de32682ed5,W4317908134
a2de32682ed5,W4361274815
a2de32682ed5,W4365385009
a2de32682ed5,W4382602188
a2de32682ed5,W4385296615
a2de32682ed5,W4390889568
a2de32682ed5,W4391109707
a2de32682ed5,W4391543597
a2de32682ed5,W4392735111
a2de32682ed5,W4399176980
a2de32682ed5,W4399582011
a2de32682ed5,W4399586602
a2de32682ed5,W4400901120
a2de32682ed5,W4401721966
a2de32682ed5,W4402401078
a2de32682ed5,W4404881131
a2de32682ed5,W4407280532
a2de32682ed5,W4409667302
a2de32682ed5,W4415532896
a2de32682ed5,W4416464607
a2de32682ed5,W4416657453
a2de32682ed5,W56259202
a2de32682ed5,W7125761539
a2de32682ed5,W7125764450
a2de32682ed5,W7149222126
a2de32682ed5,W7163060534
a2de32682ed5,W7167554016
a2de32682ed5,W7167755252
a2de32682ed5,W7167863547
a2de32682ed5,W83497976
a2de32682ed5,W981111321
a3119396b7fd,W2086533126
a3119396b7fd,W2795315738
a3119396b7fd,W2806437045
a3119396b7fd,W3033885498
a3119396b7fd,W3049757613
a3119396b7fd,W3132958871
a3119396b7fd,W3167744264
a3119396b7fd,W3178862851
a3119396b7fd,W3193285656
a3119396b7fd,W3198605720
a3119396b7fd,W3209478223
a3119396b7fd,W3215631979
a3119396b7fd,W4200483589
a3119396b7fd,W4288712281
a3119396b7fd,W4303453886
a3119396b7fd,W4382004335
a3119396b7fd,W4394393614
a3119396b7fd,W4408095706
a3119396b7fd,W4411373853
a3119396b7fd,W4411490425
a3119396b7fd,W4411490431
a3119396b7fd,W4413273662
a3119396b7fd,W4415416458
a3119396b7fd,W4415416634
a3119396b7fd,W7165813170
a3146ca477a2,W2905648804
a3146ca477a2,W2989517470
a3146ca477a2,W4211158300
a3146ca477a2,W4307544796
a3146ca477a2,W4385190368
a3146ca477a2,W7134905735
a3871b25f31a,W1542154102
a3871b25f31a,W2207421105
a3871b25f31a,W2906131460
a3871b25f31a,W2936062134
a3871b25f31a,W4213131350
a3871b25f31a,W4226504205
a3871b25f31a,W4304165898
a3871b25f31a,W4308594101
a3871b25f31a,W4376875053
a3871b25f31a,W4378716213
a3871b25f31a,W4386161736
a3871b25f31a,W4392909196
a3871b25f31a,W4399432060
a3871b25f31a,W4404165660
a3871b25f31a,W4404165713
a3871b25f31a,W4406366212
a3871b25f31a,W4406940275
a3871b25f31a,W4407572004
a3871b25f31a,W4408383346
a3871b25f31a,W4408384696
a3871b25f31a,W4409213576
a3871b25f31a,W4409737818
a3871b25f31a,W4412486899
a3871b25f31a,W4413126520
a3871b25f31a,W4413126845
a3871b25f31a,W4413232164
a3871b25f31a,W4413366359
a3871b25f31a,W4415901952
a3871b25f31a,W7111699278
a3871b25f31a,W7127119177
a3871b25f31a,W7127200444
a3871b25f31a,W7130662360
a3871b25f31a,W7131339417
a3871b25f31a,W7138907357
a3871b25f31a,W7138943884
a3871b25f31a,W7140066516
a3871b25f31a,W7164493049
a3871b25f31a,W7167441843
a3871b25f31a,W7167447837
a3871b25f31a,W7167860342
a3871b25f31a,W7167879672
a3bd31c532e8,W151858006
a3bd31c532e8,W2076823541
a3bd31c532e8,W2293049269
a3bd31c532e8,W2406882867
a3bd31c532e8,W2415331469
a3bd31c532e8,W2415413674
a3bd31c532e8,W2423326860
a3bd31c532e8,W2432331913
a3bd31c532e8,W2470796975
a3bd31c532e8,W3174480137
a3bd31c532e8,W3208744561
a3bd31c532e8,W4315839139
a3bd31c532e8,W4383066930
a3bd31c532e8,W4390586343
a3bd31c532e8,W4393199161
a3bd31c532e8,W4399865566
a3bd31c532e8,W4400001658
a3bd31c532e8,W4400115907
a3bd31c532e8,W4401425415
a3bd31c532e8,W4406164475
a3bd31c532e8,W4409583201
a3bd31c532e8,W4412771775
a3bd31c532e8,W4415445075
a3bd31c532e8,W4417035186
a3bd31c532e8,W7126219813
a3bd31c532e8,W7156381184
a3bd31c532e8,W7170151994
a4958c240ac1,W1967639651
a4958c240ac1,W1992541812
a4958c240ac1,W1993974560
a4958c240ac1,W2006141356
a4958c240ac1,W2013764991
a4958c240ac1,W2014027950
a4958c240ac1,W2067583341
a4958c240ac1,W2080011767
a4958c240ac1,W2093608527
a4958c240ac1,W2119928686
a4958c240ac1,W2122234449
a4958c240ac1,W2128468678
a4958c240ac1,W2145784129
a4958c240ac1,W2160601017
a4958c240ac1,W2160797465
a4958c240ac1,W2260888211
a4958c240ac1,W2264382701
a4958c240ac1,W2284042234
a4958c240ac1,W2346607019
a4958c240ac1,W2402858054
a4958c240ac1,W2418086540
a4958c240ac1,W2521273926
a4958c240ac1,W2521550804
a4958c240ac1,W2541873369
a4958c240ac1,W2591605351
a4958c240ac1,W2594945426
a4958c240ac1,W2614287924
a4958c240ac1,W2616919678
a4958c240ac1,W2738937211
a4958c240ac1,W2788280841
a4958c240ac1,W2789684428
a4958c240ac1,W2790037981
a4958c240ac1,W2791326493
a4958c240ac1,W2795340237
a4958c240ac1,W2809429899
a4958c240ac1,W2886908584
a4958c240ac1,W2902969759
a4958c240ac1,W2905462650
a4958c240ac1,W2921449111
a4958c240ac1,W2938378943
a4958c240ac1,W2942132776
a4958c240ac1,W2977875202
a4958c240ac1,W2985355164
a4958c240ac1,W3008844350
a4958c240ac1,W3014873029
a4958c240ac1,W3085531116
a4958c240ac1,W3089768462
a4958c240ac1,W3096107427
a4958c240ac1,W3105389930
a4958c240ac1,W3113322585
a4958c240ac1,W3131630914
a4958c240ac1,W3168400913
a4958c240ac1,W3194096986
a4958c240ac1,W3199213329
a4958c240ac1,W3208212497
a4958c240ac1,W3208311450
a4958c240ac1,W3208735267
a4958c240ac1,W3209922307
a4958c240ac1,W3210395092
a4958c240ac1,W3210410866
a4958c240ac1,W3210447885
a4958c240ac1,W3210502031
a4958c240ac1,W3210668294
a4958c240ac1,W3215235607
a4958c240ac1,W3217665243
a4958c240ac1,W4207004926
a4958c240ac1,W4220712431
a4958c240ac1,W4220814986
a4958c240ac1,W4220816417
a4958c240ac1,W4221111292
a4958c240ac1,W4244420059
a4958c240ac1,W4244946097
a4958c240ac1,W4283220058
a4958c240ac1,W4283319388
a4958c240ac1,W4283727089
a4958c240ac1,W4285075432
a4958c240ac1,W4285225185
a4958c240ac1,W4287672725
a4958c240ac1,W4287673574
a4958c240ac1,W4287673661
a4958c240ac1,W4287689653
a4958c240ac1,W4288033875
a4958c240ac1,W4307736433
a4958c240ac1,W4315432352
a4958c240ac1,W4362599589
a4958c240ac1,W4382279357
a4958c240ac1,W4388231268
a4958c240ac1,W4389543620
a4958c240ac1,W4390784142
a4958c240ac1,W4392047400
a4958c240ac1,W4392644215
a4958c240ac1,W4393496084
a4958c240ac1,W4393546122
a4958c240ac1,W4393584083
a4958c240ac1,W4393592670
a4958c240ac1,W4393628656
a4958c240ac1,W4393654541
a4958c240ac1,W4393687418
a4958c240ac1,W4393730532
a4958c240ac1,W4393773756
a4958c240ac1,W4393808824
a4958c240ac1,W4394025002
a4958c240ac1,W4394032334
a4958c240ac1,W4394049221
a4958c240ac1,W4394049955
a4958c240ac1,W4394151882
a4958c240ac1,W4394442195
a4958c240ac1,W4400784312
a4958c240ac1,W4401250519
a4958c240ac1,W4402945868
a4958c240ac1,W4403476005
a4958c240ac1,W4404019903
a4958c240ac1,W4404454284
a4958c240ac1,W4407751307
a4958c240ac1,W4408753053
a4958c240ac1,W4408934328
a4958c240ac1,W4408998995
a4958c240ac1,W4410998735
a4958c240ac1,W4411495328
a4958c240ac1,W4413675160
a4958c240ac1,W4415923616
a4958c240ac1,W4415923620
a4958c240ac1,W4416508482
a4958c240ac1,W7103995205
a4958c240ac1,W7104010175
a4958c240ac1,W7104385086
a4958c240ac1,W7124750990
a4958c240ac1,W7124754595
a4958c240ac1,W7128627818
a4958c240ac1,W7128677517
a4958c240ac1,W7128735220
a4958c240ac1,W7133294312
a4958c240ac1,W7133347108
a4958c240ac1,W7135517382
a4958c240ac1,W7154274468
a4958c240ac1,W7154318382
a4958c240ac1,W7162518647
a4958c240ac1,W7196928468
a4958c240ac1,W7196944425
a4958c240ac1,W7196952419
a4958c240ac1,W7196969042
a4958c240ac1,W7196981222
a4958c240ac1,W7196991112
a4958c240ac1,W7196992862
a4958c240ac1,W7197012302
a4958c240ac1,W7197033850
a4958c240ac1,W838347670
a628fb4c9cf1,W135120172
a628fb4c9cf1,W1495912958
a628fb4c9cf1,W1514245706
a628fb4c9cf1,W1526167949
a628fb4c9cf1,W1582496428
a628fb4c9cf1,W1604206405
a628fb4c9cf1,W1717201290
a628fb4c9cf1,W1840993107
a628fb4c9cf1,W2002213703
a628fb4c9cf1,W2105716009
a628fb4c9cf1,W2119144533
a628fb4c9cf1,W2167729173
a628fb4c9cf1,W218157524
a628fb4c9cf1,W2195427968
a628fb4c9cf1,W2201660942
a628fb4c9cf1,W2211500917
a628fb4c9cf1,W2218037607
a628fb4c9cf1,W2227713236
a628fb4c9cf1,W2253299371
a628fb4c9cf1,W2255255848
a628fb4c9cf1,W2256537509
a628fb4c9cf1,W2275327387
a628fb4c9cf1,W2287376476
a628fb4c9cf1,W2324563761
a628fb4c9cf1,W2335827921
a628fb4c9cf1,W2342637036
a628fb4c9cf1,W2343778087
a628fb4c9cf1,W2393623532
a628fb4c9cf1,W2427260698
a628fb4c9cf1,W2432754770
a628fb4c9cf1,W2437330829
a628fb4c9cf1,W2463130273
a628fb4c9cf1,W2464174054
a628fb4c9cf1,W2465409224
a628fb4c9cf1,W2510257903
a628fb4c9cf1,W2531664052
a628fb4c9cf1,W2551738764
a628fb4c9cf1,W2560314384
a628fb4c9cf1,W2618263570
a628fb4c9cf1,W2703149835
a628fb4c9cf1,W2756791740
a628fb4c9cf1,W2776272754
a628fb4c9cf1,W2776764034
a628fb4c9cf1,W2776960642
a628fb4c9cf1,W2777794874
a628fb4c9cf1,W2779487002
a628fb4c9cf1,W2780156127
a628fb4c9cf1,W2787379414
a628fb4c9cf1,W2798099923
a628fb4c9cf1,W2803842152
a628fb4c9cf1,W2807633272
a628fb4c9cf1,W2807744750
a628fb4c9cf1,W2895531574
a628fb4c9cf1,W2908421393
a628fb4c9cf1,W2937269147
a628fb4c9cf1,W2942377572
a628fb4c9cf1,W2957935845
a628fb4c9cf1,W2990289283
a628fb4c9cf1,W2996453949
a628fb4c9cf1,W3026190817
a628fb4c9cf1,W3080876160
a628fb4c9cf1,W3100233745
a628fb4c9cf1,W3121252041
a628fb4c9cf1,W3127339875
a628fb4c9cf1,W3128345922
a628fb4c9cf1,W3133586230
a628fb4c9cf1,W3134338544
a628fb4c9cf1,W3186674004
a628fb4c9cf1,W3206821552
a628fb4c9cf1,W3212774811
a628fb4c9cf1,W3215059768
a628fb4c9cf1,W4210513910
a628fb4c9cf1,W4213131350
a628fb4c9cf1,W4231770070
a628fb4c9cf1,W4235909570
a628fb4c9cf1,W4242164738
a628fb4c9cf1,W4245767571
a628fb4c9cf1,W4252071680
a628fb4c9cf1,W4254189779
a628fb4c9cf1,W4283714628
a628fb4c9cf1,W4394066397
a628fb4c9cf1,W4394167750
a628fb4c9cf1,W4394171429
a628fb4c9cf1,W4394194535
a628fb4c9cf1,W4394207970
a628fb4c9cf1,W4394242467
a628fb4c9cf1,W4394270460
a628fb4c9cf1,W4394281669
a628fb4c9cf1,W4394285402
a628fb4c9cf1,W4394287789
a628fb4c9cf1,W4394312548
a628fb4c9cf1,W4394376668
a628fb4c9cf1,W4394417811
a628fb4c9cf1,W4394469962
a628fb4c9cf1,W4394470283
a628fb4c9cf1,W4394486649
a628fb4c9cf1,W4394492118
a628fb4c9cf1,W4394520707
a628fb4c9cf1,W4394537055
a628fb4c9cf1,W4394539485
a628fb4c9cf1,W4416617428
a628fb4c9cf1,W627124779
a721122d3c60,W2004614753
a721122d3c60,W2081071304
a721122d3c60,W2116317169
a721122d3c60,W2122237276
a721122d3c60,W2264357545
a721122d3c60,W2301510059
a721122d3c60,W2465169033
a721122d3c60,W2466088147
a721122d3c60,W2474636836
a721122d3c60,W2477318253
a721122d3c60,W2482603331
a721122d3c60,W2513684187
a721122d3c60,W2529678212
a721122d3c60,W2556123235
a721122d3c60,W2566149950
a721122d3c60,W2580848485
a721122d3c60,W2602944316
a721122d3c60,W2740577920
a721122d3c60,W2741640953
a721122d3c60,W2777366312
a721122d3c60,W2779125816
a721122d3c60,W2790373695
a721122d3c60,W2890011330
a721122d3c60,W2900948539
a721122d3c60,W2912779092
a721122d3c60,W2920249886
a721122d3c60,W2920855690
a721122d3c60,W2923718913
a721122d3c60,W2936257342
a721122d3c60,W2946749818
a721122d3c60,W2969670870
a721122d3c60,W2982306395
a721122d3c60,W2983850114
a721122d3c60,W2985320917
a721122d3c60,W3042356553
a721122d3c60,W3093321267
a721122d3c60,W3099850254
a721122d3c60,W3100119188
a721122d3c60,W3108561421
a721122d3c60,W3110851015
a721122d3c60,W3115753706
a721122d3c60,W3118477112
a721122d3c60,W3121524694
a721122d3c60,W3129446971
a721122d3c60,W3132960663
a721122d3c60,W3134785042
a721122d3c60,W3138060117
a721122d3c60,W3141748975
a721122d3c60,W3156913471
a721122d3c60,W3157104003
a721122d3c60,W3157644051
a721122d3c60,W3158366856
a721122d3c60,W3161218677
a721122d3c60,W3176973587
a721122d3c60,W3189177032
a721122d3c60,W3194738695
a721122d3c60,W3195698381
a721122d3c60,W3209238345
a721122d3c60,W4200401661
a721122d3c60,W4210721293
a721122d3c60,W4214935628
a721122d3c60,W4220829459
a721122d3c60,W4223932454
a721122d3c60,W4234017524
a721122d3c60,W4241961269
a721122d3c60,W4246042840
a721122d3c60,W4256470726
a721122d3c60,W4281969040
a721122d3c60,W4307452139
a721122d3c60,W4308055542
a721122d3c60,W4308589015
a721122d3c60,W4310841667
a721122d3c60,W4364297277
a721122d3c60,W4366758616
a721122d3c60,W4382344206
a721122d3c60,W4385722772
a721122d3c60,W4386219851
a721122d3c60,W4387581208
a721122d3c60,W4388363164
a721122d3c60,W4389100368
a721122d3c60,W4391088666
a721122d3c60,W4391294076
a721122d3c60,W4391573580
a721122d3c60,W4394385249
a721122d3c60,W4394453244
a721122d3c60,W4394481936
a721122d3c60,W4399473791
a721122d3c60,W4400005841
a721122d3c60,W4400122683
a721122d3c60,W4400824998
a721122d3c60,W4403283345
a721122d3c60,W4403532217
a721122d3c60,W4403920413
a721122d3c60,W4404103403
a721122d3c60,W4405315490
a721122d3c60,W4405835261
a721122d3c60,W4406348232
a721122d3c60,W4407196455
a721122d3c60,W4407683185
a721122d3c60,W4408095706
a721122d3c60,W4409573250
a721122d3c60,W4409617606
a721122d3c60,W4411373853
a721122d3c60,W4411414695
a721122d3c60,W4411791264
a721122d3c60,W4412089493
a721122d3c60,W4412601653
a721122d3c60,W4412870404
a721122d3c60,W4413059288
a721122d3c60,W4413273662
a721122d3c60,W4413505729
a721122d3c60,W4415416458
a721122d3c60,W4415416634
a721122d3c60,W4415630324
a721122d3c60,W7162173900
a721122d3c60,W7166267799
a7a0fbf15d20,W4405642157
a7a0fbf15d20,W4412602233
a8485262f4f1,W2805138917
a8485262f4f1,W2887882077
a8485262f4f1,W2970925209
a8485262f4f1,W3031495094
a8485262f4f1,W3090588742
a8485262f4f1,W3172392762
a8485262f4f1,W3187630655
a8485262f4f1,W3206263078
a8485262f4f1,W3214411517
a8485262f4f1,W4200320988
a8485262f4f1,W4200600962
a8485262f4f1,W4214732740
a8485262f4f1,W4223932454
a8485262f4f1,W4229623645
a8485262f4f1,W4237498510
a8485262f4f1,W4241517288
a8485262f4f1,W4249736384
a8485262f4f1,W4281482383
a8485262f4f1,W4281684275
a8485262f4f1,W4281846416
a8485262f4f1,W4281969040
a8485262f4f1,W4283381095
a8485262f4f1,W4285591234
a8485262f4f1,W4293105734
a8485262f4f1,W4297223429
a8485262f4f1,W4306412255
a8485262f4f1,W4308843614
a8485262f4f1,W4309307027
a8485262f4f1,W4313390209
a8485262f4f1,W4315436090
a8485262f4f1,W4320038879
a8485262f4f1,W4361223993
a8485262f4f1,W4379010534
a8485262f4f1,W4379600787
a8485262f4f1,W4387104650
a8485262f4f1,W4388085984
a8485262f4f1,W4388385445
a8485262f4f1,W4389463297
a8485262f4f1,W4389992060
a8485262f4f1,W4390585272
a8485262f4f1,W4391629219
a8485262f4f1,W4393063292
a8485262f4f1,W4393638907
a8485262f4f1,W4393651590
a8485262f4f1,W4394714357
a8485262f4f1,W4396509024
a8485262f4f1,W4397295351
a8485262f4f1,W4399370173
a8485262f4f1,W4400165069
a8485262f4f1,W4400948104
a8485262f4f1,W4402126389
a8485262f4f1,W4402441701
a8485262f4f1,W4403009366
a8485262f4f1,W4403036292
a8485262f4f1,W4403063848
a8485262f4f1,W4403222153
a8485262f4f1,W4403241183
a8485262f4f1,W4403253482
a8485262f4f1,W4403435749
a8485262f4f1,W4403589374
a8485262f4f1,W4403818143
a8485262f4f1,W4403819045
a8485262f4f1,W4405509489
a8485262f4f1,W4405646799
a8485262f4f1,W4406348232
a8485262f4f1,W4406617993
a8485262f4f1,W4406633044
a8485262f4f1,W4406905980
a8485262f4f1,W4407097259
a8485262f4f1,W4407196455
a8485262f4f1,W4407272768
a8485262f4f1,W4407565712
a8485262f4f1,W4407581680
a8485262f4f1,W4407585133
a8485262f4f1,W4407700432
a8485262f4f1,W4407832541
a8485262f4f1,W4407864789
a8485262f4f1,W4407864821
a8485262f4f1,W4408323395
a8485262f4f1,W4408737230
a8485262f4f1,W4408788233
a8485262f4f1,W4408810633
a8485262f4f1,W4409010191
a8485262f4f1,W4409185140
a8485262f4f1,W4410198150
a8485262f4f1,W4410982293
a8485262f4f1,W4411577361
a8485262f4f1,W4411645631
a8485262f4f1,W4411793100
a8485262f4f1,W4411937686
a8485262f4f1,W4412567308
a8485262f4f1,W4413067505
a8485262f4f1,W4413349553
a8485262f4f1,W4413738353
a8485262f4f1,W4414260295
a8485262f4f1,W4414341611
a8485262f4f1,W4414465818
a8485262f4f1,W4414478557
a8485262f4f1,W4414630440
a8485262f4f1,W4415109280
a8485262f4f1,W4415383471
a8485262f4f1,W4415407146
a8485262f4f1,W4416190199
a8485262f4f1,W4416268060
a8485262f4f1,W4416959060
a8485262f4f1,W4416999268
a8485262f4f1,W4417408002
a8485262f4f1,W4417409950
a8485262f4f1,W7124818564
a8485262f4f1,W7126233654
a8485262f4f1,W7134934552
a8485262f4f1,W7135201638
a8485262f4f1,W7136862808
a8485262f4f1,W7139353982
a8485262f4f1,W7140297377
a8485262f4f1,W7140313540
a8485262f4f1,W7141781522
a8485262f4f1,W7153957694
a8485262f4f1,W7161459897
a8485262f4f1,W7162896052
a8485262f4f1,W7163791987
a8485262f4f1,W7163947030
a8485262f4f1,W7164259304
a8485262f4f1,W7165454880
a8485262f4f1,W7165603934
a8485262f4f1,W7172238757
a8b2bff5b900,W2239219650
a8b2bff5b900,W2408397420
a8b2bff5b900,W2604577534
a8b2bff5b900,W2733487116
a8b2bff5b900,W2780445976
a8b2bff5b900,W2781638187
a8b2bff5b900,W2881736701
a8b2bff5b900,W2894968119
a8b2bff5b900,W2946903078
a8b2bff5b900,W2949209091
a8b2bff5b900,W2953624808
a8b2bff5b900,W2960393360
a8b2bff5b900,W3028037246
a8b2bff5b900,W3036680904
a8b2bff5b900,W3038757384
a8b2bff5b900,W3049738565
a8b2bff5b900,W3092925695
a8b2bff5b900,W3097905359
a8b2bff5b900,W3100070503
a8b2bff5b900,W3116092131
a8b2bff5b900,W3127710649
a8b2bff5b900,W3137639093
a8b2bff5b900,W3155880636
a8b2bff5b900,W3167044118
a8b2bff5b900,W3180959667
a8b2bff5b900,W3208397276
a8b2bff5b900,W4205449703
a8b2bff5b900,W4206338783
a8b2bff5b900,W4213131350
a8b2bff5b900,W4213300152
a8b2bff5b900,W4214593974
a8b2bff5b900,W4214664911
a8b2bff5b900,W4236439804
a8b2bff5b900,W4253963889
a8b2bff5b900,W4280537572
a8b2bff5b900,W4284676661
a8b2bff5b900,W4285008158
a8b2bff5b900,W4292121863
a8b2bff5b900,W4293388289
a8b2bff5b900,W4311669412
a8b2bff5b900,W4312468576
a8b2bff5b900,W4313321626
a8b2bff5b900,W4313464668
a8b2bff5b900,W4360601100
a8b2bff5b900,W4360951225
a8b2bff5b900,W4364353508
a8b2bff5b900,W4382141248
a8b2bff5b900,W4383301669
a8b2bff5b900,W4386272144
a8b2bff5b900,W4389568985
a8b2bff5b900,W4394427332
a8b2bff5b900,W4412519582
a8b2bff5b900,W7155296785
a8b2bff5b900,W7160471120
a8b2bff5b900,W7160571556
a8b2bff5b900,W7160580231
a8b2bff5b900,W7160744002
a8b2bff5b900,W7167983826
aad8f6da22dc,W112442981
aad8f6da22dc,W145572428
aad8f6da22dc,W1514666909
aad8f6da22dc,W1515380567
aad8f6da22dc,W1519487875
aad8f6da22dc,W1524827224
aad8f6da22dc,W1533921825
aad8f6da22dc,W1536342455
aad8f6da22dc,W1539869417
aad8f6da22dc,W1548950847
aad8f6da22dc,W1568411141
aad8f6da22dc,W1573985740
aad8f6da22dc,W1577061578
aad8f6da22dc,W1578327942
aad8f6da22dc,W1581875467
aad8f6da22dc,W1657080937
aad8f6da22dc,W1720270468
aad8f6da22dc,W1783800385
aad8f6da22dc,W1803459717
aad8f6da22dc,W1815216303
aad8f6da22dc,W1877204816
aad8f6da22dc,W1878225162
aad8f6da22dc,W1885214297
aad8f6da22dc,W1904353740
aad8f6da22dc,W1919580432
aad8f6da22dc,W1947954409
aad8f6da22dc,W1971008398
aad8f6da22dc,W1972145196
aad8f6da22dc,W1972666157
aad8f6da22dc,W1973166534
aad8f6da22dc,W1977931688
aad8f6da22dc,W1983603959
aad8f6da22dc,W1985048734
aad8f6da22dc,W1997459816
aad8f6da22dc,W2001084254
aad8f6da22dc,W2001488450
aad8f6da22dc,W2009159377
aad8f6da22dc,W2016545403
aad8f6da22dc,W2017978605
aad8f6da22dc,W2020723161
aad8f6da22dc,W2025019975
aad8f6da22dc,W2034396428
aad8f6da22dc,W2036276663
aad8f6da22dc,W2040080232
aad8f6da22dc,W2043823425
aad8f6da22dc,W2049639530
aad8f6da22dc,W2052837762
aad8f6da22dc,W2054663507
aad8f6da22dc,W2084871477
aad8f6da22dc,W2085085576
aad8f6da22dc,W2085255270
aad8f6da22dc,W2086624410
aad8f6da22dc,W2092704676
aad8f6da22dc,W2098994343
aad8f6da22dc,W2106213420
aad8f6da22dc,W2117497317
aad8f6da22dc,W2121940767
aad8f6da22dc,W2126510607
aad8f6da22dc,W2132839827
aad8f6da22dc,W2143093384
aad8f6da22dc,W2149423922
aad8f6da22dc,W2150332804
aad8f6da22dc,W2159061690
aad8f6da22dc,W2162484460
aad8f6da22dc,W2167329971
aad8f6da22dc,W2217721743
aad8f6da22dc,W2254488886
aad8f6da22dc,W2254751813
aad8f6da22dc,W2268457050
aad8f6da22dc,W2269332679
aad8f6da22dc,W2293094400
aad8f6da22dc,W2301819629
aad8f6da22dc,W2325542074
aad8f6da22dc,W2331217259
aad8f6da22dc,W2341968032
aad8f6da22dc,W2342783064
aad8f6da22dc,W2346448995
aad8f6da22dc,W2406517805
aad8f6da22dc,W2410274842
aad8f6da22dc,W2410384834
aad8f6da22dc,W2416250851
aad8f6da22dc,W2417995515
aad8f6da22dc,W2471901820
aad8f6da22dc,W2472899883
aad8f6da22dc,W2473636365
aad8f6da22dc,W2474545121
aad8f6da22dc,W2555142787
aad8f6da22dc,W2561848952
aad8f6da22dc,W2564637585
aad8f6da22dc,W2581340340
aad8f6da22dc,W2582573758
aad8f6da22dc,W2594863739
aad8f6da22dc,W2596013547
aad8f6da22dc,W2597548633
aad8f6da22dc,W2618708820
aad8f6da22dc,W2737607436
aad8f6da22dc,W2741237652
aad8f6da22dc,W2751430901
aad8f6da22dc,W2758824815
aad8f6da22dc,W2762819034
aad8f6da22dc,W2766565690
aad8f6da22dc,W2768528045
aad8f6da22dc,W2769926769
aad8f6da22dc,W2770281164
aad8f6da22dc,W2774263056
aad8f6da22dc,W2782452321
aad8f6da22dc,W2783122699
aad8f6da22dc,W2784211284
aad8f6da22dc,W2788636778
aad8f6da22dc,W2791816784
aad8f6da22dc,W2792490657
aad8f6da22dc,W2822720385
aad8f6da22dc,W2831016081
aad8f6da22dc,W2851887401
aad8f6da22dc,W2877124984
aad8f6da22dc,W2878153134
aad8f6da22dc,W2888004369
aad8f6da22dc,W2892768932
aad8f6da22dc,W2893507902
aad8f6da22dc,W2897634444
aad8f6da22dc,W2898360467
aad8f6da22dc,W2898515664
aad8f6da22dc,W2898599066
aad8f6da22dc,W2903912868
aad8f6da22dc,W2911668322
aad8f6da22dc,W2912104131
aad8f6da22dc,W2912709959
aad8f6da22dc,W2913163981
aad8f6da22dc,W2913986008
aad8f6da22dc,W2914279572
aad8f6da22dc,W2914686020
aad8f6da22dc,W2914712066
aad8f6da22dc,W2914769653
aad8f6da22dc,W2914917869
aad8f6da22dc,W2939250747
aad8f6da22dc,W2955727586
aad8f6da22dc,W2963961238
aad8f6da22dc,W2965171812
aad8f6da22dc,W2971860976
aad8f6da22dc,W2975652139
aad8f6da22dc,W2994933201
aad8f6da22dc,W3004283596
aad8f6da22dc,W3005915123
aad8f6da22dc,W3013843865
aad8f6da22dc,W3030468294
aad8f6da22dc,W3032955870
aad8f6da22dc,W3047587761
aad8f6da22dc,W3048678574
aad8f6da22dc,W3051512274
aad8f6da22dc,W3081354747
aad8f6da22dc,W3088482720
aad8f6da22dc,W3091614632
aad8f6da22dc,W3094824371
aad8f6da22dc,W3095780612
aad8f6da22dc,W3096014452
aad8f6da22dc,W3099407821
aad8f6da22dc,W3108939491
aad8f6da22dc,W3111658094
aad8f6da22dc,W3141353877
aad8f6da22dc,W3148145665
aad8f6da22dc,W3155012264
aad8f6da22dc,W3158448042
aad8f6da22dc,W3160106858
aad8f6da22dc,W3160511718
aad8f6da22dc,W3161218677
aad8f6da22dc,W3161463721
aad8f6da22dc,W3161849241
aad8f6da22dc,W3162632358
aad8f6da22dc,W3162708182
aad8f6da22dc,W3162762447
aad8f6da22dc,W3163110148
aad8f6da22dc,W3163932403
aad8f6da22dc,W3165241449
aad8f6da22dc,W3173610684
aad8f6da22dc,W3179253681
aad8f6da22dc,W3183011336
aad8f6da22dc,W3183081106
aad8f6da22dc,W3185666088
aad8f6da22dc,W3189931793
aad8f6da22dc,W3192159675
aad8f6da22dc,W3196223400
aad8f6da22dc,W3199248089
aad8f6da22dc,W3199486274
aad8f6da22dc,W3206336518
aad8f6da22dc,W3206380479
aad8f6da22dc,W3208754340
aad8f6da22dc,W4200306344
aad8f6da22dc,W4200352644
aad8f6da22dc,W4205236316
aad8f6da22dc,W4205757150
aad8f6da22dc,W4205817884
aad8f6da22dc,W4205995766
aad8f6da22dc,W4206004432
aad8f6da22dc,W4206186473
aad8f6da22dc,W4206680826
aad8f6da22dc,W4214733237
aad8f6da22dc,W4214930421
aad8f6da22dc,W4220669029
aad8f6da22dc,W4220892121
aad8f6da22dc,W4223932454
aad8f6da22dc,W4224238762
aad8f6da22dc,W4230159747
aad8f6da22dc,W4232595470
aad8f6da22dc,W4232697549
aad8f6da22dc,W4233199281
aad8f6da22dc,W4234647307
aad8f6da22dc,W4238115834
aad8f6da22dc,W4240301678
aad8f6da22dc,W4245999443
aad8f6da22dc,W4248888696
aad8f6da22dc,W4250234816
aad8f6da22dc,W4251034839
aad8f6da22dc,W4253667026
aad8f6da22dc,W4254696341
aad8f6da22dc,W4255032179
aad8f6da22dc,W4255235057
aad8f6da22dc,W4255379364
aad8f6da22dc,W4255705037
aad8f6da22dc,W4256618375
aad8f6da22dc,W4281570747
aad8f6da22dc,W4281969040
aad8f6da22dc,W4282830713
aad8f6da22dc,W4283810191
aad8f6da22dc,W4293100342
aad8f6da22dc,W4307524881
aad8f6da22dc,W4308521188
aad8f6da22dc,W4309994042
aad8f6da22dc,W4318707504
aad8f6da22dc,W4321240737
aad8f6da22dc,W4323653212
aad8f6da22dc,W4365448794
aad8f6da22dc,W4366824267
aad8f6da22dc,W4376613695
aad8f6da22dc,W4379208531
aad8f6da22dc,W4381143810
aad8f6da22dc,W4384927698
aad8f6da22dc,W4385898497
aad8f6da22dc,W4386011661
aad8f6da22dc,W4386230681
aad8f6da22dc,W4386605819
aad8f6da22dc,W4387765216
aad8f6da22dc,W4390590121
aad8f6da22dc,W4391076730
aad8f6da22dc,W4391841702
aad8f6da22dc,W4391883568
aad8f6da22dc,W4392463969
aad8f6da22dc,W4392735412
aad8f6da22dc,W4392768982
aad8f6da22dc,W4393009303
aad8f6da22dc,W4394085387
aad8f6da22dc,W4394500714
aad8f6da22dc,W4394678537
aad8f6da22dc,W4394686904
aad8f6da22dc,W4396653176
aad8f6da22dc,W4396894100
aad8f6da22dc,W4398756990
aad8f6da22dc,W4399102146
aad8f6da22dc,W4399389795
aad8f6da22dc,W4400212547
aad8f6da22dc,W4400835409
aad8f6da22dc,W4401538080
aad8f6da22dc,W4402312159
aad8f6da22dc,W4402758010
aad8f6da22dc,W4403209512
aad8f6da22dc,W4403762603
aad8f6da22dc,W4404514469
aad8f6da22dc,W4404546752
aad8f6da22dc,W4404582441
aad8f6da22dc,W4404979502
aad8f6da22dc,W4405221401
aad8f6da22dc,W4406617993
aad8f6da22dc,W4406632635
aad8f6da22dc,W4406633044
aad8f6da22dc,W4407097259
aad8f6da22dc,W4408160491
aad8f6da22dc,W4408190499
aad8f6da22dc,W4408217948
aad8f6da22dc,W4409222960
aad8f6da22dc,W4409966484
aad8f6da22dc,W4409967537
aad8f6da22dc,W4409967690
aad8f6da22dc,W4410982293
aad8f6da22dc,W4411298472
aad8f6da22dc,W4411577361
aad8f6da22dc,W4412157735
aad8f6da22dc,W4412163618
aad8f6da22dc,W4412164824
aad8f6da22dc,W4412640714
aad8f6da22dc,W4412703642
aad8f6da22dc,W4412762929
aad8f6da22dc,W4413067505
aad8f6da22dc,W4413227206
aad8f6da22dc,W4413252991
aad8f6da22dc,W4413456909
aad8f6da22dc,W4415416653
aad8f6da22dc,W4415416874
aad8f6da22dc,W4415955733
aad8f6da22dc,W4416279870
aad8f6da22dc,W4417301837
aad8f6da22dc,W4417301841
aad8f6da22dc,W481717885
aad8f6da22dc,W491293304
aad8f6da22dc,W561570901
aad8f6da22dc,W589278268
aad8f6da22dc,W610505957
aad8f6da22dc,W645179294
aad8f6da22dc,W658678663
aad8f6da22dc,W7115000989
aad8f6da22dc,W7117895267
aad8f6da22dc,W7119529250
aad8f6da22dc,W7125379247
aad8f6da22dc,W7139059707
aad8f6da22dc,W7140012142
aad8f6da22dc,W7165803969
aad8f6da22dc,W7171237340
aad8f6da22dc,W74420636
aad8f6da22dc,W776889741
ac709e7a55b7,W1126569549
ac709e7a55b7,W1142807625
ac709e7a55b7,W1160776637
ac709e7a55b7,W1186800242
ac709e7a55b7,W1481593464
ac709e7a55b7,W1508171829
ac709e7a55b7,W1529043266
ac709e7a55b7,W1563127945
ac709e7a55b7,W1565535311
ac709e7a55b7,W1598386313
ac709e7a55b7,W1604731257
ac709e7a55b7,W1711177896
ac709e7a55b7,W1755264867
ac709e7a55b7,W1759386038
ac709e7a55b7,W1798168144
ac709e7a55b7,W1810347708
ac709e7a55b7,W1827544498
ac709e7a55b7,W1858951079
ac709e7a55b7,W1863482753
ac709e7a55b7,W1880923208
ac709e7a55b7,W1983413687
ac709e7a55b7,W1987182876
ac709e7a55b7,W2002721809
ac709e7a55b7,W2005342677
ac709e7a55b7,W2005406008
ac709e7a55b7,W2007790103
ac709e7a55b7,W2008728746
ac709e7a55b7,W2011222825
ac709e7a55b7,W2013905424
ac709e7a55b7,W2018980326
ac709e7a55b7,W2024841449
ac709e7a55b7,W2043330558
ac709e7a55b7,W2049954019
ac709e7a55b7,W2050439926
ac709e7a55b7,W2059247722
ac709e7a55b7,W2060497402
ac709e7a55b7,W2063226394
ac709e7a55b7,W2065391153
ac709e7a55b7,W2077905178
ac709e7a55b7,W2079208109
ac709e7a55b7,W2083366573
ac709e7a55b7,W2084365083
ac709e7a55b7,W2088818995
ac709e7a55b7,W2089277053
ac709e7a55b7,W2090935698
ac709e7a55b7,W2097460093
ac709e7a55b7,W2126050533
ac709e7a55b7,W2130993770
ac709e7a55b7,W2132344622
ac709e7a55b7,W2132580593
ac709e7a55b7,W2148620672
ac709e7a55b7,W2150354657
ac709e7a55b7,W2162064798
ac709e7a55b7,W2183965271
ac709e7a55b7,W2187119508
ac709e7a55b7,W2232317411
ac709e7a55b7,W2263365540
ac709e7a55b7,W2281849026
ac709e7a55b7,W2285420838
ac709e7a55b7,W2288929687
ac709e7a55b7,W2316004733
ac709e7a55b7,W2332521468
ac709e7a55b7,W2334951278
ac709e7a55b7,W2340403433
ac709e7a55b7,W2436551427
ac709e7a55b7,W2460293390
ac709e7a55b7,W2463468974
ac709e7a55b7,W2464379416
ac709e7a55b7,W2487945547
ac709e7a55b7,W2494684544
ac709e7a55b7,W2500207917
ac709e7a55b7,W2502867774
ac709e7a55b7,W2542834128
ac709e7a55b7,W2581678054
ac709e7a55b7,W2583801038
ac709e7a55b7,W2591139522
ac709e7a55b7,W2593372213
ac709e7a55b7,W2596420529
ac709e7a55b7,W2604170602
ac709e7a55b7,W2610995715
ac709e7a55b7,W2611554045
ac709e7a55b7,W2612069921
ac709e7a55b7,W2615088123
ac709e7a55b7,W2619612675
ac709e7a55b7,W2621036425
ac709e7a55b7,W2626349894
ac709e7a55b7,W2699922332
ac709e7a55b7,W2753380905
ac709e7a55b7,W2765848977
ac709e7a55b7,W2769178531
ac709e7a55b7,W2769717480
ac709e7a55b7,W2781664154
ac709e7a55b7,W2792299071
ac709e7a55b7,W2796295388
ac709e7a55b7,W2804325631
ac709e7a55b7,W2804711906
ac709e7a55b7,W2809863887
ac709e7a55b7,W2864545176
ac709e7a55b7,W2882940842
ac709e7a55b7,W2883623153
ac709e7a55b7,W2884232537
ac709e7a55b7,W2884475292
ac709e7a55b7,W2886109110
ac709e7a55b7,W2889756474
ac709e7a55b7,W2894335575
ac709e7a55b7,W2895355894
ac709e7a55b7,W2896198543
ac709e7a55b7,W2898948779
ac709e7a55b7,W2899151123
ac709e7a55b7,W2900539373
ac709e7a55b7,W2907609356
ac709e7a55b7,W2921135254
ac709e7a55b7,W2923279546
ac709e7a55b7,W2940063209
ac709e7a55b7,W2945449802
ac709e7a55b7,W2949011865
ac709e7a55b7,W2951762862
ac709e7a55b7,W2955308240
ac709e7a55b7,W2955472032
ac709e7a55b7,W2964913495
ac709e7a55b7,W2972108186
ac709e7a55b7,W2975320624
ac709e7a55b7,W2981040945
ac709e7a55b7,W2981448513
ac709e7a55b7,W2999927200
ac709e7a55b7,W3003228340
ac709e7a55b7,W3003315031
ac709e7a55b7,W3013049320
ac709e7a55b7,W3022316279
ac709e7a55b7,W3029578895
ac709e7a55b7,W3033805136
ac709e7a55b7,W3041248727
ac709e7a55b7,W3042383997
ac709e7a55b7,W3045826774
ac709e7a55b7,W3047313284
ac709e7a55b7,W3081718053
ac709e7a55b7,W3096498752
ac709e7a55b7,W3099089275
ac709e7a55b7,W3104480421
ac709e7a55b7,W3119542000
ac709e7a55b7,W3126553711
ac709e7a55b7,W3132154474
ac709e7a55b7,W3134415286
ac709e7a55b7,W3138803647
ac709e7a55b7,W3151053212
ac709e7a55b7,W3155634726
ac709e7a55b7,W3160481164
ac709e7a55b7,W3160958030
ac709e7a55b7,W3160981558
ac709e7a55b7,W3161181831
ac709e7a55b7,W3162432007
ac709e7a55b7,W3162851421
ac709e7a55b7,W3163141672
ac709e7a55b7,W3163686476
ac709e7a55b7,W3163804904
ac709e7a55b7,W3164186888
ac709e7a55b7,W3164540084
ac709e7a55b7,W3164737222
ac709e7a55b7,W3165339597
ac709e7a55b7,W3165353846
ac709e7a55b7,W3165559839
ac709e7a55b7,W3165634463
ac709e7a55b7,W3165785086
ac709e7a55b7,W3169045144
ac709e7a55b7,W3169206777
ac709e7a55b7,W3178823484
ac709e7a55b7,W3200776669
ac709e7a55b7,W3208512911
ac709e7a55b7,W4200055442
ac709e7a55b7,W4200260384
ac709e7a55b7,W4200325200
ac709e7a55b7,W4205565544
ac709e7a55b7,W4205596280
ac709e7a55b7,W4205902988
ac709e7a55b7,W4206924528
ac709e7a55b7,W4211261785
ac709e7a55b7,W4220683601
ac709e7a55b7,W4225131209
ac709e7a55b7,W4230230655
ac709e7a55b7,W4230567437
ac709e7a55b7,W4230818452
ac709e7a55b7,W4231485521
ac709e7a55b7,W4231526113
ac709e7a55b7,W4231829898
ac709e7a55b7,W4232048492
ac709e7a55b7,W4232584992
ac709e7a55b7,W4233516981
ac709e7a55b7,W4233569471
ac709e7a55b7,W4233835845
ac709e7a55b7,W4233994490
ac709e7a55b7,W4234062877
ac709e7a55b7,W4234277737
ac709e7a55b7,W4234655980
ac709e7a55b7,W4234781993
ac709e7a55b7,W4234905548
ac709e7a55b7,W4235233148
ac709e7a55b7,W4236222094
ac709e7a55b7,W4237256319
ac709e7a55b7,W4238046880
ac709e7a55b7,W4238331498
ac709e7a55b7,W4238533571
ac709e7a55b7,W4238605591
ac709e7a55b7,W4239879558
ac709e7a55b7,W4240245340
ac709e7a55b7,W4240395120
ac709e7a55b7,W4240775526
ac709e7a55b7,W4240984562
ac709e7a55b7,W4241897918
ac709e7a55b7,W4241979179
ac709e7a55b7,W4242432680
ac709e7a55b7,W4242545419
ac709e7a55b7,W4242976744
ac709e7a55b7,W4243069498
ac709e7a55b7,W4244041137
ac709e7a55b7,W4245731995
ac709e7a55b7,W4246057835
ac709e7a55b7,W4246209984
ac709e7a55b7,W4247501860
ac709e7a55b7,W4247674001
ac709e7a55b7,W4247768579
ac709e7a55b7,W4247794835
ac709e7a55b7,W4247847591
ac709e7a55b7,W4248044969
ac709e7a55b7,W4248384156
ac709e7a55b7,W4248481234
ac709e7a55b7,W4250018235
ac709e7a55b7,W4251062195
ac709e7a55b7,W4251339790
ac709e7a55b7,W4253627206
ac709e7a55b7,W4253704592
ac709e7a55b7,W4253825022
ac709e7a55b7,W4254539255
ac709e7a55b7,W4254870652
ac709e7a55b7,W4255063436
ac709e7a55b7,W4255277535
ac709e7a55b7,W4255394812
ac709e7a55b7,W4255453422
ac709e7a55b7,W4280598594
ac709e7a55b7,W4281623081
ac709e7a55b7,W4281734059
ac709e7a55b7,W4284671824
ac709e7a55b7,W4285393378
ac709e7a55b7,W4292212507
ac709e7a55b7,W4292843635
ac709e7a55b7,W4293051094
ac709e7a55b7,W4293238549
ac709e7a55b7,W4294992138
ac709e7a55b7,W4295365517
ac709e7a55b7,W4298285838
ac709e7a55b7,W4300787522
ac709e7a55b7,W4304206097
ac709e7a55b7,W4306760819
ac709e7a55b7,W4309422477
ac709e7a55b7,W4311319835
ac709e7a55b7,W4312383785
ac709e7a55b7,W4313453265
ac709e7a55b7,W4318318171
ac709e7a55b7,W4318701109
ac709e7a55b7,W4320514278
ac709e7a55b7,W4328112961
ac709e7a55b7,W4360950952
ac709e7a55b7,W4362661328
ac709e7a55b7,W4375950824
ac709e7a55b7,W4377140238
ac709e7a55b7,W4380486983
ac709e7a55b7,W4381164400
ac709e7a55b7,W4382790122
ac709e7a55b7,W4383619883
ac709e7a55b7,W4383755531
ac709e7a55b7,W4384697280
ac709e7a55b7,W4386022555
ac709e7a55b7,W4386592166
ac709e7a55b7,W4386592853
ac709e7a55b7,W4386790393
ac709e7a55b7,W4387308619
ac709e7a55b7,W4387330488
ac709e7a55b7,W4387766054
ac709e7a55b7,W4387860274
ac709e7a55b7,W4388178500
ac709e7a55b7,W4388230864
ac709e7a55b7,W4388671113
ac709e7a55b7,W4388672531
ac709e7a55b7,W4388734583
ac709e7a55b7,W4388849997
ac709e7a55b7,W4389509013
ac709e7a55b7,W4389779456
ac709e7a55b7,W4390745701
ac709e7a55b7,W4391826351
ac709e7a55b7,W4391880064
ac709e7a55b7,W4392564139
ac709e7a55b7,W4392702235
ac709e7a55b7,W4393163518
ac709e7a55b7,W4394571197
ac709e7a55b7,W4394645690
ac709e7a55b7,W4394860986
ac709e7a55b7,W4396789911
ac709e7a55b7,W4399327050
ac709e7a55b7,W4399441689
ac709e7a55b7,W4400007599
ac709e7a55b7,W4400409923
ac709e7a55b7,W4400410784
ac709e7a55b7,W4400873950
ac709e7a55b7,W4400884369
ac709e7a55b7,W4400918863
ac709e7a55b7,W4401987269
ac709e7a55b7,W4402941332
ac709e7a55b7,W4403779655
ac709e7a55b7,W4404007105
ac709e7a55b7,W4404087091
ac709e7a55b7,W4404270985
ac709e7a55b7,W4404567963
ac709e7a55b7,W4404670220
ac709e7a55b7,W4404735808
ac709e7a55b7,W4405604329
ac709e7a55b7,W4405862497
ac709e7a55b7,W4406467466
ac709e7a55b7,W4406932060
ac709e7a55b7,W4406946826
ac709e7a55b7,W4407031278
ac709e7a55b7,W4407779358
ac709e7a55b7,W4408295865
ac709e7a55b7,W4409301391
ac709e7a55b7,W4409301476
ac709e7a55b7,W4409301519
ac709e7a55b7,W4409302951
ac709e7a55b7,W4409588732
ac709e7a55b7,W4409626060
ac709e7a55b7,W4409646987
ac709e7a55b7,W4409658354
ac709e7a55b7,W4409668313
ac709e7a55b7,W4409670043
ac709e7a55b7,W4409672780
ac709e7a55b7,W4409725774
ac709e7a55b7,W4409946082
ac709e7a55b7,W4410360196
ac709e7a55b7,W4411195402
ac709e7a55b7,W4411207123
ac709e7a55b7,W4411208437
ac709e7a55b7,W4411447733
ac709e7a55b7,W4413102218
ac709e7a55b7,W4414083522
ac709e7a55b7,W4414119248
ac709e7a55b7,W4414181287
ac709e7a55b7,W4414576063
ac709e7a55b7,W4415330601
ac709e7a55b7,W4415404715
ac709e7a55b7,W4415404793
ac709e7a55b7,W4415411035
ac709e7a55b7,W4415417213
ac709e7a55b7,W4415417269
ac709e7a55b7,W4415534745
ac709e7a55b7,W4415844896
ac709e7a55b7,W4416022357
ac709e7a55b7,W4416025956
ac709e7a55b7,W4416155820
ac709e7a55b7,W4416784588
ac709e7a55b7,W4417517391
ac709e7a55b7,W659333657
ac709e7a55b7,W7114995823
ac709e7a55b7,W7154977928
ac709e7a55b7,W7161259685
ac709e7a55b7,W7161553847
ac709e7a55b7,W7162401200
ac709e7a55b7,W7169852508
ac709e7a55b7,W7197020422
ac709e7a55b7,W979762188
ac709e7a55b7,W992551641
acb42c287b77,W2802095289
acb42c287b77,W2889998836
acb42c287b77,W2905511048
acb42c287b77,W2985923507
acb42c287b77,W3043053128
acb42c287b77,W3095814170
acb42c287b77,W3097275762
acb42c287b77,W3104922197
acb42c287b77,W3119229278
acb42c287b77,W3160940400
acb42c287b77,W3163624910
acb42c287b77,W3172392762
acb42c287b77,W3180601131
acb42c287b77,W3187630655
acb42c287b77,W3196626438
acb42c287b77,W3197478138
acb42c287b77,W3197714977
acb42c287b77,W3198924907
acb42c287b77,W4205735344
acb42c287b77,W4237498510
acb42c287b77,W4241517288
acb42c287b77,W4281684275
acb42c287b77,W4281846416
acb42c287b77,W4285091575
acb42c287b77,W4286632955
acb42c287b77,W4293105734
acb42c287b77,W4297223429
acb42c287b77,W4320038879
acb42c287b77,W4362015127
acb42c287b77,W4362589155
acb42c287b77,W4386242499
acb42c287b77,W4392918990
acb42c287b77,W4394714357
acb42c287b77,W4394786379
acb42c287b77,W4400679738
acb42c287b77,W4401173997
acb42c287b77,W4402441701
acb42c287b77,W4403007432
acb42c287b77,W4408323395
acb42c287b77,W4408737230
acb42c287b77,W4409185140
acb42c287b77,W4409235693
acb42c287b77,W4416959060
acb42c287b77,W7110464478
acb42c287b77,W7128947342
acb42c287b77,W7129186875
acb42c287b77,W7135201638
acb42c287b77,W7136862808
acb42c287b77,W7139353982
acb42c287b77,W7141068121
acb42c287b77,W7153957694
acb42c287b77,W7160476302
acb42c287b77,W7160507157
acb42c287b77,W7160575396
acb42c287b77,W7160586984
acb42c287b77,W7160733792
acb42c287b77,W7160734096
acb42c287b77,W7160744692
acb42c287b77,W7160745982
acb42c287b77,W7162896052
acb42c287b77,W7167806118
acb42c287b77,W7167984390
acb42c287b77,W7168057847
acb42c287b77,W7168060583
acb42c287b77,W7168067256
ad26024e6c45,W1481712378
ad26024e6c45,W1488018838
ad26024e6c45,W1597547087
ad26024e6c45,W1869875833
ad26024e6c45,W1968893695
ad26024e6c45,W1974772992
ad26024e6c45,W1980775080
ad26024e6c45,W1992819304
ad26024e6c45,W1994582952
ad26024e6c45,W1995832380
ad26024e6c45,W2002347314
ad26024e6c45,W2004841833
ad26024e6c45,W2031029918
ad26024e6c45,W2035393921
ad26024e6c45,W2036492527
ad26024e6c45,W2043054080
ad26024e6c45,W2045647630
ad26024e6c45,W2049158879
ad26024e6c45,W2067707414
ad26024e6c45,W2076946206
ad26024e6c45,W2081462888
ad26024e6c45,W2081668429
ad26024e6c45,W2089469367
ad26024e6c45,W2115280043
ad26024e6c45,W2181343653
ad26024e6c45,W2185991258
ad26024e6c45,W2188218292
ad26024e6c45,W2277999916
ad26024e6c45,W2302969499
ad26024e6c45,W2312190738
ad26024e6c45,W2330492546
ad26024e6c45,W2394888379
ad26024e6c45,W2396995660
ad26024e6c45,W2507251664
ad26024e6c45,W2513117595
ad26024e6c45,W2526592613
ad26024e6c45,W2620021488
ad26024e6c45,W2755028179
ad26024e6c45,W2804532555
ad26024e6c45,W2906660349
ad26024e6c45,W2922519690
ad26024e6c45,W2949207802
ad26024e6c45,W2953094720
ad26024e6c45,W2966571243
ad26024e6c45,W2992517105
ad26024e6c45,W2997651305
ad26024e6c45,W3002093970
ad26024e6c45,W3011727854
ad26024e6c45,W3035030042
ad26024e6c45,W3037771509
ad26024e6c45,W3084011189
ad26024e6c45,W3117301624
ad26024e6c45,W3126413699
ad26024e6c45,W3127111222
ad26024e6c45,W3128465440
ad26024e6c45,W3133093698
ad26024e6c45,W3146499950
ad26024e6c45,W3161774031
ad26024e6c45,W3180271055
ad26024e6c45,W3180768277
ad26024e6c45,W3181492826
ad26024e6c45,W3182758067
ad26024e6c45,W3184922642
ad26024e6c45,W3196768111
ad26024e6c45,W4200257556
ad26024e6c45,W4223569740
ad26024e6c45,W4223657975
ad26024e6c45,W4237544780
ad26024e6c45,W4281687438
ad26024e6c45,W4288045162
ad26024e6c45,W4290697826
ad26024e6c45,W4296733385
ad26024e6c45,W4299789105
ad26024e6c45,W4308111909
ad26024e6c45,W4309627200
ad26024e6c45,W4324138015
ad26024e6c45,W4327850361
ad26024e6c45,W4327850423
ad26024e6c45,W4328117123
ad26024e6c45,W4353043865
ad26024e6c45,W4361198066
ad26024e6c45,W4362637639
ad26024e6c45,W4377263956
ad26024e6c45,W4380190826
ad26024e6c45,W4380190965
ad26024e6c45,W4385295332
ad26024e6c45,W4385463512
ad26024e6c45,W4386322676
ad26024e6c45,W4391155204
ad26024e6c45,W4392100349
ad26024e6c45,W4392100360
ad26024e6c45,W4392583581
ad26024e6c45,W4394566463
ad26024e6c45,W4398771959
ad26024e6c45,W4401515227
ad26024e6c45,W4401713925
ad26024e6c45,W4402682298
ad26024e6c45,W4404136218
ad26024e6c45,W4406016275
ad26024e6c45,W4406300727
ad26024e6c45,W4408030800
ad26024e6c45,W4408045028
ad26024e6c45,W4408045144
ad26024e6c45,W4408045313
ad26024e6c45,W4408095706
ad26024e6c45,W4411070166
ad26024e6c45,W4411373853
ad26024e6c45,W4413273662
ad26024e6c45,W4413676434
ad26024e6c45,W4414107623
ad26024e6c45,W4415416458
ad26024e6c45,W4415416634
ad26024e6c45,W4415479842
ad26024e6c45,W4415482887
ad26024e6c45,W4415885323
ad26024e6c45,W4417214774
ad26024e6c45,W7135071234
ad26024e6c45,W7140072437
ad26024e6c45,W7164502085
ad26024e6c45,W7165688298
ad26024e6c45,W865932272
ad26024e6c45,W898723118
adfa59da2ccd,W3003414494
adfa59da2ccd,W3160088219
adfa59da2ccd,W3199117916
adfa59da2ccd,W4200370295
adfa59da2ccd,W4213131350
adfa59da2ccd,W4220777686
adfa59da2ccd,W4231394344
adfa59da2ccd,W4317478842
adfa59da2ccd,W4400965783
adfa59da2ccd,W4403112762
adfa59da2ccd,W4410003322
adfa59da2ccd,W4414776090
adfa59da2ccd,W4414801863
ae880ef7bfb6,W109053134
ae880ef7bfb6,W1538318010
ae880ef7bfb6,W1576290844
ae880ef7bfb6,W1595460264
ae880ef7bfb6,W1788489224
ae880ef7bfb6,W1973536855
ae880ef7bfb6,W1975783750
ae880ef7bfb6,W1978012670
ae880ef7bfb6,W1985620863
ae880ef7bfb6,W1985846070
ae880ef7bfb6,W1993484006
ae880ef7bfb6,W1993732182
ae880ef7bfb6,W1995972947
ae880ef7bfb6,W2034273024
ae880ef7bfb6,W2034936615
ae880ef7bfb6,W2062320652
ae880ef7bfb6,W2064245470
ae880ef7bfb6,W2080110500
ae880ef7bfb6,W2084665677
ae880ef7bfb6,W2094054066
ae880ef7bfb6,W2098507972
ae880ef7bfb6,W2098866906
ae880ef7bfb6,W2105345433
ae880ef7bfb6,W2106685612
ae880ef7bfb6,W2112142979
ae880ef7bfb6,W2116430576
ae880ef7bfb6,W2116504298
ae880ef7bfb6,W2119183758
ae880ef7bfb6,W2127900339
ae880ef7bfb6,W2131954509
ae880ef7bfb6,W2134710647
ae880ef7bfb6,W2141141748
ae880ef7bfb6,W2143482028
ae880ef7bfb6,W2144531828
ae880ef7bfb6,W2145561445
ae880ef7bfb6,W2163233885
ae880ef7bfb6,W2253923481
ae880ef7bfb6,W2271031828
ae880ef7bfb6,W2274252588
ae880ef7bfb6,W2276256652
ae880ef7bfb6,W2283379628
ae880ef7bfb6,W2317403521
ae880ef7bfb6,W2327457108
ae880ef7bfb6,W2338124004
ae880ef7bfb6,W2343016149
ae880ef7bfb6,W2417506759
ae880ef7bfb6,W2438999833
ae880ef7bfb6,W2461949729
ae880ef7bfb6,W2466854657
ae880ef7bfb6,W2488641603
ae880ef7bfb6,W2493873319
ae880ef7bfb6,W2507592882
ae880ef7bfb6,W2508819130
ae880ef7bfb6,W2530563875
ae880ef7bfb6,W2531338142
ae880ef7bfb6,W2541689425
ae880ef7bfb6,W2559363290
ae880ef7bfb6,W2570276620
ae880ef7bfb6,W2586070156
ae880ef7bfb6,W2588453968
ae880ef7bfb6,W2599307500
ae880ef7bfb6,W2610411944
ae880ef7bfb6,W2614764181
ae880ef7bfb6,W2619007166
ae880ef7bfb6,W2623268108
ae880ef7bfb6,W2625914184
ae880ef7bfb6,W2626176996
ae880ef7bfb6,W2731055327
ae880ef7bfb6,W2734047637
ae880ef7bfb6,W2735972279
ae880ef7bfb6,W2737019532
ae880ef7bfb6,W2737988770
ae880ef7bfb6,W2747315159
ae880ef7bfb6,W2750141585
ae880ef7bfb6,W2762364541
ae880ef7bfb6,W2765844465
ae880ef7bfb6,W2776567097
ae880ef7bfb6,W2776627709
ae880ef7bfb6,W2779670150
ae880ef7bfb6,W2782252983
ae880ef7bfb6,W2782711178
ae880ef7bfb6,W2783767091
ae880ef7bfb6,W2784547979
ae880ef7bfb6,W2784682903
ae880ef7bfb6,W2784838195
ae880ef7bfb6,W2786527937
ae880ef7bfb6,W2788661914
ae880ef7bfb6,W2793656805
ae880ef7bfb6,W2796095067
ae880ef7bfb6,W2796487393
ae880ef7bfb6,W2801241057
ae880ef7bfb6,W2803513229
ae880ef7bfb6,W2805929000
ae880ef7bfb6,W2811114800
ae880ef7bfb6,W2898112891
ae880ef7bfb6,W2898184824
ae880ef7bfb6,W2903231159
ae880ef7bfb6,W2908473914
ae880ef7bfb6,W2911719153
ae880ef7bfb6,W2912001386
ae880ef7bfb6,W2914064493
ae880ef7bfb6,W2916545656
ae880ef7bfb6,W2924069533
ae880ef7bfb6,W2926097936
ae880ef7bfb6,W2935069460
ae880ef7bfb6,W2939420974
ae880ef7bfb6,W2940016670
ae880ef7bfb6,W2942152069
ae880ef7bfb6,W2943845189
ae880ef7bfb6,W2945853052
ae880ef7bfb6,W2946985771
ae880ef7bfb6,W2950452582
ae880ef7bfb6,W2950960564
ae880ef7bfb6,W2951503675
ae880ef7bfb6,W2951552329
ae880ef7bfb6,W2951924265
ae880ef7bfb6,W2952652400
ae880ef7bfb6,W2952699866
ae880ef7bfb6,W2953044843
ae880ef7bfb6,W2954061598
ae880ef7bfb6,W2954806335
ae880ef7bfb6,W2955945136
ae880ef7bfb6,W2957009825
ae880ef7bfb6,W2967198175
ae880ef7bfb6,W2971061955
ae880ef7bfb6,W2991056180
ae880ef7bfb6,W3005642768
ae880ef7bfb6,W3006288717
ae880ef7bfb6,W3007808423
ae880ef7bfb6,W3009556930
ae880ef7bfb6,W3011378388
ae880ef7bfb6,W3011863521
ae880ef7bfb6,W3016874953
ae880ef7bfb6,W3034293521
ae880ef7bfb6,W3047542501
ae880ef7bfb6,W3060989339
ae880ef7bfb6,W3080845418
ae880ef7bfb6,W3082211171
ae880ef7bfb6,W3084318201
ae880ef7bfb6,W3087877706
ae880ef7bfb6,W3090719957
ae880ef7bfb6,W3091982063
ae880ef7bfb6,W3092821006
ae880ef7bfb6,W3093255995
ae880ef7bfb6,W3093594221
ae880ef7bfb6,W3096885301
ae880ef7bfb6,W3097607594
ae880ef7bfb6,W3098078169
ae880ef7bfb6,W3098998435
ae880ef7bfb6,W3102878135
ae880ef7bfb6,W3104797785
ae880ef7bfb6,W3107070876
ae880ef7bfb6,W3107416354
ae880ef7bfb6,W3108814416
ae880ef7bfb6,W3119353817
ae880ef7bfb6,W3123717396
ae880ef7bfb6,W3125654823
ae880ef7bfb6,W3129600773
ae880ef7bfb6,W3129883142
ae880ef7bfb6,W3131396636
ae880ef7bfb6,W3132903686
ae880ef7bfb6,W3133200644
ae880ef7bfb6,W3147535420
ae880ef7bfb6,W3158529262
ae880ef7bfb6,W3161371411
ae880ef7bfb6,W3161481128
ae880ef7bfb6,W3161840296
ae880ef7bfb6,W3163116581
ae880ef7bfb6,W3164440872
ae880ef7bfb6,W3164742661
ae880ef7bfb6,W3165689364
ae880ef7bfb6,W3168545690
ae880ef7bfb6,W3169004463
ae880ef7bfb6,W3169080149
ae880ef7bfb6,W3169378567
ae880ef7bfb6,W3169848230
ae880ef7bfb6,W3178845484
ae880ef7bfb6,W3179672148
ae880ef7bfb6,W3184400335
ae880ef7bfb6,W3185145325
ae880ef7bfb6,W3186125997
ae880ef7bfb6,W3189959750
ae880ef7bfb6,W3192716752
ae880ef7bfb6,W3193418467
ae880ef7bfb6,W3197049445
ae880ef7bfb6,W3198265135
ae880ef7bfb6,W3202967728
ae880ef7bfb6,W3203590119
ae880ef7bfb6,W3206507598
ae880ef7bfb6,W3209642529
ae880ef7bfb6,W3210386724
ae880ef7bfb6,W3215185683
ae880ef7bfb6,W3216604588
ae880ef7bfb6,W3217028654
ae880ef7bfb6,W3217695088
ae880ef7bfb6,W4205604390
ae880ef7bfb6,W4212782570
ae880ef7bfb6,W4214514861
ae880ef7bfb6,W4214769069
ae880ef7bfb6,W4214819975
ae880ef7bfb6,W4223902636
ae880ef7bfb6,W4225728324
ae880ef7bfb6,W4226061615
ae880ef7bfb6,W4226504205
ae880ef7bfb6,W4231043989
ae880ef7bfb6,W4232028983
ae880ef7bfb6,W4233000874
ae880ef7bfb6,W4234207818
ae880ef7bfb6,W4234503618
ae880ef7bfb6,W4234925325
ae880ef7bfb6,W4235041641
ae880ef7bfb6,W4235727239
ae880ef7bfb6,W4236190111
ae880ef7bfb6,W4236480041
ae880ef7bfb6,W4237423871
ae880ef7bfb6,W4237554880
ae880ef7bfb6,W4238135114
ae880ef7bfb6,W4238457612
ae880ef7bfb6,W4238684574
ae880ef7bfb6,W4239509695
ae880ef7bfb6,W4239601660
ae880ef7bfb6,W4239750640
ae880ef7bfb6,W4240679180
ae880ef7bfb6,W4241428225
ae880ef7bfb6,W4241895282
ae880ef7bfb6,W4241920389
ae880ef7bfb6,W4242137023
ae880ef7bfb6,W4242699268
ae880ef7bfb6,W4244282506
ae880ef7bfb6,W4245518176
ae880ef7bfb6,W4245561046
ae880ef7bfb6,W4245660325
ae880ef7bfb6,W4245802241
ae880ef7bfb6,W4246982388
ae880ef7bfb6,W4248743973
ae880ef7bfb6,W4249923592
ae880ef7bfb6,W4250845230
ae880ef7bfb6,W4252203010
ae880ef7bfb6,W4252556670
ae880ef7bfb6,W4252942761
ae880ef7bfb6,W4253079298
ae880ef7bfb6,W4253224243
ae880ef7bfb6,W4253725430
ae880ef7bfb6,W4254008268
ae880ef7bfb6,W4254103620
ae880ef7bfb6,W4254609372
ae880ef7bfb6,W4254876783
ae880ef7bfb6,W4255145484
ae880ef7bfb6,W4280488157
ae880ef7bfb6,W4281781433
ae880ef7bfb6,W4281786874
ae880ef7bfb6,W4284677559
ae880ef7bfb6,W4288562507
ae880ef7bfb6,W4288601285
ae880ef7bfb6,W4291710419
ae880ef7bfb6,W4292801170
ae880ef7bfb6,W4292801198
ae880ef7bfb6,W4293859671
ae880ef7bfb6,W4294130761
ae880ef7bfb6,W4296412278
ae880ef7bfb6,W4296732716
ae880ef7bfb6,W4297887281
ae880ef7bfb6,W4297910273
ae880ef7bfb6,W4304783064
ae880ef7bfb6,W4307891591
ae880ef7bfb6,W4308182158
ae880ef7bfb6,W4308485658
ae880ef7bfb6,W4308954836
ae880ef7bfb6,W4309513471
ae880ef7bfb6,W4311948640
ae880ef7bfb6,W4311949537
ae880ef7bfb6,W4312213838
ae880ef7bfb6,W4312588834
ae880ef7bfb6,W4313243921
ae880ef7bfb6,W4313421958
ae880ef7bfb6,W4315745750
ae880ef7bfb6,W4319660924
ae880ef7bfb6,W4323323201
ae880ef7bfb6,W4324018738
ae880ef7bfb6,W4360815554
ae880ef7bfb6,W4362704149
ae880ef7bfb6,W4365455728
ae880ef7bfb6,W4366290788
ae880ef7bfb6,W4367297781
ae880ef7bfb6,W4367312806
ae880ef7bfb6,W4372357528
ae880ef7bfb6,W4376875053
ae880ef7bfb6,W4380153717
ae880ef7bfb6,W4381616548
ae880ef7bfb6,W4383468641
ae880ef7bfb6,W4383908570
ae880ef7bfb6,W4384120653
ae880ef7bfb6,W4385294584
ae880ef7bfb6,W4385331629
ae880ef7bfb6,W4385751831
ae880ef7bfb6,W4386347024
ae880ef7bfb6,W4386998526
ae880ef7bfb6,W4387362935
ae880ef7bfb6,W4387640984
ae880ef7bfb6,W4388734940
ae880ef7bfb6,W4389273063
ae880ef7bfb6,W4389472833
ae880ef7bfb6,W4389489482
ae880ef7bfb6,W4389490978
ae880ef7bfb6,W4389622560
ae880ef7bfb6,W4389702849
ae880ef7bfb6,W4389727397
ae880ef7bfb6,W4389728379
ae880ef7bfb6,W4390049922
ae880ef7bfb6,W4390056996
ae880ef7bfb6,W4390541078
ae880ef7bfb6,W4390541728
ae880ef7bfb6,W4391680667
ae880ef7bfb6,W4391696440
ae880ef7bfb6,W4391847497
ae880ef7bfb6,W4392364529
ae880ef7bfb6,W4392364784
ae880ef7bfb6,W4392388906
ae880ef7bfb6,W4392389163
ae880ef7bfb6,W4392607007
ae880ef7bfb6,W4392720141
ae880ef7bfb6,W4392765341
ae880ef7bfb6,W4393569959
ae880ef7bfb6,W4393581206
ae880ef7bfb6,W4394249242
ae880ef7bfb6,W4394603175
ae880ef7bfb6,W4394603527
ae880ef7bfb6,W4394603613
ae880ef7bfb6,W4394603855
ae880ef7bfb6,W4394998283
ae880ef7bfb6,W4395033919
ae880ef7bfb6,W4399529537
ae880ef7bfb6,W4400512763
ae880ef7bfb6,W4400773360
ae880ef7bfb6,W4400855815
ae880ef7bfb6,W4401156775
ae880ef7bfb6,W4401159479
ae880ef7bfb6,W4401167170
ae880ef7bfb6,W4401657934
ae880ef7bfb6,W4401672287
ae880ef7bfb6,W4401793773
ae880ef7bfb6,W4402411291
ae880ef7bfb6,W4402965761
ae880ef7bfb6,W4402987521
ae880ef7bfb6,W4403102126
ae880ef7bfb6,W4403416257
ae880ef7bfb6,W4403909236
ae880ef7bfb6,W4405194900
ae880ef7bfb6,W4405198309
ae880ef7bfb6,W4406282862
ae880ef7bfb6,W4406283516
ae880ef7bfb6,W4407280532
ae880ef7bfb6,W4407411415
ae880ef7bfb6,W4408788641
ae880ef7bfb6,W4409285124
ae880ef7bfb6,W4409656819
ae880ef7bfb6,W4409986538
ae880ef7bfb6,W4410019110
ae880ef7bfb6,W4410106284
ae880ef7bfb6,W4410332245
ae880ef7bfb6,W4411193346
ae880ef7bfb6,W4412500362
ae880ef7bfb6,W4412676793
ae880ef7bfb6,W4413375289
ae880ef7bfb6,W4414403252
ae880ef7bfb6,W4415458317
ae880ef7bfb6,W4415616297
ae880ef7bfb6,W4417261994
ae880ef7bfb6,W4417303791
ae880ef7bfb6,W4417319743
ae880ef7bfb6,W640519301
ae880ef7bfb6,W642206462
ae880ef7bfb6,W7104836910
ae880ef7bfb6,W7123968567
ae880ef7bfb6,W7128546758
ae880ef7bfb6,W7147077833
ae880ef7bfb6,W7148196972
ae880ef7bfb6,W7162657887
ae880ef7bfb6,W7166513575
ae880ef7bfb6,W7167730267
ae880ef7bfb6,W7170055654
ae880ef7bfb6,W7171640776
ae8c1c4ba221,W7115928087
ae8c1c4ba221,W7115928397
ae8c1c4ba221,W7155511119
ae8c1c4ba221,W7155538805
ae8ce5363f70,W100396944
ae8ce5363f70,W1010104107
ae8ce5363f70,W1201781993
ae8ce5363f70,W125795662
ae8ce5363f70,W138370404
ae8ce5363f70,W151439279
ae8ce5363f70,W152615558
ae8ce5363f70,W1573157319
ae8ce5363f70,W162322381
ae8ce5363f70,W1636039583
ae8ce5363f70,W1642546080
ae8ce5363f70,W1652346472
ae8ce5363f70,W1659338881
ae8ce5363f70,W1660214304
ae8ce5363f70,W1666002369
ae8ce5363f70,W19171974
ae8ce5363f70,W195701152
ae8ce5363f70,W1968053173
ae8ce5363f70,W1969954676
ae8ce5363f70,W1973643198
ae8ce5363f70,W1976041660
ae8ce5363f70,W1984153544
ae8ce5363f70,W2002203218
ae8ce5363f70,W2005958629
ae8ce5363f70,W2010320911
ae8ce5363f70,W2021675008
ae8ce5363f70,W2026686452
ae8ce5363f70,W2026879631
ae8ce5363f70,W2033236398
ae8ce5363f70,W2037365270
ae8ce5363f70,W2042809974
ae8ce5363f70,W2046864089
ae8ce5363f70,W2063305709
ae8ce5363f70,W2066107157
ae8ce5363f70,W207181664
ae8ce5363f70,W2094891268
ae8ce5363f70,W2106043793
ae8ce5363f70,W2153202485
ae8ce5363f70,W2159091578
ae8ce5363f70,W2169393597
ae8ce5363f70,W2171764929
ae8ce5363f70,W2182102546
ae8ce5363f70,W2186967771
ae8ce5363f70,W2214399916
ae8ce5363f70,W2321552794
ae8ce5363f70,W2386650192
ae8ce5363f70,W2421693
ae8ce5363f70,W2510258307
ae8ce5363f70,W2579917617
ae8ce5363f70,W2617325494
ae8ce5363f70,W2734974634
ae8ce5363f70,W2735551474
ae8ce5363f70,W2744056755
ae8ce5363f70,W2765125980
ae8ce5363f70,W2802946423
ae8ce5363f70,W2803599955
ae8ce5363f70,W2810603218
ae8ce5363f70,W2811255135
ae8ce5363f70,W2883481327
ae8ce5363f70,W28841357
ae8ce5363f70,W2953096645
ae8ce5363f70,W2965690085
ae8ce5363f70,W2974893358
ae8ce5363f70,W2990681777
ae8ce5363f70,W299092021
ae8ce5363f70,W2992234326
ae8ce5363f70,W3093443127
ae8ce5363f70,W3107327345
ae8ce5363f70,W3115211558
ae8ce5363f70,W3181418513
ae8ce5363f70,W3204783075
ae8ce5363f70,W3209485720
ae8ce5363f70,W3215045163
ae8ce5363f70,W3216684949
ae8ce5363f70,W360056221
ae8ce5363f70,W366750396
ae8ce5363f70,W4213131350
ae8ce5363f70,W4224006230
ae8ce5363f70,W4226159213
ae8ce5363f70,W4238632279
ae8ce5363f70,W4247636558
ae8ce5363f70,W4253633788
ae8ce5363f70,W4281644379
ae8ce5363f70,W4304165898
ae8ce5363f70,W4308594101
ae8ce5363f70,W4378716213
ae8ce5363f70,W4378804012
ae8ce5363f70,W4379281383
ae8ce5363f70,W4383315684
ae8ce5363f70,W4383822816
ae8ce5363f70,W4385684146
ae8ce5363f70,W4386161736
ae8ce5363f70,W4394853734
ae8ce5363f70,W4406940275
ae8ce5363f70,W4409331328
ae8ce5363f70,W4411411883
ae8ce5363f70,W4414715603
ae8ce5363f70,W4415768351
ae8ce5363f70,W4417479790
ae8ce5363f70,W4417480858
ae8ce5363f70,W59992799
ae8ce5363f70,W70718815
ae8ce5363f70,W7165027268
ae8ce5363f70,W7167800139
ae8ce5363f70,W791048779
ae8ce5363f70,W897021311
ae93d118554a,W2217870514
ae93d118554a,W2805849565
ae93d118554a,W2897154965
ae93d118554a,W2898766207
ae93d118554a,W2922054154
ae93d118554a,W2948991861
ae93d118554a,W3003199453
ae93d118554a,W3037729850
ae93d118554a,W3041582202
ae93d118554a,W3047238742
ae93d118554a,W3081461917
ae93d118554a,W3119997424
ae93d118554a,W3140120868
ae93d118554a,W3157143276
ae93d118554a,W3160772610
ae93d118554a,W3162455771
ae93d118554a,W3162456016
ae93d118554a,W3162480859
ae93d118554a,W3163558054
ae93d118554a,W3198567463
ae93d118554a,W3209417930
ae93d118554a,W4210579756
ae93d118554a,W4213131350
ae93d118554a,W4213275656
ae93d118554a,W4231692050
ae93d118554a,W4238808771
ae93d118554a,W4244400001
ae93d118554a,W4252922341
ae93d118554a,W4253315251
ae93d118554a,W4281688534
ae93d118554a,W4283740996
ae93d118554a,W4288059913
ae93d118554a,W4308738934
ae93d118554a,W4323663849
ae93d118554a,W4393816982
ae93d118554a,W4394037794
ae93d118554a,W4399431353
ae93d118554a,W4410498292
ae93d118554a,W4410607043
ae93d118554a,W4410741173
ae93d118554a,W4417479683
ae93d118554a,W4417480532
aeba181d0d4c,W4400192404
aeba181d0d4c,W4411974579
aeba181d0d4c,W4411974727
aeba181d0d4c,W4412549843
af0ce5126f58,W1759820101
af0ce5126f58,W1963705041
af0ce5126f58,W1976427055
af0ce5126f58,W1995303303
af0ce5126f58,W2006021384
af0ce5126f58,W2007921124
af0ce5126f58,W2034293415
af0ce5126f58,W2048175368
af0ce5126f58,W2078656957
af0ce5126f58,W2102006787
af0ce5126f58,W2111437036
af0ce5126f58,W2115300235
af0ce5126f58,W2117919931
af0ce5126f58,W2120596171
af0ce5126f58,W21227923
af0ce5126f58,W2126926360
af0ce5126f58,W2136873786
af0ce5126f58,W2142295278
af0ce5126f58,W2142551255
af0ce5126f58,W2144738903
af0ce5126f58,W2145746845
af0ce5126f58,W2150000356
af0ce5126f58,W2168441711
af0ce5126f58,W2179193403
af0ce5126f58,W2203370658
af0ce5126f58,W2224526302
af0ce5126f58,W2503656097
af0ce5126f58,W2516900692
af0ce5126f58,W2556271209
af0ce5126f58,W2603525124
af0ce5126f58,W2610566542
af0ce5126f58,W2623852020
af0ce5126f58,W269417480
af0ce5126f58,W2738528690
af0ce5126f58,W2767293049
af0ce5126f58,W2779928338
af0ce5126f58,W2789544870
af0ce5126f58,W2791104300
af0ce5126f58,W2792882963
af0ce5126f58,W2806153971
af0ce5126f58,W2888390895
af0ce5126f58,W2892621102
af0ce5126f58,W2895120890
af0ce5126f58,W2900182857
af0ce5126f58,W2904731192
af0ce5126f58,W2912224545
af0ce5126f58,W2922486638
af0ce5126f58,W2942302757
af0ce5126f58,W2943149023
af0ce5126f58,W2944448174
af0ce5126f58,W2950297787
af0ce5126f58,W2965280173
af0ce5126f58,W2970908566
af0ce5126f58,W2980335628
af0ce5126f58,W2998018906
af0ce5126f58,W3001622208
af0ce5126f58,W3029054291
af0ce5126f58,W3032188542
af0ce5126f58,W3032273725
af0ce5126f58,W3032589803
af0ce5126f58,W3035102272
af0ce5126f58,W3081599118
af0ce5126f58,W3086070462
af0ce5126f58,W3124579172
af0ce5126f58,W3133559233
af0ce5126f58,W3155486367
af0ce5126f58,W3177895241
af0ce5126f58,W3177963017
af0ce5126f58,W3178363170
af0ce5126f58,W3178508490
af0ce5126f58,W4205450163
af0ce5126f58,W4206553036
af0ce5126f58,W4210969477
af0ce5126f58,W4211161999
af0ce5126f58,W4234084289
af0ce5126f58,W4234898500
af0ce5126f58,W4237562915
af0ce5126f58,W4239062522
af0ce5126f58,W4240157744
af0ce5126f58,W4241422713
af0ce5126f58,W4241847725
af0ce5126f58,W4242411637
af0ce5126f58,W4242827901
af0ce5126f58,W4243594489
af0ce5126f58,W4245481217
af0ce5126f58,W4246455424
af0ce5126f58,W4246597116
af0ce5126f58,W4248928575
af0ce5126f58,W4249351506
af0ce5126f58,W4251612347
af0ce5126f58,W4252162325
af0ce5126f58,W4254325705
af0ce5126f58,W4281257332
af0ce5126f58,W4282941304
af0ce5126f58,W4285703638
af0ce5126f58,W4290673608
af0ce5126f58,W4293109528
af0ce5126f58,W4297282555
af0ce5126f58,W4298066998
af0ce5126f58,W4299601563
af0ce5126f58,W4308973203
af0ce5126f58,W4313250088
af0ce5126f58,W4313367925
af0ce5126f58,W4321004473
af0ce5126f58,W4322732754
af0ce5126f58,W4323849248
af0ce5126f58,W4377082874
af0ce5126f58,W4377093467
af0ce5126f58,W4381614842
af0ce5126f58,W4385489762
af0ce5126f58,W4386294019
af0ce5126f58,W4390543193
af0ce5126f58,W4390949950
af0ce5126f58,W4392179725
af0ce5126f58,W4392946229
af0ce5126f58,W4400203716
af0ce5126f58,W4403363886
af0ce5126f58,W4404100247
af0ce5126f58,W4405107400
af0ce5126f58,W4406100806
af0ce5126f58,W4409528852
af0ce5126f58,W4409658733
af0ce5126f58,W4410873798
af0ce5126f58,W4412109902
af0ce5126f58,W4414602953
af0ce5126f58,W4414842941
af0ce5126f58,W7133825387
af0ce5126f58,W7134102264
af0ce5126f58,W7154671033
af0ce5126f58,W7155581234
af0ce5126f58,W7160466139
af0ce5126f58,W7160485835
af0ce5126f58,W7171604077
b081cdafd83e,W4415016378
b081cdafd83e,W4415171886
b081cdafd83e,W7147605194
b081cdafd83e,W7148222872
b0ba7c928436,W1999065259
b0ba7c928436,W2008083621
b0ba7c928436,W2025623350
b0ba7c928436,W2065948098
b0ba7c928436,W2486490747
b0ba7c928436,W2599221873
b0ba7c928436,W2609964665
b0ba7c928436,W2700234017
b0ba7c928436,W2739796888
b0ba7c928436,W2742052073
b0ba7c928436,W2749292054
b0ba7c928436,W2750021132
b0ba7c928436,W2751094403
b0ba7c928436,W2776513784
b0ba7c928436,W2778137552
b0ba7c928436,W2779670743
b0ba7c928436,W2782639871
b0ba7c928436,W2791342919
b0ba7c928436,W2791986385
b0ba7c928436,W2801539405
b0ba7c928436,W2802034636
b0ba7c928436,W2805403322
b0ba7c928436,W2889859132
b0ba7c928436,W2890932764
b0ba7c928436,W2900438395
b0ba7c928436,W2907421330
b0ba7c928436,W2908461264
b0ba7c928436,W2913237068
b0ba7c928436,W2913863364
b0ba7c928436,W2918595871
b0ba7c928436,W2922144968
b0ba7c928436,W2944499929
b0ba7c928436,W2944939328
b0ba7c928436,W2953972916
b0ba7c928436,W2967830661
b0ba7c928436,W2969149837
b0ba7c928436,W2990612329
b0ba7c928436,W2993762455
b0ba7c928436,W3009272704
b0ba7c928436,W3038683067
b0ba7c928436,W3042302955
b0ba7c928436,W3082181017
b0ba7c928436,W3087562182
b0ba7c928436,W3095908967
b0ba7c928436,W3106816037
b0ba7c928436,W3138663804
b0ba7c928436,W3147782710
b0ba7c928436,W3163135173
b0ba7c928436,W3164359839
b0ba7c928436,W3169633354
b0ba7c928436,W3171410023
b0ba7c928436,W3176893740
b0ba7c928436,W3181529014
b0ba7c928436,W3203895267
b0ba7c928436,W4200600962
b0ba7c928436,W4212965768
b0ba7c928436,W4213012730
b0ba7c928436,W4213131350
b0ba7c928436,W4233186854
b0ba7c928436,W4234418447
b0ba7c928436,W4235276193
b0ba7c928436,W4237528249
b0ba7c928436,W4238286039
b0ba7c928436,W4241572082
b0ba7c928436,W4243189915
b0ba7c928436,W4244685999
b0ba7c928436,W4244867737
b0ba7c928436,W4245365903
b0ba7c928436,W4250039194
b0ba7c928436,W4251509598
b0ba7c928436,W4252239468
b0ba7c928436,W4255786564
b0ba7c928436,W4308593370
b0ba7c928436,W4312556396
b0ba7c928436,W4315641315
b0ba7c928436,W4315796871
b0ba7c928436,W4367836084
b0ba7c928436,W4384938832
b0ba7c928436,W4385010982
b0ba7c928436,W4388583843
b0ba7c928436,W4390392088
b0ba7c928436,W4401029118
b0ba7c928436,W4405094689
b0ba7c928436,W4406822714
b0ba7c928436,W4407700432
b0ba7c928436,W4408788233
b0ba7c928436,W4408810633
b0ba7c928436,W4410523027
b0ba7c928436,W4411902126
b0ba7c928436,W4412057463
b0ba7c928436,W4412666079
b0ba7c928436,W4413920485
b0ba7c928436,W4414341611
b0ba7c928436,W4414478557
b0ba7c928436,W4414715803
b0ba7c928436,W4415010306
b0ba7c928436,W4416642041
b0ba7c928436,W4416706336
b0ba7c928436,W4416957104
b0ba7c928436,W7125588586
b0ba7c928436,W7202162815
b0ba7c928436,W7202208375
b27e6f0410ca,W7114769738
b27e6f0410ca,W7114772436
b27e6f0410ca,W7114992721
b27e6f0410ca,W7114996357
b281e3d01ad4,W2955712706
b281e3d01ad4,W3128720562
b281e3d01ad4,W7147605194
b281e3d01ad4,W7148222872
b2bc86e0cd7a,W1163526797
b2bc86e0cd7a,W155349801
b2bc86e0cd7a,W1996572777
b2bc86e0cd7a,W2008125484
b2bc86e0cd7a,W2039386588
b2bc86e0cd7a,W2050875907
b2bc86e0cd7a,W2095111403
b2bc86e0cd7a,W2124715426
b2bc86e0cd7a,W2143442819
b2bc86e0cd7a,W2416392649
b2bc86e0cd7a,W2417067403
b2bc86e0cd7a,W2493661262
b2bc86e0cd7a,W2601691194
b2bc86e0cd7a,W2766234816
b2bc86e0cd7a,W2796366587
b2bc86e0cd7a,W2912195587
b2bc86e0cd7a,W2921393364
b2bc86e0cd7a,W2926826419
b2bc86e0cd7a,W2928298245
b2bc86e0cd7a,W2934509277
b2bc86e0cd7a,W2963999262
b2bc86e0cd7a,W2964903721
b2bc86e0cd7a,W2985343932
b2bc86e0cd7a,W2989969085
b2bc86e0cd7a,W2990416719
b2bc86e0cd7a,W2995361634
b2bc86e0cd7a,W3000546891
b2bc86e0cd7a,W3006749069
b2bc86e0cd7a,W3008675651
b2bc86e0cd7a,W3008827403
b2bc86e0cd7a,W3015685928
b2bc86e0cd7a,W3022147300
b2bc86e0cd7a,W3043629707
b2bc86e0cd7a,W3082016267
b2bc86e0cd7a,W3083347663
b2bc86e0cd7a,W3088032984
b2bc86e0cd7a,W3094102358
b2bc86e0cd7a,W3175846960
b2bc86e0cd7a,W3200302588
b2bc86e0cd7a,W3205191769
b2bc86e0cd7a,W3205898032
b2bc86e0cd7a,W3212547859
b2bc86e0cd7a,W3213733321
b2bc86e0cd7a,W3214836351
b2bc86e0cd7a,W4220863625
b2bc86e0cd7a,W4223469411
b2bc86e0cd7a,W4224053195
b2bc86e0cd7a,W4224101877
b2bc86e0cd7a,W4244099088
b2bc86e0cd7a,W4246161555
b2bc86e0cd7a,W4248582257
b2bc86e0cd7a,W4252451406
b2bc86e0cd7a,W4283157114
b2bc86e0cd7a,W4307049318
b2bc86e0cd7a,W4307683448
b2bc86e0cd7a,W4308024241
b2bc86e0cd7a,W4311954575
b2bc86e0cd7a,W4316194414
b2bc86e0cd7a,W4317426594
b2bc86e0cd7a,W4321102157
b2bc86e0cd7a,W4321369124
b2bc86e0cd7a,W4322707845
b2bc86e0cd7a,W4365810361
b2bc86e0cd7a,W4366776611
b2bc86e0cd7a,W4376636349
b2bc86e0cd7a,W4377220250
b2bc86e0cd7a,W4379522855
b2bc86e0cd7a,W4380364372
b2bc86e0cd7a,W4384936562
b2bc86e0cd7a,W4385737171
b2bc86e0cd7a,W4386304104
b2bc86e0cd7a,W4386544940
b2bc86e0cd7a,W4390699278
b2bc86e0cd7a,W4392704062
b2bc86e0cd7a,W4401871076
b2bc86e0cd7a,W4402148377
b2bc86e0cd7a,W4402589036
b2bc86e0cd7a,W4402940146
b2bc86e0cd7a,W4403173226
b2bc86e0cd7a,W4403558510
b2bc86e0cd7a,W4403659471
b2bc86e0cd7a,W4407075807
b2bc86e0cd7a,W4407099097
b2bc86e0cd7a,W4408664521
b2bc86e0cd7a,W4409404475
b2bc86e0cd7a,W4409682620
b2bc86e0cd7a,W4410484324
b2bc86e0cd7a,W4410556286
b2bc86e0cd7a,W4411045918
b2bc86e0cd7a,W4411192758
b2bc86e0cd7a,W4411197944
b2bc86e0cd7a,W4411198150
b2bc86e0cd7a,W4411198881
b2bc86e0cd7a,W4411199201
b2bc86e0cd7a,W4411199397
b2bc86e0cd7a,W4412353590
b2bc86e0cd7a,W4413370534
b2bc86e0cd7a,W4414144986
b2bc86e0cd7a,W4415397113
b2bc86e0cd7a,W4416853009
b2bc86e0cd7a,W4417073425
b2bc86e0cd7a,W4417136152
b2bc86e0cd7a,W4417241094
b2bc86e0cd7a,W4417524937
b2bc86e0cd7a,W7117554782
b2bc86e0cd7a,W7125409018
b2bc86e0cd7a,W7127907742
b2bc86e0cd7a,W7128103609
b2bc86e0cd7a,W7130631869
b2bc86e0cd7a,W7135821596
b2bc86e0cd7a,W7136006692
b2bc86e0cd7a,W7140297411
b2bc86e0cd7a,W7147461528
b2bc86e0cd7a,W7149225749
b2bc86e0cd7a,W7160755235
b2bc86e0cd7a,W7161276382
b2bc86e0cd7a,W7161491586
b2bc86e0cd7a,W7164812124
b2bc86e0cd7a,W7167369375
b2bc86e0cd7a,W7167483500
b2bc86e0cd7a,W7168427747
b2bc86e0cd7a,W7170285393
b2bc86e0cd7a,W7171369513
b2bc86e0cd7a,W781357294
b364758d9a2f,W2950891741
b364758d9a2f,W3092777257
b364758d9a2f,W3157001767
b364758d9a2f,W3160195574
b364758d9a2f,W3172392762
b364758d9a2f,W3187630655
b364758d9a2f,W3198223862
b364758d9a2f,W3198909097
b364758d9a2f,W3202541535
b364758d9a2f,W3206833423
b364758d9a2f,W4213131350
b364758d9a2f,W4226504205
b364758d9a2f,W4237498510
b364758d9a2f,W4241517288
b364758d9a2f,W4252556670
b364758d9a2f,W4254954303
b364758d9a2f,W4281684275
b364758d9a2f,W4281846416
b364758d9a2f,W4283157114
b364758d9a2f,W4286492013
b364758d9a2f,W4286870253
b364758d9a2f,W4289536351
b364758d9a2f,W4293105734
b364758d9a2f,W4294170365
b364758d9a2f,W4297223429
b364758d9a2f,W4297888181
b364758d9a2f,W4304165929
b364758d9a2f,W4307683448
b364758d9a2f,W4313891961
b364758d9a2f,W4320038879
b364758d9a2f,W4322707845
b364758d9a2f,W4365810361
b364758d9a2f,W4376140864
b364758d9a2f,W4376875053
b364758d9a2f,W4378676334
b364758d9a2f,W4383908570
b364758d9a2f,W4385240232
b364758d9a2f,W4386944244
b364758d9a2f,W4388431046
b364758d9a2f,W4389670743
b364758d9a2f,W4401493806
b364758d9a2f,W4403303889
b364758d9a2f,W4403963111
b364758d9a2f,W4405003268
b364758d9a2f,W4405003353
b364758d9a2f,W4405543766
b364758d9a2f,W4406450953
b364758d9a2f,W4407075807
b364758d9a2f,W4407099097
b364758d9a2f,W4407255585
b364758d9a2f,W4407294201
b364758d9a2f,W4408323395
b364758d9a2f,W4408346894
b364758d9a2f,W4408737230
b364758d9a2f,W4410456442
b364758d9a2f,W4410778770
b364758d9a2f,W4411120398
b364758d9a2f,W4411121322
b364758d9a2f,W4411307897
b364758d9a2f,W4411988369
b364758d9a2f,W4412456775
b364758d9a2f,W4412458526
b364758d9a2f,W4413648220
b364758d9a2f,W4414124968
b364758d9a2f,W4415397113
b364758d9a2f,W4415400438
b364758d9a2f,W4415630324
b364758d9a2f,W4415693714
b364758d9a2f,W4415699428
b364758d9a2f,W7149225749
b364758d9a2f,W7152974630
b364758d9a2f,W7163164447
b364758d9a2f,W7164055179
b3804fd87ee6,W3046407793
b3804fd87ee6,W3198880077
b3804fd87ee6,W4213131350
b3804fd87ee6,W4282958812
b3804fd87ee6,W4376140864
b3804fd87ee6,W4394714357
b3804fd87ee6,W4402441701
b3804fd87ee6,W4403303889
b3804fd87ee6,W4409185140
b3804fd87ee6,W4416959060
b3804fd87ee6,W7135201638
b3804fd87ee6,W7136862808
b3804fd87ee6,W7139353982
b3804fd87ee6,W7153957694
b3804fd87ee6,W7154486327
b4ca225bac19,W1512357521
b4ca225bac19,W1542973676
b4ca225bac19,W1586677601
b4ca225bac19,W1820128189
b4ca225bac19,W1821096746
b4ca225bac19,W1942354688
b4ca225bac19,W2054821327
b4ca225bac19,W2073180153
b4ca225bac19,W2135561638
b4ca225bac19,W2139036624
b4ca225bac19,W2163628674
b4ca225bac19,W2177914791
b4ca225bac19,W2181666682
b4ca225bac19,W2328954027
b4ca225bac19,W2331664261
b4ca225bac19,W2347425469
b4ca225bac19,W2358316889
b4ca225bac19,W2374243459
b4ca225bac19,W2377252136
b4ca225bac19,W2379059867
b4ca225bac19,W2399219597
b4ca225bac19,W2463096352
b4ca225bac19,W2478364699
b4ca225bac19,W2482943039
b4ca225bac19,W2548581897
b4ca225bac19,W2555089132
b4ca225bac19,W2555604096
b4ca225bac19,W2557394481
b4ca225bac19,W2582641160
b4ca225bac19,W2585099324
b4ca225bac19,W2587338487
b4ca225bac19,W2588257873
b4ca225bac19,W2589073805
b4ca225bac19,W2591009932
b4ca225bac19,W2592647227
b4ca225bac19,W2593950640
b4ca225bac19,W2597799885
b4ca225bac19,W2598342296
b4ca225bac19,W2604049204
b4ca225bac19,W2604386525
b4ca225bac19,W2610067225
b4ca225bac19,W2617841594
b4ca225bac19,W2622829897
b4ca225bac19,W2712156501
b4ca225bac19,W2724948636
b4ca225bac19,W2727310980
b4ca225bac19,W2727462678
b4ca225bac19,W2727560706
b4ca225bac19,W2731445176
b4ca225bac19,W2731693253
b4ca225bac19,W2732019039
b4ca225bac19,W2742312458
b4ca225bac19,W2743266809
b4ca225bac19,W2753978531
b4ca225bac19,W2761775032
b4ca225bac19,W2763300997
b4ca225bac19,W2769005422
b4ca225bac19,W2772421956
b4ca225bac19,W2780177134
b4ca225bac19,W2783197144
b4ca225bac19,W2783902970
b4ca225bac19,W2790540905
b4ca225bac19,W2791178571
b4ca225bac19,W2792114628
b4ca225bac19,W2801871684
b4ca225bac19,W2807525651
b4ca225bac19,W2810587532
b4ca225bac19,W2883760637
b4ca225bac19,W2886689294
b4ca225bac19,W2895064904
b4ca225bac19,W2899292575
b4ca225bac19,W2901970145
b4ca225bac19,W2913156353
b4ca225bac19,W2945254371
b4ca225bac19,W2955413327
b4ca225bac19,W2971816596
b4ca225bac19,W2982260713
b4ca225bac19,W2982947900
b4ca225bac19,W2996296889
b4ca225bac19,W3012118422
b4ca225bac19,W3013783061
b4ca225bac19,W3014427931
b4ca225bac19,W3021875184
b4ca225bac19,W3025361120
b4ca225bac19,W3029145817
b4ca225bac19,W3032202601
b4ca225bac19,W3042809598
b4ca225bac19,W3043561938
b4ca225bac19,W3045658426
b4ca225bac19,W3096096427
b4ca225bac19,W3117465087
b4ca225bac19,W3118943600
b4ca225bac19,W3122109157
b4ca225bac19,W3122726471
b4ca225bac19,W3124175792
b4ca225bac19,W3129231828
b4ca225bac19,W3139095261
b4ca225bac19,W3141929162
b4ca225bac19,W3151141178
b4ca225bac19,W3154286533
b4ca225bac19,W3166149126
b4ca225bac19,W3168516786
b4ca225bac19,W3177463529
b4ca225bac19,W3187787169
b4ca225bac19,W3192877937
b4ca225bac19,W3196963285
b4ca225bac19,W3202749820
b4ca225bac19,W3215646986
b4ca225bac19,W4200081180
b4ca225bac19,W4200600962
b4ca225bac19,W4205569646
b4ca225bac19,W4206140386
b4ca225bac19,W4206366708
b4ca225bac19,W4212781073
b4ca225bac19,W4212909324
b4ca225bac19,W4212942943
b4ca225bac19,W4213303335
b4ca225bac19,W4213320007
b4ca225bac19,W4213407131
b4ca225bac19,W4220886892
b4ca225bac19,W4224289164
b4ca225bac19,W4236971733
b4ca225bac19,W4240943214
b4ca225bac19,W4243373354
b4ca225bac19,W4243814361
b4ca225bac19,W4245850136
b4ca225bac19,W4255655467
b4ca225bac19,W4285602946
b4ca225bac19,W4289204545
b4ca225bac19,W4289444061
b4ca225bac19,W4290613454
b4ca225bac19,W4290708045
b4ca225bac19,W4291018840
b4ca225bac19,W4293062517
b4ca225bac19,W4293067789
b4ca225bac19,W4293091956
b4ca225bac19,W4293659936
b4ca225bac19,W4297897260
b4ca225bac19,W4306728553
b4ca225bac19,W4310192090
b4ca225bac19,W4312201800
b4ca225bac19,W4313146567
b4ca225bac19,W4313546401
b4ca225bac19,W4318203614
b4ca225bac19,W4318542386
b4ca225bac19,W4318976352
b4ca225bac19,W4319786996
b4ca225bac19,W4320491938
b4ca225bac19,W4360972065
b4ca225bac19,W4362582426
b4ca225bac19,W4376107522
b4ca225bac19,W4379054199
b4ca225bac19,W4379649570
b4ca225bac19,W4383316559
b4ca225bac19,W4384201360
b4ca225bac19,W4385290104
b4ca225bac19,W4385827535
b4ca225bac19,W4386866322
b4ca225bac19,W4388591709
b4ca225bac19,W4389050970
b4ca225bac19,W4389309104
b4ca225bac19,W4389564363
b4ca225bac19,W4389674342
b4ca225bac19,W4389915344
b4ca225bac19,W4390044341
b4ca225bac19,W4390166989
b4ca225bac19,W4390750890
b4ca225bac19,W4391294113
b4ca225bac19,W4393256695
b4ca225bac19,W4394714357
b4ca225bac19,W4394855510
b4ca225bac19,W4396575484
b4ca225bac19,W4398251236
b4ca225bac19,W4399042168
b4ca225bac19,W4399636320
b4ca225bac19,W4400532514
b4ca225bac19,W4401493806
b4ca225bac19,W4402074008
b4ca225bac19,W4402279218
b4ca225bac19,W4402435545
b4ca225bac19,W4402439484
b4ca225bac19,W4402441701
b4ca225bac19,W4402443980
b4ca225bac19,W4403063848
b4ca225bac19,W4403985532
b4ca225bac19,W4404483410
b4ca225bac19,W4405003268
b4ca225bac19,W4405003353
b4ca225bac19,W4405605673
b4ca225bac19,W4405906194
b4ca225bac19,W4406931649
b4ca225bac19,W4406934767
b4ca225bac19,W4407196455
b4ca225bac19,W4407272768
b4ca225bac19,W4407366122
b4ca225bac19,W4407700432
b4ca225bac19,W4407907383
b4ca225bac19,W4408788233
b4ca225bac19,W4408810633
b4ca225bac19,W4409185140
b4ca225bac19,W4410309588
b4ca225bac19,W4410414209
b4ca225bac19,W4410803944
b4ca225bac19,W4411194508
b4ca225bac19,W4411219564
b4ca225bac19,W4412032067
b4ca225bac19,W4412415998
b4ca225bac19,W4413309302
b4ca225bac19,W4414478557
b4ca225bac19,W4414550881
b4ca225bac19,W4416657574
b4ca225bac19,W4416797632
b4ca225bac19,W4416797651
b4ca225bac19,W4416867445
b4ca225bac19,W4416869260
b4ca225bac19,W4416959060
b4ca225bac19,W4417409950
b4ca225bac19,W7117985404
b4ca225bac19,W7118897035
b4ca225bac19,W7135201638
b4ca225bac19,W7136862808
b4ca225bac19,W7139353982
b4ca225bac19,W7147605194
b4ca225bac19,W7148222872
b4ca225bac19,W7153957694
b4ca225bac19,W7154971820
b4ca225bac19,W7159661318
b4ca225bac19,W7161954143
b4ca225bac19,W7162896052
b4ca225bac19,W7163164447
b4ca225bac19,W7163215745
b4ca225bac19,W7163574237
b4ca225bac19,W7163576909
b4ca225bac19,W7163813945
b4ca225bac19,W7164386217
b4ca225bac19,W7165044731
b4ca225bac19,W7165625128
b4ca225bac19,W7165648987
b4ca225bac19,W7165676858
b4ca225bac19,W7165737765
b4ca225bac19,W7166529626
b4ca225bac19,W7167384287
b4ca225bac19,W7167926381
b4ca225bac19,W7168345949
b4ca225bac19,W7196989058
b4ca225bac19,W7202191213
b4eea76f5444,W3112824261
b4eea76f5444,W4220814971
b4eea76f5444,W4226430514
b4eea76f5444,W4408394325
b4eea76f5444,W4411147865
b4eea76f5444,W4413805610
b52141f71f6b,W2957692731
b52141f71f6b,W3155880636
b52141f71f6b,W3173716759
b52141f71f6b,W3180959667
b52141f71f6b,W3208397276
b52141f71f6b,W4205449703
b52141f71f6b,W4213131350
b52141f71f6b,W4213300152
b52141f71f6b,W4226504205
b52141f71f6b,W4285008158
b52141f71f6b,W4292121863
b52141f71f6b,W4293388289
b52141f71f6b,W4311083870
b52141f71f6b,W4376140864
b52141f71f6b,W4376875053
b52141f71f6b,W4382141248
b52141f71f6b,W4386272144
b52141f71f6b,W4389670743
b52141f71f6b,W4394908533
b52141f71f6b,W4403303889
b52141f71f6b,W4405430528
b52141f71f6b,W4411020394
b52141f71f6b,W4414258173
b52141f71f6b,W4415016378
b52141f71f6b,W4415171886
b52141f71f6b,W4416182790
b52141f71f6b,W4417136163
b52141f71f6b,W7135082873
b52141f71f6b,W7135160794
b52141f71f6b,W7135160914
b52141f71f6b,W7135165268
b52141f71f6b,W7148194112
b52141f71f6b,W7160567608
b52141f71f6b,W7160580231
b52141f71f6b,W7163529532
b52141f71f6b,W7163788998
b52141f71f6b,W7163959573
b52141f71f6b,W7166490470
b52141f71f6b,W7167989775
b52141f71f6b,W7171272304
b57e63879003,W1991488379
b57e63879003,W2010776593
b57e63879003,W2012403492
b57e63879003,W2029303571
b57e63879003,W2039617972
b57e63879003,W2073985186
b57e63879003,W2085975450
b57e63879003,W2090446953
b57e63879003,W2113415615
b57e63879003,W2172148141
b57e63879003,W2274978126
b57e63879003,W2340171997
b57e63879003,W2397406344
b57e63879003,W2401405774
b57e63879003,W2416381336
b57e63879003,W2529933696
b57e63879003,W2530609481
b57e63879003,W2531336422
b57e63879003,W2601730945
b57e63879003,W2802237213
b57e63879003,W2806880224
b57e63879003,W3044310095
b57e63879003,W3182164986
b57e63879003,W4200158082
b57e63879003,W4205158352
b57e63879003,W4213298324
b57e63879003,W4224231546
b57e63879003,W4294733219
b57e63879003,W4311369446
b57e63879003,W4317567509
b57e63879003,W4367841566
b57e63879003,W4378676334
b57e63879003,W4385240232
b57e63879003,W4387062935
b57e63879003,W4389144702
b57e63879003,W4390732818
b57e63879003,W4401364432
b57e63879003,W4402580873
b57e63879003,W4402663775
b57e63879003,W4403731711
b57e63879003,W4405430561
b57e63879003,W4405969352
b57e63879003,W4406366181
b57e63879003,W4409051736
b57e63879003,W4409635606
b57e63879003,W4411351188
b57e63879003,W4411351548
b57e63879003,W4414128536
b57e63879003,W45028078
b57e63879003,W7167036203
b57e63879003,W765554756
b633b0db39c0,W2886116955
b633b0db39c0,W2902992392
b633b0db39c0,W3086487600
b633b0db39c0,W3135232457
b633b0db39c0,W3171415111
b633b0db39c0,W3190159862
b633b0db39c0,W3193276337
b633b0db39c0,W3193422987
b633b0db39c0,W3197275315
b633b0db39c0,W3197617376
b633b0db39c0,W3199736440
b633b0db39c0,W3203545902
b633b0db39c0,W4205542284
b633b0db39c0,W4212821694
b633b0db39c0,W4213131350
b633b0db39c0,W4238859670
b633b0db39c0,W4285214517
b633b0db39c0,W4319011391
b633b0db39c0,W4320068278
b633b0db39c0,W4414782775
b727cd8a522e,W3160800314
b727cd8a522e,W3164671835
b727cd8a522e,W3165346383
b727cd8a522e,W4213057102
b727cd8a522e,W4231954071
b727cd8a522e,W4234352689
b727cd8a522e,W4241878353
b727cd8a522e,W4254892875
b727cd8a522e,W4280502349
b727cd8a522e,W4308098780
b727cd8a522e,W4308717606
b727cd8a522e,W4309271250
b727cd8a522e,W4309419400
b727cd8a522e,W4311505193
b727cd8a522e,W4317606081
b727cd8a522e,W4360951713
b727cd8a522e,W4377823420
b727cd8a522e,W4380270337
b727cd8a522e,W4390031490
b727cd8a522e,W4390492591
b727cd8a522e,W4393069393
b727cd8a522e,W4394570443
b727cd8a522e,W4400181966
b727cd8a522e,W4402859104
b727cd8a522e,W4404888195
b727cd8a522e,W4405906245
b727cd8a522e,W4408077044
b727cd8a522e,W4408095706
b727cd8a522e,W4408098610
b727cd8a522e,W4408553663
b727cd8a522e,W4408554330
b727cd8a522e,W4408637055
b727cd8a522e,W4408805753
b727cd8a522e,W4408869636
b727cd8a522e,W4408932588
b727cd8a522e,W4410842768
b727cd8a522e,W4411373853
b727cd8a522e,W4413273662
b727cd8a522e,W4414077548
b727cd8a522e,W4415416458
b727cd8a522e,W4415416634
b727cd8a522e,W4415466667
b727cd8a522e,W4415709977
b727cd8a522e,W4415732816
b727cd8a522e,W4417434573
b727cd8a522e,W7114991564
b727cd8a522e,W7134622264
b727cd8a522e,W7154500647
b727cd8a522e,W7154579184
b727cd8a522e,W7154631130
b727cd8a522e,W7161751780
b727cd8a522e,W7162285716
b727cd8a522e,W7163138564
b727cd8a522e,W7164409955
b727cd8a522e,W7165037500
b727cd8a522e,W7165518093
b727cd8a522e,W7165813170
b727cd8a522e,W7167375988
b727cd8a522e,W7168060451
b727cd8a522e,W7171717066
b727cd8a522e,W7172221814
b7474e83b30d,W148440431
b7474e83b30d,W162691086
b7474e83b30d,W17192516
b7474e83b30d,W2083013420
b7474e83b30d,W2130152679
b7474e83b30d,W2167090617
b7474e83b30d,W2204849244
b7474e83b30d,W2223669558
b7474e83b30d,W226862710
b7474e83b30d,W2339137768
b7474e83b30d,W2346210014
b7474e83b30d,W2402664014
b7474e83b30d,W2403744738
b7474e83b30d,W2410108249
b7474e83b30d,W2474528292
b7474e83b30d,W2482136535
b7474e83b30d,W2513597529
b7474e83b30d,W2529293347
b7474e83b30d,W2560762126
b7474e83b30d,W2561023872
b7474e83b30d,W2586217280
b7474e83b30d,W2597285133
b7474e83b30d,W2612294500
b7474e83b30d,W2612396739
b7474e83b30d,W2615393547
b7474e83b30d,W2619892495
b7474e83b30d,W2749683845
b7474e83b30d,W2756315356
b7474e83b30d,W2768886381
b7474e83b30d,W2786391878
b7474e83b30d,W2802626137
b7474e83b30d,W2811058660
b7474e83b30d,W2893539801
b7474e83b30d,W2906632691
b7474e83b30d,W2917285765
b7474e83b30d,W2926190470
b7474e83b30d,W2940238624
b7474e83b30d,W295349128
b7474e83b30d,W2953699268
b7474e83b30d,W2953985592
b7474e83b30d,W2979678915
b7474e83b30d,W2990853675
b7474e83b30d,W2991427353
b7474e83b30d,W3005118139
b7474e83b30d,W3008243078
b7474e83b30d,W3016817090
b7474e83b30d,W3094622703
b7474e83b30d,W3108679746
b7474e83b30d,W3122913207
b7474e83b30d,W3126119932
b7474e83b30d,W3178201586
b7474e83b30d,W3192963099
b7474e83b30d,W3203780841
b7474e83b30d,W4205513120
b7474e83b30d,W4205686463
b7474e83b30d,W4213131350
b7474e83b30d,W4246153766
b7474e83b30d,W4310251605
b7474e83b30d,W4320004815
b7474e83b30d,W4322732597
b7474e83b30d,W4371784866
b7474e83b30d,W4381888634
b7474e83b30d,W4382562114
b7474e83b30d,W4388496717
b7474e83b30d,W4390917765
b7474e83b30d,W4391110620
b7474e83b30d,W4393411447
b7474e83b30d,W4400113237
b7474e83b30d,W4402923786
b7474e83b30d,W4403735319
b7474e83b30d,W4405063067
b7474e83b30d,W4405396771
b7474e83b30d,W4405509719
b7474e83b30d,W4407725079
b7474e83b30d,W4409453379
b7474e83b30d,W4412897155
b7474e83b30d,W4414153445
b7474e83b30d,W4415946440
b7474e83b30d,W4416706571
b7474e83b30d,W46895673
b7474e83b30d,W7124410798
b7474e83b30d,W7128546758
b7474e83b30d,W7144213734
b7474e83b30d,W7147077833
b7474e83b30d,W7148196972
b7474e83b30d,W7154660019
b7474e83b30d,W7162617372
b7474e83b30d,W7162917542
b7474e83b30d,W7163842287
b7474e83b30d,W7164479763
b7474e83b30d,W7164701134
b7474e83b30d,W7164707065
b7474e83b30d,W7169778763
b7474e83b30d,W7170171860
b7474e83b30d,W7171556166
b7474e83b30d,W7171724802
b7474e83b30d,W7171748945
b7474e83b30d,W7172535500
b7474e83b30d,W75282454
b8a6b36c04e0,W4224922660
b8a6b36c04e0,W4280490792
b8a6b36c04e0,W4295879833
b8a6b36c04e0,W4318914069
b8a6b36c04e0,W4376664029
b8a6b36c04e0,W4377024434
b8a6b36c04e0,W4378214413
b8a6b36c04e0,W4387777960
b8a6b36c04e0,W4393425574
b8a6b36c04e0,W4393434661
b8a6b36c04e0,W4393473214
b8a6b36c04e0,W4393474900
b8a6b36c04e0,W4393479773
b8a6b36c04e0,W4393571308
b8a6b36c04e0,W4393793805
b8a6b36c04e0,W4393881443
b8a6b36c04e0,W4394714357
b8a6b36c04e0,W4399274512
b8a6b36c04e0,W4400682658
b8a6b36c04e0,W4401426726
b8a6b36c04e0,W4402441701
b8a6b36c04e0,W4406981015
b8a6b36c04e0,W4409185130
b8a6b36c04e0,W4409185140
b8a6b36c04e0,W4409185298
b8a6b36c04e0,W4409185308
b8a6b36c04e0,W4409185324
b8a6b36c04e0,W4409257598
b8a6b36c04e0,W4409892463
b8a6b36c04e0,W4415404706
b8a6b36c04e0,W4415404915
b8a6b36c04e0,W4416959060
b8a6b36c04e0,W4417066045
b8a6b36c04e0,W7108327117
b8a6b36c04e0,W7108456257
b8a6b36c04e0,W7124462017
b8a6b36c04e0,W7130732039
b8a6b36c04e0,W7131099897
b8a6b36c04e0,W7135201638
b8a6b36c04e0,W7136862808
b8a6b36c04e0,W7139353982
b8a6b36c04e0,W7139977737
b8a6b36c04e0,W7140085641
b8a6b36c04e0,W7153957694
b8a6b36c04e0,W7162896052
b8a6b36c04e0,W7165388122
b8a6b36c04e0,W7165603179
b8a6b36c04e0,W7167480554
b8a6b36c04e0,W7167767828
b8a6b36c04e0,W7169875222
b8c54104df6d,W4389086458
b8c54104df6d,W7154108911
ba20182d1b9a,W1829139790
ba20182d1b9a,W2400800993
ba20182d1b9a,W2408018224
ba20182d1b9a,W2411491815
ba20182d1b9a,W2412860274
ba20182d1b9a,W2799291054
ba20182d1b9a,W2799605134
ba20182d1b9a,W2802008209
ba20182d1b9a,W2802344422
ba20182d1b9a,W2947172726
ba20182d1b9a,W3028082536
ba20182d1b9a,W3088469997
ba20182d1b9a,W3092731642
ba20182d1b9a,W3093225971
ba20182d1b9a,W3095671467
ba20182d1b9a,W3116841679
ba20182d1b9a,W3122530553
ba20182d1b9a,W3123103147
ba20182d1b9a,W3153452560
ba20182d1b9a,W3162622898
ba20182d1b9a,W3171376696
ba20182d1b9a,W3201596751
ba20182d1b9a,W3212041484
ba20182d1b9a,W4207035340
ba20182d1b9a,W4213131350
ba20182d1b9a,W4226069694
ba20182d1b9a,W4226504205
ba20182d1b9a,W4231394344
ba20182d1b9a,W4283157114
ba20182d1b9a,W4297965219
ba20182d1b9a,W4322628961
ba20182d1b9a,W4322707845
ba20182d1b9a,W4367325846
ba20182d1b9a,W4376140864
ba20182d1b9a,W4376875053
ba20182d1b9a,W4378676334
ba20182d1b9a,W4381330892
ba20182d1b9a,W4385240232
ba20182d1b9a,W4386640656
ba20182d1b9a,W4387777960
ba20182d1b9a,W4388198763
ba20182d1b9a,W4388529541
ba20182d1b9a,W4393256695
ba20182d1b9a,W4394580101
ba20182d1b9a,W4394714357
ba20182d1b9a,W4395682917
ba20182d1b9a,W4401493806
ba20182d1b9a,W4402321290
ba20182d1b9a,W4402441701
ba20182d1b9a,W4403303889
ba20182d1b9a,W4404739469
ba20182d1b9a,W4405003268
ba20182d1b9a,W4405003353
ba20182d1b9a,W4406981015
ba20182d1b9a,W4407075807
ba20182d1b9a,W4407099097
ba20182d1b9a,W4407978042
ba20182d1b9a,W4409185140
ba20182d1b9a,W4409185298
ba20182d1b9a,W4409257598
ba20182d1b9a,W4409318685
ba20182d1b9a,W4409678424
ba20182d1b9a,W4409678533
ba20182d1b9a,W4409679012
ba20182d1b9a,W4409757948
ba20182d1b9a,W4411440402
ba20182d1b9a,W4412157597
ba20182d1b9a,W4412157600
ba20182d1b9a,W4412158469
ba20182d1b9a,W4412464884
ba20182d1b9a,W4412471930
ba20182d1b9a,W4413208703
ba20182d1b9a,W4413426007
ba20182d1b9a,W4414241261
ba20182d1b9a,W4414971263
ba20182d1b9a,W4414977519
ba20182d1b9a,W4414977786
ba20182d1b9a,W4415165201
ba20182d1b9a,W4415165206
ba20182d1b9a,W4415165311
ba20182d1b9a,W4415397113
ba20182d1b9a,W4415404706
ba20182d1b9a,W4415404915
ba20182d1b9a,W4415623193
ba20182d1b9a,W4415634192
ba20182d1b9a,W4416625886
ba20182d1b9a,W4416654179
ba20182d1b9a,W4416959060
ba20182d1b9a,W7116082207
ba20182d1b9a,W7119507730
ba20182d1b9a,W7124753949
ba20182d1b9a,W7128294157
ba20182d1b9a,W7134143940
ba20182d1b9a,W7134198380
ba20182d1b9a,W7134875343
ba20182d1b9a,W7136006692
ba20182d1b9a,W7149225749
ba20182d1b9a,W7154668908
ba20182d1b9a,W7161219453
ba20182d1b9a,W7162471387
ba20182d1b9a,W7162697370
ba20182d1b9a,W7165370565
ba20182d1b9a,W7169528866
ba20182d1b9a,W7202216464
ba344e0c8857,W3206024191
ba344e0c8857,W4213131350
ba344e0c8857,W4361290452
ba344e0c8857,W4386120795
ba344e0c8857,W4387666329
ba344e0c8857,W4396688355
ba344e0c8857,W4407034522
ba344e0c8857,W50974265
ba344e0c8857,W7127119258
ba344e0c8857,W7142576674
ba344e0c8857,W7142579238
ba344e0c8857,W7143267982
ba344e0c8857,W7143275001
bac5d58833ad,W3034671252
bac5d58833ad,W3202261316
bac5d58833ad,W4313816026
bac5d58833ad,W4383755041
bac5d58833ad,W4383818268
bac5d58833ad,W4383876507
bac5d58833ad,W4392199274
bac5d58833ad,W4396733921
bac5d58833ad,W4402698859
bb20517e5fc0,W1018696387
bb20517e5fc0,W1128985991
bb20517e5fc0,W1169606113
bb20517e5fc0,W143297080
bb20517e5fc0,W1480861955
bb20517e5fc0,W1481424737
bb20517e5fc0,W1488825809
bb20517e5fc0,W1488907839
bb20517e5fc0,W149196436
bb20517e5fc0,W1497195579
bb20517e5fc0,W1499251342
bb20517e5fc0,W1503221665
bb20517e5fc0,W1504229832
bb20517e5fc0,W1509266115
bb20517e5fc0,W152167130
bb20517e5fc0,W1534938464
bb20517e5fc0,W1538406843
bb20517e5fc0,W1541561188
bb20517e5fc0,W1546485619
bb20517e5fc0,W1546489968
bb20517e5fc0,W1552060426
bb20517e5fc0,W156772489
bb20517e5fc0,W1570257117
bb20517e5fc0,W1573083509
bb20517e5fc0,W1578331693
bb20517e5fc0,W1589927591
bb20517e5fc0,W1590738547
bb20517e5fc0,W1595298261
bb20517e5fc0,W1606536015
bb20517e5fc0,W1616414890
bb20517e5fc0,W1631956630
bb20517e5fc0,W1690762725
bb20517e5fc0,W1695540626
bb20517e5fc0,W170180337
bb20517e5fc0,W17710958
bb20517e5fc0,W1815604354
bb20517e5fc0,W1824573468
bb20517e5fc0,W1917765791
bb20517e5fc0,W1936082346
bb20517e5fc0,W1964652883
bb20517e5fc0,W1966501150
bb20517e5fc0,W1976084992
bb20517e5fc0,W1977769425
bb20517e5fc0,W1982809439
bb20517e5fc0,W1991219648
bb20517e5fc0,W1995689736
bb20517e5fc0,W2000088642
bb20517e5fc0,W2007185934
bb20517e5fc0,W200800040
bb20517e5fc0,W2008364704
bb20517e5fc0,W2011954778
bb20517e5fc0,W2014237500
bb20517e5fc0,W2015897777
bb20517e5fc0,W2016327998
bb20517e5fc0,W2020656641
bb20517e5fc0,W2028509583
bb20517e5fc0,W2031679873
bb20517e5fc0,W2032113639
bb20517e5fc0,W2033186822
bb20517e5fc0,W2046296615
bb20517e5fc0,W2051763072
bb20517e5fc0,W2055848231
bb20517e5fc0,W2055890327
bb20517e5fc0,W2068906680
bb20517e5fc0,W2074404446
bb20517e5fc0,W2075367929
bb20517e5fc0,W209667778
bb20517e5fc0,W2099379355
bb20517e5fc0,W2103948822
bb20517e5fc0,W2111789356
bb20517e5fc0,W2113908731
bb20517e5fc0,W2115151885
bb20517e5fc0,W2115684290
bb20517e5fc0,W2116430576
bb20517e5fc0,W2117416263
bb20517e5fc0,W2119222991
bb20517e5fc0,W2128092296
bb20517e5fc0,W2128872811
bb20517e5fc0,W2137348639
bb20517e5fc0,W2137891299
bb20517e5fc0,W21406976
bb20517e5fc0,W2141184901
bb20517e5fc0,W2143808215
bb20517e5fc0,W2150458937
bb20517e5fc0,W2151805046
bb20517e5fc0,W2162670953
bb20517e5fc0,W2167818719
bb20517e5fc0,W2167996
bb20517e5fc0,W2168906511
bb20517e5fc0,W2169669762
bb20517e5fc0,W2171088579
bb20517e5fc0,W2197803301
bb20517e5fc0,W2198942384
bb20517e5fc0,W2201171876
bb20517e5fc0,W2203326530
bb20517e5fc0,W2203637750
bb20517e5fc0,W2206195461
bb20517e5fc0,W2211891975
bb20517e5fc0,W2212504924
bb20517e5fc0,W2216150947
bb20517e5fc0,W2217474599
bb20517e5fc0,W2219725913
bb20517e5fc0,W2223636197
bb20517e5fc0,W2224456426
bb20517e5fc0,W2230560122
bb20517e5fc0,W2234078529
bb20517e5fc0,W2248117845
bb20517e5fc0,W2253076494
bb20517e5fc0,W2254494059
bb20517e5fc0,W2256400069
bb20517e5fc0,W2261105265
bb20517e5fc0,W2271285136
bb20517e5fc0,W2275126896
bb20517e5fc0,W2275567511
bb20517e5fc0,W2275658540
bb20517e5fc0,W2278294910
bb20517e5fc0,W2279788603
bb20517e5fc0,W2280226471
bb20517e5fc0,W2281858671
bb20517e5fc0,W2288278250
bb20517e5fc0,W2294823189
bb20517e5fc0,W2298617455
bb20517e5fc0,W2327459209
bb20517e5fc0,W2330731731
bb20517e5fc0,W2344146642
bb20517e5fc0,W2346643544
bb20517e5fc0,W23810975
bb20517e5fc0,W2429443157
bb20517e5fc0,W2461102815
bb20517e5fc0,W2463127898
bb20517e5fc0,W2463594819
bb20517e5fc0,W2466517000
bb20517e5fc0,W2469523552
bb20517e5fc0,W2472023286
bb20517e5fc0,W2472423288
bb20517e5fc0,W2472736858
bb20517e5fc0,W2472856860
bb20517e5fc0,W2474044485
bb20517e5fc0,W2495181819
bb20517e5fc0,W2510691517
bb20517e5fc0,W2523043610
bb20517e5fc0,W2528338929
bb20517e5fc0,W2529467521
bb20517e5fc0,W2542417
bb20517e5fc0,W2542523584
bb20517e5fc0,W2565165152
bb20517e5fc0,W2590171799
bb20517e5fc0,W2595835124
bb20517e5fc0,W2596263848
bb20517e5fc0,W2602359740
bb20517e5fc0,W2606220922
bb20517e5fc0,W2623824606
bb20517e5fc0,W2736848882
bb20517e5fc0,W2737161416
bb20517e5fc0,W2739029225
bb20517e5fc0,W2775359733
bb20517e5fc0,W2784064212
bb20517e5fc0,W2794258166
bb20517e5fc0,W2897154465
bb20517e5fc0,W2899585607
bb20517e5fc0,W2903956070
bb20517e5fc0,W2906131353
bb20517e5fc0,W2912001386
bb20517e5fc0,W2912600200
bb20517e5fc0,W2934481480
bb20517e5fc0,W2951783116
bb20517e5fc0,W2951954036
bb20517e5fc0,W2985292749
bb20517e5fc0,W2990598151
bb20517e5fc0,W2990728355
bb20517e5fc0,W3014630171
bb20517e5fc0,W3015199316
bb20517e5fc0,W304124828
bb20517e5fc0,W3043366172
bb20517e5fc0,W3066251331
bb20517e5fc0,W3098077963
bb20517e5fc0,W3107957832
bb20517e5fc0,W310991606
bb20517e5fc0,W3111867149
bb20517e5fc0,W3113289489
bb20517e5fc0,W3120201894
bb20517e5fc0,W3120523561
bb20517e5fc0,W3123176136
bb20517e5fc0,W3123874019
bb20517e5fc0,W3162806457
bb20517e5fc0,W3184670438
bb20517e5fc0,W3195683798
bb20517e5fc0,W3203534004
bb20517e5fc0,W320758810
bb20517e5fc0,W3209598256
bb20517e5fc0,W3209839364
bb20517e5fc0,W3217284253
bb20517e5fc0,W32915177
bb20517e5fc0,W350895575
bb20517e5fc0,W374918888
bb20517e5fc0,W381914578
bb20517e5fc0,W404010347
bb20517e5fc0,W4200277500
bb20517e5fc0,W4200463768
bb20517e5fc0,W4206049018
bb20517e5fc0,W4206510230
bb20517e5fc0,W4210541258
bb20517e5fc0,W4210717375
bb20517e5fc0,W4211014154
bb20517e5fc0,W4213234802
bb20517e5fc0,W4213430359
bb20517e5fc0,W4229539798
bb20517e5fc0,W4229580534
bb20517e5fc0,W4229788282
bb20517e5fc0,W4229805339
bb20517e5fc0,W4230212873
bb20517e5fc0,W4230594461
bb20517e5fc0,W4231947089
bb20517e5fc0,W4233019323
bb20517e5fc0,W4233108491
bb20517e5fc0,W4233497587
bb20517e5fc0,W4233552853
bb20517e5fc0,W4233934653
bb20517e5fc0,W4234179320
bb20517e5fc0,W4234371319
bb20517e5fc0,W4234769632
bb20517e5fc0,W4235056355
bb20517e5fc0,W4235122951
bb20517e5fc0,W4235840884
bb20517e5fc0,W4236032275
bb20517e5fc0,W4236106464
bb20517e5fc0,W4236723007
bb20517e5fc0,W4236931166
bb20517e5fc0,W4238535085
bb20517e5fc0,W4239074675
bb20517e5fc0,W4239111443
bb20517e5fc0,W4239795966
bb20517e5fc0,W4240074953
bb20517e5fc0,W4240350362
bb20517e5fc0,W4240874268
bb20517e5fc0,W4241416334
bb20517e5fc0,W424151563
bb20517e5fc0,W4241655851
bb20517e5fc0,W4241929258
bb20517e5fc0,W4241958189
bb20517e5fc0,W4242185467
bb20517e5fc0,W4243604492
bb20517e5fc0,W4244879161
bb20517e5fc0,W4245211612
bb20517e5fc0,W4245304109
bb20517e5fc0,W4245515243
bb20517e5fc0,W4245554897
bb20517e5fc0,W4246169290
bb20517e5fc0,W4246520268
bb20517e5fc0,W4246897790
bb20517e5fc0,W4247523174
bb20517e5fc0,W4247772359
bb20517e5fc0,W4248094903
bb20517e5fc0,W4248590896
bb20517e5fc0,W4248866782
bb20517e5fc0,W4249372955
bb20517e5fc0,W4250492476
bb20517e5fc0,W4251166368
bb20517e5fc0,W4251195881
bb20517e5fc0,W4251261636
bb20517e5fc0,W4251605266
bb20517e5fc0,W4251756208
bb20517e5fc0,W4251984125
bb20517e5fc0,W4252556813
bb20517e5fc0,W4252751026
bb20517e5fc0,W4253016325
bb20517e5fc0,W4253892824
bb20517e5fc0,W4254621738
bb20517e5fc0,W4254796395
bb20517e5fc0,W4255026627
bb20517e5fc0,W4255232417
bb20517e5fc0,W4255357731
bb20517e5fc0,W4255524063
bb20517e5fc0,W4255577984
bb20517e5fc0,W4256284669
bb20517e5fc0,W4256737776
bb20517e5fc0,W4281659450
bb20517e5fc0,W4283075747
bb20517e5fc0,W4285107512
bb20517e5fc0,W4286962329
bb20517e5fc0,W4286962423
bb20517e5fc0,W4288375800
bb20517e5fc0,W4288601285
bb20517e5fc0,W4304892821
bb20517e5fc0,W4307316361
bb20517e5fc0,W4313317849
bb20517e5fc0,W4320854778
bb20517e5fc0,W4320854853
bb20517e5fc0,W4321348378
bb20517e5fc0,W4321456584
bb20517e5fc0,W4362664419
bb20517e5fc0,W4366691842
bb20517e5fc0,W4378464534
bb20517e5fc0,W4378464564
bb20517e5fc0,W4379381864
bb20517e5fc0,W4379382084
bb20517e5fc0,W4379410362
bb20517e5fc0,W4379410523
bb20517e5fc0,W4379410543
bb20517e5fc0,W4379410673
bb20517e5fc0,W4379410961
bb20517e5fc0,W4379411951
bb20517e5fc0,W4379412007
bb20517e5fc0,W4379412009
bb20517e5fc0,W4380267148
bb20517e5fc0,W4382363829
bb20517e5fc0,W4383033871
bb20517e5fc0,W4383115385
bb20517e5fc0,W4383115410
bb20517e5fc0,W4383116178
bb20517e5fc0,W4383116212
bb20517e5fc0,W4383116255
bb20517e5fc0,W4383116316
bb20517e5fc0,W4383116571
bb20517e5fc0,W4383116790
bb20517e5fc0,W4383116803
bb20517e5fc0,W4383116958
bb20517e5fc0,W4383116961
bb20517e5fc0,W4383116965
bb20517e5fc0,W4383116995
bb20517e5fc0,W4383117000
bb20517e5fc0,W4383117042
bb20517e5fc0,W4383117060
bb20517e5fc0,W4383117102
bb20517e5fc0,W4383117505
bb20517e5fc0,W4384830338
bb20517e5fc0,W4384830769
bb20517e5fc0,W4385030755
bb20517e5fc0,W4385455133
bb20517e5fc0,W4385470003
bb20517e5fc0,W4385470096
bb20517e5fc0,W4385470231
bb20517e5fc0,W4385470718
bb20517e5fc0,W4385471015
bb20517e5fc0,W4385471682
bb20517e5fc0,W4385471842
bb20517e5fc0,W4385471845
bb20517e5fc0,W4385472318
bb20517e5fc0,W4386226153
bb20517e5fc0,W4386226262
bb20517e5fc0,W4386230133
bb20517e5fc0,W4386230273
bb20517e5fc0,W4386230306
bb20517e5fc0,W4386230484
bb20517e5fc0,W4386230490
bb20517e5fc0,W4386230667
bb20517e5fc0,W4386231093
bb20517e5fc0,W4386231095
bb20517e5fc0,W4386231775
bb20517e5fc0,W4386232061
bb20517e5fc0,W4386232421
bb20517e5fc0,W4386232561
bb20517e5fc0,W4386233082
bb20517e5fc0,W4386233183
bb20517e5fc0,W4386233366
bb20517e5fc0,W4386233794
bb20517e5fc0,W4386239575
bb20517e5fc0,W4386252366
bb20517e5fc0,W4386262780
bb20517e5fc0,W4386262939
bb20517e5fc0,W4386263135
bb20517e5fc0,W4386263228
bb20517e5fc0,W4386263343
bb20517e5fc0,W4386263404
bb20517e5fc0,W4386263441
bb20517e5fc0,W4386263623
bb20517e5fc0,W4386263911
bb20517e5fc0,W4386264306
bb20517e5fc0,W4386264615
bb20517e5fc0,W4386264638
bb20517e5fc0,W4386264707
bb20517e5fc0,W4386265057
bb20517e5fc0,W4386265318
bb20517e5fc0,W4386265553
bb20517e5fc0,W4386265581
bb20517e5fc0,W4386266268
bb20517e5fc0,W4386266464
bb20517e5fc0,W4386266713
bb20517e5fc0,W4386266773
bb20517e5fc0,W4386266857
bb20517e5fc0,W4386266961
bb20517e5fc0,W4386266972
bb20517e5fc0,W4386266987
bb20517e5fc0,W4386267122
bb20517e5fc0,W4386267188
bb20517e5fc0,W4386267273
bb20517e5fc0,W4386267455
bb20517e5fc0,W4386267526
bb20517e5fc0,W4386267678
bb20517e5fc0,W4386268005
bb20517e5fc0,W4386268148
bb20517e5fc0,W4386268155
bb20517e5fc0,W4386268267
bb20517e5fc0,W4386269880
bb20517e5fc0,W4386277065
bb20517e5fc0,W4386277067
bb20517e5fc0,W4386277180
bb20517e5fc0,W4386277303
bb20517e5fc0,W4386281701
bb20517e5fc0,W4386281711
bb20517e5fc0,W4386281716
bb20517e5fc0,W4386281903
bb20517e5fc0,W4386282329
bb20517e5fc0,W4386301121
bb20517e5fc0,W4386301345
bb20517e5fc0,W4386307049
bb20517e5fc0,W4386312731
bb20517e5fc0,W4386312775
bb20517e5fc0,W4386313421
bb20517e5fc0,W4386313519
bb20517e5fc0,W4386313573
bb20517e5fc0,W4386313806
bb20517e5fc0,W4386314061
bb20517e5fc0,W4386322276
bb20517e5fc0,W4386322435
bb20517e5fc0,W4386322446
bb20517e5fc0,W4386322675
bb20517e5fc0,W4386322854
bb20517e5fc0,W4386322899
bb20517e5fc0,W4386322901
bb20517e5fc0,W4386341138
bb20517e5fc0,W4386341602
bb20517e5fc0,W4386343259
bb20517e5fc0,W4386343550
bb20517e5fc0,W4386343601
bb20517e5fc0,W4386343684
bb20517e5fc0,W4386343685
bb20517e5fc0,W4386343716
bb20517e5fc0,W4386343900
bb20517e5fc0,W4386343947
bb20517e5fc0,W4386344874
bb20517e5fc0,W4386344895
bb20517e5fc0,W4386344929
bb20517e5fc0,W4386344991
bb20517e5fc0,W4386345156
bb20517e5fc0,W4386345213
bb20517e5fc0,W4386345219
bb20517e5fc0,W4386345273
bb20517e5fc0,W4386345282
bb20517e5fc0,W4386345304
bb20517e5fc0,W4386345342
bb20517e5fc0,W4386345344
bb20517e5fc0,W4386345427
bb20517e5fc0,W4386345471
bb20517e5fc0,W4386345476
bb20517e5fc0,W4386345515
bb20517e5fc0,W4386345603
bb20517e5fc0,W4386384247
bb20517e5fc0,W4386384273
bb20517e5fc0,W4386444971
bb20517e5fc0,W4386474429
bb20517e5fc0,W4386474691
bb20517e5fc0,W4386491399
bb20517e5fc0,W4386491405
bb20517e5fc0,W4386491503
bb20517e5fc0,W4386491630
bb20517e5fc0,W4386495343
bb20517e5fc0,W4386503664
bb20517e5fc0,W4386504399
bb20517e5fc0,W4386507673
bb20517e5fc0,W4386508539
bb20517e5fc0,W4386510292
bb20517e5fc0,W4386511093
bb20517e5fc0,W4386512066
bb20517e5fc0,W4386516045
bb20517e5fc0,W4386518546
bb20517e5fc0,W4386522540
bb20517e5fc0,W4386523063
bb20517e5fc0,W4386523187
bb20517e5fc0,W4386526097
bb20517e5fc0,W4386546020
bb20517e5fc0,W4386549762
bb20517e5fc0,W4386549768
bb20517e5fc0,W4386549821
bb20517e5fc0,W4386549900
bb20517e5fc0,W4386550003
bb20517e5fc0,W4386563675
bb20517e5fc0,W4387216413
bb20517e5fc0,W4388431465
bb20517e5fc0,W4388457086
bb20517e5fc0,W4389134994
bb20517e5fc0,W4390805601
bb20517e5fc0,W4391918819
bb20517e5fc0,W4391918820
bb20517e5fc0,W4391918826
bb20517e5fc0,W4391946077
bb20517e5fc0,W4391996841
bb20517e5fc0,W4393083662
bb20517e5fc0,W4393457586
bb20517e5fc0,W4393595221
bb20517e5fc0,W4393636150
bb20517e5fc0,W4393641401
bb20517e5fc0,W4394067632
bb20517e5fc0,W4394074288
bb20517e5fc0,W4394074349
bb20517e5fc0,W4394076443
bb20517e5fc0,W4394078337
bb20517e5fc0,W4394084900
bb20517e5fc0,W4394087163
bb20517e5fc0,W4394088585
bb20517e5fc0,W4394090192
bb20517e5fc0,W4394092442
bb20517e5fc0,W4394092844
bb20517e5fc0,W4394104682
bb20517e5fc0,W4394105508
bb20517e5fc0,W4394107382
bb20517e5fc0,W4394108931
bb20517e5fc0,W4394111423
bb20517e5fc0,W4394117807
bb20517e5fc0,W4394118219
bb20517e5fc0,W4394119116
bb20517e5fc0,W4394119588
bb20517e5fc0,W4394121016
bb20517e5fc0,W4394123643
bb20517e5fc0,W4394126827
bb20517e5fc0,W4394132698
bb20517e5fc0,W4394141308
bb20517e5fc0,W4394145758
bb20517e5fc0,W4394159348
bb20517e5fc0,W4394169196
bb20517e5fc0,W4394169308
bb20517e5fc0,W4394170582
bb20517e5fc0,W4394174686
bb20517e5fc0,W4394178909
bb20517e5fc0,W4394182054
bb20517e5fc0,W4394182218
bb20517e5fc0,W4394200699
bb20517e5fc0,W4394201230
bb20517e5fc0,W4394204609
bb20517e5fc0,W4394208497
bb20517e5fc0,W4394230748
bb20517e5fc0,W4394233062
bb20517e5fc0,W4394236036
bb20517e5fc0,W4394238256
bb20517e5fc0,W4394240357
bb20517e5fc0,W4394241998
bb20517e5fc0,W4394249579
bb20517e5fc0,W4394251437
bb20517e5fc0,W4394252044
bb20517e5fc0,W4394252154
bb20517e5fc0,W4394252237
bb20517e5fc0,W4394258499
bb20517e5fc0,W4394264485
bb20517e5fc0,W4394271835
bb20517e5fc0,W4394273719
bb20517e5fc0,W4394275172
bb20517e5fc0,W4394277447
bb20517e5fc0,W4394278761
bb20517e5fc0,W4394281091
bb20517e5fc0,W4394286923
bb20517e5fc0,W4394290293
bb20517e5fc0,W4394291839
bb20517e5fc0,W4394293448
bb20517e5fc0,W4394294197
bb20517e5fc0,W4394296338
bb20517e5fc0,W4394296973
bb20517e5fc0,W4394297248
bb20517e5fc0,W4394297861
bb20517e5fc0,W4394303622
bb20517e5fc0,W4394307965
bb20517e5fc0,W4394308636
bb20517e5fc0,W4394309412
bb20517e5fc0,W4394320090
bb20517e5fc0,W4394325297
bb20517e5fc0,W4394328532
bb20517e5fc0,W4394331491
bb20517e5fc0,W4394333399
bb20517e5fc0,W4394337499
bb20517e5fc0,W4394338024
bb20517e5fc0,W4394341390
bb20517e5fc0,W4394342942
bb20517e5fc0,W4394350127
bb20517e5fc0,W4394355231
bb20517e5fc0,W4394355616
bb20517e5fc0,W4394364003
bb20517e5fc0,W4394367453
bb20517e5fc0,W4394367892
bb20517e5fc0,W4394370852
bb20517e5fc0,W4394373396
bb20517e5fc0,W4394374810
bb20517e5fc0,W4394375210
bb20517e5fc0,W4394375430
bb20517e5fc0,W4394379652
bb20517e5fc0,W4394380144
bb20517e5fc0,W4394381255
bb20517e5fc0,W4394382032
bb20517e5fc0,W4394382246
bb20517e5fc0,W4394383386
bb20517e5fc0,W4394384790
bb20517e5fc0,W4394390478
bb20517e5fc0,W4394393960
bb20517e5fc0,W4394397706
bb20517e5fc0,W4394398228
bb20517e5fc0,W4394399218
bb20517e5fc0,W4394403178
bb20517e5fc0,W4394407017
bb20517e5fc0,W4394411252
bb20517e5fc0,W4394411449
bb20517e5fc0,W4394414729
bb20517e5fc0,W4394420654
bb20517e5fc0,W4394421294
bb20517e5fc0,W4394423178
bb20517e5fc0,W4394426299
bb20517e5fc0,W4394426511
bb20517e5fc0,W4394426881
bb20517e5fc0,W4394427287
bb20517e5fc0,W4394428260
bb20517e5fc0,W4394430326
bb20517e5fc0,W4394432847
bb20517e5fc0,W4394435462
bb20517e5fc0,W4394436616
bb20517e5fc0,W4394437100
bb20517e5fc0,W4394438612
bb20517e5fc0,W4394440280
bb20517e5fc0,W4394446943
bb20517e5fc0,W4394451193
bb20517e5fc0,W4394453793
bb20517e5fc0,W4394456390
bb20517e5fc0,W4394457279
bb20517e5fc0,W4394458838
bb20517e5fc0,W4394459539
bb20517e5fc0,W4394462768
bb20517e5fc0,W4394466016
bb20517e5fc0,W4394469657
bb20517e5fc0,W4394470265
bb20517e5fc0,W4394474688
bb20517e5fc0,W4394481934
bb20517e5fc0,W4394482323
bb20517e5fc0,W4394489415
bb20517e5fc0,W4394490569
bb20517e5fc0,W4394495488
bb20517e5fc0,W4394499672
bb20517e5fc0,W4394502565
bb20517e5fc0,W4394504339
bb20517e5fc0,W4394504645
bb20517e5fc0,W4394507945
bb20517e5fc0,W4394511337
bb20517e5fc0,W4394514004
bb20517e5fc0,W4394514049
bb20517e5fc0,W4394518563
bb20517e5fc0,W4394523001
bb20517e5fc0,W4394527604
bb20517e5fc0,W4394538643
bb20517e5fc0,W4394539636
bb20517e5fc0,W4394541322
bb20517e5fc0,W4394543089
bb20517e5fc0,W4394543445
bb20517e5fc0,W4394546984
bb20517e5fc0,W4394547219
bb20517e5fc0,W4394547813
bb20517e5fc0,W4394548914
bb20517e5fc0,W4394551044
bb20517e5fc0,W4394552350
bb20517e5fc0,W4394555824
bb20517e5fc0,W4394556636
bb20517e5fc0,W4394561448
bb20517e5fc0,W4399544738
bb20517e5fc0,W4401031382
bb20517e5fc0,W4405680692
bb20517e5fc0,W4406146947
bb20517e5fc0,W4407239126
bb20517e5fc0,W4410240804
bb20517e5fc0,W4412159726
bb20517e5fc0,W4412761918
bb20517e5fc0,W4413690665
bb20517e5fc0,W4415515050
bb20517e5fc0,W4415515553
bb20517e5fc0,W4415515741
bb20517e5fc0,W4416605209
bb20517e5fc0,W4416618086
bb20517e5fc0,W4416618135
bb20517e5fc0,W4416640675
bb20517e5fc0,W4417129660
bb20517e5fc0,W4417129666
bb20517e5fc0,W4417129667
bb20517e5fc0,W4417129673
bb20517e5fc0,W4417129674
bb20517e5fc0,W4417129682
bb20517e5fc0,W4417129683
bb20517e5fc0,W4417129686
bb20517e5fc0,W4417129691
bb20517e5fc0,W4417129696
bb20517e5fc0,W4417129919
bb20517e5fc0,W4417129947
bb20517e5fc0,W4417129950
bb20517e5fc0,W4417129953
bb20517e5fc0,W4417129963
bb20517e5fc0,W4417129968
bb20517e5fc0,W4417129969
bb20517e5fc0,W4417129973
bb20517e5fc0,W4417129974
bb20517e5fc0,W4417129976
bb20517e5fc0,W4417129980
bb20517e5fc0,W4417129981
bb20517e5fc0,W4417129984
bb20517e5fc0,W4417129988
bb20517e5fc0,W4417129989
bb20517e5fc0,W4417129993
bb20517e5fc0,W4417129994
bb20517e5fc0,W4417129999
bb20517e5fc0,W4417130003
bb20517e5fc0,W4417130004
bb20517e5fc0,W4417130005
bb20517e5fc0,W4417130007
bb20517e5fc0,W4417130009
bb20517e5fc0,W4417130027
bb20517e5fc0,W4417130029
bb20517e5fc0,W4417130031
bb20517e5fc0,W4417130046
bb20517e5fc0,W4417130055
bb20517e5fc0,W4417130081
bb20517e5fc0,W4417130085
bb20517e5fc0,W4417130120
bb20517e5fc0,W4417130139
bb20517e5fc0,W4417130143
bb20517e5fc0,W4417130149
bb20517e5fc0,W4417130150
bb20517e5fc0,W4417130155
bb20517e5fc0,W4417130157
bb20517e5fc0,W4417130258
bb20517e5fc0,W4417130261
bb20517e5fc0,W4417130264
bb20517e5fc0,W4417130274
bb20517e5fc0,W4417130281
bb20517e5fc0,W4417130299
bb20517e5fc0,W4417130751
bb20517e5fc0,W4417130760
bb20517e5fc0,W4417130767
bb20517e5fc0,W4417130795
bb20517e5fc0,W4417132985
bb20517e5fc0,W4417132991
bb20517e5fc0,W4417132992
bb20517e5fc0,W4417132993
bb20517e5fc0,W4417132997
bb20517e5fc0,W4417132999
bb20517e5fc0,W4417133000
bb20517e5fc0,W4417133002
bb20517e5fc0,W4417133003
bb20517e5fc0,W4417133004
bb20517e5fc0,W4417133007
bb20517e5fc0,W4417133009
bb20517e5fc0,W4417133022
bb20517e5fc0,W4417133024
bb20517e5fc0,W4417133027
bb20517e5fc0,W4417133028
bb20517e5fc0,W4417133149
bb20517e5fc0,W4417133156
bb20517e5fc0,W4417133170
bb20517e5fc0,W4417133171
bb20517e5fc0,W4417133174
bb20517e5fc0,W4417133299
bb20517e5fc0,W4417133301
bb20517e5fc0,W4417133303
bb20517e5fc0,W4417133320
bb20517e5fc0,W4417133332
bb20517e5fc0,W4417133340
bb20517e5fc0,W4417133342
bb20517e5fc0,W4417133349
bb20517e5fc0,W4417133352
bb20517e5fc0,W4417133354
bb20517e5fc0,W4417133355
bb20517e5fc0,W4417133360
bb20517e5fc0,W4417133366
bb20517e5fc0,W4417133367
bb20517e5fc0,W4417133368
bb20517e5fc0,W4417133370
bb20517e5fc0,W4417133372
bb20517e5fc0,W4417133377
bb20517e5fc0,W4417133380
bb20517e5fc0,W4417133381
bb20517e5fc0,W4417133384
bb20517e5fc0,W4417133390
bb20517e5fc0,W4417133393
bb20517e5fc0,W4417133395
bb20517e5fc0,W4417133399
bb20517e5fc0,W4417133400
bb20517e5fc0,W4417133404
bb20517e5fc0,W4417133419
bb20517e5fc0,W4417133431
bb20517e5fc0,W4417133433
bb20517e5fc0,W4417133436
bb20517e5fc0,W4417133447
bb20517e5fc0,W4417133449
bb20517e5fc0,W4417133467
bb20517e5fc0,W4417133484
bb20517e5fc0,W4417133508
bb20517e5fc0,W4417133512
bb20517e5fc0,W4417133526
bb20517e5fc0,W4417133530
bb20517e5fc0,W4417133539
bb20517e5fc0,W4417133546
bb20517e5fc0,W4417133547
bb20517e5fc0,W4417133688
bb20517e5fc0,W4417133714
bb20517e5fc0,W4417133715
bb20517e5fc0,W4417133718
bb20517e5fc0,W4417133723
bb20517e5fc0,W4417133730
bb20517e5fc0,W4417133733
bb20517e5fc0,W4417133741
bb20517e5fc0,W4417133742
bb20517e5fc0,W4417133743
bb20517e5fc0,W4417134239
bb20517e5fc0,W4417134251
bb20517e5fc0,W4417134253
bb20517e5fc0,W4417134254
bb20517e5fc0,W4417134261
bb20517e5fc0,W4417134321
bb20517e5fc0,W4417134333
bb20517e5fc0,W4417514394
bb20517e5fc0,W4940047
bb20517e5fc0,W565498170
bb20517e5fc0,W567946904
bb20517e5fc0,W574139000
bb20517e5fc0,W586888424
bb20517e5fc0,W591125765
bb20517e5fc0,W649633049
bb20517e5fc0,W65912669
bb20517e5fc0,W659587169
bb20517e5fc0,W6774068
bb20517e5fc0,W7109936764
bb20517e5fc0,W7109937141
bb20517e5fc0,W7109945489
bb20517e5fc0,W7109954680
bb20517e5fc0,W7109960167
bb20517e5fc0,W7109963930
bb20517e5fc0,W7109965827
bb20517e5fc0,W7109982374
bb20517e5fc0,W7109987512
bb20517e5fc0,W7109988737
bb20517e5fc0,W7109989477
bb20517e5fc0,W7109992039
bb20517e5fc0,W7109993174
bb20517e5fc0,W7109996374
bb20517e5fc0,W7109998539
bb20517e5fc0,W7110014218
bb20517e5fc0,W7110026552
bb20517e5fc0,W7110026734
bb20517e5fc0,W7110033103
bb20517e5fc0,W7110045552
bb20517e5fc0,W7110050146
bb20517e5fc0,W7110054940
bb20517e5fc0,W7110068890
bb20517e5fc0,W7110086076
bb20517e5fc0,W7110090576
bb20517e5fc0,W7110110730
bb20517e5fc0,W7110112132
bb20517e5fc0,W7110133842
bb20517e5fc0,W7110137268
bb20517e5fc0,W7110145304
bb20517e5fc0,W7110151924
bb20517e5fc0,W7110166442
bb20517e5fc0,W7110178026
bb20517e5fc0,W7110202494
bb20517e5fc0,W7110214086
bb20517e5fc0,W7110216586
bb20517e5fc0,W7110219070
bb20517e5fc0,W7110225662
bb20517e5fc0,W7110231652
bb20517e5fc0,W7110239566
bb20517e5fc0,W7110242010
bb20517e5fc0,W7110245152
bb20517e5fc0,W7110260446
bb20517e5fc0,W7110265226
bb20517e5fc0,W7110266542
bb20517e5fc0,W7110267286
bb20517e5fc0,W7110274578
bb20517e5fc0,W7110300396
bb20517e5fc0,W7110311818
bb20517e5fc0,W7110338996
bb20517e5fc0,W7110339508
bb20517e5fc0,W7110344052
bb20517e5fc0,W7110344390
bb20517e5fc0,W7110349314
bb20517e5fc0,W7110371554
bb20517e5fc0,W7110385838
bb20517e5fc0,W7110390868
bb20517e5fc0,W7110401190
bb20517e5fc0,W7110404300
bb20517e5fc0,W7110417642
bb20517e5fc0,W7110417830
bb20517e5fc0,W7110418360
bb20517e5fc0,W7110439044
bb20517e5fc0,W7110451042
bb20517e5fc0,W7110454980
bb20517e5fc0,W7167801965
bb20517e5fc0,W7167836626
bb20517e5fc0,W7171958484
bb20517e5fc0,W7171958502
bb20517e5fc0,W7172122722
bb20517e5fc0,W7196957012
bb20517e5fc0,W73257782
bb20517e5fc0,W73870560
bb20517e5fc0,W775035198
bb20517e5fc0,W77897198
bb20517e5fc0,W806828597
bb20517e5fc0,W82422726
bb20517e5fc0,W889415736
bb20517e5fc0,W900470289
bb20517e5fc0,W942348830
bb20517e5fc0,W968594422
bbed368925fe,W3217168354
bbed368925fe,W4308735987
bbed368925fe,W4389751967
bbed368925fe,W4402919550
bbed368925fe,W4408251262
bbed368925fe,W4412107886
bbed368925fe,W7131312848
bc2cb047e4f7,W106595431
bc2cb047e4f7,W127231398
bc2cb047e4f7,W143478266
bc2cb047e4f7,W145360679
bc2cb047e4f7,W1487724379
bc2cb047e4f7,W155514073
bc2cb047e4f7,W171188213
bc2cb047e4f7,W1807035709
bc2cb047e4f7,W1838141113
bc2cb047e4f7,W1965736584
bc2cb047e4f7,W1967784605
bc2cb047e4f7,W1986814651
bc2cb047e4f7,W2003023097
bc2cb047e4f7,W2018368579
bc2cb047e4f7,W2062435070
bc2cb047e4f7,W2116430576
bc2cb047e4f7,W2120375049
bc2cb047e4f7,W2148916226
bc2cb047e4f7,W2197498708
bc2cb047e4f7,W2200107488
bc2cb047e4f7,W2204210747
bc2cb047e4f7,W2210876327
bc2cb047e4f7,W2226633006
bc2cb047e4f7,W2233052050
bc2cb047e4f7,W2258347755
bc2cb047e4f7,W2277793475
bc2cb047e4f7,W2278401035
bc2cb047e4f7,W2279365111
bc2cb047e4f7,W2280124486
bc2cb047e4f7,W2287180093
bc2cb047e4f7,W233189272
bc2cb047e4f7,W24379286
bc2cb047e4f7,W2496471005
bc2cb047e4f7,W2612137810
bc2cb047e4f7,W2613210509
bc2cb047e4f7,W2613830656
bc2cb047e4f7,W2748676379
bc2cb047e4f7,W2760556462
bc2cb047e4f7,W2770811590
bc2cb047e4f7,W2772081337
bc2cb047e4f7,W2903864715
bc2cb047e4f7,W2946434564
bc2cb047e4f7,W2988258804
bc2cb047e4f7,W3124750864
bc2cb047e4f7,W3125298154
bc2cb047e4f7,W3160054238
bc2cb047e4f7,W4213131350
bc2cb047e4f7,W4230863633
bc2cb047e4f7,W4240922415
bc2cb047e4f7,W4252023563
bc2cb047e4f7,W4252144241
bc2cb047e4f7,W4253976753
bc2cb047e4f7,W4254211348
bc2cb047e4f7,W4300839683
bc2cb047e4f7,W4312947460
bc2cb047e4f7,W4313014161
bc2cb047e4f7,W4387252783
bc2cb047e4f7,W4387253090
bc2cb047e4f7,W4387253736
bc2cb047e4f7,W4387273270
bc2cb047e4f7,W4387273272
bc2cb047e4f7,W4387273622
bc2cb047e4f7,W4387274843
bc2cb047e4f7,W4387276261
bc2cb047e4f7,W4387276262
bc2cb047e4f7,W4387276266
bc2cb047e4f7,W4387276271
bc2cb047e4f7,W4387276274
bc2cb047e4f7,W4387276279
bc2cb047e4f7,W4387276295
bc2cb047e4f7,W4387276499
bc2cb047e4f7,W4387276507
bc2cb047e4f7,W4387276518
bc2cb047e4f7,W4387293835
bc2cb047e4f7,W4387320753
bc2cb047e4f7,W4387321010
bc2cb047e4f7,W4387321246
bc2cb047e4f7,W4387325160
bc2cb047e4f7,W4387336524
bc2cb047e4f7,W4387353152
bc2cb047e4f7,W4387359522
bc2cb047e4f7,W4387393568
bc2cb047e4f7,W4387394248
bc2cb047e4f7,W4387399914
bc2cb047e4f7,W4387402466
bc2cb047e4f7,W4387417837
bc2cb047e4f7,W4387418452
bc2cb047e4f7,W4387418680
bc2cb047e4f7,W4387418864
bc2cb047e4f7,W4387419340
bc2cb047e4f7,W4387419427
bc2cb047e4f7,W4387423721
bc2cb047e4f7,W4387423737
bc2cb047e4f7,W4387423890
bc2cb047e4f7,W4387423901
bc2cb047e4f7,W4387423925
bc2cb047e4f7,W4387427088
bc2cb047e4f7,W4387427109
bc2cb047e4f7,W4387430444
bc2cb047e4f7,W4387430486
bc2cb047e4f7,W4387468337
bc2cb047e4f7,W4387468527
bc2cb047e4f7,W4387468536
bc2cb047e4f7,W4387468559
bc2cb047e4f7,W4387468574
bc2cb047e4f7,W4387468582
bc2cb047e4f7,W4387468699
bc2cb047e4f7,W4387469930
bc2cb047e4f7,W4387493908
bc2cb047e4f7,W4387511821
bc2cb047e4f7,W4387551659
bc2cb047e4f7,W4387556797
bc2cb047e4f7,W4387589820
bc2cb047e4f7,W4387589887
bc2cb047e4f7,W4387590739
bc2cb047e4f7,W4387591173
bc2cb047e4f7,W4387591737
bc2cb047e4f7,W4387592426
bc2cb047e4f7,W4387609232
bc2cb047e4f7,W4387612807
bc2cb047e4f7,W4387613868
bc2cb047e4f7,W4387614930
bc2cb047e4f7,W4387615231
bc2cb047e4f7,W4387615582
bc2cb047e4f7,W4387627102
bc2cb047e4f7,W4387627303
bc2cb047e4f7,W4387627550
bc2cb047e4f7,W4387627952
bc2cb047e4f7,W4387628178
bc2cb047e4f7,W4387628196
bc2cb047e4f7,W4387628443
bc2cb047e4f7,W4387628653
bc2cb047e4f7,W4387629054
bc2cb047e4f7,W4387629456
bc2cb047e4f7,W4387631435
bc2cb047e4f7,W4387632023
bc2cb047e4f7,W4387633536
bc2cb047e4f7,W4387641188
bc2cb047e4f7,W4387646663
bc2cb047e4f7,W4387646712
bc2cb047e4f7,W4387646727
bc2cb047e4f7,W4387646747
bc2cb047e4f7,W4387646765
bc2cb047e4f7,W4387646792
bc2cb047e4f7,W4387646806
bc2cb047e4f7,W4387646898
bc2cb047e4f7,W4387646908
bc2cb047e4f7,W4387646961
bc2cb047e4f7,W4387646993
bc2cb047e4f7,W4387647085
bc2cb047e4f7,W4387647104
bc2cb047e4f7,W4387647277
bc2cb047e4f7,W4387647319
bc2cb047e4f7,W4387647352
bc2cb047e4f7,W4387647679
bc2cb047e4f7,W4387657036
bc2cb047e4f7,W4387657045
bc2cb047e4f7,W4387657072
bc2cb047e4f7,W4387657283
bc2cb047e4f7,W4387657856
bc2cb047e4f7,W4387683824
bc2cb047e4f7,W4387683848
bc2cb047e4f7,W4387684268
bc2cb047e4f7,W4387684356
bc2cb047e4f7,W4387685487
bc2cb047e4f7,W4387685741
bc2cb047e4f7,W4387685856
bc2cb047e4f7,W4387685906
bc2cb047e4f7,W4387686079
bc2cb047e4f7,W4387686096
bc2cb047e4f7,W4387686185
bc2cb047e4f7,W4387686195
bc2cb047e4f7,W4388805680
bc2cb047e4f7,W4389193698
bc2cb047e4f7,W4389220164
bc2cb047e4f7,W4390859409
bc2cb047e4f7,W4393433210
bc2cb047e4f7,W4393614980
bc2cb047e4f7,W4394103355
bc2cb047e4f7,W4394104424
bc2cb047e4f7,W4394125028
bc2cb047e4f7,W4394144835
bc2cb047e4f7,W4394251896
bc2cb047e4f7,W4394273297
bc2cb047e4f7,W4394284589
bc2cb047e4f7,W4394292376
bc2cb047e4f7,W4394309673
bc2cb047e4f7,W4394314486
bc2cb047e4f7,W4394341072
bc2cb047e4f7,W4394393301
bc2cb047e4f7,W4394489930
bc2cb047e4f7,W4394546356
bc2cb047e4f7,W4402790820
bc2cb047e4f7,W4403909292
bc2cb047e4f7,W4404468527
bc2cb047e4f7,W4406920237
bc2cb047e4f7,W4411566138
bc2cb047e4f7,W4415420412
bc2cb047e4f7,W4415515051
bc2cb047e4f7,W4415515053
bc2cb047e4f7,W4415515676
bc2cb047e4f7,W4416651188
bc2cb047e4f7,W4416654536
bc2cb047e4f7,W565031188
bc2cb047e4f7,W616823472
bc2cb047e4f7,W630613941
bc2cb047e4f7,W7164511414
bc2cb047e4f7,W7164559521
bc2cb047e4f7,W7168399381
bc2cb047e4f7,W7168404946
bc2cb047e4f7,W774290946
bc2cb047e4f7,W79851063
bc2cb047e4f7,W84500383
bc2cb047e4f7,W903187636
bc2cb047e4f7,W99385455
bca654e0e674,W4406931649
bca654e0e674,W4408468224
bca654e0e674,W4412768918
bca654e0e674,W7157002864
bca654e0e674,W7159867525
bcdd4f59ad3e,W4394766297
bcdd4f59ad3e,W4399779418
bcdd4f59ad3e,W4399812721
bcdd4f59ad3e,W4403231166
bcdd4f59ad3e,W4407351190
bcdd4f59ad3e,W4409110842
bcdd4f59ad3e,W4411310088
bcdd4f59ad3e,W4413957181
bcdd4f59ad3e,W4414132255
bcdd4f59ad3e,W7130931851
bcdd4f59ad3e,W7135110324
bdcb38dc66d9,W2011340509
bdcb38dc66d9,W2011676664
bdcb38dc66d9,W2018472954
bdcb38dc66d9,W2027572311
bdcb38dc66d9,W2031326641
bdcb38dc66d9,W2033382280
bdcb38dc66d9,W2044704865
bdcb38dc66d9,W2092310257
bdcb38dc66d9,W2406313674
bdcb38dc66d9,W2895937611
bdcb38dc66d9,W2950446408
bdcb38dc66d9,W2971437709
bdcb38dc66d9,W3013558886
bdcb38dc66d9,W3024451414
bdcb38dc66d9,W3034323400
bdcb38dc66d9,W3081959533
bdcb38dc66d9,W3128549417
bdcb38dc66d9,W3155735873
bdcb38dc66d9,W3161939856
bdcb38dc66d9,W3162622898
bdcb38dc66d9,W3162766325
bdcb38dc66d9,W3163073003
bdcb38dc66d9,W3164629860
bdcb38dc66d9,W3171721203
bdcb38dc66d9,W3172338761
bdcb38dc66d9,W3174997494
bdcb38dc66d9,W3175935961
bdcb38dc66d9,W3177899555
bdcb38dc66d9,W3183864053
bdcb38dc66d9,W3184559361
bdcb38dc66d9,W3204149987
bdcb38dc66d9,W3207182139
bdcb38dc66d9,W3207976051
bdcb38dc66d9,W3213898304
bdcb38dc66d9,W3215045163
bdcb38dc66d9,W3217061247
bdcb38dc66d9,W4200250592
bdcb38dc66d9,W4212821694
bdcb38dc66d9,W4213131350
bdcb38dc66d9,W4214941607
bdcb38dc66d9,W4220854138
bdcb38dc66d9,W4224006230
bdcb38dc66d9,W4225259000
bdcb38dc66d9,W4226159213
bdcb38dc66d9,W4226219198
bdcb38dc66d9,W4226504205
bdcb38dc66d9,W4231394344
bdcb38dc66d9,W4235670068
bdcb38dc66d9,W4239960724
bdcb38dc66d9,W4242680144
bdcb38dc66d9,W4282930362
bdcb38dc66d9,W4283032064
bdcb38dc66d9,W4283270647
bdcb38dc66d9,W4285012450
bdcb38dc66d9,W4288068457
bdcb38dc66d9,W4288443334
bdcb38dc66d9,W4289238838
bdcb38dc66d9,W4290792215
bdcb38dc66d9,W4293083732
bdcb38dc66d9,W4303622045
bdcb38dc66d9,W4306668574
bdcb38dc66d9,W4308272040
bdcb38dc66d9,W4308594101
bdcb38dc66d9,W4311696882
bdcb38dc66d9,W4312803427
bdcb38dc66d9,W4315748532
bdcb38dc66d9,W4315749007
bdcb38dc66d9,W4315749097
bdcb38dc66d9,W4315749108
bdcb38dc66d9,W4315749132
bdcb38dc66d9,W4315749246
bdcb38dc66d9,W4315817260
bdcb38dc66d9,W4315839256
bdcb38dc66d9,W4316086488
bdcb38dc66d9,W4316086538
bdcb38dc66d9,W4316086740
bdcb38dc66d9,W4318612730
bdcb38dc66d9,W4319011391
bdcb38dc66d9,W4319013621
bdcb38dc66d9,W4320162269
bdcb38dc66d9,W4320164751
bdcb38dc66d9,W4321601178
bdcb38dc66d9,W4322628961
bdcb38dc66d9,W4360613975
bdcb38dc66d9,W4366175278
bdcb38dc66d9,W4376275651
bdcb38dc66d9,W4376875053
bdcb38dc66d9,W4378676334
bdcb38dc66d9,W4382282045
bdcb38dc66d9,W4385067480
bdcb38dc66d9,W4385074717
bdcb38dc66d9,W4385240232
bdcb38dc66d9,W4385503139
bdcb38dc66d9,W4385809704
bdcb38dc66d9,W4386161736
bdcb38dc66d9,W4387022699
bdcb38dc66d9,W4388019966
bdcb38dc66d9,W4388628436
bdcb38dc66d9,W4388768222
bdcb38dc66d9,W4390071350
bdcb38dc66d9,W4390611705
bdcb38dc66d9,W4391300488
bdcb38dc66d9,W4391367695
bdcb38dc66d9,W4391612504
bdcb38dc66d9,W4392500087
bdcb38dc66d9,W4392940496
bdcb38dc66d9,W4399459241
bdcb38dc66d9,W4401606383
bdcb38dc66d9,W4401626035
bdcb38dc66d9,W4401657867
bdcb38dc66d9,W4403952913
bdcb38dc66d9,W4403980927
bdcb38dc66d9,W4404146536
bdcb38dc66d9,W4404193370
bdcb38dc66d9,W4405322363
bdcb38dc66d9,W4407639239
bdcb38dc66d9,W4407678850
bdcb38dc66d9,W4408258851
bdcb38dc66d9,W4408293274
bdcb38dc66d9,W4411930346
bdcb38dc66d9,W4411987866
bdcb38dc66d9,W4412156442
bdcb38dc66d9,W4413360945
bdcb38dc66d9,W4415297778
bdcb38dc66d9,W4415703204
bdcb38dc66d9,W4417066066
bdcb38dc66d9,W7127669815
bdcb38dc66d9,W7128188763
bdcb38dc66d9,W7131642624
bdcb38dc66d9,W7140305331
bdcb38dc66d9,W7141773412
bdcb38dc66d9,W7160501176
bdcb38dc66d9,W7160745767
bdcb38dc66d9,W7161232291
bdcb38dc66d9,W7161596378
bdcb38dc66d9,W7161921043
bdcb38dc66d9,W7161921634
bdcb38dc66d9,W7162832385
bdcb38dc66d9,W7167305509
bdcb38dc66d9,W7167558894
bdcb38dc66d9,W7167755252
bdcb38dc66d9,W7168007515
bdcb38dc66d9,W7168995842
bdcb38dc66d9,W7169752547
bdcb38dc66d9,W7171765820
bdcb38dc66d9,W7196940541
bdebebdf5250,W3083245759
bdebebdf5250,W3198068998
bdebebdf5250,W4213440875
bdebebdf5250,W4285214850
bdebebdf5250,W4292661412
bdebebdf5250,W4376113055
bdebebdf5250,W4395451188
bdebebdf5250,W4407579091
bdebebdf5250,W4412931362
bdebebdf5250,W4412940920
bdebebdf5250,W4412940998
bdebebdf5250,W4415855782
bdebebdf5250,W7171336010
bee49fd4f83a,W2576958843
bee49fd4f83a,W2789229259
bee49fd4f83a,W2903936326
bee49fd4f83a,W2945466803
bee49fd4f83a,W3012959453
bee49fd4f83a,W3047648479
bee49fd4f83a,W3082041981
bee49fd4f83a,W3090712449
bee49fd4f83a,W3093295349
bee49fd4f83a,W3136859428
bee49fd4f83a,W3204514069
bee49fd4f83a,W3213118207
bee49fd4f83a,W4220935930
bee49fd4f83a,W4311814731
bee49fd4f83a,W4312553283
bee49fd4f83a,W4324025836
bee49fd4f83a,W4387167286
bee49fd4f83a,W4402956450
bee49fd4f83a,W4404171370
bee49fd4f83a,W4405003268
bee49fd4f83a,W4405003353
bee49fd4f83a,W4411937686
bee49fd4f83a,W4414260295
bee49fd4f83a,W4417458441
bee49fd4f83a,W7169804270
c0051d40f61a,W2496481530
c0051d40f61a,W2803814273
c0051d40f61a,W4382406389
c0051d40f61a,W4382406406
c0051d40f61a,W4382406430
c0051d40f61a,W4382406450
c0051d40f61a,W4382406638
c0051d40f61a,W4382406699
c0051d40f61a,W4382406738
c0051d40f61a,W4413513111
c0a99002e99f,W2729540535
c0a99002e99f,W2753595995
c0a99002e99f,W2775049708
c0a99002e99f,W2790999494
c0a99002e99f,W2797303080
c0a99002e99f,W2798055326
c0a99002e99f,W2900773032
c0a99002e99f,W2945853052
c0a99002e99f,W2950234968
c0a99002e99f,W2950452582
c0a99002e99f,W2957675093
c0a99002e99f,W2963268861
c0a99002e99f,W2969906826
c0a99002e99f,W3087138371
c0a99002e99f,W3105230094
c0a99002e99f,W3109754591
c0a99002e99f,W3138927052
c0a99002e99f,W3146897676
c0a99002e99f,W3158954956
c0a99002e99f,W3170399634
c0a99002e99f,W3183272204
c0a99002e99f,W3206078230
c0a99002e99f,W3210499488
c0a99002e99f,W3210736067
c0a99002e99f,W3217003953
c0a99002e99f,W3217278918
c0a99002e99f,W4249035067
c0a99002e99f,W4280514394
c0a99002e99f,W4280637863
c0a99002e99f,W4281557086
c0a99002e99f,W4285010024
c0a99002e99f,W4285283753
c0a99002e99f,W4285691191
c0a99002e99f,W4285838207
c0a99002e99f,W4293575630
c0a99002e99f,W4308624219
c0a99002e99f,W4385668034
c0a99002e99f,W4386977832
c0a99002e99f,W4388221614
c0a99002e99f,W4389083927
c0a99002e99f,W4393525558
c0a99002e99f,W4393527223
c0a99002e99f,W4393873166
c0a99002e99f,W4403992586
c0a99002e99f,W4406188209
c0a99002e99f,W4414205654
c0a99002e99f,W4415545165
c0a99002e99f,W7115574734
c0a99002e99f,W7115594132
c0a99002e99f,W7116041165
c0a99002e99f,W7116086923
c0a99002e99f,W7116273467
c0a99002e99f,W7116336905
c0a99002e99f,W7116350240
c0a99002e99f,W7125694004
c0a99002e99f,W7125733087
c0a99002e99f,W7128143867
c0a99002e99f,W7133233122
c0a99002e99f,W7133238668
c0a99002e99f,W7160303449
c0a99002e99f,W7160327207
c0a99002e99f,W7162492936
c0a99002e99f,W7162552424
c0a99002e99f,W7171930925
c0a99002e99f,W7171995481
c0b7677588ae,W2002136250
c0b7677588ae,W2274154148
c0b7677588ae,W2984734242
c0b7677588ae,W4386112957
c0b7677588ae,W4393590571
c0b7677588ae,W4393781356
c0b7677588ae,W4394192875
c0b7677588ae,W4394500818
c0dbf61d34e6,W2527051044
c0dbf61d34e6,W2532251565
c0dbf61d34e6,W2565604112
c0dbf61d34e6,W2567079528
c0dbf61d34e6,W2601990951
c0dbf61d34e6,W2739308896
c0dbf61d34e6,W2751247354
c0dbf61d34e6,W2795789727
c0dbf61d34e6,W2800757385
c0dbf61d34e6,W2811201209
c0dbf61d34e6,W2902829470
c0dbf61d34e6,W2908136144
c0dbf61d34e6,W2966845477
c0dbf61d34e6,W2985166339
c0dbf61d34e6,W2994040368
c0dbf61d34e6,W3000684689
c0dbf61d34e6,W3029175087
c0dbf61d34e6,W3084873017
c0dbf61d34e6,W3085232129
c0dbf61d34e6,W3085858115
c0dbf61d34e6,W3086041422
c0dbf61d34e6,W3087165675
c0dbf61d34e6,W3094205739
c0dbf61d34e6,W3102317121
c0dbf61d34e6,W3114285345
c0dbf61d34e6,W3129791570
c0dbf61d34e6,W3131905150
c0dbf61d34e6,W3138144289
c0dbf61d34e6,W3138990775
c0dbf61d34e6,W3189100180
c0dbf61d34e6,W3195504221
c0dbf61d34e6,W3195711898
c0dbf61d34e6,W3197121388
c0dbf61d34e6,W3197282222
c0dbf61d34e6,W3198335193
c0dbf61d34e6,W3198606645
c0dbf61d34e6,W3206021875
c0dbf61d34e6,W3215226957
c0dbf61d34e6,W4200477387
c0dbf61d34e6,W4200600962
c0dbf61d34e6,W4205159505
c0dbf61d34e6,W4205381246
c0dbf61d34e6,W4206614308
c0dbf61d34e6,W4206932106
c0dbf61d34e6,W4213131350
c0dbf61d34e6,W4223953791
c0dbf61d34e6,W4226504205
c0dbf61d34e6,W4230492782
c0dbf61d34e6,W4231854889
c0dbf61d34e6,W4232126455
c0dbf61d34e6,W4238801290
c0dbf61d34e6,W4242782307
c0dbf61d34e6,W4242949381
c0dbf61d34e6,W4244434222
c0dbf61d34e6,W4245256005
c0dbf61d34e6,W4245964321
c0dbf61d34e6,W4247873335
c0dbf61d34e6,W4250513148
c0dbf61d34e6,W4251129149
c0dbf61d34e6,W4252530789
c0dbf61d34e6,W4255711416
c0dbf61d34e6,W4283015625
c0dbf61d34e6,W4283700982
c0dbf61d34e6,W4285487292
c0dbf61d34e6,W4289850989
c0dbf61d34e6,W4290269314
c0dbf61d34e6,W4292263347
c0dbf61d34e6,W4292814100
c0dbf61d34e6,W4293082049
c0dbf61d34e6,W4295800149
c0dbf61d34e6,W4304165898
c0dbf61d34e6,W4310207713
c0dbf61d34e6,W4310809953
c0dbf61d34e6,W4318022788
c0dbf61d34e6,W4323355219
c0dbf61d34e6,W4328127897
c0dbf61d34e6,W4360939334
c0dbf61d34e6,W4360939367
c0dbf61d34e6,W4360950671
c0dbf61d34e6,W4360950689
c0dbf61d34e6,W4360950706
c0dbf61d34e6,W4360950709
c0dbf61d34e6,W4360950944
c0dbf61d34e6,W4366292783
c0dbf61d34e6,W4376875053
c0dbf61d34e6,W4378716213
c0dbf61d34e6,W4379010534
c0dbf61d34e6,W4384201459
c0dbf61d34e6,W4384938832
c0dbf61d34e6,W4385010982
c0dbf61d34e6,W4387233456
c0dbf61d34e6,W4388200432
c0dbf61d34e6,W4388414460
c0dbf61d34e6,W4391026758
c0dbf61d34e6,W4391138489
c0dbf61d34e6,W4391294113
c0dbf61d34e6,W4391354056
c0dbf61d34e6,W4391471260
c0dbf61d34e6,W4391548211
c0dbf61d34e6,W4391751387
c0dbf61d34e6,W4394714357
c0dbf61d34e6,W4398777118
c0dbf61d34e6,W4399021437
c0dbf61d34e6,W4399370173
c0dbf61d34e6,W4399384623
c0dbf61d34e6,W4400000588
c0dbf61d34e6,W4400558599
c0dbf61d34e6,W4400599049
c0dbf61d34e6,W4400777673
c0dbf61d34e6,W4401053490
c0dbf61d34e6,W4401253644
c0dbf61d34e6,W4401579522
c0dbf61d34e6,W4401748513
c0dbf61d34e6,W4402212858
c0dbf61d34e6,W4402441701
c0dbf61d34e6,W4402506863
c0dbf61d34e6,W4402573206
c0dbf61d34e6,W4402660475
c0dbf61d34e6,W4403063848
c0dbf61d34e6,W4403198838
c0dbf61d34e6,W4403516938
c0dbf61d34e6,W4403589374
c0dbf61d34e6,W4404165660
c0dbf61d34e6,W4404165713
c0dbf61d34e6,W4404422833
c0dbf61d34e6,W4405101170
c0dbf61d34e6,W4405101176
c0dbf61d34e6,W4405101368
c0dbf61d34e6,W4405125907
c0dbf61d34e6,W4405136354
c0dbf61d34e6,W4405137010
c0dbf61d34e6,W4406905980
c0dbf61d34e6,W4406931649
c0dbf61d34e6,W4406940275
c0dbf61d34e6,W4406980305
c0dbf61d34e6,W4407272768
c0dbf61d34e6,W4407700432
c0dbf61d34e6,W4408095706
c0dbf61d34e6,W4408394351
c0dbf61d34e6,W4408788233
c0dbf61d34e6,W4408810633
c0dbf61d34e6,W4408911272
c0dbf61d34e6,W4409141995
c0dbf61d34e6,W4409185140
c0dbf61d34e6,W4409425222
c0dbf61d34e6,W4409893782
c0dbf61d34e6,W4411373853
c0dbf61d34e6,W4411645631
c0dbf61d34e6,W4411830766
c0dbf61d34e6,W4412601653
c0dbf61d34e6,W4412664054
c0dbf61d34e6,W4412768918
c0dbf61d34e6,W4413273662
c0dbf61d34e6,W4413279690
c0dbf61d34e6,W4413805610
c0dbf61d34e6,W4414478557
c0dbf61d34e6,W4415149087
c0dbf61d34e6,W4415407146
c0dbf61d34e6,W4415416458
c0dbf61d34e6,W4415416634
c0dbf61d34e6,W4415546901
c0dbf61d34e6,W4416182790
c0dbf61d34e6,W4416899830
c0dbf61d34e6,W4416899833
c0dbf61d34e6,W4416918840
c0dbf61d34e6,W4416959060
c0dbf61d34e6,W7104836910
c0dbf61d34e6,W7124410798
c0dbf61d34e6,W7128546758
c0dbf61d34e6,W7128684550
c0dbf61d34e6,W7130662360
c0dbf61d34e6,W7131339417
c0dbf61d34e6,W7156356280
c0dbf61d34e6,W7161136092
c0dbf61d34e6,W7161278928
c0dbf61d34e6,W7161528857
c0dbf61d34e6,W7162775604
c0dbf61d34e6,W7163529532
c0dbf61d34e6,W7166267799
c0dbf61d34e6,W7170300439
c0dbf61d34e6,W7172286627
c0dbf61d34e6,W7196989058
c28099cfd1f2,W13069115
c28099cfd1f2,W1488787132
c28099cfd1f2,W1735013697
c28099cfd1f2,W196556257
c28099cfd1f2,W1971540434
c28099cfd1f2,W1975950487
c28099cfd1f2,W1982518229
c28099cfd1f2,W1989604776
c28099cfd1f2,W1991685320
c28099cfd1f2,W1998619964
c28099cfd1f2,W2003349128
c28099cfd1f2,W2003706034
c28099cfd1f2,W2004078975
c28099cfd1f2,W2021548839
c28099cfd1f2,W2035697290
c28099cfd1f2,W2052366901
c28099cfd1f2,W2052394364
c28099cfd1f2,W2058381059
c28099cfd1f2,W2065161980
c28099cfd1f2,W2065259830
c28099cfd1f2,W2065820917
c28099cfd1f2,W2080192128
c28099cfd1f2,W2087523918
c28099cfd1f2,W2090953993
c28099cfd1f2,W2108296011
c28099cfd1f2,W2143584007
c28099cfd1f2,W2182411333
c28099cfd1f2,W2218617776
c28099cfd1f2,W2286944318
c28099cfd1f2,W2320669123
c28099cfd1f2,W2340162162
c28099cfd1f2,W25732255
c28099cfd1f2,W2764020751
c28099cfd1f2,W2787287646
c28099cfd1f2,W2894698528
c28099cfd1f2,W2910895614
c28099cfd1f2,W29112674
c28099cfd1f2,W2915063634
c28099cfd1f2,W2980053820
c28099cfd1f2,W2997628563
c28099cfd1f2,W3159995871
c28099cfd1f2,W3175783983
c28099cfd1f2,W3209466032
c28099cfd1f2,W4205488592
c28099cfd1f2,W4225305766
c28099cfd1f2,W4250875431
c28099cfd1f2,W4284884397
c28099cfd1f2,W4285318510
c28099cfd1f2,W4285321766
c28099cfd1f2,W4286632955
c28099cfd1f2,W4288766549
c28099cfd1f2,W4290982381
c28099cfd1f2,W4290987467
c28099cfd1f2,W4294325592
c28099cfd1f2,W4296560869
c28099cfd1f2,W4302768794
c28099cfd1f2,W4306878293
c28099cfd1f2,W4308201851
c28099cfd1f2,W4318831371
c28099cfd1f2,W4320164650
c28099cfd1f2,W4380262916
c28099cfd1f2,W4404121891
c28099cfd1f2,W4414066655
c28099cfd1f2,W7154669367
c28099cfd1f2,W7160466857
c28099cfd1f2,W7167553397
c3a03574aa68,W2412426943
c3a03574aa68,W2620714013
c3a03574aa68,W2621153392
c3a03574aa68,W2792959467
c3a03574aa68,W2883714985
c3a03574aa68,W2905464620
c3a03574aa68,W2905580823
c3a03574aa68,W2921350718
c3a03574aa68,W2947046302
c3a03574aa68,W2967355643
c3a03574aa68,W3005942926
c3a03574aa68,W3006090276
c3a03574aa68,W3102574417
c3a03574aa68,W3129051009
c3a03574aa68,W3135442717
c3a03574aa68,W3161218677
c3a03574aa68,W3165110265
c3a03574aa68,W3210649262
c3a03574aa68,W4210783725
c3a03574aa68,W4213131350
c3a03574aa68,W4223932454
c3a03574aa68,W4281969040
c3a03574aa68,W4315783106
c3a03574aa68,W4379406767
c3a03574aa68,W4387532544
c3a03574aa68,W4387595056
c3a03574aa68,W4392509357
c3a03574aa68,W4403451116
c3a03574aa68,W4403452049
c3a03574aa68,W4405103734
c3a03574aa68,W4405484850
c3a03574aa68,W4405552388
c3a03574aa68,W4415149087
c3a03574aa68,W7105668357
c3a03574aa68,W7105754328
c3a03574aa68,W7115728397
c3a03574aa68,W7115779048
c3a03574aa68,W7154668908
c3a03574aa68,W7161219453
c3a03574aa68,W7165190977
c3a03574aa68,W7170300439
c3f9c7911d3e,W2001718425
c3f9c7911d3e,W2121565661
c3f9c7911d3e,W2282647654
c3f9c7911d3e,W2286491854
c3f9c7911d3e,W2291099185
c3f9c7911d3e,W2535110342
c3f9c7911d3e,W2587222844
c3f9c7911d3e,W2613166709
c3f9c7911d3e,W2618742237
c3f9c7911d3e,W2807843516
c3f9c7911d3e,W2955008526
c3f9c7911d3e,W3015956703
c3f9c7911d3e,W3090862344
c3f9c7911d3e,W3092441470
c3f9c7911d3e,W3146887326
c3f9c7911d3e,W3154026351
c3f9c7911d3e,W3160024093
c3f9c7911d3e,W3161587890
c3f9c7911d3e,W3201088421
c3f9c7911d3e,W3201896565
c3f9c7911d3e,W3207182139
c3f9c7911d3e,W4206241336
c3f9c7911d3e,W4233418155
c3f9c7911d3e,W4242680144
c3f9c7911d3e,W4242867029
c3f9c7911d3e,W4254467902
c3f9c7911d3e,W4281852059
c3f9c7911d3e,W4317473416
c3f9c7911d3e,W4366601916
c3f9c7911d3e,W4367184527
c3f9c7911d3e,W4392860553
c3f9c7911d3e,W4392900129
c3f9c7911d3e,W4406937382
c3f9c7911d3e,W4409415054
c3f9c7911d3e,W4414941214
c3f9c7911d3e,W4415256494
c3f9c7911d3e,W4416029717
c3f9c7911d3e,W4416029739
c3f9c7911d3e,W7124834517
c3f9c7911d3e,W7127556943
c4cabe800937,W4226504205
c4cabe800937,W4283157114
c4cabe800937,W4376875053
c4cabe800937,W4407075807
c4cabe800937,W4407099097
c4cabe800937,W4412046612
c4cabe800937,W4413943411
c4cabe800937,W4415397113
c4cabe800937,W7149225749
c4edc46394ea,W1212800565
c4edc46394ea,W1456711654
c4edc46394ea,W1589695448
c4edc46394ea,W1625583310
c4edc46394ea,W1886889994
c4edc46394ea,W1923340953
c4edc46394ea,W1964263774
c4edc46394ea,W1974428503
c4edc46394ea,W1975194237
c4edc46394ea,W1979362910
c4edc46394ea,W1980447390
c4edc46394ea,W1980521192
c4edc46394ea,W1984410716
c4edc46394ea,W1991534329
c4edc46394ea,W1992190609
c4edc46394ea,W1995757168
c4edc46394ea,W1997876146
c4edc46394ea,W1998304731
c4edc46394ea,W1998845232
c4edc46394ea,W1999050337
c4edc46394ea,W2000577406
c4edc46394ea,W2001514569
c4edc46394ea,W2002436006
c4edc46394ea,W2005163568
c4edc46394ea,W2006201520
c4edc46394ea,W2006412102
c4edc46394ea,W2010257178
c4edc46394ea,W2012715670
c4edc46394ea,W2015670578
c4edc46394ea,W2015733086
c4edc46394ea,W2018962884
c4edc46394ea,W2024246093
c4edc46394ea,W2027526785
c4edc46394ea,W2031054948
c4edc46394ea,W2032671111
c4edc46394ea,W2033523716
c4edc46394ea,W2038861832
c4edc46394ea,W2047716427
c4edc46394ea,W2049162719
c4edc46394ea,W2051272069
c4edc46394ea,W2051877623
c4edc46394ea,W2057273089
c4edc46394ea,W2057549742
c4edc46394ea,W2065774990
c4edc46394ea,W2066463239
c4edc46394ea,W2067646042
c4edc46394ea,W2071624986
c4edc46394ea,W2071756920
c4edc46394ea,W2073750915
c4edc46394ea,W2081363059
c4edc46394ea,W2083408384
c4edc46394ea,W2083837330
c4edc46394ea,W2084015811
c4edc46394ea,W2086018294
c4edc46394ea,W2088329111
c4edc46394ea,W2089951274
c4edc46394ea,W2091163346
c4edc46394ea,W2093951280
c4edc46394ea,W2095549600
c4edc46394ea,W2099594651
c4edc46394ea,W2107504156
c4edc46394ea,W2123264547
c4edc46394ea,W2133502591
c4edc46394ea,W2139292269
c4edc46394ea,W2141160553
c4edc46394ea,W2146287030
c4edc46394ea,W2150977277
c4edc46394ea,W2192678341
c4edc46394ea,W2339088206
c4edc46394ea,W2567675234
c4edc46394ea,W2590899204
c4edc46394ea,W2661292015
c4edc46394ea,W2735673756
c4edc46394ea,W2752951885
c4edc46394ea,W2780579615
c4edc46394ea,W2793601305
c4edc46394ea,W2887858493
c4edc46394ea,W2892812861
c4edc46394ea,W2893571850
c4edc46394ea,W2893593973
c4edc46394ea,W2894495891
c4edc46394ea,W2895887636
c4edc46394ea,W2897122940
c4edc46394ea,W2898759837
c4edc46394ea,W2921373297
c4edc46394ea,W2937372169
c4edc46394ea,W2950664936
c4edc46394ea,W2950715723
c4edc46394ea,W2955024494
c4edc46394ea,W2955670203
c4edc46394ea,W2973985952
c4edc46394ea,W2974403446
c4edc46394ea,W2983014413
c4edc46394ea,W2987392942
c4edc46394ea,W3015439762
c4edc46394ea,W3033722991
c4edc46394ea,W3036964071
c4edc46394ea,W3084067461
c4edc46394ea,W3093575036
c4edc46394ea,W3094746016
c4edc46394ea,W3096622767
c4edc46394ea,W3096864532
c4edc46394ea,W3096929381
c4edc46394ea,W3097485530
c4edc46394ea,W3109181025
c4edc46394ea,W3130412059
c4edc46394ea,W3132889508
c4edc46394ea,W3134170463
c4edc46394ea,W3138078920
c4edc46394ea,W3141370374
c4edc46394ea,W3165802066
c4edc46394ea,W3197484419
c4edc46394ea,W3197746273
c4edc46394ea,W3200366615
c4edc46394ea,W3202841162
c4edc46394ea,W3207224647
c4edc46394ea,W3208707926
c4edc46394ea,W3212167289
c4edc46394ea,W3217004573
c4edc46394ea,W4205579418
c4edc46394ea,W4206392604
c4edc46394ea,W4210865775
c4edc46394ea,W4212778809
c4edc46394ea,W4214662435
c4edc46394ea,W4220698600
c4edc46394ea,W4233848838
c4edc46394ea,W4234197426
c4edc46394ea,W4235327859
c4edc46394ea,W4236248067
c4edc46394ea,W4237077449
c4edc46394ea,W4239613111
c4edc46394ea,W4239727255
c4edc46394ea,W4240444465
c4edc46394ea,W4242585340
c4edc46394ea,W4243086364
c4edc46394ea,W4281253191
c4edc46394ea,W4281657449
c4edc46394ea,W4282826203
c4edc46394ea,W4282919303
c4edc46394ea,W4282934081
c4edc46394ea,W4283021064
c4edc46394ea,W4283365770
c4edc46394ea,W4304987278
c4edc46394ea,W4308182894
c4edc46394ea,W4309360874
c4edc46394ea,W4311319999
c4edc46394ea,W4311551648
c4edc46394ea,W4311551769
c4edc46394ea,W4311606773
c4edc46394ea,W4312197030
c4edc46394ea,W4318157572
c4edc46394ea,W4323859503
c4edc46394ea,W4324128761
c4edc46394ea,W4380151929
c4edc46394ea,W4381716535
c4edc46394ea,W4381735613
c4edc46394ea,W4386084456
c4edc46394ea,W4386384186
c4edc46394ea,W4389046585
c4edc46394ea,W4390046634
c4edc46394ea,W4390590719
c4edc46394ea,W4391143802
c4edc46394ea,W4391655835
c4edc46394ea,W4391664420
c4edc46394ea,W4393420535
c4edc46394ea,W4393777249
c4edc46394ea,W4400900739
c4edc46394ea,W4400958836
c4edc46394ea,W4400958950
c4edc46394ea,W4401817308
c4edc46394ea,W4403745773
c4edc46394ea,W4407953561
c4edc46394ea,W4412459099
c4edc46394ea,W4413446122
c4edc46394ea,W4415221615
c4edc46394ea,W4415261254
c4edc46394ea,W4415765321
c4edc46394ea,W4416786211
c4edc46394ea,W4416928936
c4edc46394ea,W4416959123
c4edc46394ea,W4417205487
c4edc46394ea,W4417495162
c4edc46394ea,W7128442403
c4edc46394ea,W7134816839
c4edc46394ea,W7134851768
c4edc46394ea,W7134993526
c4edc46394ea,W7135002705
c4edc46394ea,W7140095441
c4edc46394ea,W7160612270
c4edc46394ea,W7162091220
c4edc46394ea,W7162101330
c4edc46394ea,W7168028049
c4edc46394ea,W7172481563
c4edc46394ea,W744607271
c4edc46394ea,W853846891
c77160a524c6,W3184194668
c77160a524c6,W3184559361
c77160a524c6,W3207182139
c77160a524c6,W4213131350
c77160a524c6,W4242680144
c77160a524c6,W4327615205
c77160a524c6,W4386752285
c77160a524c6,W4387519143
c77160a524c6,W4394714357
c77160a524c6,W4399780649
c77160a524c6,W4400050164
c77160a524c6,W4400070167
c77160a524c6,W4400454118
c77160a524c6,W4400774072
c77160a524c6,W4401894450
c77160a524c6,W4402441701
c77160a524c6,W4406617993
c77160a524c6,W4406633044
c77160a524c6,W4407832541
c77160a524c6,W4409185140
c77160a524c6,W4409280852
c77160a524c6,W4412567308
c77160a524c6,W4413738353
c77160a524c6,W4414032278
c77160a524c6,W4414570698
c77160a524c6,W4415339976
c77160a524c6,W4415383471
c77160a524c6,W4416959060
c77160a524c6,W7125147385
c77160a524c6,W7135201638
c77160a524c6,W7136862808
c77160a524c6,W7139353982
c77160a524c6,W7148708397
c77160a524c6,W7150389079
c77160a524c6,W7153957694
c77160a524c6,W7162896052
c810ed75749f,W3011011505
c810ed75749f,W3043637056
c810ed75749f,W3133092084
c810ed75749f,W3138659034
c810ed75749f,W3197349573
c810ed75749f,W3198431471
c810ed75749f,W4205687364
c810ed75749f,W4293071460
c810ed75749f,W4308156907
c810ed75749f,W4311774849
c810ed75749f,W4317616203
c810ed75749f,W4327981859
c810ed75749f,W4362717305
c810ed75749f,W4367625187
c810ed75749f,W4378363601
c810ed75749f,W4378840147
c810ed75749f,W4379988529
c810ed75749f,W4385773318
c810ed75749f,W4386592907
c810ed75749f,W4389116950
c810ed75749f,W4390639436
c810ed75749f,W4406619684
c810ed75749f,W4409866480
c810ed75749f,W4413147175
c9999d3707ef,W3080755970
c9999d3707ef,W3095814875
c9999d3707ef,W3181692282
c9999d3707ef,W4225014414
c9999d3707ef,W4301401155
c9999d3707ef,W4385756710
c9999d3707ef,W4388489752
c9999d3707ef,W4389244793
c9999d3707ef,W4396845279
c9999d3707ef,W4396889936
c9999d3707ef,W4405487681
c9999d3707ef,W4407425382
c9999d3707ef,W4408053062
c9999d3707ef,W4408817011
c9999d3707ef,W4410321510
c9999d3707ef,W4410325734
c9999d3707ef,W4410325972
c9999d3707ef,W4411542790
c9999d3707ef,W4411620543
c9999d3707ef,W4416304431
c9999d3707ef,W4416832008
c9999d3707ef,W7160732482
c9999d3707ef,W7167348181
c9999d3707ef,W7167354490
caa61f0c6443,W2965164357
caa61f0c6443,W3160101036
caa61f0c6443,W4210953851
caa61f0c6443,W4226504205
caa61f0c6443,W4283513270
caa61f0c6443,W4286219945
caa61f0c6443,W4286621306
caa61f0c6443,W4286632955
caa61f0c6443,W4313464668
caa61f0c6443,W4376140864
caa61f0c6443,W4376875053
caa61f0c6443,W4378676334
caa61f0c6443,W4385240232
caa61f0c6443,W4387083278
caa61f0c6443,W4399370173
caa61f0c6443,W4400445565
caa61f0c6443,W4401729119
caa61f0c6443,W4403303889
caa61f0c6443,W4406905980
caa61f0c6443,W4409770331
caa61f0c6443,W4410632436
caa61f0c6443,W7124410798
caa61f0c6443,W7128546758
caa61f0c6443,W7147077833
caa61f0c6443,W7147135541
caa61f0c6443,W7147467370
caa61f0c6443,W7148196972
caa61f0c6443,W7148331934
caa61f0c6443,W7151129906
caa61f0c6443,W7154175404
caa61f0c6443,W7154417776
caa61f0c6443,W7154660019
caa61f0c6443,W7162917542
caa61f0c6443,W7196975680
cafcf1d59689,W1969862649
cafcf1d59689,W2045227336
cafcf1d59689,W2106672323
cafcf1d59689,W2162289088
cafcf1d59689,W2166491660
cafcf1d59689,W2322363727
cafcf1d59689,W2418183769
cafcf1d59689,W2465560442
cafcf1d59689,W2506336895
cafcf1d59689,W2757876979
cafcf1d59689,W2936199414
cafcf1d59689,W2981206504
cafcf1d59689,W3003547988
cafcf1d59689,W3008126731
cafcf1d59689,W3010386188
cafcf1d59689,W3147349356
cafcf1d59689,W3197458119
cafcf1d59689,W3201156640
cafcf1d59689,W3210482411
cafcf1d59689,W3212982401
cafcf1d59689,W4205382697
cafcf1d59689,W4214515958
cafcf1d59689,W4220886225
cafcf1d59689,W4290017551
cafcf1d59689,W4306353712
cafcf1d59689,W4312776047
cafcf1d59689,W4312953820
cafcf1d59689,W4324329460
cafcf1d59689,W4366993786
cafcf1d59689,W4376851908
cafcf1d59689,W4381855816
cafcf1d59689,W4385210554
cafcf1d59689,W4385448543
cafcf1d59689,W4388999682
cafcf1d59689,W4390013128
cafcf1d59689,W4391135537
cafcf1d59689,W4391918417
cafcf1d59689,W4394814366
cafcf1d59689,W4399594188
cafcf1d59689,W4401283655
cafcf1d59689,W4401952302
cafcf1d59689,W4402282751
cafcf1d59689,W4402392666
cafcf1d59689,W4402848271
cafcf1d59689,W4405576885
cafcf1d59689,W4406014873
cafcf1d59689,W4408766907
cafcf1d59689,W4408911344
cafcf1d59689,W4408911531
cafcf1d59689,W7118526002
cafcf1d59689,W7125254198
cb40f2c43772,W109006943
cb40f2c43772,W2008797382
cb40f2c43772,W2061283230
cb40f2c43772,W2072035090
cb40f2c43772,W2138199154
cb40f2c43772,W2190202372
cb40f2c43772,W2290192796
cb40f2c43772,W2322139837
cb40f2c43772,W2542272429
cb40f2c43772,W2590619875
cb40f2c43772,W2613525122
cb40f2c43772,W2765692780
cb40f2c43772,W2788971204
cb40f2c43772,W2805138917
cb40f2c43772,W2808499160
cb40f2c43772,W2810320295
cb40f2c43772,W2887659949
cb40f2c43772,W2887882077
cb40f2c43772,W2891039941
cb40f2c43772,W2892027854
cb40f2c43772,W2901808552
cb40f2c43772,W2904932532
cb40f2c43772,W2906993655
cb40f2c43772,W2908277566
cb40f2c43772,W2918949198
cb40f2c43772,W2929117688
cb40f2c43772,W2943629219
cb40f2c43772,W2977296217
cb40f2c43772,W3124916671
cb40f2c43772,W3126358413
cb40f2c43772,W3139338386
cb40f2c43772,W3143239149
cb40f2c43772,W3155493647
cb40f2c43772,W3172392762
cb40f2c43772,W3174101565
cb40f2c43772,W3176470662
cb40f2c43772,W3187630655
cb40f2c43772,W4200171848
cb40f2c43772,W4200600962
cb40f2c43772,W4213251808
cb40f2c43772,W4223932454
cb40f2c43772,W4225573251
cb40f2c43772,W4231465988
cb40f2c43772,W4234973081
cb40f2c43772,W4237134984
cb40f2c43772,W4237498510
cb40f2c43772,W4238225260
cb40f2c43772,W4239129223
cb40f2c43772,W4239897344
cb40f2c43772,W4241517288
cb40f2c43772,W4248262791
cb40f2c43772,W4249736384
cb40f2c43772,W4250411622
cb40f2c43772,W4281684275
cb40f2c43772,W4281729731
cb40f2c43772,W4281846416
cb40f2c43772,W4281969040
cb40f2c43772,W4285055128
cb40f2c43772,W4291208085
cb40f2c43772,W4293105734
cb40f2c43772,W4297223429
cb40f2c43772,W4306888927
cb40f2c43772,W4319041732
cb40f2c43772,W4319216309
cb40f2c43772,W4320038879
cb40f2c43772,W4360620134
cb40f2c43772,W4379010534
cb40f2c43772,W4384282509
cb40f2c43772,W4385501711
cb40f2c43772,W4391144429
cb40f2c43772,W4391294113
cb40f2c43772,W4391548211
cb40f2c43772,W4391629219
cb40f2c43772,W4392917534
cb40f2c43772,W4396520795
cb40f2c43772,W4399042158
cb40f2c43772,W4399370173
cb40f2c43772,W4402771907
cb40f2c43772,W4403036292
cb40f2c43772,W4403063848
cb40f2c43772,W4403241183
cb40f2c43772,W4403256419
cb40f2c43772,W4403589374
cb40f2c43772,W4403819045
cb40f2c43772,W4403945617
cb40f2c43772,W4404271003
cb40f2c43772,W4406905980
cb40f2c43772,W4406931649
cb40f2c43772,W4407113851
cb40f2c43772,W4407196455
cb40f2c43772,W4407272768
cb40f2c43772,W4407431044
cb40f2c43772,W4407700432
cb40f2c43772,W4407873596
cb40f2c43772,W4408095706
cb40f2c43772,W4408323395
cb40f2c43772,W4408737230
cb40f2c43772,W4408788233
cb40f2c43772,W4408810633
cb40f2c43772,W4409672125
cb40f2c43772,W4409813125
cb40f2c43772,W4410198150
cb40f2c43772,W4411373853
cb40f2c43772,W4411574445
cb40f2c43772,W4411645631
cb40f2c43772,W4411690956
cb40f2c43772,W4411691989
cb40f2c43772,W4412601653
cb40f2c43772,W4412768918
cb40f2c43772,W4413273662
cb40f2c43772,W4414478557
cb40f2c43772,W4415011325
cb40f2c43772,W4415407146
cb40f2c43772,W4415416458
cb40f2c43772,W4415416634
cb40f2c43772,W4415966840
cb40f2c43772,W4417409950
cb40f2c43772,W6892174950
cb40f2c43772,W7128101936
cb40f2c43772,W7134056860
cb40f2c43772,W7148229399
cb40f2c43772,W7160467817
cb40f2c43772,W7161459897
cb40f2c43772,W7163399597
cb40f2c43772,W7163791987
cb40f2c43772,W7166986897
cb40f2c43772,W7172238757
cb40f2c43772,W7196989058
cb40f2c43772,W7202102756
cb704fcee0bf,W2921987797
cb704fcee0bf,W2953849252
cb704fcee0bf,W3006277849
cb704fcee0bf,W3161218677
cb704fcee0bf,W3172392762
cb704fcee0bf,W3187630655
cb704fcee0bf,W4213131350
cb704fcee0bf,W4223932454
cb704fcee0bf,W4237498510
cb704fcee0bf,W4241517288
cb704fcee0bf,W4252153694
cb704fcee0bf,W4281684275
cb704fcee0bf,W4281846416
cb704fcee0bf,W4281969040
cb704fcee0bf,W4293105734
cb704fcee0bf,W4297223429
cb704fcee0bf,W4320038879
cb704fcee0bf,W4391294113
cb704fcee0bf,W4392917534
cb704fcee0bf,W4395955014
cb704fcee0bf,W4399370173
cb704fcee0bf,W4403063848
cb704fcee0bf,W4403785505
cb704fcee0bf,W4406905980
cb704fcee0bf,W4406931649
cb704fcee0bf,W4407196455
cb704fcee0bf,W4407272768
cb704fcee0bf,W4408323395
cb704fcee0bf,W4408737230
cb704fcee0bf,W4412768918
cb704fcee0bf,W4412964911
cb704fcee0bf,W4414987533
cb704fcee0bf,W4416959060
cb704fcee0bf,W7162697370
cb704fcee0bf,W7165370565
cb704fcee0bf,W7167672510
cba919f60a63,W2547688357
cba919f60a63,W2604295762
cba919f60a63,W2741076821
cba919f60a63,W2792154698
cba919f60a63,W2798976952
cba919f60a63,W2911542908
cba919f60a63,W2912659926
cba919f60a63,W2914226042
cba919f60a63,W2914897405
cba919f60a63,W3034500908
cba919f60a63,W3041365136
cba919f60a63,W3048556345
cba919f60a63,W3091733004
cba919f60a63,W3111250812
cba919f60a63,W3117225634
cba919f60a63,W3122615467
cba919f60a63,W3127642642
cba919f60a63,W3139138500
cba919f60a63,W3173968812
cba919f60a63,W3175732146
cba919f60a63,W3177505536
cba919f60a63,W3179286058
cba919f60a63,W3183800871
cba919f60a63,W3186823119
cba919f60a63,W3194731017
cba919f60a63,W3195883681
cba919f60a63,W3206078697
cba919f60a63,W4200214137
cba919f60a63,W4200250592
cba919f60a63,W4200403482
cba919f60a63,W4220810997
cba919f60a63,W4225259000
cba919f60a63,W4225426166
cba919f60a63,W4226504205
cba919f60a63,W4231394344
cba919f60a63,W4240610362
cba919f60a63,W4249357165
cba919f60a63,W4252556670
cba919f60a63,W4253864350
cba919f60a63,W4296785236
cba919f60a63,W4308634055
cba919f60a63,W4320033154
cba919f60a63,W4321102137
cba919f60a63,W4361301269
cba919f60a63,W4365151410
cba919f60a63,W4376875053
cba919f60a63,W4383908570
cba919f60a63,W4386492318
cba919f60a63,W4387805259
cba919f60a63,W4391053586
cba919f60a63,W4399138259
cba919f60a63,W4400107702
cba919f60a63,W4402844017
cba919f60a63,W4403614455
cba919f60a63,W4404550201
cba919f60a63,W4405221104
cba919f60a63,W4405290960
cba919f60a63,W4405301364
cba919f60a63,W4408215738
cba919f60a63,W4411280962
cba919f60a63,W4411620543
cba919f60a63,W4411961847
cba919f60a63,W4413499578
cba919f60a63,W4415818227
cba919f60a63,W4416751430
cba919f60a63,W4416772026
cba919f60a63,W7124430264
cbdbac544d66,W1140217664
cbdbac544d66,W134049450
cbdbac544d66,W1562104424
cbdbac544d66,W1570843536
cbdbac544d66,W1653722179
cbdbac544d66,W1702073794
cbdbac544d66,W1965367173
cbdbac544d66,W199582534
cbdbac544d66,W2012000954
cbdbac544d66,W2016600473
cbdbac544d66,W2025595136
cbdbac544d66,W2050572676
cbdbac544d66,W2058411574
cbdbac544d66,W2063084777
cbdbac544d66,W2067002383
cbdbac544d66,W2085501004
cbdbac544d66,W2109318533
cbdbac544d66,W211831149
cbdbac544d66,W2130293876
cbdbac544d66,W2130387068
cbdbac544d66,W2142817799
cbdbac544d66,W2144538316
cbdbac544d66,W2157550907
cbdbac544d66,W2171887959
cbdbac544d66,W2182027288
cbdbac544d66,W2182539646
cbdbac544d66,W2323253359
cbdbac544d66,W2399766276
cbdbac544d66,W2407950156
cbdbac544d66,W2413794409
cbdbac544d66,W2461167190
cbdbac544d66,W2465664740
cbdbac544d66,W2499311067
cbdbac544d66,W2523291727
cbdbac544d66,W2569506026
cbdbac544d66,W270419336
cbdbac544d66,W2889529597
cbdbac544d66,W2897101041
cbdbac544d66,W293979791
cbdbac544d66,W2977288832
cbdbac544d66,W3124840515
cbdbac544d66,W324179341
cbdbac544d66,W4206625652
cbdbac544d66,W4317780761
cbdbac544d66,W4391764374
cbdbac544d66,W4396978736
cbdbac544d66,W4399070805
cbdbac544d66,W4412946543
cbdbac544d66,W4413612457
cbdbac544d66,W615330542
cbdbac544d66,W7119479510
cbdbac544d66,W7167458120
cbdbac544d66,W85152483
cbdbac544d66,W9970602
cbecba5d346c,W2960773236
cbecba5d346c,W2997911744
cbecba5d346c,W3022344659
cbecba5d346c,W3022939366
cbecba5d346c,W3037677048
cbecba5d346c,W3096425236
cbecba5d346c,W3123246934
cbecba5d346c,W3134108900
cbecba5d346c,W3137026660
cbecba5d346c,W4200600735
cbecba5d346c,W4205736488
cbecba5d346c,W4210342638
cbecba5d346c,W4213131350
cbecba5d346c,W4239423848
cbecba5d346c,W4243618065
cbecba5d346c,W4250261707
cbecba5d346c,W4252556670
cbecba5d346c,W4383908570
cbecba5d346c,W4384920383
cbecba5d346c,W4385291776
cbecba5d346c,W4393130466
cbecba5d346c,W4403187892
cbecba5d346c,W4411089724
cc062e7b6205,W137553224
cc062e7b6205,W1562966307
cc062e7b6205,W1832695073
cc062e7b6205,W2062453643
cc062e7b6205,W2069843103
cc062e7b6205,W2106136100
cc062e7b6205,W2176213499
cc062e7b6205,W2181828400
cc062e7b6205,W2341910357
cc062e7b6205,W2507144552
cc062e7b6205,W2555877014
cc062e7b6205,W2573242790
cc062e7b6205,W2603180473
cc062e7b6205,W2743092056
cc062e7b6205,W2786996732
cc062e7b6205,W2907565849
cc062e7b6205,W2974835687
cc062e7b6205,W2996318435
cc062e7b6205,W3007460860
cc062e7b6205,W3035950572
cc062e7b6205,W3045087778
cc062e7b6205,W3080110120
cc062e7b6205,W3116705786
cc062e7b6205,W3196605253
cc062e7b6205,W4200088775
cc062e7b6205,W4288112973
cc062e7b6205,W4311361330
cc062e7b6205,W4323647264
cc062e7b6205,W4412649164
cc062e7b6205,W7134266154
cc062e7b6205,W7134882569
cc062e7b6205,W7160673697
cc896b961ddb,W1837410261
cc896b961ddb,W1971789632
cc896b961ddb,W1985082053
cc896b961ddb,W2004496821
cc896b961ddb,W2025881643
cc896b961ddb,W2033646511
cc896b961ddb,W2037809708
cc896b961ddb,W2037988375
cc896b961ddb,W2041947446
cc896b961ddb,W2044871788
cc896b961ddb,W2172566864
cc896b961ddb,W2318828324
cc896b961ddb,W2325041478
cc896b961ddb,W2438346450
cc896b961ddb,W2589414819
cc896b961ddb,W2602537957
cc896b961ddb,W2625082566
cc896b961ddb,W2757813579
cc896b961ddb,W2799939337
cc896b961ddb,W2805953518
cc896b961ddb,W2807945145
cc896b961ddb,W2895605263
cc896b961ddb,W2912907965
cc896b961ddb,W2913394646
cc896b961ddb,W2919666284
cc896b961ddb,W2922241722
cc896b961ddb,W2941060715
cc896b961ddb,W3082424707
cc896b961ddb,W3083089160
cc896b961ddb,W3105713140
cc896b961ddb,W3117477302
cc896b961ddb,W3136076340
cc896b961ddb,W4210753302
cc896b961ddb,W4226528102
cc896b961ddb,W4236362993
cc896b961ddb,W4243257601
cc896b961ddb,W4283157114
cc896b961ddb,W4285386799
cc896b961ddb,W4306157955
cc896b961ddb,W4307683448
cc896b961ddb,W4318612431
cc896b961ddb,W4318755000
cc896b961ddb,W4322707845
cc896b961ddb,W4377024209
cc896b961ddb,W4377238269
cc896b961ddb,W4380716416
cc896b961ddb,W4380841692
cc896b961ddb,W4380841716
cc896b961ddb,W4390476746
cc896b961ddb,W4393524686
cc896b961ddb,W4394593903
cc896b961ddb,W4397777685
cc896b961ddb,W4399900942
cc896b961ddb,W4403558510
cc896b961ddb,W4403782932
cc896b961ddb,W4405267712
cc896b961ddb,W4407075807
cc896b961ddb,W4407099097
cc896b961ddb,W4407743071
cc896b961ddb,W4407743075
cc896b961ddb,W4407743097
cc896b961ddb,W4410465476
cc896b961ddb,W4414824743
cc896b961ddb,W4415397113
cc896b961ddb,W4417060566
cc896b961ddb,W7136006692
cc896b961ddb,W7149225749
cc90aaa69718,W1969564268
cc90aaa69718,W2812685313
cc90aaa69718,W3185720809
cc90aaa69718,W4309505656
cc90aaa69718,W4383652460
cc90aaa69718,W4387793583
cc90aaa69718,W4392940496
cc90aaa69718,W4396821509
cc90aaa69718,W4396833381
cc90aaa69718,W4396833695
cc90aaa69718,W4403555646
cc90aaa69718,W4403576927
cc90aaa69718,W4403620400
cc90aaa69718,W4413418921
cc90aaa69718,W7128766116
cc90aaa69718,W7128770303
cc90aaa69718,W7169804385
cca6a6472327,W2558788080
cca6a6472327,W2946562750
cca6a6472327,W2980390073
cca6a6472327,W3006005363
cca6a6472327,W3022344659
cca6a6472327,W3022939366
cca6a6472327,W3097022770
cca6a6472327,W3119702642
cca6a6472327,W3123246934
cca6a6472327,W3126505543
cca6a6472327,W3133904537
cca6a6472327,W3211834237
cca6a6472327,W4200614412
cca6a6472327,W4213131350
cca6a6472327,W4226229131
cca6a6472327,W4231394344
cca6a6472327,W4252556670
cca6a6472327,W4280641387
cca6a6472327,W4286219945
cca6a6472327,W4307683448
cca6a6472327,W4322707845
cca6a6472327,W4365810361
cca6a6472327,W4367369037
cca6a6472327,W4376875053
cca6a6472327,W4378676334
cca6a6472327,W4381848481
cca6a6472327,W4383908570
cca6a6472327,W4385240232
cca6a6472327,W4391605851
cca6a6472327,W4393256695
cca6a6472327,W4393337522
cca6a6472327,W4394714357
cca6a6472327,W4397034511
cca6a6472327,W4401493806
cca6a6472327,W4402441701
cca6a6472327,W4405003268
cca6a6472327,W4405003353
cca6a6472327,W4405094689
cca6a6472327,W4407687876
cca6a6472327,W4409136217
cca6a6472327,W4409185140
cca6a6472327,W4410211594
cca6a6472327,W4411902126
cca6a6472327,W4413408443
cca6a6472327,W4414032395
cca6a6472327,W4414483705
cca6a6472327,W4415261284
cca6a6472327,W4416827871
cca6a6472327,W4416959060
cca6a6472327,W4417451365
cca6a6472327,W7134198380
cca6a6472327,W7134875343
cca6a6472327,W7135201638
cca6a6472327,W7136862808
cca6a6472327,W7139353982
cca6a6472327,W7140305331
cca6a6472327,W7141773412
cca6a6472327,W7152297341
cca6a6472327,W7153957694
cca6a6472327,W7154835139
cca6a6472327,W7159113785
cca6a6472327,W7160504384
cca6a6472327,W7160578946
cca6a6472327,W7161099205
cca6a6472327,W7162449850
cca6a6472327,W7162697370
cca6a6472327,W7162711078
cca6a6472327,W7162896052
cca6a6472327,W7162898575
cca6a6472327,W7164811088
cca6a6472327,W7164834425
cca6a6472327,W7164850837
cca6a6472327,W7164852602
cca6a6472327,W7165370565
cca6a6472327,W7165602239
cca6a6472327,W7165699791
cca6a6472327,W7165701448
cca6a6472327,W7166593558
cca6a6472327,W7167036203
cca6a6472327,W7167305509
cca6a6472327,W7167381121
cca6a6472327,W7167399944
cf5186025891,W4401493806
cf5186025891,W4405003268
cf5186025891,W4405003353
cf5186025891,W4416191113
cf5186025891,W4416196422
cf5186025891,W7106212998
cf5186025891,W7106308984
cf5186025891,W7126142168
cf5186025891,W7126322839
cf5186025891,W7126364343
cf5186025891,W7140166248
cf5186025891,W7140184869
cf5186025891,W7140207280
cf5186025891,W7140208849
cf5186025891,W7163164447
cf5186025891,W7163576909
cf5186025891,W7166846320
cf5186025891,W7166884710
cf6392f6a5d8,W2065506349
cf6392f6a5d8,W3094295935
cf6392f6a5d8,W3116899534
cf6392f6a5d8,W4226504205
cf6392f6a5d8,W4281289500
cf6392f6a5d8,W4288068457
cf6392f6a5d8,W4323536353
cf6392f6a5d8,W4376875053
cf6392f6a5d8,W4385503139
cf6392f6a5d8,W4407003749
cf6392f6a5d8,W4409182923
cf6392f6a5d8,W4411960210
cf6392f6a5d8,W4413354447
cf6392f6a5d8,W4413421681
cf6392f6a5d8,W4415225339
cf6392f6a5d8,W4416360976
cf6392f6a5d8,W4416919229
cf6392f6a5d8,W7138017836
cf6392f6a5d8,W7196937812
d1a5124b1521,W7110865733
d1a5124b1521,W7111351870
d1a5124b1521,W7115892280
d1a5124b1521,W7115930697
d23c5694affb,W1002012946
d23c5694affb,W1852495631
d23c5694affb,W1924209137
d23c5694affb,W1976140425
d23c5694affb,W1985359371
d23c5694affb,W1988313845
d23c5694affb,W1990961185
d23c5694affb,W2000250552
d23c5694affb,W2009237798
d23c5694affb,W2018254526
d23c5694affb,W2019865067
d23c5694affb,W2020069888
d23c5694affb,W2026757067
d23c5694affb,W2030463496
d23c5694affb,W2037763847
d23c5694affb,W2048091386
d23c5694affb,W2054738616
d23c5694affb,W2063079528
d23c5694affb,W2065871364
d23c5694affb,W2075092683
d23c5694affb,W2085830154
d23c5694affb,W2096728335
d23c5694affb,W2107544832
d23c5694affb,W2123726629
d23c5694affb,W2170487891
d23c5694affb,W2283216171
d23c5694affb,W2298654909
d23c5694affb,W2312194416
d23c5694affb,W2323454719
d23c5694affb,W2402563989
d23c5694affb,W2403076214
d23c5694affb,W2527983028
d23c5694affb,W2528483278
d23c5694affb,W2546426262
d23c5694affb,W2560085425
d23c5694affb,W2592445272
d23c5694affb,W2607120001
d23c5694affb,W2613419989
d23c5694affb,W2749299350
d23c5694affb,W2782329977
d23c5694affb,W2801510127
d23c5694affb,W2902162446
d23c5694affb,W2904136457
d23c5694affb,W2909336429
d23c5694affb,W2920388396
d23c5694affb,W2920879061
d23c5694affb,W2928491265
d23c5694affb,W2948773329
d23c5694affb,W2952728789
d23c5694affb,W2973072420
d23c5694affb,W2990114600
d23c5694affb,W2991829831
d23c5694affb,W2996114723
d23c5694affb,W3000037153
d23c5694affb,W3019538919
d23c5694affb,W3033502394
d23c5694affb,W3080928451
d23c5694affb,W3087389205
d23c5694affb,W3091715025
d23c5694affb,W3092424005
d23c5694affb,W3097944199
d23c5694affb,W3112680183
d23c5694affb,W3117578698
d23c5694affb,W3122923522
d23c5694affb,W3131972410
d23c5694affb,W3132319119
d23c5694affb,W3153874822
d23c5694affb,W3196738936
d23c5694affb,W4205948299
d23c5694affb,W4210981601
d23c5694affb,W4225602275
d23c5694affb,W4229029935
d23c5694affb,W4235940759
d23c5694affb,W4241640548
d23c5694affb,W4242955126
d23c5694affb,W4243920935
d23c5694affb,W4280575296
d23c5694affb,W4281784599
d23c5694affb,W4282982307
d23c5694affb,W4283791649
d23c5694affb,W4285587349
d23c5694affb,W4307001986
d23c5694affb,W4310536104
d23c5694affb,W4312012126
d23c5694affb,W4313644605
d23c5694affb,W4315498433
d23c5694affb,W4323044045
d23c5694affb,W4327613865
d23c5694affb,W4372324422
d23c5694affb,W4379472127
d23c5694affb,W4383313814
d23c5694affb,W4386700282
d23c5694affb,W4387213168
d23c5694affb,W4387641781
d23c5694affb,W4387911010
d23c5694affb,W4388291103
d23c5694affb,W4390538933
d23c5694affb,W4391618187
d23c5694affb,W4394075687
d23c5694affb,W4394131775
d23c5694affb,W4394368879
d23c5694affb,W4394375393
d23c5694affb,W4394418553
d23c5694affb,W4394434703
d23c5694affb,W4394479172
d23c5694affb,W4394496630
d23c5694affb,W4394516044
d23c5694affb,W4394555056
d23c5694affb,W4394733310
d23c5694affb,W4400979746
d23c5694affb,W4401224641
d23c5694affb,W4401484114
d23c5694affb,W4401975962
d23c5694affb,W4404285758
d23c5694affb,W4405049568
d23c5694affb,W4405698492
d23c5694affb,W4406447352
d23c5694affb,W4406984363
d23c5694affb,W4407161185
d23c5694affb,W4408692123
d23c5694affb,W4409062900
d23c5694affb,W4409661441
d23c5694affb,W4410267372
d23c5694affb,W4410837278
d23c5694affb,W4410943795
d23c5694affb,W4414263977
d23c5694affb,W4414705072
d23c5694affb,W4414929896
d23c5694affb,W4415143506
d23c5694affb,W4417527181
d23c5694affb,W71371902
d23c5694affb,W7155496365
d23c5694affb,W7155518461
d23c5694affb,W7155580592
d23c5694affb,W7155583493
d23c5694affb,W7171931205
d2cdef276bbc,W2226046121
d2cdef276bbc,W2340217864
d2cdef276bbc,W2518669252
d2cdef276bbc,W2519754828
d2cdef276bbc,W2521895920
d2cdef276bbc,W2522277581
d2cdef276bbc,W2522323509
d2cdef276bbc,W2522540289
d2cdef276bbc,W2524205552
d2cdef276bbc,W2524372175
d2cdef276bbc,W2525920753
d2cdef276bbc,W2526299672
d2cdef276bbc,W2526511171
d2cdef276bbc,W2527021747
d2cdef276bbc,W2527474935
d2cdef276bbc,W2528552748
d2cdef276bbc,W2536250519
d2cdef276bbc,W2551478098
d2cdef276bbc,W2559517352
d2cdef276bbc,W2565961373
d2cdef276bbc,W2625346659
d2cdef276bbc,W2730284638
d2cdef276bbc,W2760561246
d2cdef276bbc,W2801093672
d2cdef276bbc,W2802271575
d2cdef276bbc,W2804826259
d2cdef276bbc,W2886910195
d2cdef276bbc,W2936341916
d2cdef276bbc,W2942748031
d2cdef276bbc,W2955085978
d2cdef276bbc,W2977633804
d2cdef276bbc,W2982243889
d2cdef276bbc,W2989482886
d2cdef276bbc,W2995231131
d2cdef276bbc,W3013484226
d2cdef276bbc,W3043246090
d2cdef276bbc,W3085875658
d2cdef276bbc,W3089615485
d2cdef276bbc,W3107411067
d2cdef276bbc,W3111556398
d2cdef276bbc,W3126879921
d2cdef276bbc,W3127575513
d2cdef276bbc,W3127819720
d2cdef276bbc,W3127886221
d2cdef276bbc,W3128497850
d2cdef276bbc,W3128749291
d2cdef276bbc,W3128847488
d2cdef276bbc,W3129207254
d2cdef276bbc,W3130065385
d2cdef276bbc,W3130808085
d2cdef276bbc,W3131409661
d2cdef276bbc,W3132320697
d2cdef276bbc,W3132413406
d2cdef276bbc,W3132869980
d2cdef276bbc,W3133314471
d2cdef276bbc,W3133465727
d2cdef276bbc,W3134322143
d2cdef276bbc,W3136312730
d2cdef276bbc,W3143531535
d2cdef276bbc,W3173109101
d2cdef276bbc,W3174050145
d2cdef276bbc,W3175150037
d2cdef276bbc,W3182286910
d2cdef276bbc,W3186070721
d2cdef276bbc,W3187928598
d2cdef276bbc,W3193510859
d2cdef276bbc,W3193716721
d2cdef276bbc,W3198068998
d2cdef276bbc,W3200399814
d2cdef276bbc,W3207586601
d2cdef276bbc,W3207881811
d2cdef276bbc,W3214232948
d2cdef276bbc,W3214342252
d2cdef276bbc,W4200246322
d2cdef276bbc,W4283458466
d2cdef276bbc,W4290975238
d2cdef276bbc,W4297892580
d2cdef276bbc,W4376113055
d2cdef276bbc,W4389526855
d2cdef276bbc,W4393003367
d2cdef276bbc,W4395451188
d2cdef276bbc,W4400122860
d2cdef276bbc,W4402686136
d2cdef276bbc,W4407579091
d2cdef276bbc,W4409085960
d2cdef276bbc,W4415856325
d2cdef276bbc,W7127562090
d2cdef276bbc,W7128112459
d2cdef276bbc,W7128118732
d2cdef276bbc,W7128130383
d2cdef276bbc,W7133171441
d2cdef276bbc,W7167413128
d2cdef276bbc,W7168066871
d2cdef276bbc,W7198693754
d2eb9b69c4b1,W1544216086
d2eb9b69c4b1,W1612505331
d2eb9b69c4b1,W1911091815
d2eb9b69c4b1,W1984828893
d2eb9b69c4b1,W1993415728
d2eb9b69c4b1,W2041697083
d2eb9b69c4b1,W2045582186
d2eb9b69c4b1,W2049285372
d2eb9b69c4b1,W2052773778
d2eb9b69c4b1,W2053204946
d2eb9b69c4b1,W2057885409
d2eb9b69c4b1,W2066219318
d2eb9b69c4b1,W2074086494
d2eb9b69c4b1,W2074448732
d2eb9b69c4b1,W2092854683
d2eb9b69c4b1,W2108176154
d2eb9b69c4b1,W2145534869
d2eb9b69c4b1,W2151922200
d2eb9b69c4b1,W2167408968
d2eb9b69c4b1,W2185006013
d2eb9b69c4b1,W2189018899
d2eb9b69c4b1,W2273080640
d2eb9b69c4b1,W2288583325
d2eb9b69c4b1,W2293994054
d2eb9b69c4b1,W2296163117
d2eb9b69c4b1,W2322677994
d2eb9b69c4b1,W2339996271
d2eb9b69c4b1,W2405887165
d2eb9b69c4b1,W2469828368
d2eb9b69c4b1,W2512172813
d2eb9b69c4b1,W2526771485
d2eb9b69c4b1,W2531290440
d2eb9b69c4b1,W2563049308
d2eb9b69c4b1,W2570861995
d2eb9b69c4b1,W2590592416
d2eb9b69c4b1,W2592002942
d2eb9b69c4b1,W2597818745
d2eb9b69c4b1,W2605817499
d2eb9b69c4b1,W2621914509
d2eb9b69c4b1,W2728724242
d2eb9b69c4b1,W2732300222
d2eb9b69c4b1,W2746111004
d2eb9b69c4b1,W2778654464
d2eb9b69c4b1,W2782844031
d2eb9b69c4b1,W2789281379
d2eb9b69c4b1,W2789307056
d2eb9b69c4b1,W2789598287
d2eb9b69c4b1,W2798015742
d2eb9b69c4b1,W2800591198
d2eb9b69c4b1,W2804743354
d2eb9b69c4b1,W2806556969
d2eb9b69c4b1,W2884432949
d2eb9b69c4b1,W2885653277
d2eb9b69c4b1,W2898210388
d2eb9b69c4b1,W2905789528
d2eb9b69c4b1,W2918223322
d2eb9b69c4b1,W2918569949
d2eb9b69c4b1,W2954726239
d2eb9b69c4b1,W2958724911
d2eb9b69c4b1,W2964683278
d2eb9b69c4b1,W2969654980
d2eb9b69c4b1,W2971250716
d2eb9b69c4b1,W2973689590
d2eb9b69c4b1,W2974416198
d2eb9b69c4b1,W2994700774
d2eb9b69c4b1,W3003632367
d2eb9b69c4b1,W3012519350
d2eb9b69c4b1,W3031889847
d2eb9b69c4b1,W3037137919
d2eb9b69c4b1,W3091976396
d2eb9b69c4b1,W3110850657
d2eb9b69c4b1,W3119587549
d2eb9b69c4b1,W3121860301
d2eb9b69c4b1,W3133449158
d2eb9b69c4b1,W3133505387
d2eb9b69c4b1,W3155559497
d2eb9b69c4b1,W3185185586
d2eb9b69c4b1,W3190246892
d2eb9b69c4b1,W3197147379
d2eb9b69c4b1,W3207435139
d2eb9b69c4b1,W386093435
d2eb9b69c4b1,W4200511993
d2eb9b69c4b1,W4205403680
d2eb9b69c4b1,W4205926227
d2eb9b69c4b1,W4206397254
d2eb9b69c4b1,W4229606424
d2eb9b69c4b1,W4252326609
d2eb9b69c4b1,W4253784583
d2eb9b69c4b1,W4285154214
d2eb9b69c4b1,W4285171215
d2eb9b69c4b1,W4285264210
d2eb9b69c4b1,W4286111625
d2eb9b69c4b1,W4292084400
d2eb9b69c4b1,W4301398727
d2eb9b69c4b1,W4307472472
d2eb9b69c4b1,W4308325252
d2eb9b69c4b1,W4312370329
d2eb9b69c4b1,W4313321638
d2eb9b69c4b1,W4313414518
d2eb9b69c4b1,W4323074048
d2eb9b69c4b1,W4364297150
d2eb9b69c4b1,W4378468705
d2eb9b69c4b1,W4378840079
d2eb9b69c4b1,W4378977875
d2eb9b69c4b1,W4383294948
d2eb9b69c4b1,W4385451290
d2eb9b69c4b1,W4385513639
d2eb9b69c4b1,W4385607296
d2eb9b69c4b1,W4385787389
d2eb9b69c4b1,W4388284486
d2eb9b69c4b1,W4389374102
d2eb9b69c4b1,W4391917273
d2eb9b69c4b1,W4395006891
d2eb9b69c4b1,W4400557640
d2eb9b69c4b1,W4404191132
d2eb9b69c4b1,W4405923652
d2eb9b69c4b1,W4405924074
d2eb9b69c4b1,W4408534676
d2eb9b69c4b1,W4408961057
d2eb9b69c4b1,W4409172948
d2eb9b69c4b1,W4409728464
d2eb9b69c4b1,W4410116447
d2eb9b69c4b1,W4411902214
d2eb9b69c4b1,W4412508892
d2eb9b69c4b1,W4412695902
d2eb9b69c4b1,W4412826803
d2eb9b69c4b1,W4412903491
d2eb9b69c4b1,W4413093325
d2eb9b69c4b1,W4413138717
d2eb9b69c4b1,W4414962864
d2eb9b69c4b1,W4415720219
d2eb9b69c4b1,W4415777774
d2eb9b69c4b1,W4416040628
d2eb9b69c4b1,W4416597834
d2eb9b69c4b1,W4416796643
d2eb9b69c4b1,W645353716
d2eb9b69c4b1,W7140203523
d2eb9b69c4b1,W7143386342
d2eb9b69c4b1,W7167820340
d2eb9b69c4b1,W7171438543
d2eb9b69c4b1,W7172499223
d2eb9b69c4b1,W7172515068
d34bf56350d5,W1583421920
d34bf56350d5,W1923241046
d34bf56350d5,W1964308398
d34bf56350d5,W2014182215
d34bf56350d5,W2031594245
d34bf56350d5,W2065169715
d34bf56350d5,W2129480442
d34bf56350d5,W2249475554
d34bf56350d5,W2283534200
d34bf56350d5,W2368350941
d34bf56350d5,W2419466557
d34bf56350d5,W2567190967
d34bf56350d5,W2617021429
d34bf56350d5,W2775838445
d34bf56350d5,W2776344892
d34bf56350d5,W2776536753
d34bf56350d5,W2776961836
d34bf56350d5,W2777637327
d34bf56350d5,W2777772161
d34bf56350d5,W2778032933
d34bf56350d5,W2778635319
d34bf56350d5,W2778722203
d34bf56350d5,W2779009596
d34bf56350d5,W2779159688
d34bf56350d5,W2780114643
d34bf56350d5,W2780152403
d34bf56350d5,W2781184032
d34bf56350d5,W2781335818
d34bf56350d5,W2781693998
d34bf56350d5,W2781770028
d34bf56350d5,W2781880840
d34bf56350d5,W2783479999
d34bf56350d5,W2783677505
d34bf56350d5,W2784116631
d34bf56350d5,W2784565327
d34bf56350d5,W2784614742
d34bf56350d5,W2785071274
d34bf56350d5,W2785563106
d34bf56350d5,W2786115525
d34bf56350d5,W2787325807
d34bf56350d5,W2789513674
d34bf56350d5,W2790625394
d34bf56350d5,W2793450571
d34bf56350d5,W2804142526
d34bf56350d5,W2809221877
d34bf56350d5,W2809486418
d34bf56350d5,W2810320295
d34bf56350d5,W2891613165
d34bf56350d5,W2906598962
d34bf56350d5,W2906901892
d34bf56350d5,W2913343959
d34bf56350d5,W2914228244
d34bf56350d5,W2914779805
d34bf56350d5,W2936257342
d34bf56350d5,W2942278776
d34bf56350d5,W2945211722
d34bf56350d5,W2948099588
d34bf56350d5,W2953918375
d34bf56350d5,W2964718996
d34bf56350d5,W2972280086
d34bf56350d5,W2975301437
d34bf56350d5,W2978733846
d34bf56350d5,W2996564808
d34bf56350d5,W3015910555
d34bf56350d5,W3049200752
d34bf56350d5,W3055415362
d34bf56350d5,W3083558352
d34bf56350d5,W3090945512
d34bf56350d5,W3092777257
d34bf56350d5,W3096550038
d34bf56350d5,W3098973543
d34bf56350d5,W3102638009
d34bf56350d5,W3122101003
d34bf56350d5,W3137443845
d34bf56350d5,W3161257786
d34bf56350d5,W3161588210
d34bf56350d5,W3165571233
d34bf56350d5,W3184069620
d34bf56350d5,W3184328227
d34bf56350d5,W3185839610
d34bf56350d5,W3187504821
d34bf56350d5,W3188769223
d34bf56350d5,W3216869777
d34bf56350d5,W4211213587
d34bf56350d5,W4225776770
d34bf56350d5,W4229592238
d34bf56350d5,W4231465988
d34bf56350d5,W4231598126
d34bf56350d5,W4231866126
d34bf56350d5,W4232338283
d34bf56350d5,W4233752669
d34bf56350d5,W4235791242
d34bf56350d5,W4236090920
d34bf56350d5,W4237333307
d34bf56350d5,W4238610885
d34bf56350d5,W4238620885
d34bf56350d5,W4240055738
d34bf56350d5,W4240885804
d34bf56350d5,W4241961269
d34bf56350d5,W4242112414
d34bf56350d5,W4243963062
d34bf56350d5,W4245594694
d34bf56350d5,W4246105264
d34bf56350d5,W4247024594
d34bf56350d5,W4247154519
d34bf56350d5,W4248865147
d34bf56350d5,W4249632379
d34bf56350d5,W4251696104
d34bf56350d5,W4252370134
d34bf56350d5,W4253029794
d34bf56350d5,W4253705652
d34bf56350d5,W4253814839
d34bf56350d5,W4254106050
d34bf56350d5,W4255191952
d34bf56350d5,W4285999326
d34bf56350d5,W4316193505
d34bf56350d5,W4321003994
d34bf56350d5,W4377140238
d34bf56350d5,W4380486983
d34bf56350d5,W4386944244
d34bf56350d5,W4391811051
d34bf56350d5,W4391880064
d34bf56350d5,W4402594924
d34bf56350d5,W4403299181
d34bf56350d5,W4404670220
d34bf56350d5,W4406344308
d34bf56350d5,W4407090633
d34bf56350d5,W4407393904
d34bf56350d5,W4408357862
d34bf56350d5,W4409318682
d34bf56350d5,W4411588553
d34bf56350d5,W4412471888
d34bf56350d5,W4412666255
d34bf56350d5,W4413014210
d34bf56350d5,W4413285005
d34bf56350d5,W4415417568
d34bf56350d5,W4415417764
d34bf56350d5,W4415417915
d34bf56350d5,W4415529199
d34bf56350d5,W4415549224
d34bf56350d5,W4415549229
d34bf56350d5,W4415549230
d34bf56350d5,W7140109951
d34bf56350d5,W7164304823
d34bf56350d5,W7166616342
d34bf56350d5,W837905019
d34d783a30d8,W211739002
d34d783a30d8,W258037112
d34d783a30d8,W2727599752
d34d783a30d8,W2906351195
d34d783a30d8,W2994989803
d34d783a30d8,W2995543961
d34d783a30d8,W3134031808
d34d783a30d8,W3167009206
d34d783a30d8,W3168702883
d34d783a30d8,W3170460758
d34d783a30d8,W4200526505
d34d783a30d8,W4206981040
d34d783a30d8,W4225376899
d34d783a30d8,W4246696440
d34d783a30d8,W4293005076
d34d783a30d8,W4293243057
d34d783a30d8,W4309190850
d34d783a30d8,W4363625523
d34d783a30d8,W4385459923
d34d783a30d8,W4388479433
d34d783a30d8,W4388501853
d34d783a30d8,W4391654754
d34d783a30d8,W4396571992
d34d783a30d8,W4400117942
d34d783a30d8,W4400352747
d34d783a30d8,W4401962704
d34d783a30d8,W4403516938
d34d783a30d8,W4404562765
d34d783a30d8,W4409424401
d34d783a30d8,W4410641652
d34d783a30d8,W4411631869
d34d783a30d8,W4412605752
d34d783a30d8,W4415629714
d34d783a30d8,W4416023365
d34d783a30d8,W7117454814
d34d783a30d8,W7117460978
d34d783a30d8,W7128477372
d34d783a30d8,W7154550261
d34d783a30d8,W7162471387
d34d783a30d8,W7163737801
d34d783a30d8,W7163967751
d34d783a30d8,W7164000948
d34d783a30d8,W7167636343
d34d783a30d8,W7167892367
d34d783a30d8,W7168116245
d34d783a30d8,W7202179342
d371698de408,W2734447632
d371698de408,W2779297280
d371698de408,W2780245084
d371698de408,W2780445976
d371698de408,W2881736701
d371698de408,W2963392839
d371698de408,W2979991465
d371698de408,W2990566373
d371698de408,W3120604361
d371698de408,W3150847477
d371698de408,W3158784614
d371698de408,W3167044118
d371698de408,W3215552316
d371698de408,W3215982592
d371698de408,W4210452848
d371698de408,W4213131350
d371698de408,W4214664911
d371698de408,W4220799360
d371698de408,W4223522576
d371698de408,W4226022392
d371698de408,W4236439804
d371698de408,W4246319001
d371698de408,W4247928111
d371698de408,W4252577872
d371698de408,W4254344420
d371698de408,W4281849591
d371698de408,W4283164125
d371698de408,W4284676661
d371698de408,W4284963312
d371698de408,W4285091676
d371698de408,W4310708701
d371698de408,W4310948690
d371698de408,W4312938415
d371698de408,W4317435644
d371698de408,W4378640288
d371698de408,W4378676334
d371698de408,W4385240232
d371698de408,W4385263791
d371698de408,W4387821237
d371698de408,W4396769777
d371698de408,W4396795349
d371698de408,W4400808528
d371698de408,W4403291145
d371698de408,W4406617993
d371698de408,W4406633044
d371698de408,W4409869963
d371698de408,W4409968412
d371698de408,W4410293364
d371698de408,W4410794682
d371698de408,W4410945335
d371698de408,W4411198971
d371698de408,W4411900540
d371698de408,W4412519582
d371698de408,W4412750954
d371698de408,W4413300442
d371698de408,W4416111416
d371698de408,W7130590257
d371698de408,W7154817817
d371698de408,W7166300211
d371698de408,W7167332980
d371698de408,W7167345750
d371698de408,W7167391380
d371698de408,W7167870451
d371698de408,W7202102884
d453d027f23b,W3081323074
d453d027f23b,W4310575181
d453d027f23b,W4311836219
d453d027f23b,W4379143580
d453d027f23b,W4387651973
d453d027f23b,W4390840445
d453d027f23b,W4391655845
d453d027f23b,W4400080238
d453d027f23b,W4400101818
d453d027f23b,W4401057476
d453d027f23b,W4412718568
d453d027f23b,W4413924779
d453d027f23b,W7167088962
d453d027f23b,W7167139115
d485e62a63c4,W2337584118
d485e62a63c4,W2510011346
d485e62a63c4,W2808788834
d485e62a63c4,W3080923882
d485e62a63c4,W3158493008
d485e62a63c4,W3161810538
d485e62a63c4,W3183668647
d485e62a63c4,W4238126673
d485e62a63c4,W4290793162
d485e62a63c4,W4313595162
d485e62a63c4,W4377140238
d485e62a63c4,W4380486983
d485e62a63c4,W4391546353
d485e62a63c4,W4391610010
d485e62a63c4,W4391880064
d485e62a63c4,W4394714357
d485e62a63c4,W4401906305
d485e62a63c4,W4402065761
d485e62a63c4,W4402441701
d485e62a63c4,W4404670220
d485e62a63c4,W4406311116
d485e62a63c4,W4406410738
d485e62a63c4,W4409185140
d485e62a63c4,W4412128761
d485e62a63c4,W4412495413
d485e62a63c4,W4412495901
d485e62a63c4,W4412924955
d485e62a63c4,W4414789514
d485e62a63c4,W4415986035
d485e62a63c4,W4416959060
d485e62a63c4,W7124564080
d485e62a63c4,W7125019869
d485e62a63c4,W7134996048
d485e62a63c4,W7135201638
d485e62a63c4,W7136862808
d485e62a63c4,W7139353982
d485e62a63c4,W7153957694
d485e62a63c4,W7155255353
d485e62a63c4,W7160461260
d485e62a63c4,W7160577944
d485e62a63c4,W7160737852
d485e62a63c4,W7162896052
d485e62a63c4,W7165887042
d485e62a63c4,W7167561286
d4a75dbddb33,W4408095706
d4a75dbddb33,W4411373853
d4b50eafe2fb,W1190131834
d4b50eafe2fb,W1787819115
d4b50eafe2fb,W1989452269
d4b50eafe2fb,W2044294745
d4b50eafe2fb,W2130490380
d4b50eafe2fb,W2241091546
d4b50eafe2fb,W2491703884
d4b50eafe2fb,W2507845443
d4b50eafe2fb,W2509337056
d4b50eafe2fb,W2528388632
d4b50eafe2fb,W2567816241
d4b50eafe2fb,W2588847314
d4b50eafe2fb,W2597138673
d4b50eafe2fb,W2608222196
d4b50eafe2fb,W2757301248
d4b50eafe2fb,W2771861043
d4b50eafe2fb,W2791083361
d4b50eafe2fb,W2795979234
d4b50eafe2fb,W2799837970
d4b50eafe2fb,W2800898385
d4b50eafe2fb,W2883859933
d4b50eafe2fb,W2894564700
d4b50eafe2fb,W2894619711
d4b50eafe2fb,W2894706919
d4b50eafe2fb,W2895093046
d4b50eafe2fb,W2895229631
d4b50eafe2fb,W2895438727
d4b50eafe2fb,W2895495491
d4b50eafe2fb,W2895510111
d4b50eafe2fb,W2895677486
d4b50eafe2fb,W2895797881
d4b50eafe2fb,W2898451227
d4b50eafe2fb,W2950348803
d4b50eafe2fb,W2951056948
d4b50eafe2fb,W2951627260
d4b50eafe2fb,W2953100012
d4b50eafe2fb,W2969838298
d4b50eafe2fb,W2971698566
d4b50eafe2fb,W2983242806
d4b50eafe2fb,W2986666323
d4b50eafe2fb,W2994843081
d4b50eafe2fb,W2995764968
d4b50eafe2fb,W2995848564
d4b50eafe2fb,W2996076832
d4b50eafe2fb,W2996753787
d4b50eafe2fb,W3001614522
d4b50eafe2fb,W3023014724
d4b50eafe2fb,W3023106667
d4b50eafe2fb,W3023691237
d4b50eafe2fb,W3023965545
d4b50eafe2fb,W3026381834
d4b50eafe2fb,W3089768886
d4b50eafe2fb,W3100040070
d4b50eafe2fb,W3100968847
d4b50eafe2fb,W3105362667
d4b50eafe2fb,W3107340610
d4b50eafe2fb,W3107419024
d4b50eafe2fb,W3108197734
d4b50eafe2fb,W3108672319
d4b50eafe2fb,W3128884215
d4b50eafe2fb,W3135862057
d4b50eafe2fb,W3136280994
d4b50eafe2fb,W3141370374
d4b50eafe2fb,W3159539017
d4b50eafe2fb,W3168931133
d4b50eafe2fb,W3175598568
d4b50eafe2fb,W3178749776
d4b50eafe2fb,W3197576766
d4b50eafe2fb,W3199723008
d4b50eafe2fb,W3200363695
d4b50eafe2fb,W3201876424
d4b50eafe2fb,W3204812599
d4b50eafe2fb,W3208707926
d4b50eafe2fb,W3213118207
d4b50eafe2fb,W3213219570
d4b50eafe2fb,W4200600962
d4b50eafe2fb,W4212946883
d4b50eafe2fb,W4220747365
d4b50eafe2fb,W4220935930
d4b50eafe2fb,W4230498019
d4b50eafe2fb,W4236094842
d4b50eafe2fb,W4236248067
d4b50eafe2fb,W4237587654
d4b50eafe2fb,W4238077718
d4b50eafe2fb,W4238365656
d4b50eafe2fb,W4283013740
d4b50eafe2fb,W4283021064
d4b50eafe2fb,W4286632955
d4b50eafe2fb,W4293207367
d4b50eafe2fb,W4297260746
d4b50eafe2fb,W4306249499
d4b50eafe2fb,W4307374919
d4b50eafe2fb,W4309677902
d4b50eafe2fb,W4313640641
d4b50eafe2fb,W4317743562
d4b50eafe2fb,W4318191641
d4b50eafe2fb,W4319933707
d4b50eafe2fb,W4321370004
d4b50eafe2fb,W4323075433
d4b50eafe2fb,W4323310328
d4b50eafe2fb,W4380154129
d4b50eafe2fb,W4380154344
d4b50eafe2fb,W4380154470
d4b50eafe2fb,W4380202124
d4b50eafe2fb,W4380204099
d4b50eafe2fb,W4381615061
d4b50eafe2fb,W4386384186
d4b50eafe2fb,W4389344672
d4b50eafe2fb,W4389622560
d4b50eafe2fb,W4389952237
d4b50eafe2fb,W4390916642
d4b50eafe2fb,W4391548211
d4b50eafe2fb,W4391629219
d4b50eafe2fb,W4393054095
d4b50eafe2fb,W4394607024
d4b50eafe2fb,W4394714357
d4b50eafe2fb,W4396668692
d4b50eafe2fb,W4399370173
d4b50eafe2fb,W4401669868
d4b50eafe2fb,W4401817308
d4b50eafe2fb,W4402344174
d4b50eafe2fb,W4402441701
d4b50eafe2fb,W4403036292
d4b50eafe2fb,W4403078274
d4b50eafe2fb,W4403241183
d4b50eafe2fb,W4403818143
d4b50eafe2fb,W4403969765
d4b50eafe2fb,W4405722870
d4b50eafe2fb,W4405725443
d4b50eafe2fb,W4405763045
d4b50eafe2fb,W4406227897
d4b50eafe2fb,W4406348232
d4b50eafe2fb,W4406617993
d4b50eafe2fb,W4406633044
d4b50eafe2fb,W4406905980
d4b50eafe2fb,W4407196455
d4b50eafe2fb,W4407350064
d4b50eafe2fb,W4407380455
d4b50eafe2fb,W4407381214
d4b50eafe2fb,W4407561926
d4b50eafe2fb,W4407564580
d4b50eafe2fb,W4407585133
d4b50eafe2fb,W4407700432
d4b50eafe2fb,W4407775079
d4b50eafe2fb,W4407832541
d4b50eafe2fb,W4408488395
d4b50eafe2fb,W4408788233
d4b50eafe2fb,W4408810633
d4b50eafe2fb,W4409185140
d4b50eafe2fb,W4409673339
d4b50eafe2fb,W4409993644
d4b50eafe2fb,W4409993686
d4b50eafe2fb,W4410092281
d4b50eafe2fb,W4410092634
d4b50eafe2fb,W4410315811
d4b50eafe2fb,W4410494846
d4b50eafe2fb,W4410726556
d4b50eafe2fb,W4410741401
d4b50eafe2fb,W4411163069
d4b50eafe2fb,W4411200782
d4b50eafe2fb,W4411217825
d4b50eafe2fb,W4411218169
d4b50eafe2fb,W4411218451
d4b50eafe2fb,W4411694662
d4b50eafe2fb,W4412425917
d4b50eafe2fb,W4412426086
d4b50eafe2fb,W4412426491
d4b50eafe2fb,W4412426559
d4b50eafe2fb,W4412567308
d4b50eafe2fb,W4413349553
d4b50eafe2fb,W4413738353
d4b50eafe2fb,W4414333514
d4b50eafe2fb,W4414341611
d4b50eafe2fb,W4414478557
d4b50eafe2fb,W4415109280
d4b50eafe2fb,W4415261254
d4b50eafe2fb,W4415383471
d4b50eafe2fb,W4415668760
d4b50eafe2fb,W4415966148
d4b50eafe2fb,W4417117312
d4b50eafe2fb,W7104836910
d4b50eafe2fb,W7117224266
d4b50eafe2fb,W7126233654
d4b50eafe2fb,W7126243742
d4b50eafe2fb,W7128546758
d4b50eafe2fb,W7147135541
d4b50eafe2fb,W7165541604
d4b50eafe2fb,W7165548192
d4b50eafe2fb,W7166565126
d4b50eafe2fb,W7172327994
d4b50eafe2fb,W7172576823
d5125af98b4b,W4406825390
d5125af98b4b,W4412855644
d5125af98b4b,W4412995840
d6528f94b003,W1014387759
d6528f94b003,W1992339764
d6528f94b003,W2001176766
d6528f94b003,W2092132467
d6528f94b003,W2431419066
d6528f94b003,W2748567875
d6528f94b003,W2904392726
d6528f94b003,W2960158161
d6528f94b003,W2965917988
d6528f94b003,W2987659232
d6528f94b003,W3024822259
d6528f94b003,W3046251139
d6528f94b003,W3083978540
d6528f94b003,W3084371695
d6528f94b003,W3091300545
d6528f94b003,W3113299210
d6528f94b003,W3113775567
d6528f94b003,W3114570605
d6528f94b003,W3115369599
d6528f94b003,W3115988698
d6528f94b003,W3116732036
d6528f94b003,W3117905227
d6528f94b003,W3153119993
d6528f94b003,W3157709168
d6528f94b003,W3160352723
d6528f94b003,W3161490989
d6528f94b003,W3163624659
d6528f94b003,W3183007290
d6528f94b003,W3190873006
d6528f94b003,W3190926895
d6528f94b003,W3192425686
d6528f94b003,W3210636499
d6528f94b003,W4205660310
d6528f94b003,W4221054929
d6528f94b003,W4224219348
d6528f94b003,W4234942046
d6528f94b003,W4238938726
d6528f94b003,W4249644016
d6528f94b003,W4281673992
d6528f94b003,W4281750669
d6528f94b003,W4281904079
d6528f94b003,W4286586481
d6528f94b003,W4293059965
d6528f94b003,W4293200122
d6528f94b003,W4317387854
d6528f94b003,W4321003474
d6528f94b003,W4323926117
d6528f94b003,W4324377634
d6528f94b003,W4376638779
d6528f94b003,W4380763570
d6528f94b003,W4385582441
d6528f94b003,W4385620566
d6528f94b003,W4385683832
d6528f94b003,W4388628179
d6528f94b003,W4388798178
d6528f94b003,W4388798412
d6528f94b003,W4388910639
d6528f94b003,W4390638110
d6528f94b003,W4392112198
d6528f94b003,W4392520180
d6528f94b003,W4393063911
d6528f94b003,W4394714357
d6528f94b003,W4394735428
d6528f94b003,W4400594495
d6528f94b003,W4400984075
d6528f94b003,W4401659570
d6528f94b003,W4402441701
d6528f94b003,W4402476490
d6528f94b003,W4402797877
d6528f94b003,W4403483358
d6528f94b003,W4404375985
d6528f94b003,W4406277497
d6528f94b003,W4407730848
d6528f94b003,W4409185140
d6528f94b003,W4409500968
d6528f94b003,W4410487118
d6528f94b003,W4411489500
d6528f94b003,W4411540163
d6528f94b003,W4411844943
d6528f94b003,W4413019391
d6528f94b003,W4413245381
d6528f94b003,W4413914750
d6528f94b003,W4413965253
d6528f94b003,W4414104572
d6528f94b003,W4415016269
d6528f94b003,W4415462211
d6528f94b003,W4416959060
d6528f94b003,W4417047459
d6528f94b003,W620008454
d6528f94b003,W7117236676
d6528f94b003,W7135201638
d6528f94b003,W7136862808
d6528f94b003,W7139353982
d6528f94b003,W7140033552
d6528f94b003,W7160986294
d6528f94b003,W7164893337
d6528f94b003,W7170903034
d6528f94b003,W7172253684
d6528f94b003,W7172419336
d6528f94b003,W7196998528
d7a469e48170,W139579496
d7a469e48170,W1614345558
d7a469e48170,W1983552006
d7a469e48170,W1987425243
d7a469e48170,W1988007643
d7a469e48170,W2028385251
d7a469e48170,W2035040856
d7a469e48170,W2047155911
d7a469e48170,W2053102267
d7a469e48170,W2081384228
d7a469e48170,W2084915199
d7a469e48170,W2096220157
d7a469e48170,W2096363434
d7a469e48170,W2099380563
d7a469e48170,W2106279125
d7a469e48170,W2108808785
d7a469e48170,W2113281951
d7a469e48170,W2113757977
d7a469e48170,W2116435518
d7a469e48170,W2120106884
d7a469e48170,W2121962455
d7a469e48170,W2123062416
d7a469e48170,W2125019855
d7a469e48170,W2129088639
d7a469e48170,W2131354583
d7a469e48170,W2140156455
d7a469e48170,W2144494166
d7a469e48170,W2144725040
d7a469e48170,W2150106283
d7a469e48170,W2155436599
d7a469e48170,W2156342234
d7a469e48170,W2160311507
d7a469e48170,W2160486983
d7a469e48170,W2165104589
d7a469e48170,W2168318475
d7a469e48170,W2170190406
d7a469e48170,W2227059686
d7a469e48170,W2504738430
d7a469e48170,W2526631972
d7a469e48170,W2553892288
d7a469e48170,W2574024823
d7a469e48170,W2598127561
d7a469e48170,W2618261852
d7a469e48170,W2765677354
d7a469e48170,W2767823141
d7a469e48170,W2797445798
d7a469e48170,W2808434848
d7a469e48170,W2895517108
d7a469e48170,W2944813942
d7a469e48170,W2999633285
d7a469e48170,W3083207780
d7a469e48170,W3095092112
d7a469e48170,W3118398427
d7a469e48170,W3120156909
d7a469e48170,W3120745899
d7a469e48170,W3123330538
d7a469e48170,W3154772058
d7a469e48170,W3185824430
d7a469e48170,W3212795539
d7a469e48170,W3213103047
d7a469e48170,W367366767
d7a469e48170,W4200462505
d7a469e48170,W4210660068
d7a469e48170,W4221052232
d7a469e48170,W4231057477
d7a469e48170,W4236872974
d7a469e48170,W4239251365
d7a469e48170,W4245825411
d7a469e48170,W4252976879
d7a469e48170,W4256307376
d7a469e48170,W4289735796
d7a469e48170,W4294299211
d7a469e48170,W4304687960
d7a469e48170,W4322754254
d7a469e48170,W4362730603
d7a469e48170,W4376481574
d7a469e48170,W4385554417
d7a469e48170,W4385802119
d7a469e48170,W4386189427
d7a469e48170,W4386871254
d7a469e48170,W4386871257
d7a469e48170,W4391648546
d7a469e48170,W4394151234
d7a469e48170,W4394186512
d7a469e48170,W4399612854
d7a469e48170,W4399650185
d7a469e48170,W4401640629
d7a469e48170,W4404061781
d7a469e48170,W4404122185
d7a469e48170,W4406747407
d7a469e48170,W4409953742
d7a469e48170,W4410073366
d7a469e48170,W4411545524
d7a469e48170,W4414051115
d7a469e48170,W4414260027
d7a469e48170,W4417073611
d7a469e48170,W67880617
d7a469e48170,W7117462019
d7a469e48170,W7134497648
d7a469e48170,W7135201638
d7a469e48170,W7136862808
d7a469e48170,W7139353982
d7a469e48170,W7153957694
d7a469e48170,W7167838845
d7a469e48170,W762358148
d7a469e48170,W788988269
d7d9410b5223,W2467367063
d7d9410b5223,W2602209991
d7d9410b5223,W3164467477
d7d9410b5223,W4206311583
d7d9410b5223,W4225098391
d7d9410b5223,W4283770112
d7d9410b5223,W4285351144
d7d9410b5223,W4292448923
d7d9410b5223,W4400115442
d7d9410b5223,W7154072634
d7eb4f3583cb,W1514028671
d7eb4f3583cb,W1525605291
d7eb4f3583cb,W1530638156
d7eb4f3583cb,W163730523
d7eb4f3583cb,W1660017546
d7eb4f3583cb,W1968524458
d7eb4f3583cb,W1974020745
d7eb4f3583cb,W1980541806
d7eb4f3583cb,W1981159841
d7eb4f3583cb,W1990004466
d7eb4f3583cb,W1997141205
d7eb4f3583cb,W2003243961
d7eb4f3583cb,W2005083773
d7eb4f3583cb,W2016512245
d7eb4f3583cb,W2019930804
d7eb4f3583cb,W2033173277
d7eb4f3583cb,W2045077096
d7eb4f3583cb,W2053619491
d7eb4f3583cb,W2056657661
d7eb4f3583cb,W2057219905
d7eb4f3583cb,W2067934618
d7eb4f3583cb,W2069831860
d7eb4f3583cb,W2076633278
d7eb4f3583cb,W2106853345
d7eb4f3583cb,W2107789067
d7eb4f3583cb,W2108091885
d7eb4f3583cb,W2116542037
d7eb4f3583cb,W2119324600
d7eb4f3583cb,W2133980726
d7eb4f3583cb,W2141407940
d7eb4f3583cb,W2141647178
d7eb4f3583cb,W2145827771
d7eb4f3583cb,W2146548105
d7eb4f3583cb,W2152509157
d7eb4f3583cb,W2154301198
d7eb4f3583cb,W2165360301
d7eb4f3583cb,W2171484235
d7eb4f3583cb,W2284172990
d7eb4f3583cb,W2284824621
d7eb4f3583cb,W2339624857
d7eb4f3583cb,W2339656742
d7eb4f3583cb,W2494730694
d7eb4f3583cb,W2535789121
d7eb4f3583cb,W2566875282
d7eb4f3583cb,W2604540625
d7eb4f3583cb,W2604847472
d7eb4f3583cb,W2607322134
d7eb4f3583cb,W2734730583
d7eb4f3583cb,W2742332542
d7eb4f3583cb,W2748855069
d7eb4f3583cb,W2763905637
d7eb4f3583cb,W282196041
d7eb4f3583cb,W2879802575
d7eb4f3583cb,W2891991642
d7eb4f3583cb,W2897875539
d7eb4f3583cb,W2901564037
d7eb4f3583cb,W2904219159
d7eb4f3583cb,W2905090614
d7eb4f3583cb,W2905582401
d7eb4f3583cb,W2910517601
d7eb4f3583cb,W2922434216
d7eb4f3583cb,W2935391847
d7eb4f3583cb,W2940708257
d7eb4f3583cb,W2945690307
d7eb4f3583cb,W2947466750
d7eb4f3583cb,W2970352328
d7eb4f3583cb,W3006972967
d7eb4f3583cb,W3022137094
d7eb4f3583cb,W3024685519
d7eb4f3583cb,W3088665646
d7eb4f3583cb,W3108407374
d7eb4f3583cb,W3109646711
d7eb4f3583cb,W3128173950
d7eb4f3583cb,W3183839191
d7eb4f3583cb,W3197677453
d7eb4f3583cb,W3199138386
d7eb4f3583cb,W3199332823
d7eb4f3583cb,W3199333560
d7eb4f3583cb,W3199448239
d7eb4f3583cb,W3199550672
d7eb4f3583cb,W3199637953
d7eb4f3583cb,W3199665275
d7eb4f3583cb,W3199740916
d7eb4f3583cb,W3200046294
d7eb4f3583cb,W3200581375
d7eb4f3583cb,W3200711521
d7eb4f3583cb,W3200783790
d7eb4f3583cb,W3200840351
d7eb4f3583cb,W3200851709
d7eb4f3583cb,W3201198943
d7eb4f3583cb,W3201310763
d7eb4f3583cb,W3201357271
d7eb4f3583cb,W3203593457
d7eb4f3583cb,W3213524426
d7eb4f3583cb,W3214339604
d7eb4f3583cb,W327363686
d7eb4f3583cb,W4200496183
d7eb4f3583cb,W4205344248
d7eb4f3583cb,W4205455451
d7eb4f3583cb,W4205723427
d7eb4f3583cb,W4205986250
d7eb4f3583cb,W4206232412
d7eb4f3583cb,W4206457253
d7eb4f3583cb,W4206487642
d7eb4f3583cb,W4210579390
d7eb4f3583cb,W4210619570
d7eb4f3583cb,W4220674556
d7eb4f3583cb,W4230123483
d7eb4f3583cb,W4230169172
d7eb4f3583cb,W4231203854
d7eb4f3583cb,W4232478484
d7eb4f3583cb,W4232695278
d7eb4f3583cb,W4232988842
d7eb4f3583cb,W4233937592
d7eb4f3583cb,W4234326532
d7eb4f3583cb,W4234540756
d7eb4f3583cb,W4236438040
d7eb4f3583cb,W4237093892
d7eb4f3583cb,W4237639332
d7eb4f3583cb,W4239142259
d7eb4f3583cb,W4244394021
d7eb4f3583cb,W4244735357
d7eb4f3583cb,W4250111075
d7eb4f3583cb,W4250939300
d7eb4f3583cb,W4253687189
d7eb4f3583cb,W4256393719
d7eb4f3583cb,W4256718185
d7eb4f3583cb,W4282822499
d7eb4f3583cb,W4283120719
d7eb4f3583cb,W4288574320
d7eb4f3583cb,W4304806633
d7eb4f3583cb,W4319785984
d7eb4f3583cb,W4386741243
d7eb4f3583cb,W4388798956
d7eb4f3583cb,W4391293626
d7eb4f3583cb,W4404401475
d7eb4f3583cb,W4404967969
d7eb4f3583cb,W4410443202
d7eb4f3583cb,W4415404783
d7eb4f3583cb,W4415404786
d7eb4f3583cb,W45143009
d7eb4f3583cb,W585084753
d7eb4f3583cb,W7138920398
d7eb4f3583cb,W7161782108
d9964f3f5d15,W3110366464
d9964f3f5d15,W3186704611
d9964f3f5d15,W3196716485
d9964f3f5d15,W3199950384
d9964f3f5d15,W3213557798
d9964f3f5d15,W4366200992
d9964f3f5d15,W4402910385
d9964f3f5d15,W4403266124
d9964f3f5d15,W4409308410
d9964f3f5d15,W4416959060
d9964f3f5d15,W7128126813
d9964f3f5d15,W7135201638
d9964f3f5d15,W7136862808
d9964f3f5d15,W7139353982
d9964f3f5d15,W7153957694
d9964f3f5d15,W7162896052
d9964f3f5d15,W7165796480
d9964f3f5d15,W7165808274
d9bf26e194fc,W2946598514
d9bf26e194fc,W2947717562
d9bf26e194fc,W2993902402
d9bf26e194fc,W3114486210
d9bf26e194fc,W3124674517
d9bf26e194fc,W3167344404
d9bf26e194fc,W3202012968
d9bf26e194fc,W4293175759
d9bf26e194fc,W4303984259
d9bf26e194fc,W4313224295
d9bf26e194fc,W4376139804
d9bf26e194fc,W4376871889
d9bf26e194fc,W4394714357
d9bf26e194fc,W4399431802
d9bf26e194fc,W4400678788
d9bf26e194fc,W4402441701
d9bf26e194fc,W4404950124
d9bf26e194fc,W4408095706
d9bf26e194fc,W4409185140
d9bf26e194fc,W4411031153
d9bf26e194fc,W4411373853
d9bf26e194fc,W4411589501
d9bf26e194fc,W4412151942
d9bf26e194fc,W4412426041
d9bf26e194fc,W4413273662
d9bf26e194fc,W4415194280
d9bf26e194fc,W4415416458
d9bf26e194fc,W4415416634
d9bf26e194fc,W4415756127
d9bf26e194fc,W4415759576
d9bf26e194fc,W4416959060
d9bf26e194fc,W6948293987
d9bf26e194fc,W7104836910
d9bf26e194fc,W7128546758
d9bf26e194fc,W7135201638
d9bf26e194fc,W7136862808
d9bf26e194fc,W7139353982
d9bf26e194fc,W7147077833
d9bf26e194fc,W7147329468
d9bf26e194fc,W7148196972
d9bf26e194fc,W7153957694
d9bf26e194fc,W7154474003
d9bf26e194fc,W7154660019
d9bf26e194fc,W7155360444
d9bf26e194fc,W7158308841
d9bf26e194fc,W7162657887
d9bf26e194fc,W7162896052
d9bf26e194fc,W7162917542
d9bf26e194fc,W7171640776
d9f64e84980b,W3216548699
d9f64e84980b,W4200134738
d9f64e84980b,W4200224420
d9f64e84980b,W4231495036
d9f64e84980b,W4296086475
d9f64e84980b,W4307559116
d9f64e84980b,W4311954575
d9f64e84980b,W4316193425
d9f64e84980b,W4321102157
d9f64e84980b,W4321369124
d9f64e84980b,W4322098662
d9f64e84980b,W4365810361
d9f64e84980b,W4366776611
d9f64e84980b,W4385346230
d9f64e84980b,W4401493806
d9f64e84980b,W4405003268
d9f64e84980b,W4405003353
d9f64e84980b,W4410105825
d9f64e84980b,W4413131268
d9f64e84980b,W7136006692
d9f64e84980b,W7166517788
da1ef33e9338,W1516572736
da1ef33e9338,W1967832327
da1ef33e9338,W2126680363
da1ef33e9338,W2231699557
da1ef33e9338,W2406210268
da1ef33e9338,W2517085038
da1ef33e9338,W2579331638
da1ef33e9338,W2602677821
da1ef33e9338,W2615679802
da1ef33e9338,W2766140663
da1ef33e9338,W2773400618
da1ef33e9338,W2789641212
da1ef33e9338,W2789694480
da1ef33e9338,W2793273676
da1ef33e9338,W2910420299
da1ef33e9338,W2925250786
da1ef33e9338,W2941608643
da1ef33e9338,W2962950995
da1ef33e9338,W2970894043
da1ef33e9338,W2976526132
da1ef33e9338,W2980071506
da1ef33e9338,W3008737427
da1ef33e9338,W3015257966
da1ef33e9338,W3033552804
da1ef33e9338,W3036967522
da1ef33e9338,W3042990992
da1ef33e9338,W3043152658
da1ef33e9338,W3047168500
da1ef33e9338,W3048461373
da1ef33e9338,W3048848895
da1ef33e9338,W3048964929
da1ef33e9338,W3049651191
da1ef33e9338,W3081416377
da1ef33e9338,W3087372244
da1ef33e9338,W3097802944
da1ef33e9338,W3104999923
da1ef33e9338,W3133526295
da1ef33e9338,W3135317169
da1ef33e9338,W3135962274
da1ef33e9338,W3150590019
da1ef33e9338,W3160609668
da1ef33e9338,W3161036687
da1ef33e9338,W3163663209
da1ef33e9338,W3176058818
da1ef33e9338,W3193805577
da1ef33e9338,W3199486274
da1ef33e9338,W3204446372
da1ef33e9338,W4200383276
da1ef33e9338,W4205237263
da1ef33e9338,W4205545350
da1ef33e9338,W4207023387
da1ef33e9338,W4210426445
da1ef33e9338,W4210660115
da1ef33e9338,W4212813469
da1ef33e9338,W4213026744
da1ef33e9338,W4214895573
da1ef33e9338,W4221054461
da1ef33e9338,W4223425768
da1ef33e9338,W4225827208
da1ef33e9338,W4226504205
da1ef33e9338,W4231833393
da1ef33e9338,W4246388431
da1ef33e9338,W4249408842
da1ef33e9338,W4251002637
da1ef33e9338,W4282965992
da1ef33e9338,W4283793272
da1ef33e9338,W4288438187
da1ef33e9338,W4289781876
da1ef33e9338,W4291747229
da1ef33e9338,W4293715342
da1ef33e9338,W4294168995
da1ef33e9338,W4298088109
da1ef33e9338,W4310956600
da1ef33e9338,W4312648940
da1ef33e9338,W4315435117
da1ef33e9338,W4321239511
da1ef33e9338,W4367058917
da1ef33e9338,W4376875053
da1ef33e9338,W4378611187
da1ef33e9338,W4378676334
da1ef33e9338,W4378875453
da1ef33e9338,W4379094875
da1ef33e9338,W4380874640
da1ef33e9338,W4385240232
da1ef33e9338,W4385620760
da1ef33e9338,W4385875806
da1ef33e9338,W4387501294
da1ef33e9338,W4387535180
da1ef33e9338,W4387824921
da1ef33e9338,W4388639041
da1ef33e9338,W4388940435
da1ef33e9338,W4389298084
da1ef33e9338,W4389338217
da1ef33e9338,W4389896147
da1ef33e9338,W4390582232
da1ef33e9338,W4391360721
da1ef33e9338,W4392109807
da1ef33e9338,W4392235833
da1ef33e9338,W4392246740
da1ef33e9338,W4392787605
da1ef33e9338,W4396523017
da1ef33e9338,W4396606760
da1ef33e9338,W4396801659
da1ef33e9338,W4398199650
da1ef33e9338,W4399998908
da1ef33e9338,W4400138758
da1ef33e9338,W4400312960
da1ef33e9338,W4401036434
da1ef33e9338,W4402311977
da1ef33e9338,W4402535883
da1ef33e9338,W4404374543
da1ef33e9338,W4404446405
da1ef33e9338,W4404843707
da1ef33e9338,W4405651375
da1ef33e9338,W4405707958
da1ef33e9338,W4405716993
da1ef33e9338,W4405807982
da1ef33e9338,W4406086092
da1ef33e9338,W4406272509
da1ef33e9338,W4406382608
da1ef33e9338,W4406617993
da1ef33e9338,W4406633044
da1ef33e9338,W4406758152
da1ef33e9338,W4407299555
da1ef33e9338,W4407585133
da1ef33e9338,W4407783248
da1ef33e9338,W4407832541
da1ef33e9338,W4408195407
da1ef33e9338,W4408951972
da1ef33e9338,W4409034311
da1ef33e9338,W4409509943
da1ef33e9338,W4409698034
da1ef33e9338,W4409732324
da1ef33e9338,W4409778821
da1ef33e9338,W4410195974
da1ef33e9338,W4410233520
da1ef33e9338,W4410441538
da1ef33e9338,W4411960210
da1ef33e9338,W4412406583
da1ef33e9338,W4412567308
da1ef33e9338,W4412601653
da1ef33e9338,W4412727204
da1ef33e9338,W4412766740
da1ef33e9338,W4413008772
da1ef33e9338,W4413011713
da1ef33e9338,W4413011714
da1ef33e9338,W4413043732
da1ef33e9338,W4413304901
da1ef33e9338,W4413493435
da1ef33e9338,W4413738353
da1ef33e9338,W4413895076
da1ef33e9338,W4413990695
da1ef33e9338,W4414156742
da1ef33e9338,W4414161783
da1ef33e9338,W4414162584
da1ef33e9338,W4414242828
da1ef33e9338,W4414351392
da1ef33e9338,W4414715767
da1ef33e9338,W4415383471
da1ef33e9338,W4415620520
da1ef33e9338,W4415832899
da1ef33e9338,W4416217887
da1ef33e9338,W4416463439
da1ef33e9338,W4417073698
da1ef33e9338,W7124845423
da1ef33e9338,W7126046436
da1ef33e9338,W7131119897
da1ef33e9338,W7131878243
da1ef33e9338,W7132882678
da1ef33e9338,W7133233524
da1ef33e9338,W7134043591
da1ef33e9338,W7154842685
da1ef33e9338,W7162150527
da1ef33e9338,W7166278911
da1ef33e9338,W7167276190
da637a57c033,W3013454971
da637a57c033,W3092934210
da637a57c033,W3105750039
da637a57c033,W3107792019
da637a57c033,W3123150405
da637a57c033,W3124097960
da637a57c033,W3127801844
da637a57c033,W3134645326
da637a57c033,W3161032394
da637a57c033,W3166959885
da637a57c033,W3177274765
da637a57c033,W3183122866
da637a57c033,W3189839459
da637a57c033,W3199518916
da637a57c033,W4200209990
da637a57c033,W4200226903
da637a57c033,W4205943399
da637a57c033,W4206114994
da637a57c033,W4213287047
da637a57c033,W4214600261
da637a57c033,W4224221002
da637a57c033,W4224315195
da637a57c033,W4225690429
da637a57c033,W4226072431
da637a57c033,W4240808062
da637a57c033,W4280569125
da637a57c033,W4281676888
da637a57c033,W4285013645
da637a57c033,W4290730161
da637a57c033,W4293428264
da637a57c033,W4308141868
da637a57c033,W4318993697
da637a57c033,W4353031988
da637a57c033,W4376127614
da637a57c033,W4383505897
da637a57c033,W4386191244
da637a57c033,W4386407109
da637a57c033,W4389089786
da637a57c033,W4389089962
da637a57c033,W4392102490
da637a57c033,W4396529409
da637a57c033,W4396948522
da637a57c033,W4399334059
da637a57c033,W4399999018
da637a57c033,W4400002618
da637a57c033,W4400242095
da637a57c033,W4400981764
da637a57c033,W4401957480
da637a57c033,W4402003721
da637a57c033,W4403209312
da637a57c033,W4403209510
da637a57c033,W4403429350
da637a57c033,W4403429498
da637a57c033,W4404045223
da637a57c033,W4404080610
da637a57c033,W4406430894
da637a57c033,W4406929438
da637a57c033,W4408591440
da637a57c033,W4408979527
da637a57c033,W4409094281
da637a57c033,W4409958707
da637a57c033,W4413217962
da637a57c033,W4413218420
da637a57c033,W4413218425
da637a57c033,W4413303302
da637a57c033,W4413367864
da637a57c033,W4416920779
da637a57c033,W4417446816
da637a57c033,W7147185481
da637a57c033,W7148383821
da637a57c033,W7172301090
db7a75a1b2bd,W2811001854
db7a75a1b2bd,W2994638305
db7a75a1b2bd,W3151980657
db7a75a1b2bd,W3193037240
db7a75a1b2bd,W4200600962
db7a75a1b2bd,W4311871783
db7a75a1b2bd,W4315498632
db7a75a1b2bd,W4386374795
db7a75a1b2bd,W4388216110
db7a75a1b2bd,W4399370173
db7a75a1b2bd,W4403818143
db7a75a1b2bd,W4404557306
db7a75a1b2bd,W4404693167
db7a75a1b2bd,W4404773061
db7a75a1b2bd,W4406905980
db7a75a1b2bd,W4407700432
db7a75a1b2bd,W4408195410
db7a75a1b2bd,W4408788233
db7a75a1b2bd,W4408810633
db7a75a1b2bd,W4409577142
db7a75a1b2bd,W4413349553
db7a75a1b2bd,W4413781600
db7a75a1b2bd,W4414478557
db7a75a1b2bd,W4415109280
db7a75a1b2bd,W4416959060
db7a75a1b2bd,W7135201638
db7a75a1b2bd,W7136862808
db7a75a1b2bd,W7139353982
db7a75a1b2bd,W7147694663
db7a75a1b2bd,W7149875196
db7a75a1b2bd,W7153957694
db7a75a1b2bd,W7155011032
db7a75a1b2bd,W7160246074
db7a75a1b2bd,W7162896052
db7a75a1b2bd,W7168110287
db7a75a1b2bd,W7169509795
db7a75a1b2bd,W7196989058
dc74869858df,W3086236823
dc74869858df,W3109161532
dc74869858df,W3111674459
dc74869858df,W3210296087
dc74869858df,W4213131350
dc74869858df,W4283157114
dc74869858df,W4384029950
dc74869858df,W4384560720
dc74869858df,W4391998772
dc74869858df,W4392015854
dc74869858df,W4392023518
dc74869858df,W4392023657
dc74869858df,W4407075807
dc74869858df,W4407099097
dc74869858df,W4409718156
dc74869858df,W4412792319
dc74869858df,W4412836090
dc74869858df,W4412940590
dc74869858df,W4415397113
dc74869858df,W4416514624
dc74869858df,W4416515349
dc74869858df,W7133499997
dc74869858df,W7134026842
dc74869858df,W7134251033
dc74869858df,W7134863885
dc74869858df,W7134880559
dc74869858df,W7135821596
dc74869858df,W7136006692
dc74869858df,W7136639244
dc74869858df,W7136851132
dc74869858df,W7149225749
dc74869858df,W7154737183
dc74869858df,W7154744471
dc74869858df,W7163576909
dca1b78168a4,W2571377344
dca1b78168a4,W3096315477
dca1b78168a4,W4307683448
dca1b78168a4,W4322707845
dca1b78168a4,W4365810361
dca1b78168a4,W4391760394
dca1b78168a4,W4392214685
dca1b78168a4,W4400111855
dca1b78168a4,W4411731251
dca1b78168a4,W4416191113
dca1b78168a4,W4416196422
dca1b78168a4,W7127907742
dca1b78168a4,W7128103609
dca1b78168a4,W7130631869
dcb52eae5527,W2794876839
dcb52eae5527,W2909598394
dcb52eae5527,W2942740644
dcb52eae5527,W2989719191
dcb52eae5527,W4213104012
dcb52eae5527,W4250896757
dcb52eae5527,W4302013482
dcb52eae5527,W4381189586
dcb52eae5527,W4401493806
dcb52eae5527,W4402813701
dcb52eae5527,W4405003268
dcb52eae5527,W4405003353
dcb52eae5527,W4408815508
dcb52eae5527,W7106546001
dcb52eae5527,W7106589174
dcb52eae5527,W7110847466
dcb52eae5527,W7111175649
dcb52eae5527,W7116877071
dcb52eae5527,W7116933508
dcb52eae5527,W7125128057
dcb52eae5527,W7125194989
dcb52eae5527,W7154028113
dcb52eae5527,W7154072584
dcb52eae5527,W7154694594
dcb52eae5527,W7154760410
dcb52eae5527,W7154941747
dd30735a4d2d,W1716743622
dd30735a4d2d,W1788278135
dd30735a4d2d,W1926930941
dd30735a4d2d,W1979378757
dd30735a4d2d,W2002834856
dd30735a4d2d,W2108190106
dd30735a4d2d,W2124081097
dd30735a4d2d,W2163409535
dd30735a4d2d,W2174897864
dd30735a4d2d,W2287795825
dd30735a4d2d,W2313488140
dd30735a4d2d,W2328610875
dd30735a4d2d,W2396033225
dd30735a4d2d,W2520051813
dd30735a4d2d,W2612932948
dd30735a4d2d,W2785045844
dd30735a4d2d,W2808585037
dd30735a4d2d,W2896244916
dd30735a4d2d,W2910811075
dd30735a4d2d,W2914534860
dd30735a4d2d,W2949267749
dd30735a4d2d,W2954986926
dd30735a4d2d,W2955295757
dd30735a4d2d,W2998702550
dd30735a4d2d,W3028480683
dd30735a4d2d,W3188424792
dd30735a4d2d,W4206382989
dd30735a4d2d,W4231209523
dd30735a4d2d,W4233849868
dd30735a4d2d,W4234380548
dd30735a4d2d,W4236206534
dd30735a4d2d,W4239880102
dd30735a4d2d,W4240839028
dd30735a4d2d,W4242836537
dd30735a4d2d,W4251806508
dd30735a4d2d,W4253217704
dd30735a4d2d,W4376875053
dd30735a4d2d,W4403819045
dd30735a4d2d,W4404735808
dd30735a4d2d,W4415300828
dd30735a4d2d,W7163032770
dd30735a4d2d,W769276843
dd30735a4d2d,W948578467
de1308dd4b56,W2020537733
de1308dd4b56,W2031966507
de1308dd4b56,W2053485589
de1308dd4b56,W2055944295
de1308dd4b56,W2078540365
de1308dd4b56,W2080178482
de1308dd4b56,W2115773216
de1308dd4b56,W2258501629
de1308dd4b56,W2290098371
de1308dd4b56,W2329533250
de1308dd4b56,W2405603560
de1308dd4b56,W2463630867
de1308dd4b56,W2469582439
de1308dd4b56,W2471416251
de1308dd4b56,W2471996560
de1308dd4b56,W2475318747
de1308dd4b56,W2528096808
de1308dd4b56,W2563048277
de1308dd4b56,W2566233102
de1308dd4b56,W2582368425
de1308dd4b56,W2583243134
de1308dd4b56,W2597974419
de1308dd4b56,W2601424448
de1308dd4b56,W2607703362
de1308dd4b56,W2614252832
de1308dd4b56,W2732156946
de1308dd4b56,W2738197164
de1308dd4b56,W2745698506
de1308dd4b56,W2755687725
de1308dd4b56,W2755876152
de1308dd4b56,W2760969392
de1308dd4b56,W2761497824
de1308dd4b56,W2763974038
de1308dd4b56,W2767323491
de1308dd4b56,W2781194339
de1308dd4b56,W2803478920
de1308dd4b56,W2808860581
de1308dd4b56,W2809077155
de1308dd4b56,W2810814295
de1308dd4b56,W2810953752
de1308dd4b56,W2811027836
de1308dd4b56,W2885795513
de1308dd4b56,W2900512742
de1308dd4b56,W2904497558
de1308dd4b56,W2905123539
de1308dd4b56,W2909671329
de1308dd4b56,W2910481740
de1308dd4b56,W2935911934
de1308dd4b56,W2939181232
de1308dd4b56,W2955113114
de1308dd4b56,W2965892143
de1308dd4b56,W2972145609
de1308dd4b56,W2981528961
de1308dd4b56,W2987182636
de1308dd4b56,W2997241715
de1308dd4b56,W2999530844
de1308dd4b56,W3013477597
de1308dd4b56,W3016267166
de1308dd4b56,W3017520308
de1308dd4b56,W3043288952
de1308dd4b56,W3045911337
de1308dd4b56,W3082228159
de1308dd4b56,W3093163767
de1308dd4b56,W3093443388
de1308dd4b56,W3111554963
de1308dd4b56,W3115687841
de1308dd4b56,W3119317537
de1308dd4b56,W3121785057
de1308dd4b56,W3122449161
de1308dd4b56,W3126887612
de1308dd4b56,W3128334165
de1308dd4b56,W3153103871
de1308dd4b56,W3153310430
de1308dd4b56,W3156089762
de1308dd4b56,W3160046272
de1308dd4b56,W3172010301
de1308dd4b56,W3182289910
de1308dd4b56,W3186569759
de1308dd4b56,W3195937889
de1308dd4b56,W3199709593
de1308dd4b56,W3206215035
de1308dd4b56,W3206685807
de1308dd4b56,W3210148554
de1308dd4b56,W4200237946
de1308dd4b56,W4200617301
de1308dd4b56,W4205681234
de1308dd4b56,W4220931120
de1308dd4b56,W4223531898
de1308dd4b56,W4225514466
de1308dd4b56,W4238250716
de1308dd4b56,W4244594144
de1308dd4b56,W4284884064
de1308dd4b56,W4288064519
de1308dd4b56,W4289059837
de1308dd4b56,W4295565835
de1308dd4b56,W4296044508
de1308dd4b56,W4297675498
de1308dd4b56,W4297777128
de1308dd4b56,W4297826684
de1308dd4b56,W4309101699
de1308dd4b56,W4309465752
de1308dd4b56,W4311782613
de1308dd4b56,W4313649739
de1308dd4b56,W4321381861
de1308dd4b56,W4379933644
de1308dd4b56,W4381798866
de1308dd4b56,W4385794080
de1308dd4b56,W4385893656
de1308dd4b56,W4386091163
de1308dd4b56,W4387965355
de1308dd4b56,W4388513298
de1308dd4b56,W4388582452
de1308dd4b56,W4388750531
de1308dd4b56,W4389244715
de1308dd4b56,W4390345034
de1308dd4b56,W4391144429
de1308dd4b56,W4391365831
de1308dd4b56,W4393040297
de1308dd4b56,W4394934722
de1308dd4b56,W4396520795
de1308dd4b56,W4396877525
de1308dd4b56,W4398782802
de1308dd4b56,W4399370173
de1308dd4b56,W4399494630
de1308dd4b56,W4400357957
de1308dd4b56,W4400364115
de1308dd4b56,W4400416909
de1308dd4b56,W4403063848
de1308dd4b56,W4403222200
de1308dd4b56,W4403252435
de1308dd4b56,W4403474389
de1308dd4b56,W4404270207
de1308dd4b56,W4404464109
de1308dd4b56,W4404923943
de1308dd4b56,W4405931495
de1308dd4b56,W4406348232
de1308dd4b56,W4406371948
de1308dd4b56,W4406666847
de1308dd4b56,W4406905980
de1308dd4b56,W4407027256
de1308dd4b56,W4407196455
de1308dd4b56,W4407272768
de1308dd4b56,W4407398637
de1308dd4b56,W4408118592
de1308dd4b56,W4408748890
de1308dd4b56,W4409467806
de1308dd4b56,W4409592097
de1308dd4b56,W4410198150
de1308dd4b56,W4410302660
de1308dd4b56,W4410747500
de1308dd4b56,W4410859921
de1308dd4b56,W4411177739
de1308dd4b56,W4411881942
de1308dd4b56,W4413355024
de1308dd4b56,W4413808942
de1308dd4b56,W4414915791
de1308dd4b56,W4416853456
de1308dd4b56,W4417409950
de1308dd4b56,W7138947032
de1308dd4b56,W7148222872
de1308dd4b56,W7154012750
de1308dd4b56,W7159748406
de1308dd4b56,W7159999188
de1308dd4b56,W7161459897
de1308dd4b56,W7162051940
de1308dd4b56,W7163791987
de1308dd4b56,W7166853465
de1308dd4b56,W7167801714
de1308dd4b56,W7172238757
debafce1c235,W7110160474
debafce1c235,W7110303858
debafce1c235,W7118479106
debafce1c235,W7118943955
dee3a79bba3d,W4205587551
dee3a79bba3d,W4327497814
dee3a79bba3d,W4390223216
dee3a79bba3d,W4390223567
dee3a79bba3d,W4390223667
dee3a79bba3d,W4394714357
dee3a79bba3d,W4402441701
dee3a79bba3d,W4409185140
dee3a79bba3d,W4410719372
dee3a79bba3d,W4411989947
dee3a79bba3d,W4415992686
dee3a79bba3d,W4416931225
dee3a79bba3d,W4416959060
dee3a79bba3d,W7135201638
dee3a79bba3d,W7136862808
dee3a79bba3d,W7139353982
dee3a79bba3d,W7153957694
dee3a79bba3d,W7162694813
dee3a79bba3d,W7162896052
e0448b2d3858,W2743419227
e0448b2d3858,W2767483293
e0448b2d3858,W2768764375
e0448b2d3858,W2795499325
e0448b2d3858,W2805160906
e0448b2d3858,W2888207422
e0448b2d3858,W2901262477
e0448b2d3858,W2904387682
e0448b2d3858,W2909471253
e0448b2d3858,W2911480995
e0448b2d3858,W2914169320
e0448b2d3858,W2920844248
e0448b2d3858,W2938406203
e0448b2d3858,W2947648453
e0448b2d3858,W2954058936
e0448b2d3858,W2972835655
e0448b2d3858,W2981849063
e0448b2d3858,W3003852698
e0448b2d3858,W3034133799
e0448b2d3858,W3035498248
e0448b2d3858,W3039816094
e0448b2d3858,W3092162303
e0448b2d3858,W3122809005
e0448b2d3858,W3209471076
e0448b2d3858,W3214062383
e0448b2d3858,W4213115099
e0448b2d3858,W4230587151
e0448b2d3858,W4239871653
e0448b2d3858,W4242080440
e0448b2d3858,W4242531592
e0448b2d3858,W4243715622
e0448b2d3858,W4247190011
e0448b2d3858,W4251713616
e0448b2d3858,W4255769266
e0448b2d3858,W4281691825
e0448b2d3858,W4317555829
e0448b2d3858,W4321183997
e0448b2d3858,W4360999057
e0448b2d3858,W4378172088
e0448b2d3858,W4386531008
e0448b2d3858,W4392757310
e0448b2d3858,W4393463620
e0448b2d3858,W4393596990
e0448b2d3858,W4393628090
e0448b2d3858,W4393669915
e0448b2d3858,W4393710902
e0448b2d3858,W4393760543
e0448b2d3858,W4393786224
e0448b2d3858,W4393818206
e0448b2d3858,W4393842049
e0448b2d3858,W4393882623
e0448b2d3858,W4394714357
e0448b2d3858,W4400911859
e0448b2d3858,W4401729534
e0448b2d3858,W4402441701
e0448b2d3858,W4402540227
e0448b2d3858,W4403130601
e0448b2d3858,W4405705306
e0448b2d3858,W4406904276
e0448b2d3858,W4406933762
e0448b2d3858,W4406933763
e0448b2d3858,W4407434378
e0448b2d3858,W4407637916
e0448b2d3858,W4408078078
e0448b2d3858,W4408128798
e0448b2d3858,W4408215676
e0448b2d3858,W4409185140
e0448b2d3858,W4412567398
e0448b2d3858,W4415033664
e0448b2d3858,W4415202986
e0448b2d3858,W7115172769
e0448b2d3858,W7134915631
e0448b2d3858,W7159556131
e0448b2d3858,W7159767618
e0448b2d3858,W7163750045
e0448b2d3858,W7163758554
e0448b2d3858,W7167362577
e0448b2d3858,W7167485110
e0448b2d3858,W7167623658
e0448b2d3858,W7167814659
e11f5478b3d1,W2943485557
e11f5478b3d1,W2946057228
e11f5478b3d1,W3023030682
e11f5478b3d1,W3134928357
e11f5478b3d1,W3160829284
e11f5478b3d1,W3172392762
e11f5478b3d1,W3187630655
e11f5478b3d1,W3201442377
e11f5478b3d1,W3210605046
e11f5478b3d1,W3217008385
e11f5478b3d1,W4200600962
e11f5478b3d1,W4213278793
e11f5478b3d1,W4237498510
e11f5478b3d1,W4238733445
e11f5478b3d1,W4241517288
e11f5478b3d1,W4281684275
e11f5478b3d1,W4281846416
e11f5478b3d1,W4293105734
e11f5478b3d1,W4295008965
e11f5478b3d1,W4297223429
e11f5478b3d1,W4298111278
e11f5478b3d1,W4298121264
e11f5478b3d1,W4306406373
e11f5478b3d1,W4311213461
e11f5478b3d1,W4313423797
e11f5478b3d1,W4320038879
e11f5478b3d1,W4362166418
e11f5478b3d1,W4376140864
e11f5478b3d1,W4376872252
e11f5478b3d1,W4378676334
e11f5478b3d1,W4378834163
e11f5478b3d1,W4379010534
e11f5478b3d1,W4379616950
e11f5478b3d1,W4380084574
e11f5478b3d1,W4385240232
e11f5478b3d1,W4385641665
e11f5478b3d1,W4385898358
e11f5478b3d1,W4386024932
e11f5478b3d1,W4386070353
e11f5478b3d1,W4387816818
e11f5478b3d1,W4388280599
e11f5478b3d1,W4388852076
e11f5478b3d1,W4391440477
e11f5478b3d1,W4394714357
e11f5478b3d1,W4395001424
e11f5478b3d1,W4395678408
e11f5478b3d1,W4399269831
e11f5478b3d1,W4399370173
e11f5478b3d1,W4399713095
e11f5478b3d1,W4400165069
e11f5478b3d1,W4400673519
e11f5478b3d1,W4401493806
e11f5478b3d1,W4402126389
e11f5478b3d1,W4402441701
e11f5478b3d1,W4402659890
e11f5478b3d1,W4403132697
e11f5478b3d1,W4403303889
e11f5478b3d1,W4403529879
e11f5478b3d1,W4403589374
e11f5478b3d1,W4404746309
e11f5478b3d1,W4404747747
e11f5478b3d1,W4404753927
e11f5478b3d1,W4405003268
e11f5478b3d1,W4405003353
e11f5478b3d1,W4405094689
e11f5478b3d1,W4406248996
e11f5478b3d1,W4406348232
e11f5478b3d1,W4406824804
e11f5478b3d1,W4406905980
e11f5478b3d1,W4407196455
e11f5478b3d1,W4407199443
e11f5478b3d1,W4407199451
e11f5478b3d1,W4407423107
e11f5478b3d1,W4407700432
e11f5478b3d1,W4407864789
e11f5478b3d1,W4407864821
e11f5478b3d1,W4408323395
e11f5478b3d1,W4408478562
e11f5478b3d1,W4408555412
e11f5478b3d1,W4408621114
e11f5478b3d1,W4408662795
e11f5478b3d1,W4408737230
e11f5478b3d1,W4408788233
e11f5478b3d1,W4408810633
e11f5478b3d1,W4408874083
e11f5478b3d1,W4409185140
e11f5478b3d1,W4409281334
e11f5478b3d1,W4409509993
e11f5478b3d1,W4410192986
e11f5478b3d1,W4410313832
e11f5478b3d1,W4411645631
e11f5478b3d1,W4411902126
e11f5478b3d1,W4411948387
e11f5478b3d1,W4414032395
e11f5478b3d1,W4414192276
e11f5478b3d1,W4414478557
e11f5478b3d1,W4415016378
e11f5478b3d1,W4415171886
e11f5478b3d1,W4415243421
e11f5478b3d1,W4415407146
e11f5478b3d1,W4415628415
e11f5478b3d1,W4415642803
e11f5478b3d1,W4415740655
e11f5478b3d1,W4416350709
e11f5478b3d1,W4416413503
e11f5478b3d1,W4416959060
e11f5478b3d1,W4417451365
e11f5478b3d1,W7124688675
e11f5478b3d1,W7128546758
e11f5478b3d1,W7131812465
e11f5478b3d1,W7131869615
e11f5478b3d1,W7135201638
e11f5478b3d1,W7136862808
e11f5478b3d1,W7139353982
e11f5478b3d1,W7147077833
e11f5478b3d1,W7147605194
e11f5478b3d1,W7148196972
e11f5478b3d1,W7148222872
e11f5478b3d1,W7152297341
e11f5478b3d1,W7153957694
e11f5478b3d1,W7154660019
e11f5478b3d1,W7155527230
e11f5478b3d1,W7160294074
e11f5478b3d1,W7167666368
e11f5478b3d1,W7196989058
e13f34a645c0,W2746255356
e13f34a645c0,W2789962840
e13f34a645c0,W2995170578
e13f34a645c0,W3020276763
e13f34a645c0,W4377121521
e13f34a645c0,W4383889167
e13f34a645c0,W4385565125
e13f34a645c0,W4387097159
e13f34a645c0,W4390507123
e13f34a645c0,W4394852622
e13f34a645c0,W4395057381
e13f34a645c0,W4396922477
e13f34a645c0,W4402651278
e13f34a645c0,W4405446882
e13f34a645c0,W4405510733
e13f34a645c0,W4409720231
e13f34a645c0,W4410119300
e13f34a645c0,W4411378648
e13f34a645c0,W4414383150
e13f34a645c0,W7128372648
e13f34a645c0,W7128383994
e13f34a645c0,W7165134792
e13f34a645c0,W7165147479
e16e64456711,W3163212746
e16e64456711,W3210357974
e16e64456711,W4206800825
e16e64456711,W4213131350
e16e64456711,W4221005318
e16e64456711,W4226504205
e16e64456711,W4295569013
e16e64456711,W4310167906
e16e64456711,W4311602240
e16e64456711,W4318755747
e16e64456711,W4318778705
e16e64456711,W4367597990
e16e64456711,W4376875053
e16e64456711,W4383337746
e16e64456711,W4384282625
e16e64456711,W4392855656
e16e64456711,W4409986501
e16e64456711,W4409989231
e16e64456711,W4414544658
e16e64456711,W4416959060
e16e64456711,W7104836910
e16e64456711,W7117224266
e16e64456711,W7124458917
e16e64456711,W7124470944
e16e64456711,W7124522669
e16e64456711,W7124748423
e16e64456711,W7125089897
e16e64456711,W7128546758
e16e64456711,W7128866746
e16e64456711,W7128866983
e16e64456711,W7128974796
e16e64456711,W7131826646
e16e64456711,W7131872720
e16e64456711,W7131906156
e16e64456711,W7132972495
e16e64456711,W7133319823
e16e64456711,W7133337827
e16e64456711,W7134187378
e16e64456711,W7134220003
e16e64456711,W7135201638
e16e64456711,W7136862808
e16e64456711,W7139353982
e16e64456711,W7140005274
e16e64456711,W7147077833
e16e64456711,W7147135541
e16e64456711,W7147383569
e16e64456711,W7147467370
e16e64456711,W7147646265
e16e64456711,W7148196972
e16e64456711,W7148331934
e16e64456711,W7149219488
e16e64456711,W7151129906
e16e64456711,W7153957694
e16e64456711,W7154175404
e16e64456711,W7154592433
e16e64456711,W7154660019
e16e64456711,W7155089196
e16e64456711,W7155305310
e16e64456711,W7155452824
e16e64456711,W7158209167
e16e64456711,W7160570888
e16e64456711,W7160573545
e16e64456711,W7160732920
e16e64456711,W7162896052
e16e64456711,W7162917542
e16e64456711,W7170130759
e16e64456711,W7196975680
e16e64456711,W7197020422
e1a39ee15484,W2277079520
e1a39ee15484,W3009864972
e1a39ee15484,W3105551687
e1a39ee15484,W3131396636
e1a39ee15484,W3164605155
e1a39ee15484,W4226504205
e1a39ee15484,W4236331209
e1a39ee15484,W4248471096
e1a39ee15484,W4254691293
e1a39ee15484,W4254876783
e1a39ee15484,W4283466310
e1a39ee15484,W4376875053
e1a39ee15484,W4387627312
e1a39ee15484,W4410332245
e1a39ee15484,W4415514168
e1a39ee15484,W7108333386
e1a39ee15484,W7108340136
e1a39ee15484,W7133230316
e1a39ee15484,W7133239897
e1a39ee15484,W7138925546
e1a39ee15484,W7161262529
e1a39ee15484,W7161264459
e1a39ee15484,W7161338699
e1a39ee15484,W7163393856
e1a39ee15484,W7164616286
e1a39ee15484,W7166680427
e1a39ee15484,W7196928271
e1a39ee15484,W7196943251
e1a39ee15484,W7197010376
e1a39ee15484,W7202209674
e25da07cf74f,W2063246284
e25da07cf74f,W2401757073
e25da07cf74f,W2515061466
e25da07cf74f,W2602114187
e25da07cf74f,W2744768930
e25da07cf74f,W2753252648
e25da07cf74f,W2765364628
e25da07cf74f,W2771875971
e25da07cf74f,W2795141209
e25da07cf74f,W2874169647
e25da07cf74f,W2888409945
e25da07cf74f,W2904067366
e25da07cf74f,W2930263297
e25da07cf74f,W2944622502
e25da07cf74f,W2949634716
e25da07cf74f,W2953323969
e25da07cf74f,W2954365241
e25da07cf74f,W2964654510
e25da07cf74f,W2979944003
e25da07cf74f,W2985292332
e25da07cf74f,W3010602870
e25da07cf74f,W3016213304
e25da07cf74f,W3034374347
e25da07cf74f,W3034509319
e25da07cf74f,W3036058113
e25da07cf74f,W3042802276
e25da07cf74f,W3043716525
e25da07cf74f,W3087323901
e25da07cf74f,W3088845425
e25da07cf74f,W3113870765
e25da07cf74f,W3128175017
e25da07cf74f,W3134747222
e25da07cf74f,W3152563853
e25da07cf74f,W3153090955
e25da07cf74f,W3153998089
e25da07cf74f,W3155323039
e25da07cf74f,W3156021716
e25da07cf74f,W3157791474
e25da07cf74f,W3159176711
e25da07cf74f,W3159321236
e25da07cf74f,W3160028180
e25da07cf74f,W3161063872
e25da07cf74f,W3161183062
e25da07cf74f,W3162699463
e25da07cf74f,W3163311504
e25da07cf74f,W3166468180
e25da07cf74f,W3171777967
e25da07cf74f,W3172951602
e25da07cf74f,W3174290566
e25da07cf74f,W3174647442
e25da07cf74f,W3182147432
e25da07cf74f,W3182901567
e25da07cf74f,W3191084502
e25da07cf74f,W3208227840
e25da07cf74f,W3208975204
e25da07cf74f,W3211069037
e25da07cf74f,W3211107003
e25da07cf74f,W3215033964
e25da07cf74f,W4214848552
e25da07cf74f,W4240847199
e25da07cf74f,W4248295467
e25da07cf74f,W4256096515
e25da07cf74f,W4318624262
e25da07cf74f,W4400784312
e25da07cf74f,W4406983822
e25da07cf74f,W7106836257
e25da07cf74f,W7139139511
e25da07cf74f,W7163989012
e25da07cf74f,W7163992087
e25da07cf74f,W7164002074
e25da07cf74f,W7164008241
e25da07cf74f,W7164010616
e25da07cf74f,W7164015044
e25da07cf74f,W7164018139
e25da07cf74f,W7164031418
e25da07cf74f,W7164041549
e25da07cf74f,W7164045455
e25da07cf74f,W7164050282
e25da07cf74f,W7164074463
e26eb9372d06,W2791170108
e26eb9372d06,W2803855275
e26eb9372d06,W2805925983
e26eb9372d06,W2892431299
e26eb9372d06,W2964764164
e26eb9372d06,W2966627732
e26eb9372d06,W2997476692
e26eb9372d06,W3005105937
e26eb9372d06,W3035799647
e26eb9372d06,W3083052777
e26eb9372d06,W3092777257
e26eb9372d06,W3129030308
e26eb9372d06,W3156268255
e26eb9372d06,W3158856093
e26eb9372d06,W3159136115
e26eb9372d06,W3172392762
e26eb9372d06,W3187630655
e26eb9372d06,W3197187639
e26eb9372d06,W3211073453
e26eb9372d06,W4205714665
e26eb9372d06,W4213131350
e26eb9372d06,W4237498510
e26eb9372d06,W4241517288
e26eb9372d06,W4252556670
e26eb9372d06,W4281684275
e26eb9372d06,W4283013740
e26eb9372d06,W4293105734
e26eb9372d06,W4297223429
e26eb9372d06,W4315746626
e26eb9372d06,W4366519499
e26eb9372d06,W4379011394
e26eb9372d06,W4383373702
e26eb9372d06,W4383620170
e26eb9372d06,W4383908570
e26eb9372d06,W4386944244
e26eb9372d06,W4392979204
e26eb9372d06,W4393595416
e26eb9372d06,W4393804331
e26eb9372d06,W4394710654
e26eb9372d06,W4396845279
e26eb9372d06,W4396889936
e26eb9372d06,W4402429568
e26eb9372d06,W4404104940
e26eb9372d06,W4408053062
e26eb9372d06,W4408737230
e26eb9372d06,W4410321510
e26eb9372d06,W4410325734
e26eb9372d06,W4410325972
e26eb9372d06,W4410497208
e26eb9372d06,W4411620543
e26eb9372d06,W4412014914
e26eb9372d06,W4414593772
e26eb9372d06,W4416832008
e26eb9372d06,W7119490360
e26eb9372d06,W7124818564
e26eb9372d06,W7126233654
e26eb9372d06,W7128424989
e26eb9372d06,W7128579815
e26eb9372d06,W7160515069
e26eb9372d06,W7160575813
e26eb9372d06,W7160578946
e2732464c91a,W2208465478
e2732464c91a,W2488986876
e2732464c91a,W2501644000
e2732464c91a,W2615544680
e2732464c91a,W2916799349
e2732464c91a,W2953128428
e2732464c91a,W4232483067
e2732464c91a,W4366364543
e2732464c91a,W4386451315
e2732464c91a,W4394084243
e2732464c91a,W4401041116
e2732464c91a,W4409419252
e2732464c91a,W4414280172
e2732464c91a,W7154842481
e2732464c91a,W7155208416
e36fd6a3a4d0,W1997861346
e36fd6a3a4d0,W2181526639
e36fd6a3a4d0,W2187528823
e36fd6a3a4d0,W2236770054
e36fd6a3a4d0,W2264739102
e36fd6a3a4d0,W2303792268
e36fd6a3a4d0,W2322473432
e36fd6a3a4d0,W2462127035
e36fd6a3a4d0,W2516755670
e36fd6a3a4d0,W2567904335
e36fd6a3a4d0,W2571467807
e36fd6a3a4d0,W2588355543
e36fd6a3a4d0,W2602762143
e36fd6a3a4d0,W2606865499
e36fd6a3a4d0,W2607163679
e36fd6a3a4d0,W2726940102
e36fd6a3a4d0,W2734495846
e36fd6a3a4d0,W2743898284
e36fd6a3a4d0,W2753150336
e36fd6a3a4d0,W2759285886
e36fd6a3a4d0,W2776326982
e36fd6a3a4d0,W2784717423
e36fd6a3a4d0,W2787314899
e36fd6a3a4d0,W2788617340
e36fd6a3a4d0,W2803638415
e36fd6a3a4d0,W2886288537
e36fd6a3a4d0,W2889641004
e36fd6a3a4d0,W2891039941
e36fd6a3a4d0,W2892027854
e36fd6a3a4d0,W2894638116
e36fd6a3a4d0,W2895406703
e36fd6a3a4d0,W2900270881
e36fd6a3a4d0,W2901007428
e36fd6a3a4d0,W2901946862
e36fd6a3a4d0,W2906081647
e36fd6a3a4d0,W2916709542
e36fd6a3a4d0,W2921157206
e36fd6a3a4d0,W2921571996
e36fd6a3a4d0,W2951962656
e36fd6a3a4d0,W2954164375
e36fd6a3a4d0,W2954207977
e36fd6a3a4d0,W2972771202
e36fd6a3a4d0,W2972875966
e36fd6a3a4d0,W3003503468
e36fd6a3a4d0,W3025521083
e36fd6a3a4d0,W3025580585
e36fd6a3a4d0,W3038580425
e36fd6a3a4d0,W3038611023
e36fd6a3a4d0,W3041912491
e36fd6a3a4d0,W3042088936
e36fd6a3a4d0,W3043138376
e36fd6a3a4d0,W3080810376
e36fd6a3a4d0,W3096616897
e36fd6a3a4d0,W3097329369
e36fd6a3a4d0,W3098250310
e36fd6a3a4d0,W3161387503
e36fd6a3a4d0,W3162641214
e36fd6a3a4d0,W3182208573
e36fd6a3a4d0,W3184559361
e36fd6a3a4d0,W3186179551
e36fd6a3a4d0,W3207182139
e36fd6a3a4d0,W3207976051
e36fd6a3a4d0,W3209247055
e36fd6a3a4d0,W3213898304
e36fd6a3a4d0,W3215727830
e36fd6a3a4d0,W4200134799
e36fd6a3a4d0,W4200250592
e36fd6a3a4d0,W4200448424
e36fd6a3a4d0,W4205381123
e36fd6a3a4d0,W4207012345
e36fd6a3a4d0,W4213131350
e36fd6a3a4d0,W4214947502
e36fd6a3a4d0,W4220720192
e36fd6a3a4d0,W4225259000
e36fd6a3a4d0,W4225839412
e36fd6a3a4d0,W4226154896
e36fd6a3a4d0,W4226434205
e36fd6a3a4d0,W4226504205
e36fd6a3a4d0,W4231394344
e36fd6a3a4d0,W4233977935
e36fd6a3a4d0,W4234412407
e36fd6a3a4d0,W4235303780
e36fd6a3a4d0,W4235399715
e36fd6a3a4d0,W4236361634
e36fd6a3a4d0,W4239289171
e36fd6a3a4d0,W4239458023
e36fd6a3a4d0,W4240631497
e36fd6a3a4d0,W4242680144
e36fd6a3a4d0,W4243174222
e36fd6a3a4d0,W4246579250
e36fd6a3a4d0,W4246621499
e36fd6a3a4d0,W4248420428
e36fd6a3a4d0,W4249357165
e36fd6a3a4d0,W4249411657
e36fd6a3a4d0,W4250950307
e36fd6a3a4d0,W4250962006
e36fd6a3a4d0,W4251076348
e36fd6a3a4d0,W4251254061
e36fd6a3a4d0,W4253500145
e36fd6a3a4d0,W4254555230
e36fd6a3a4d0,W4255412760
e36fd6a3a4d0,W4256387735
e36fd6a3a4d0,W4281385511
e36fd6a3a4d0,W4281940174
e36fd6a3a4d0,W4283654028
e36fd6a3a4d0,W4288705916
e36fd6a3a4d0,W4289012829
e36fd6a3a4d0,W4292663675
e36fd6a3a4d0,W4293004915
e36fd6a3a4d0,W4296785236
e36fd6a3a4d0,W4309168503
e36fd6a3a4d0,W4309379711
e36fd6a3a4d0,W4310542960
e36fd6a3a4d0,W4311125752
e36fd6a3a4d0,W4311203432
e36fd6a3a4d0,W4311580855
e36fd6a3a4d0,W4315817935
e36fd6a3a4d0,W4315818053
e36fd6a3a4d0,W4315841422
e36fd6a3a4d0,W4315841433
e36fd6a3a4d0,W4316076956
e36fd6a3a4d0,W4316092090
e36fd6a3a4d0,W4317679961
e36fd6a3a4d0,W4318039073
e36fd6a3a4d0,W4320399776
e36fd6a3a4d0,W4320727948
e36fd6a3a4d0,W4320733996
e36fd6a3a4d0,W4323648436
e36fd6a3a4d0,W4327861799
e36fd6a3a4d0,W4362699062
e36fd6a3a4d0,W4366487539
e36fd6a3a4d0,W4367184043
e36fd6a3a4d0,W4376132705
e36fd6a3a4d0,W4376140864
e36fd6a3a4d0,W4376612848
e36fd6a3a4d0,W4376875053
e36fd6a3a4d0,W4377140238
e36fd6a3a4d0,W4377823484
e36fd6a3a4d0,W4378676334
e36fd6a3a4d0,W4380486983
e36fd6a3a4d0,W4382632035
e36fd6a3a4d0,W4384198044
e36fd6a3a4d0,W4385240232
e36fd6a3a4d0,W4385296615
e36fd6a3a4d0,W4386211973
e36fd6a3a4d0,W4386244126
e36fd6a3a4d0,W4390071350
e36fd6a3a4d0,W4390611705
e36fd6a3a4d0,W4391053586
e36fd6a3a4d0,W4391880064
e36fd6a3a4d0,W4392169646
e36fd6a3a4d0,W4393118417
e36fd6a3a4d0,W4393256695
e36fd6a3a4d0,W4394714357
e36fd6a3a4d0,W4399063211
e36fd6a3a4d0,W4399275299
e36fd6a3a4d0,W4399321277
e36fd6a3a4d0,W4400107702
e36fd6a3a4d0,W4401364948
e36fd6a3a4d0,W4401606383
e36fd6a3a4d0,W4402441701
e36fd6a3a4d0,W4402759087
e36fd6a3a4d0,W4403132697
e36fd6a3a4d0,W4403172363
e36fd6a3a4d0,W4403303889
e36fd6a3a4d0,W4404670220
e36fd6a3a4d0,W4404960636
e36fd6a3a4d0,W4405244904
e36fd6a3a4d0,W4405290960
e36fd6a3a4d0,W4405301364
e36fd6a3a4d0,W4406617993
e36fd6a3a4d0,W4406633044
e36fd6a3a4d0,W4407024348
e36fd6a3a4d0,W4407136279
e36fd6a3a4d0,W4407199443
e36fd6a3a4d0,W4407199451
e36fd6a3a4d0,W4407639239
e36fd6a3a4d0,W4407678850
e36fd6a3a4d0,W4407825389
e36fd6a3a4d0,W4407832541
e36fd6a3a4d0,W4408555412
e36fd6a3a4d0,W4408874083
e36fd6a3a4d0,W4409185140
e36fd6a3a4d0,W4410738028
e36fd6a3a4d0,W4411744369
e36fd6a3a4d0,W4411744423
e36fd6a3a4d0,W4412447242
e36fd6a3a4d0,W4413245705
e36fd6a3a4d0,W4413519645
e36fd6a3a4d0,W4413598922
e36fd6a3a4d0,W4413738353
e36fd6a3a4d0,W4413929325
e36fd6a3a4d0,W4414263482
e36fd6a3a4d0,W4415383471
e36fd6a3a4d0,W4415703204
e36fd6a3a4d0,W4416304431
e36fd6a3a4d0,W4416613875
e36fd6a3a4d0,W7119849314
e36fd6a3a4d0,W7134164845
e36fd6a3a4d0,W7140305574
e36fd6a3a4d0,W7143499615
e36fd6a3a4d0,W7154395044
e36fd6a3a4d0,W7159043555
e36fd6a3a4d0,W7160501176
e36fd6a3a4d0,W7160566077
e36fd6a3a4d0,W7160568455
e36fd6a3a4d0,W7161829880
e36fd6a3a4d0,W7161922197
e36fd6a3a4d0,W7161982143
e36fd6a3a4d0,W7162471387
e36fd6a3a4d0,W7162697370
e36fd6a3a4d0,W7164930049
e36fd6a3a4d0,W7165370565
e36fd6a3a4d0,W7165807894
e36fd6a3a4d0,W7167755252
e36fd6a3a4d0,W7202222661
e4e7ca8b1854,W1504940175
e4e7ca8b1854,W2224572710
e4e7ca8b1854,W2274053916
e4e7ca8b1854,W2286781352
e4e7ca8b1854,W2780274507
e4e7ca8b1854,W2905083458
e4e7ca8b1854,W2907350767
e4e7ca8b1854,W2912187626
e4e7ca8b1854,W2976521063
e4e7ca8b1854,W3031586017
e4e7ca8b1854,W3034117379
e4e7ca8b1854,W3037321606
e4e7ca8b1854,W3040866565
e4e7ca8b1854,W3041931201
e4e7ca8b1854,W3042065303
e4e7ca8b1854,W3042157339
e4e7ca8b1854,W3082357117
e4e7ca8b1854,W3082706188
e4e7ca8b1854,W3127847951
e4e7ca8b1854,W3134934442
e4e7ca8b1854,W3158331127
e4e7ca8b1854,W3158935080
e4e7ca8b1854,W3159492328
e4e7ca8b1854,W3159594361
e4e7ca8b1854,W3160772194
e4e7ca8b1854,W3161218677
e4e7ca8b1854,W3172392762
e4e7ca8b1854,W3187630655
e4e7ca8b1854,W3194201933
e4e7ca8b1854,W3207177138
e4e7ca8b1854,W4223932454
e4e7ca8b1854,W4237498510
e4e7ca8b1854,W4241517288
e4e7ca8b1854,W4242456366
e4e7ca8b1854,W4246259495
e4e7ca8b1854,W4281684275
e4e7ca8b1854,W4281846416
e4e7ca8b1854,W4281969040
e4e7ca8b1854,W4289529750
e4e7ca8b1854,W4293105734
e4e7ca8b1854,W4297223429
e4e7ca8b1854,W4320038879
e4e7ca8b1854,W4377140238
e4e7ca8b1854,W4380486983
e4e7ca8b1854,W4391880064
e4e7ca8b1854,W4391910789
e4e7ca8b1854,W4404670220
e4e7ca8b1854,W4408323395
e4e7ca8b1854,W4408737230
e4e7ca8b1854,W6939658337
e4e7ca8b1854,W7128185209
e4e7ca8b1854,W7130719535
e4e7ca8b1854,W7167394924
e580c3d0f9c1,W2336619136
e580c3d0f9c1,W2529524521
e580c3d0f9c1,W2944691509
e580c3d0f9c1,W3031350978
e580c3d0f9c1,W3095118312
e580c3d0f9c1,W3208759290
e580c3d0f9c1,W4220923397
e580c3d0f9c1,W4220975170
e580c3d0f9c1,W4225378136
e580c3d0f9c1,W4226169919
e580c3d0f9c1,W4280546471
e580c3d0f9c1,W4292648785
e580c3d0f9c1,W4296410799
e580c3d0f9c1,W4321240023
e580c3d0f9c1,W4380837164
e580c3d0f9c1,W4392940496
e580c3d0f9c1,W4409920305
e580c3d0f9c1,W4412432141
e580c3d0f9c1,W4415949010
e580c3d0f9c1,W7164041891
e580c3d0f9c1,W7166888184
e590f5683df8,W1230875773
e590f5683df8,W1497758868
e590f5683df8,W1536493035
e590f5683df8,W1971629165
e590f5683df8,W1983628598
e590f5683df8,W1990984863
e590f5683df8,W1996846017
e590f5683df8,W1998975552
e590f5683df8,W2017408405
e590f5683df8,W2048873190
e590f5683df8,W2052354263
e590f5683df8,W2061349873
e590f5683df8,W2085151571
e590f5683df8,W2133230808
e590f5683df8,W2148717178
e590f5683df8,W2206724191
e590f5683df8,W2231666390
e590f5683df8,W2280460030
e590f5683df8,W2293794410
e590f5683df8,W2320667722
e590f5683df8,W2322706681
e590f5683df8,W2346423812
e590f5683df8,W2493912328
e590f5683df8,W2592820836
e590f5683df8,W2612514603
e590f5683df8,W2724968935
e590f5683df8,W2738206094
e590f5683df8,W2771586112
e590f5683df8,W2784154258
e590f5683df8,W2795657388
e590f5683df8,W2800238395
e590f5683df8,W2883889386
e590f5683df8,W2889913787
e590f5683df8,W2899019630
e590f5683df8,W2901239513
e590f5683df8,W2901879135
e590f5683df8,W2909824193
e590f5683df8,W2911214730
e590f5683df8,W2912930711
e590f5683df8,W2922704234
e590f5683df8,W2965375334
e590f5683df8,W3025244294
e590f5683df8,W3030391849
e590f5683df8,W3046143887
e590f5683df8,W3095403945
e590f5683df8,W3129646763
e590f5683df8,W3153566363
e590f5683df8,W3172196227
e590f5683df8,W3189808083
e590f5683df8,W3209984988
e590f5683df8,W3216163729
e590f5683df8,W4200109382
e590f5683df8,W4200577007
e590f5683df8,W4231897325
e590f5683df8,W4233276188
e590f5683df8,W4235525811
e590f5683df8,W4240410325
e590f5683df8,W4245001050
e590f5683df8,W4245599610
e590f5683df8,W4248876582
e590f5683df8,W4312552864
e590f5683df8,W4312663732
e590f5683df8,W4312967281
e590f5683df8,W4313678816
e590f5683df8,W4318192633
e590f5683df8,W4380985676
e590f5683df8,W4391714154
e590f5683df8,W4391841422
e590f5683df8,W4391881158
e590f5683df8,W4400674285
e590f5683df8,W4401393449
e590f5683df8,W4401889178
e590f5683df8,W4402458003
e590f5683df8,W4402635531
e590f5683df8,W4404763315
e590f5683df8,W4404871012
e590f5683df8,W4406311143
e590f5683df8,W4409296096
e590f5683df8,W4411298618
e590f5683df8,W4411659945
e590f5683df8,W4412838691
e590f5683df8,W4413375427
e590f5683df8,W4416461296
e590f5683df8,W7116713919
e590f5683df8,W7123363425
e590f5683df8,W7130503213
e590f5683df8,W7149211841
e590f5683df8,W7149212688
e590f5683df8,W7149217434
e590f5683df8,W7149220988
e590f5683df8,W7149222728
e590f5683df8,W7149225918
e590f5683df8,W7149229562
e590f5683df8,W7149880143
e590f5683df8,W7160458567
e590f5683df8,W7160464748
e590f5683df8,W7160474660
e590f5683df8,W7160728029
e590f5683df8,W7160746444
e590f5683df8,W7162398884
e590f5683df8,W7162458945
e590f5683df8,W7162469132
e590f5683df8,W7164105680
e590f5683df8,W7167683747
e590f5683df8,W7202124582
e590f5683df8,W996811714
e59ca4f1d31c,W1994440862
e59ca4f1d31c,W2316794800
e59ca4f1d31c,W2494765095
e59ca4f1d31c,W2608455016
e59ca4f1d31c,W2787756087
e59ca4f1d31c,W2901258965
e59ca4f1d31c,W2919943239
e59ca4f1d31c,W2952095306
e59ca4f1d31c,W2964449494
e59ca4f1d31c,W2971871718
e59ca4f1d31c,W2989520967
e59ca4f1d31c,W3094423256
e59ca4f1d31c,W3110179196
e59ca4f1d31c,W3169214317
e59ca4f1d31c,W4239929926
e59ca4f1d31c,W4255295018
e59ca4f1d31c,W4284712838
e59ca4f1d31c,W4306145915
e59ca4f1d31c,W4307319962
e59ca4f1d31c,W4309896694
e59ca4f1d31c,W4320733903
e59ca4f1d31c,W4386272041
e59ca4f1d31c,W4386592391
e59ca4f1d31c,W4388766015
e59ca4f1d31c,W4393602115
e59ca4f1d31c,W4393772942
e59ca4f1d31c,W4394099338
e59ca4f1d31c,W4394156598
e59ca4f1d31c,W4394293908
e59ca4f1d31c,W4394559494
e59ca4f1d31c,W4398481048
e59ca4f1d31c,W4398681702
e59ca4f1d31c,W4402795820
e59ca4f1d31c,W4403751102
e59ca4f1d31c,W4408095706
e59ca4f1d31c,W4408903299
e59ca4f1d31c,W4409179041
e59ca4f1d31c,W4411373853
e59ca4f1d31c,W4412699811
e59ca4f1d31c,W4413273662
e59ca4f1d31c,W4415395096
e59ca4f1d31c,W4415416458
e59ca4f1d31c,W4415416634
e59ca4f1d31c,W4416252735
e59ca4f1d31c,W4416631881
e59ca4f1d31c,W4417255425
e59ca4f1d31c,W7161731033
e59ca4f1d31c,W7162052454
e59ca4f1d31c,W7164854092
e59ca4f1d31c,W7167758925
e59ca4f1d31c,W7171364842
e5df8e86c03a,W1998561377
e5df8e86c03a,W2026355511
e5df8e86c03a,W2031047136
e5df8e86c03a,W2038596583
e5df8e86c03a,W2099091805
e5df8e86c03a,W2312841161
e5df8e86c03a,W2314222280
e5df8e86c03a,W2604647476
e5df8e86c03a,W2785101158
e5df8e86c03a,W2789567398
e5df8e86c03a,W2797414184
e5df8e86c03a,W2802278572
e5df8e86c03a,W2808387648
e5df8e86c03a,W2809388836
e5df8e86c03a,W2809646578
e5df8e86c03a,W2810320295
e5df8e86c03a,W2810745808
e5df8e86c03a,W2887466209
e5df8e86c03a,W2894691020
e5df8e86c03a,W2896966237
e5df8e86c03a,W2902287203
e5df8e86c03a,W2903288499
e5df8e86c03a,W2905769063
e5df8e86c03a,W2911263408
e5df8e86c03a,W2911742005
e5df8e86c03a,W2914482345
e5df8e86c03a,W2921721906
e5df8e86c03a,W2954838808
e5df8e86c03a,W2958256022
e5df8e86c03a,W2965676206
e5df8e86c03a,W2980516424
e5df8e86c03a,W2993125984
e5df8e86c03a,W2997263904
e5df8e86c03a,W3009819114
e5df8e86c03a,W3013747730
e5df8e86c03a,W3015161241
e5df8e86c03a,W3016337212
e5df8e86c03a,W3016504576
e5df8e86c03a,W3022187884
e5df8e86c03a,W3036716651
e5df8e86c03a,W3080316974
e5df8e86c03a,W3082102377
e5df8e86c03a,W3092761541
e5df8e86c03a,W3112817987
e5df8e86c03a,W3122782340
e5df8e86c03a,W3131719635
e5df8e86c03a,W3135304540
e5df8e86c03a,W3155717431
e5df8e86c03a,W3155802436
e5df8e86c03a,W3157001767
e5df8e86c03a,W3160195574
e5df8e86c03a,W3160245101
e5df8e86c03a,W3160324164
e5df8e86c03a,W3160607045
e5df8e86c03a,W3161519124
e5df8e86c03a,W3162412464
e5df8e86c03a,W3162475681
e5df8e86c03a,W3163253436
e5df8e86c03a,W3163840432
e5df8e86c03a,W3164104028
e5df8e86c03a,W3165786960
e5df8e86c03a,W3170129870
e5df8e86c03a,W3178498417
e5df8e86c03a,W3183366245
e5df8e86c03a,W3199207179
e5df8e86c03a,W3207740768
e5df8e86c03a,W3217342162
e5df8e86c03a,W4205234914
e5df8e86c03a,W4205284846
e5df8e86c03a,W4212910253
e5df8e86c03a,W4214685548
e5df8e86c03a,W4221105316
e5df8e86c03a,W4225166063
e5df8e86c03a,W4225268978
e5df8e86c03a,W4230370261
e5df8e86c03a,W4231021321
e5df8e86c03a,W4231306679
e5df8e86c03a,W4231465988
e5df8e86c03a,W4231607493
e5df8e86c03a,W4231886020
e5df8e86c03a,W4233868175
e5df8e86c03a,W4234819328
e5df8e86c03a,W4236345044
e5df8e86c03a,W4238315672
e5df8e86c03a,W4238352493
e5df8e86c03a,W4239840169
e5df8e86c03a,W4240978698
e5df8e86c03a,W4242612174
e5df8e86c03a,W4244432617
e5df8e86c03a,W4246260636
e5df8e86c03a,W4246401258
e5df8e86c03a,W4249338196
e5df8e86c03a,W4250614828
e5df8e86c03a,W4251090342
e5df8e86c03a,W4251567737
e5df8e86c03a,W4251617269
e5df8e86c03a,W4253608010
e5df8e86c03a,W4254954303
e5df8e86c03a,W4255952425
e5df8e86c03a,W4280587231
e5df8e86c03a,W4280630604
e5df8e86c03a,W4281731542
e5df8e86c03a,W4283396601
e5df8e86c03a,W4285500396
e5df8e86c03a,W4288942922
e5df8e86c03a,W4291594777
e5df8e86c03a,W4292978630
e5df8e86c03a,W4307216102
e5df8e86c03a,W4309766211
e5df8e86c03a,W4313443150
e5df8e86c03a,W4316495897
e5df8e86c03a,W4316670143
e5df8e86c03a,W4319232462
e5df8e86c03a,W4324123434
e5df8e86c03a,W4367154397
e5df8e86c03a,W4367679074
e5df8e86c03a,W4383745099
e5df8e86c03a,W4385074764
e5df8e86c03a,W4385808283
e5df8e86c03a,W4389151398
e5df8e86c03a,W4391395970
e5df8e86c03a,W4391481193
e5df8e86c03a,W4391513056
e5df8e86c03a,W4391629219
e5df8e86c03a,W4392579892
e5df8e86c03a,W4392850494
e5df8e86c03a,W4392908836
e5df8e86c03a,W4394714357
e5df8e86c03a,W4394989839
e5df8e86c03a,W4396532894
e5df8e86c03a,W4397033197
e5df8e86c03a,W4399370173
e5df8e86c03a,W4399780649
e5df8e86c03a,W4400454118
e5df8e86c03a,W4400774072
e5df8e86c03a,W4401192864
e5df8e86c03a,W4401339980
e5df8e86c03a,W4402404995
e5df8e86c03a,W4402441701
e5df8e86c03a,W4403036292
e5df8e86c03a,W4403241183
e5df8e86c03a,W4403291145
e5df8e86c03a,W4403507689
e5df8e86c03a,W4403967913
e5df8e86c03a,W4406617993
e5df8e86c03a,W4406633044
e5df8e86c03a,W4406811093
e5df8e86c03a,W4406905980
e5df8e86c03a,W4407585133
e5df8e86c03a,W4407594392
e5df8e86c03a,W4407594756
e5df8e86c03a,W4407832541
e5df8e86c03a,W4408788233
e5df8e86c03a,W4408810633
e5df8e86c03a,W4409094516
e5df8e86c03a,W4409185140
e5df8e86c03a,W4409449537
e5df8e86c03a,W4409766170
e5df8e86c03a,W4409869963
e5df8e86c03a,W4409913293
e5df8e86c03a,W4410193044
e5df8e86c03a,W4410293364
e5df8e86c03a,W4410340915
e5df8e86c03a,W4410354262
e5df8e86c03a,W4410431559
e5df8e86c03a,W4410445864
e5df8e86c03a,W4411307897
e5df8e86c03a,W4411900540
e5df8e86c03a,W4412001351
e5df8e86c03a,W4412105493
e5df8e86c03a,W4412567308
e5df8e86c03a,W4413738353
e5df8e86c03a,W4413784173
e5df8e86c03a,W4413857377
e5df8e86c03a,W4414032278
e5df8e86c03a,W4414478557
e5df8e86c03a,W4415339976
e5df8e86c03a,W4415383471
e5df8e86c03a,W4415483451
e5df8e86c03a,W4416111855
e5df8e86c03a,W4416959060
e5df8e86c03a,W4417275482
e5df8e86c03a,W7104960225
e5df8e86c03a,W7104970241
e5df8e86c03a,W7108339792
e5df8e86c03a,W7147646265
e5df8e86c03a,W7148341843
e5df8e86c03a,W7161638184
e5df8e86c03a,W7162639838
e5df8e86c03a,W7167606688
e5df8e86c03a,W7167633383
e63cce05e676,W1214305011
e63cce05e676,W1411943779
e63cce05e676,W1469372811
e63cce05e676,W1482127254
e63cce05e676,W1514139430
e63cce05e676,W1529478524
e63cce05e676,W1551743251
e63cce05e676,W1566726480
e63cce05e676,W1640751710
e63cce05e676,W1711898139
e63cce05e676,W1778601307
e63cce05e676,W1898866067
e63cce05e676,W1941061794
e63cce05e676,W1971876259
e63cce05e676,W1999705203
e63cce05e676,W2002796025
e63cce05e676,W2014188413
e63cce05e676,W2015195911
e63cce05e676,W2025415934
e63cce05e676,W2025848021
e63cce05e676,W2033680055
e63cce05e676,W2037708149
e63cce05e676,W2060053692
e63cce05e676,W2079899229
e63cce05e676,W2174281526
e63cce05e676,W2181886592
e63cce05e676,W2192453278
e63cce05e676,W2265712567
e63cce05e676,W2277829090
e63cce05e676,W2282512047
e63cce05e676,W2286470375
e63cce05e676,W2331008137
e63cce05e676,W2332766096
e63cce05e676,W2409880933
e63cce05e676,W2411826300
e63cce05e676,W2414258455
e63cce05e676,W2414614094
e63cce05e676,W2422262228
e63cce05e676,W2423799868
e63cce05e676,W2435797251
e63cce05e676,W2443399223
e63cce05e676,W2460490259
e63cce05e676,W2464212251
e63cce05e676,W2465665990
e63cce05e676,W2465677757
e63cce05e676,W2466778209
e63cce05e676,W2467630982
e63cce05e676,W2481529814
e63cce05e676,W2486209337
e63cce05e676,W2512034167
e63cce05e676,W2518065081
e63cce05e676,W2584458139
e63cce05e676,W2588971023
e63cce05e676,W2599102079
e63cce05e676,W2611550406
e63cce05e676,W2676612636
e63cce05e676,W2736749021
e63cce05e676,W2736977076
e63cce05e676,W2738410870
e63cce05e676,W2738533768
e63cce05e676,W2738870600
e63cce05e676,W2771841635
e63cce05e676,W2782616950
e63cce05e676,W2789907054
e63cce05e676,W2791521307
e63cce05e676,W2792527253
e63cce05e676,W2804392128
e63cce05e676,W2809567175
e63cce05e676,W2811088837
e63cce05e676,W2891186480
e63cce05e676,W2893179942
e63cce05e676,W2900521032
e63cce05e676,W2903070711
e63cce05e676,W2911239110
e63cce05e676,W2913265645
e63cce05e676,W2921718951
e63cce05e676,W2946064983
e63cce05e676,W2969897731
e63cce05e676,W2972729185
e63cce05e676,W2980433071
e63cce05e676,W2981030682
e63cce05e676,W2983366577
e63cce05e676,W2990396049
e63cce05e676,W2992065843
e63cce05e676,W3164869913
e63cce05e676,W3165970948
e63cce05e676,W3170100914
e63cce05e676,W319283630
e63cce05e676,W3208084285
e63cce05e676,W3208236438
e63cce05e676,W3208587122
e63cce05e676,W3208667301
e63cce05e676,W3208741245
e63cce05e676,W3209533895
e63cce05e676,W3209749781
e63cce05e676,W3210962436
e63cce05e676,W3211319001
e63cce05e676,W3213348800
e63cce05e676,W3216869777
e63cce05e676,W371714096
e63cce05e676,W4213131350
e63cce05e676,W4220971284
e63cce05e676,W4225494944
e63cce05e676,W4225941513
e63cce05e676,W4226383535
e63cce05e676,W4230246234
e63cce05e676,W4247450543
e63cce05e676,W4283025830
e63cce05e676,W4283216626
e63cce05e676,W4284702235
e63cce05e676,W4287757066
e63cce05e676,W4288287743
e63cce05e676,W4296305155
e63cce05e676,W4299605193
e63cce05e676,W4300675314
e63cce05e676,W4310768336
e63cce05e676,W4386351516
e63cce05e676,W4387198407
e63cce05e676,W4390478059
e63cce05e676,W4390608077
e63cce05e676,W4391760890
e63cce05e676,W4393440753
e63cce05e676,W4393520416
e63cce05e676,W4393571744
e63cce05e676,W4393596950
e63cce05e676,W4394022624
e63cce05e676,W4398962995
e63cce05e676,W4407393904
e63cce05e676,W4411732236
e63cce05e676,W4412210858
e63cce05e676,W4416504616
e63cce05e676,W4416604875
e63cce05e676,W4416645991
e63cce05e676,W568714426
e63cce05e676,W637667876
e63cce05e676,W7129311448
e63cce05e676,W7129354544
e63cce05e676,W7139575676
e67a2108dc7d,W1138298066
e67a2108dc7d,W140075159
e67a2108dc7d,W1468738089
e67a2108dc7d,W1492572089
e67a2108dc7d,W1504317416
e67a2108dc7d,W1514756562
e67a2108dc7d,W1554714843
e67a2108dc7d,W1564017650
e67a2108dc7d,W1896170212
e67a2108dc7d,W1902534530
e67a2108dc7d,W1922028029
e67a2108dc7d,W1966188445
e67a2108dc7d,W1970510501
e67a2108dc7d,W1972179273
e67a2108dc7d,W2005305853
e67a2108dc7d,W2009584112
e67a2108dc7d,W2036726401
e67a2108dc7d,W2041557806
e67a2108dc7d,W204187510
e67a2108dc7d,W2053520338
e67a2108dc7d,W2071432350
e67a2108dc7d,W2077096335
e67a2108dc7d,W2110630068
e67a2108dc7d,W2118513934
e67a2108dc7d,W2125007964
e67a2108dc7d,W2157187595
e67a2108dc7d,W2165709442
e67a2108dc7d,W2209595967
e67a2108dc7d,W2214233591
e67a2108dc7d,W2259255611
e67a2108dc7d,W2280453778
e67a2108dc7d,W2280557074
e67a2108dc7d,W2282829718
e67a2108dc7d,W2289192856
e67a2108dc7d,W2293334696
e67a2108dc7d,W2330523224
e67a2108dc7d,W2344835716
e67a2108dc7d,W2466810050
e67a2108dc7d,W2478515418
e67a2108dc7d,W2481284119
e67a2108dc7d,W2514913245
e67a2108dc7d,W2531711073
e67a2108dc7d,W2553192145
e67a2108dc7d,W2586740289
e67a2108dc7d,W2587629942
e67a2108dc7d,W2590569769
e67a2108dc7d,W2593427551
e67a2108dc7d,W2613497312
e67a2108dc7d,W2622150113
e67a2108dc7d,W2658367565
e67a2108dc7d,W2736277315
e67a2108dc7d,W2736301725
e67a2108dc7d,W2739953565
e67a2108dc7d,W2745522369
e67a2108dc7d,W2751745278
e67a2108dc7d,W2776474079
e67a2108dc7d,W2776575342
e67a2108dc7d,W2785738639
e67a2108dc7d,W2786482332
e67a2108dc7d,W2791613944
e67a2108dc7d,W2800020628
e67a2108dc7d,W2802400506
e67a2108dc7d,W2805138917
e67a2108dc7d,W2806683859
e67a2108dc7d,W2807389017
e67a2108dc7d,W2807590118
e67a2108dc7d,W2893703952
e67a2108dc7d,W2905488088
e67a2108dc7d,W2906336978
e67a2108dc7d,W2909347130
e67a2108dc7d,W2911391501
e67a2108dc7d,W2912151671
e67a2108dc7d,W2913327935
e67a2108dc7d,W2932967104
e67a2108dc7d,W2933003891
e67a2108dc7d,W2936254958
e67a2108dc7d,W2936861951
e67a2108dc7d,W2938163007
e67a2108dc7d,W2941062527
e67a2108dc7d,W2941850059
e67a2108dc7d,W2948007207
e67a2108dc7d,W2951994487
e67a2108dc7d,W2957025542
e67a2108dc7d,W2964094339
e67a2108dc7d,W2966643388
e67a2108dc7d,W2969665457
e67a2108dc7d,W2970205968
e67a2108dc7d,W2972974223
e67a2108dc7d,W2975302413
e67a2108dc7d,W2975323711
e67a2108dc7d,W2975515662
e67a2108dc7d,W2976032205
e67a2108dc7d,W2976440714
e67a2108dc7d,W2977051809
e67a2108dc7d,W2977551321
e67a2108dc7d,W2978043532
e67a2108dc7d,W2980326899
e67a2108dc7d,W2980775666
e67a2108dc7d,W2980935248
e67a2108dc7d,W2981153903
e67a2108dc7d,W2985172262
e67a2108dc7d,W2996718699
e67a2108dc7d,W3003615124
e67a2108dc7d,W3003986231
e67a2108dc7d,W3005722678
e67a2108dc7d,W3006110916
e67a2108dc7d,W3010607785
e67a2108dc7d,W3015175180
e67a2108dc7d,W3041769472
e67a2108dc7d,W3048784195
e67a2108dc7d,W30566920
e67a2108dc7d,W3083749081
e67a2108dc7d,W3088557694
e67a2108dc7d,W3094401915
e67a2108dc7d,W3102356365
e67a2108dc7d,W3108750797
e67a2108dc7d,W3110537163
e67a2108dc7d,W3111097257
e67a2108dc7d,W3112065922
e67a2108dc7d,W3118723412
e67a2108dc7d,W3120589240
e67a2108dc7d,W3126425968
e67a2108dc7d,W3126974163
e67a2108dc7d,W3127058464
e67a2108dc7d,W3127941001
e67a2108dc7d,W3127997278
e67a2108dc7d,W3128271243
e67a2108dc7d,W3128297896
e67a2108dc7d,W3128582238
e67a2108dc7d,W3129047050
e67a2108dc7d,W3129315058
e67a2108dc7d,W3130004779
e67a2108dc7d,W3130210585
e67a2108dc7d,W3130252513
e67a2108dc7d,W3130369283
e67a2108dc7d,W3130390422
e67a2108dc7d,W3130666194
e67a2108dc7d,W3130669240
e67a2108dc7d,W3130723011
e67a2108dc7d,W3130756747
e67a2108dc7d,W3130952305
e67a2108dc7d,W3131256857
e67a2108dc7d,W3131365495
e67a2108dc7d,W3131388249
e67a2108dc7d,W3131406131
e67a2108dc7d,W3131556335
e67a2108dc7d,W3131755729
e67a2108dc7d,W3131796860
e67a2108dc7d,W3131798619
e67a2108dc7d,W3131920206
e67a2108dc7d,W3132206274
e67a2108dc7d,W3132265769
e67a2108dc7d,W3132697500
e67a2108dc7d,W3132771091
e67a2108dc7d,W3133121355
e67a2108dc7d,W3133196283
e67a2108dc7d,W3133411774
e67a2108dc7d,W3135392026
e67a2108dc7d,W3143239149
e67a2108dc7d,W3143802621
e67a2108dc7d,W3152571979
e67a2108dc7d,W3152775667
e67a2108dc7d,W3155144858
e67a2108dc7d,W3161278493
e67a2108dc7d,W3161652220
e67a2108dc7d,W3161956167
e67a2108dc7d,W3168301972
e67a2108dc7d,W3172392762
e67a2108dc7d,W3173526397
e67a2108dc7d,W3174473236
e67a2108dc7d,W3174559193
e67a2108dc7d,W3180626343
e67a2108dc7d,W3183045163
e67a2108dc7d,W3183145529
e67a2108dc7d,W3184631375
e67a2108dc7d,W3187630655
e67a2108dc7d,W3189647032
e67a2108dc7d,W3190344507
e67a2108dc7d,W3194979324
e67a2108dc7d,W3200486940
e67a2108dc7d,W3200733074
e67a2108dc7d,W3202211582
e67a2108dc7d,W3208660522
e67a2108dc7d,W3213288356
e67a2108dc7d,W3214827668
e67a2108dc7d,W4200549664
e67a2108dc7d,W4200600962
e67a2108dc7d,W4205492896
e67a2108dc7d,W4205679949
e67a2108dc7d,W4205781743
e67a2108dc7d,W4206211792
e67a2108dc7d,W4206828558
e67a2108dc7d,W421863209
e67a2108dc7d,W4223932454
e67a2108dc7d,W4225256782
e67a2108dc7d,W4226504205
e67a2108dc7d,W4231785939
e67a2108dc7d,W4234973081
e67a2108dc7d,W4237030786
e67a2108dc7d,W4237498510
e67a2108dc7d,W4241517288
e67a2108dc7d,W4242996888
e67a2108dc7d,W4244590789
e67a2108dc7d,W4248431102
e67a2108dc7d,W4250411622
e67a2108dc7d,W4281684275
e67a2108dc7d,W4281846416
e67a2108dc7d,W4281969040
e67a2108dc7d,W4284967492
e67a2108dc7d,W4289397630
e67a2108dc7d,W4289544356
e67a2108dc7d,W4292294911
e67a2108dc7d,W4293105734
e67a2108dc7d,W4293515797
e67a2108dc7d,W4294170365
e67a2108dc7d,W4294740753
e67a2108dc7d,W4296614858
e67a2108dc7d,W4297223429
e67a2108dc7d,W4297887281
e67a2108dc7d,W4297888181
e67a2108dc7d,W4310092745
e67a2108dc7d,W4311183419
e67a2108dc7d,W4313642885
e67a2108dc7d,W4318191641
e67a2108dc7d,W4319041732
e67a2108dc7d,W4319657189
e67a2108dc7d,W4319660924
e67a2108dc7d,W4320038879
e67a2108dc7d,W4323295262
e67a2108dc7d,W4323360036
e67a2108dc7d,W4323653187
e67a2108dc7d,W4366263010
e67a2108dc7d,W4376875053
e67a2108dc7d,W4379010534
e67a2108dc7d,W4380321652
e67a2108dc7d,W4381277737
e67a2108dc7d,W4381736053
e67a2108dc7d,W4384339162
e67a2108dc7d,W4384702805
e67a2108dc7d,W4385821398
e67a2108dc7d,W4385879855
e67a2108dc7d,W4387880528
e67a2108dc7d,W4388040162
e67a2108dc7d,W4388185472
e67a2108dc7d,W4389344672
e67a2108dc7d,W4391139629
e67a2108dc7d,W4391144429
e67a2108dc7d,W4391529193
e67a2108dc7d,W4392917534
e67a2108dc7d,W4396520795
e67a2108dc7d,W4399423163
e67a2108dc7d,W4399988451
e67a2108dc7d,W4403063848
e67a2108dc7d,W4403589374
e67a2108dc7d,W4403819045
e67a2108dc7d,W4403945617
e67a2108dc7d,W4407196455
e67a2108dc7d,W4407272768
e67a2108dc7d,W4407350137
e67a2108dc7d,W4407700432
e67a2108dc7d,W4408323395
e67a2108dc7d,W4408737230
e67a2108dc7d,W4408788233
e67a2108dc7d,W4408810633
e67a2108dc7d,W4409114215
e67a2108dc7d,W4410000728
e67a2108dc7d,W4410056823
e67a2108dc7d,W4410092281
e67a2108dc7d,W4410302663
e67a2108dc7d,W4410726556
e67a2108dc7d,W4411000768
e67a2108dc7d,W4411193346
e67a2108dc7d,W4411645631
e67a2108dc7d,W4411881942
e67a2108dc7d,W4412477171
e67a2108dc7d,W4412477468
e67a2108dc7d,W4412601653
e67a2108dc7d,W4414015558
e67a2108dc7d,W4414478557
e67a2108dc7d,W4415407146
e67a2108dc7d,W4416959060
e67a2108dc7d,W4417331685
e67a2108dc7d,W4417409950
e67a2108dc7d,W587647833
e67a2108dc7d,W650534888
e67a2108dc7d,W7109029688
e67a2108dc7d,W7109198207
e67a2108dc7d,W7127362541
e67a2108dc7d,W7128767654
e67a2108dc7d,W7128779135
e67a2108dc7d,W7128781393
e67a2108dc7d,W7128791237
e67a2108dc7d,W7128798995
e67a2108dc7d,W7128805632
e67a2108dc7d,W7147107937
e67a2108dc7d,W7147157032
e67a2108dc7d,W7165125112
e67a2108dc7d,W7165128065
e67a2108dc7d,W7165378529
e67a2108dc7d,W7165388790
e67a2108dc7d,W7170361766
e67a2108dc7d,W7202194737
e67a2108dc7d,W835950104
e67a2108dc7d,W842859057
e708ffe600f7,W1935303545
e708ffe600f7,W1973482165
e708ffe600f7,W1983002770
e708ffe600f7,W2053622914
e708ffe600f7,W2117685464
e708ffe600f7,W2156061184
e708ffe600f7,W2171368533
e708ffe600f7,W2178840296
e708ffe600f7,W2242017565
e708ffe600f7,W2289420571
e708ffe600f7,W2291877198
e708ffe600f7,W2442122797
e708ffe600f7,W2462137545
e708ffe600f7,W2463065587
e708ffe600f7,W2516378959
e708ffe600f7,W2597109571
e708ffe600f7,W2599769771
e708ffe600f7,W2601507599
e708ffe600f7,W2602273087
e708ffe600f7,W2602971151
e708ffe600f7,W2605373739
e708ffe600f7,W2725694724
e708ffe600f7,W2751076074
e708ffe600f7,W2751100054
e708ffe600f7,W2751145574
e708ffe600f7,W2751995707
e708ffe600f7,W2753294911
e708ffe600f7,W2753538334
e708ffe600f7,W2756042403
e708ffe600f7,W2767144321
e708ffe600f7,W2774327187
e708ffe600f7,W2779322621
e708ffe600f7,W2784717423
e708ffe600f7,W2788572868
e708ffe600f7,W2790523477
e708ffe600f7,W2792112352
e708ffe600f7,W2798362910
e708ffe600f7,W2885577059
e708ffe600f7,W2896342774
e708ffe600f7,W2901054908
e708ffe600f7,W2910583403
e708ffe600f7,W2922054154
e708ffe600f7,W2930743556
e708ffe600f7,W2940422778
e708ffe600f7,W2944917881
e708ffe600f7,W2947522795
e708ffe600f7,W2950119232
e708ffe600f7,W2953430050
e708ffe600f7,W2953767996
e708ffe600f7,W2954689074
e708ffe600f7,W2980741700
e708ffe600f7,W2982608032
e708ffe600f7,W3000992762
e708ffe600f7,W3030563398
e708ffe600f7,W3031081635
e708ffe600f7,W3034818526
e708ffe600f7,W3035047582
e708ffe600f7,W3035181674
e708ffe600f7,W3035245535
e708ffe600f7,W3046623870
e708ffe600f7,W3046830342
e708ffe600f7,W3083148454
e708ffe600f7,W3097128167
e708ffe600f7,W3111733481
e708ffe600f7,W3117806238
e708ffe600f7,W3123605394
e708ffe600f7,W3128646490
e708ffe600f7,W3131481424
e708ffe600f7,W3135762012
e708ffe600f7,W3138542804
e708ffe600f7,W3154596672
e708ffe600f7,W3160897777
e708ffe600f7,W3160949366
e708ffe600f7,W3161185258
e708ffe600f7,W3161252457
e708ffe600f7,W3194988842
e708ffe600f7,W3201468423
e708ffe600f7,W3202103452
e708ffe600f7,W3203474047
e708ffe600f7,W3208664831
e708ffe600f7,W3209247055
e708ffe600f7,W3213898304
e708ffe600f7,W3215523358
e708ffe600f7,W3215567430
e708ffe600f7,W3216485187
e708ffe600f7,W3216965358
e708ffe600f7,W3217148682
e708ffe600f7,W3217152490
e708ffe600f7,W3217216998
e708ffe600f7,W4210813385
e708ffe600f7,W4210993746
e708ffe600f7,W4211088671
e708ffe600f7,W4213131350
e708ffe600f7,W4220896106
e708ffe600f7,W4225978486
e708ffe600f7,W4235361243
e708ffe600f7,W4240782988
e708ffe600f7,W4245327607
e708ffe600f7,W4248457559
e708ffe600f7,W4249387140
e708ffe600f7,W4251703861
e708ffe600f7,W4280574960
e708ffe600f7,W4281290893
e708ffe600f7,W4281940174
e708ffe600f7,W4283660870
e708ffe600f7,W4285012450
e708ffe600f7,W4307437104
e708ffe600f7,W4307758262
e708ffe600f7,W4313159384
e708ffe600f7,W4315748214
e708ffe600f7,W4315817933
e708ffe600f7,W4315818023
e708ffe600f7,W4315818031
e708ffe600f7,W4315842157
e708ffe600f7,W4315849865
e708ffe600f7,W4316077423
e708ffe600f7,W4316087647
e708ffe600f7,W4319013621
e708ffe600f7,W4320399987
e708ffe600f7,W4320405629
e708ffe600f7,W4375907058
e708ffe600f7,W4388451100
e708ffe600f7,W4390071350
e708ffe600f7,W4390884685
e708ffe600f7,W4391092522
e708ffe600f7,W4391610747
e708ffe600f7,W4392102018
e708ffe600f7,W4392596309
e708ffe600f7,W4393192187
e708ffe600f7,W4399124940
e708ffe600f7,W4399477970
e708ffe600f7,W4400885068
e708ffe600f7,W4400956694
e708ffe600f7,W4401637328
e708ffe600f7,W4401638093
e708ffe600f7,W4401638100
e708ffe600f7,W4401638144
e708ffe600f7,W4401638323
e708ffe600f7,W4401638862
e708ffe600f7,W4402047326
e708ffe600f7,W4402126944
e708ffe600f7,W4402812730
e708ffe600f7,W4402844017
e708ffe600f7,W4403730691
e708ffe600f7,W4404109184
e708ffe600f7,W4404123170
e708ffe600f7,W4404421720
e708ffe600f7,W4406930918
e708ffe600f7,W4407215759
e708ffe600f7,W4407215763
e708ffe600f7,W4407215765
e708ffe600f7,W4407215775
e708ffe600f7,W4407215778
e708ffe600f7,W4407215779
e708ffe600f7,W4407215781
e708ffe600f7,W4407216633
e708ffe600f7,W4407217809
e708ffe600f7,W4407958500
e708ffe600f7,W4408215738
e708ffe600f7,W4408218183
e708ffe600f7,W4408784282
e708ffe600f7,W4411259866
e708ffe600f7,W4412399323
e708ffe600f7,W4412941471
e708ffe600f7,W4413246661
e708ffe600f7,W4413258005
e708ffe600f7,W4413610094
e708ffe600f7,W4413821525
e708ffe600f7,W4413858893
e708ffe600f7,W4415011392
e708ffe600f7,W4416465439
e708ffe600f7,W4416773133
e708ffe600f7,W4417168342
e708ffe600f7,W7109989428
e708ffe600f7,W7135420343
e708ffe600f7,W7135426600
e708ffe600f7,W7164930049
e708ffe600f7,W7169787904
e71b722f8d27,W1600032657
e71b722f8d27,W2412975266
e71b722f8d27,W2468916163
e71b722f8d27,W2487318133
e71b722f8d27,W2499897751
e71b722f8d27,W2894163791
e71b722f8d27,W3092068484
e71b722f8d27,W3111676886
e71b722f8d27,W3199017675
e71b722f8d27,W4376598387
e71b722f8d27,W4382395555
e71b722f8d27,W4389576303
e71b722f8d27,W4409147853
e71b722f8d27,W4410162092
e71b722f8d27,W7156183779
e71b722f8d27,W7162223276
e71b722f8d27,W7165001872
e71b722f8d27,W7202199852
e8790338c49e,W2274406133
e8790338c49e,W2419588151
e8790338c49e,W2770982407
e8790338c49e,W2917016673
e8790338c49e,W2954265120
e8790338c49e,W3126125170
e8790338c49e,W3173633536
e8790338c49e,W3198781381
e8790338c49e,W4200200739
e8790338c49e,W4223485293
e8790338c49e,W4304942966
e8790338c49e,W4380447020
e8790338c49e,W4387701480
e8790338c49e,W4394714357
e8790338c49e,W4399809131
e8790338c49e,W4400380518
e8790338c49e,W4400985302
e8790338c49e,W4402441701
e8790338c49e,W4403917748
e8790338c49e,W4404244597
e8790338c49e,W4405329221
e8790338c49e,W4409185140
e8790338c49e,W4410100181
e8790338c49e,W4413154917
e8790338c49e,W4416959060
e8790338c49e,W4417077100
e8790338c49e,W7135201638
e8790338c49e,W7136862808
e8790338c49e,W7139353982
e8790338c49e,W7153957694
e8790338c49e,W7162896052
e8e94e1d7fe7,W2103808863
e8e94e1d7fe7,W2164357581
e8e94e1d7fe7,W2299064943
e8e94e1d7fe7,W2312719714
e8e94e1d7fe7,W2322476135
e8e94e1d7fe7,W2399960806
e8e94e1d7fe7,W2474503664
e8e94e1d7fe7,W2524811768
e8e94e1d7fe7,W2525977900
e8e94e1d7fe7,W2575198543
e8e94e1d7fe7,W2605619262
e8e94e1d7fe7,W2616968572
e8e94e1d7fe7,W2735472034
e8e94e1d7fe7,W2745826794
e8e94e1d7fe7,W2768725314
e8e94e1d7fe7,W2773980727
e8e94e1d7fe7,W2789229259
e8e94e1d7fe7,W2800371392
e8e94e1d7fe7,W2805392662
e8e94e1d7fe7,W2964412203
e8e94e1d7fe7,W3039362324
e8e94e1d7fe7,W3162140277
e8e94e1d7fe7,W3173780547
e8e94e1d7fe7,W3179984512
e8e94e1d7fe7,W3182390818
e8e94e1d7fe7,W4213131350
e8e94e1d7fe7,W4232078690
e8e94e1d7fe7,W4246670002
e8e94e1d7fe7,W4249025077
e8e94e1d7fe7,W4252960917
e8e94e1d7fe7,W4254832108
e8e94e1d7fe7,W4321361940
e8e94e1d7fe7,W4378172190
e8e94e1d7fe7,W4385722906
e8e94e1d7fe7,W4393308793
e8e94e1d7fe7,W4393369155
e8e94e1d7fe7,W4394171173
e8e94e1d7fe7,W4409307422
e8e94e1d7fe7,W7116087017
e9b4a458b442,W1779029243
e9b4a458b442,W2303165846
e9b4a458b442,W2606437688
e9b4a458b442,W2625891156
e9b4a458b442,W2729733651
e9b4a458b442,W2759385804
e9b4a458b442,W2764231071
e9b4a458b442,W2766237593
e9b4a458b442,W2773304699
e9b4a458b442,W2782834548
e9b4a458b442,W2804447152
e9b4a458b442,W2810610192
e9b4a458b442,W2885643157
e9b4a458b442,W2894952184
e9b4a458b442,W2895567970
e9b4a458b442,W2904078144
e9b4a458b442,W2906746175
e9b4a458b442,W2909338852
e9b4a458b442,W2910966393
e9b4a458b442,W2937338930
e9b4a458b442,W2961005908
e9b4a458b442,W2982862630
e9b4a458b442,W2985128916
e9b4a458b442,W2994819810
e9b4a458b442,W2995936832
e9b4a458b442,W2997748154
e9b4a458b442,W3002506971
e9b4a458b442,W3003683579
e9b4a458b442,W3007268962
e9b4a458b442,W3013538452
e9b4a458b442,W3014149717
e9b4a458b442,W3033228966
e9b4a458b442,W3034088852
e9b4a458b442,W3035377928
e9b4a458b442,W3036263201
e9b4a458b442,W3044408283
e9b4a458b442,W3082927492
e9b4a458b442,W3092869788
e9b4a458b442,W3121275095
e9b4a458b442,W3158549767
e9b4a458b442,W3159512941
e9b4a458b442,W3160725032
e9b4a458b442,W3161407688
e9b4a458b442,W3164341231
e9b4a458b442,W3172741167
e9b4a458b442,W3172771936
e9b4a458b442,W3189342325
e9b4a458b442,W3207126239
e9b4a458b442,W4200245830
e9b4a458b442,W4231763132
e9b4a458b442,W4238374963
e9b4a458b442,W4245477097
e9b4a458b442,W4246763723
e9b4a458b442,W4253778760
e9b4a458b442,W4296270797
e9b4a458b442,W4299835997
e9b4a458b442,W4312998086
e9b4a458b442,W4321436405
e9b4a458b442,W4321788103
e9b4a458b442,W4372218961
e9b4a458b442,W4376637364
e9b4a458b442,W4376872683
e9b4a458b442,W4378213183
e9b4a458b442,W4379744226
e9b4a458b442,W4381738705
e9b4a458b442,W4383613011
e9b4a458b442,W4388528898
e9b4a458b442,W4392713981
e9b4a458b442,W4393677172
e9b4a458b442,W4393725721
e9b4a458b442,W4403984377
e9b4a458b442,W4410766534
e9b4a458b442,W4411485352
e9b4a458b442,W4411857759
e9b4a458b442,W4412601653
e9b4a458b442,W4413782833
e9b4a458b442,W4415605466
e9b4a458b442,W4415772809
e9b4a458b442,W7104836910
e9b4a458b442,W7128546758
e9f2610fb4fb,W2948764001
e9f2610fb4fb,W3047045807
e9f2610fb4fb,W3202017567
e9f2610fb4fb,W4225103631
e9f2610fb4fb,W4226147954
e9f2610fb4fb,W4283157114
e9f2610fb4fb,W4293255126
e9f2610fb4fb,W4307683448
e9f2610fb4fb,W4312098276
e9f2610fb4fb,W4322495410
e9f2610fb4fb,W4322707845
e9f2610fb4fb,W4379117466
e9f2610fb4fb,W4384938832
e9f2610fb4fb,W4385010982
e9f2610fb4fb,W4392637903
e9f2610fb4fb,W4399370173
e9f2610fb4fb,W4403417312
e9f2610fb4fb,W4404245250
e9f2610fb4fb,W4405191585
e9f2610fb4fb,W4406905980
e9f2610fb4fb,W4407075807
e9f2610fb4fb,W7104560078
eaff4fb8b67d,W4224210118
eaff4fb8b67d,W4376875053
eaff4fb8b67d,W4383226475
eaff4fb8b67d,W4386161736
eaff4fb8b67d,W4391635491
eaff4fb8b67d,W4392663276
eaff4fb8b67d,W4400122447
eaff4fb8b67d,W4400122483
eaff4fb8b67d,W4400122488
eaff4fb8b67d,W4400122496
eaff4fb8b67d,W4400122499
eaff4fb8b67d,W4400122556
eaff4fb8b67d,W4410495387
eaff4fb8b67d,W4412080501
eaff4fb8b67d,W4413362859
eaff4fb8b67d,W4414615828
eaff4fb8b67d,W4417136191
eaff4fb8b67d,W7104836910
eaff4fb8b67d,W7124410798
eaff4fb8b67d,W7128492034
eaff4fb8b67d,W7128651407
eaff4fb8b67d,W7129732971
eaff4fb8b67d,W7160512259
ec80e2ec7293,W4296393248
ec80e2ec7293,W4319301352
ec80e2ec7293,W4321497926
ec80e2ec7293,W4362522970
ec80e2ec7293,W4385888779
ec80e2ec7293,W4391749330
ec80e2ec7293,W4393509994
ec80e2ec7293,W4405649407
ec80e2ec7293,W7107949366
ec80e2ec7293,W7107955064
ec80e2ec7293,W7107964903
ec80e2ec7293,W7107971666
ecd7bfea6848,W4310973911
ecd7bfea6848,W4313891878
ecd7bfea6848,W4313892004
ecd7bfea6848,W4360976203
ecd7bfea6848,W4385287532
ecd7bfea6848,W4385632432
ecd7bfea6848,W4392940496
ecd7bfea6848,W4399884349
ecd7bfea6848,W4401859947
ecd7bfea6848,W4407013730
ecd7bfea6848,W4407013916
ecd7bfea6848,W4407019352
ecd7bfea6848,W4407585569
ecd7bfea6848,W4407689246
ecd7bfea6848,W4412125509
ecd7bfea6848,W4414993674
ecd7bfea6848,W4415505833
ecd7bfea6848,W7139927387
ecd7bfea6848,W7140065549
ecd7bfea6848,W7160332585
ecd7bfea6848,W7160740200
ecd7bfea6848,W7167987114
edcaabc3ea6a,W10100193
edcaabc3ea6a,W1031131676
edcaabc3ea6a,W108961444
edcaabc3ea6a,W128980346
edcaabc3ea6a,W131003378
edcaabc3ea6a,W1546116882
edcaabc3ea6a,W1567425953
edcaabc3ea6a,W1595791734
edcaabc3ea6a,W1597911532
edcaabc3ea6a,W189183661
edcaabc3ea6a,W1963542397
edcaabc3ea6a,W1963789907
edcaabc3ea6a,W1964255999
edcaabc3ea6a,W1972136516
edcaabc3ea6a,W1977420065
edcaabc3ea6a,W1988213036
edcaabc3ea6a,W1989916411
edcaabc3ea6a,W1992115232
edcaabc3ea6a,W1992648560
edcaabc3ea6a,W1992866406
edcaabc3ea6a,W1996660596
edcaabc3ea6a,W2001481821
edcaabc3ea6a,W2002437193
edcaabc3ea6a,W2002923842
edcaabc3ea6a,W2007269122
edcaabc3ea6a,W2008748965
edcaabc3ea6a,W2010134711
edcaabc3ea6a,W2010166584
edcaabc3ea6a,W2010442112
edcaabc3ea6a,W2015472751
edcaabc3ea6a,W2015607001
edcaabc3ea6a,W2018221948
edcaabc3ea6a,W2020452151
edcaabc3ea6a,W2028281086
edcaabc3ea6a,W2029442463
edcaabc3ea6a,W2036300904
edcaabc3ea6a,W2037378062
edcaabc3ea6a,W2040723257
edcaabc3ea6a,W2041339530
edcaabc3ea6a,W2051190625
edcaabc3ea6a,W2051491115
edcaabc3ea6a,W2053252059
edcaabc3ea6a,W2056167270
edcaabc3ea6a,W2057681654
edcaabc3ea6a,W2065058470
edcaabc3ea6a,W2066406045
edcaabc3ea6a,W2069141169
edcaabc3ea6a,W2070717688
edcaabc3ea6a,W2072425125
edcaabc3ea6a,W2074792643
edcaabc3ea6a,W2074862670
edcaabc3ea6a,W2076558507
edcaabc3ea6a,W2079722635
edcaabc3ea6a,W2084199948
edcaabc3ea6a,W2085740724
edcaabc3ea6a,W20876266
edcaabc3ea6a,W2092147391
edcaabc3ea6a,W209335428
edcaabc3ea6a,W2094829959
edcaabc3ea6a,W2119820024
edcaabc3ea6a,W2127388844
edcaabc3ea6a,W2128488417
edcaabc3ea6a,W2133074486
edcaabc3ea6a,W2135816981
edcaabc3ea6a,W2141435136
edcaabc3ea6a,W2145042107
edcaabc3ea6a,W2157456843
edcaabc3ea6a,W2159715110
edcaabc3ea6a,W2184469876
edcaabc3ea6a,W2186227835
edcaabc3ea6a,W2186379357
edcaabc3ea6a,W2254302527
edcaabc3ea6a,W2261501658
edcaabc3ea6a,W2289113316
edcaabc3ea6a,W2323635730
edcaabc3ea6a,W2339185222
edcaabc3ea6a,W2345996645
edcaabc3ea6a,W2364998251
edcaabc3ea6a,W2402959502
edcaabc3ea6a,W2403295411
edcaabc3ea6a,W2436406221
edcaabc3ea6a,W2509116627
edcaabc3ea6a,W2510103226
edcaabc3ea6a,W2511509389
edcaabc3ea6a,W2513578986
edcaabc3ea6a,W2515736802
edcaabc3ea6a,W2517445517
edcaabc3ea6a,W2518660768
edcaabc3ea6a,W2519902319
edcaabc3ea6a,W2520971972
edcaabc3ea6a,W2521880166
edcaabc3ea6a,W2522636052
edcaabc3ea6a,W2526238993
edcaabc3ea6a,W2555099183
edcaabc3ea6a,W2588870745
edcaabc3ea6a,W2607219216
edcaabc3ea6a,W2624501305
edcaabc3ea6a,W2626015884
edcaabc3ea6a,W2679379710
edcaabc3ea6a,W2729684429
edcaabc3ea6a,W2733425592
edcaabc3ea6a,W2734956330
edcaabc3ea6a,W2739669808
edcaabc3ea6a,W2750325251
edcaabc3ea6a,W2757376172
edcaabc3ea6a,W2766741081
edcaabc3ea6a,W2767591522
edcaabc3ea6a,W2772158869
edcaabc3ea6a,W2773453044
edcaabc3ea6a,W2785426245
edcaabc3ea6a,W2789626197
edcaabc3ea6a,W2791642340
edcaabc3ea6a,W2791812958
edcaabc3ea6a,W2791842454
edcaabc3ea6a,W2797597522
edcaabc3ea6a,W2805138917
edcaabc3ea6a,W2891687028
edcaabc3ea6a,W2891718874
edcaabc3ea6a,W2899117500
edcaabc3ea6a,W2901853337
edcaabc3ea6a,W2902291522
edcaabc3ea6a,W2902594129
edcaabc3ea6a,W2903549812
edcaabc3ea6a,W2914124135
edcaabc3ea6a,W2914451249
edcaabc3ea6a,W2931506550
edcaabc3ea6a,W2933442488
edcaabc3ea6a,W2939983561
edcaabc3ea6a,W2946646020
edcaabc3ea6a,W2952185915
edcaabc3ea6a,W2952478726
edcaabc3ea6a,W2952758737
edcaabc3ea6a,W2953335263
edcaabc3ea6a,W2953523415
edcaabc3ea6a,W2956094787
edcaabc3ea6a,W2957219693
edcaabc3ea6a,W2958333376
edcaabc3ea6a,W2960255384
edcaabc3ea6a,W2960968432
edcaabc3ea6a,W2961801322
edcaabc3ea6a,W2961978637
edcaabc3ea6a,W2962624455
edcaabc3ea6a,W2962774542
edcaabc3ea6a,W2967832550
edcaabc3ea6a,W2969349944
edcaabc3ea6a,W2973812444
edcaabc3ea6a,W2978484327
edcaabc3ea6a,W2981740223
edcaabc3ea6a,W2988842862
edcaabc3ea6a,W2994134635
edcaabc3ea6a,W2996194692
edcaabc3ea6a,W2997225203
edcaabc3ea6a,W3000117795
edcaabc3ea6a,W3000996555
edcaabc3ea6a,W3006919138
edcaabc3ea6a,W3013456065
edcaabc3ea6a,W3013899421
edcaabc3ea6a,W3015257738
edcaabc3ea6a,W3023003077
edcaabc3ea6a,W3034236500
edcaabc3ea6a,W3040128021
edcaabc3ea6a,W3046472726
edcaabc3ea6a,W3082446452
edcaabc3ea6a,W3091322414
edcaabc3ea6a,W3092607824
edcaabc3ea6a,W3092777257
edcaabc3ea6a,W3093598207
edcaabc3ea6a,W3093848709
edcaabc3ea6a,W3094247385
edcaabc3ea6a,W3106778067
edcaabc3ea6a,W3107792019
edcaabc3ea6a,W3113965116
edcaabc3ea6a,W3128127190
edcaabc3ea6a,W3139485449
edcaabc3ea6a,W3157105336
edcaabc3ea6a,W3158820268
edcaabc3ea6a,W3159312793
edcaabc3ea6a,W3159329929
edcaabc3ea6a,W3160088219
edcaabc3ea6a,W3160402651
edcaabc3ea6a,W3160817486
edcaabc3ea6a,W3161218677
edcaabc3ea6a,W3162449853
edcaabc3ea6a,W3163624910
edcaabc3ea6a,W3164616207
edcaabc3ea6a,W3172392762
edcaabc3ea6a,W3173773866
edcaabc3ea6a,W3174101565
edcaabc3ea6a,W3174125756
edcaabc3ea6a,W3177928870
edcaabc3ea6a,W3184112319
edcaabc3ea6a,W3187630655
edcaabc3ea6a,W3207182139
edcaabc3ea6a,W3208250544
edcaabc3ea6a,W3208471044
edcaabc3ea6a,W3211729281
edcaabc3ea6a,W32937650
edcaabc3ea6a,W395733641
edcaabc3ea6a,W4200162890
edcaabc3ea6a,W4205735344
edcaabc3ea6a,W4210323870
edcaabc3ea6a,W4210360290
edcaabc3ea6a,W4213131350
edcaabc3ea6a,W4220777686
edcaabc3ea6a,W4220854332
edcaabc3ea6a,W4221130170
edcaabc3ea6a,W4223932454
edcaabc3ea6a,W4224315195
edcaabc3ea6a,W4225528106
edcaabc3ea6a,W4225690429
edcaabc3ea6a,W4226147954
edcaabc3ea6a,W4226504205
edcaabc3ea6a,W4230950563
edcaabc3ea6a,W4231744249
edcaabc3ea6a,W4233304000
edcaabc3ea6a,W4236171466
edcaabc3ea6a,W4236358195
edcaabc3ea6a,W4237498510
edcaabc3ea6a,W4238456048
edcaabc3ea6a,W4239634591
edcaabc3ea6a,W4241044434
edcaabc3ea6a,W4241517288
edcaabc3ea6a,W4242680144
edcaabc3ea6a,W4243779642
edcaabc3ea6a,W4245628546
edcaabc3ea6a,W4245787878
edcaabc3ea6a,W4246632601
edcaabc3ea6a,W4247912780
edcaabc3ea6a,W4248660491
edcaabc3ea6a,W4249627950
edcaabc3ea6a,W4251115999
edcaabc3ea6a,W4251400470
edcaabc3ea6a,W4252556670
edcaabc3ea6a,W4254804445
edcaabc3ea6a,W4255997579
edcaabc3ea6a,W4256462689
edcaabc3ea6a,W4280569125
edcaabc3ea6a,W4281684275
edcaabc3ea6a,W4281729731
edcaabc3ea6a,W4281846416
edcaabc3ea6a,W4281969040
edcaabc3ea6a,W4283013740
edcaabc3ea6a,W4283835930
edcaabc3ea6a,W4285765389
edcaabc3ea6a,W4286219945
edcaabc3ea6a,W4286247879
edcaabc3ea6a,W4286483115
edcaabc3ea6a,W4286632955
edcaabc3ea6a,W4287577428
edcaabc3ea6a,W4289238838
edcaabc3ea6a,W4291018063
edcaabc3ea6a,W4292174946
edcaabc3ea6a,W4293083860
edcaabc3ea6a,W4293105734
edcaabc3ea6a,W4293267753
edcaabc3ea6a,W4293716501
edcaabc3ea6a,W4293716612
edcaabc3ea6a,W4294242847
edcaabc3ea6a,W4294816933
edcaabc3ea6a,W4297223429
edcaabc3ea6a,W4298198716
edcaabc3ea6a,W4300131672
edcaabc3ea6a,W4300854256
edcaabc3ea6a,W4300995063
edcaabc3ea6a,W4304806655
edcaabc3ea6a,W4309654061
edcaabc3ea6a,W4309721430
edcaabc3ea6a,W4313432595
edcaabc3ea6a,W4317815064
edcaabc3ea6a,W4319442588
edcaabc3ea6a,W4320038879
edcaabc3ea6a,W4320526252
edcaabc3ea6a,W4321103083
edcaabc3ea6a,W4321788752
edcaabc3ea6a,W4327568788
edcaabc3ea6a,W4360976941
edcaabc3ea6a,W4361249629
edcaabc3ea6a,W4376127614
edcaabc3ea6a,W4376149925
edcaabc3ea6a,W4376636957
edcaabc3ea6a,W4376875053
edcaabc3ea6a,W4377140238
edcaabc3ea6a,W4379010534
edcaabc3ea6a,W4380486983
edcaabc3ea6a,W4383908570
edcaabc3ea6a,W4384023911
edcaabc3ea6a,W4384131549
edcaabc3ea6a,W4384160924
edcaabc3ea6a,W4384161004
edcaabc3ea6a,W4384945004
edcaabc3ea6a,W4385067480
edcaabc3ea6a,W4386593134
edcaabc3ea6a,W4386944244
edcaabc3ea6a,W4387054754
edcaabc3ea6a,W4387401289
edcaabc3ea6a,W4387439719
edcaabc3ea6a,W4387655244
edcaabc3ea6a,W4387728695
edcaabc3ea6a,W4387847955
edcaabc3ea6a,W4388099553
edcaabc3ea6a,W4388573153
edcaabc3ea6a,W4388798956
edcaabc3ea6a,W4389078407
edcaabc3ea6a,W4389435255
edcaabc3ea6a,W4390671612
edcaabc3ea6a,W4390849934
edcaabc3ea6a,W4391067426
edcaabc3ea6a,W4391629219
edcaabc3ea6a,W4391880064
edcaabc3ea6a,W4394714357
edcaabc3ea6a,W4397292890
edcaabc3ea6a,W4397295351
edcaabc3ea6a,W4399202578
edcaabc3ea6a,W4399370173
edcaabc3ea6a,W4399607078
edcaabc3ea6a,W4400975430
edcaabc3ea6a,W4401746046
edcaabc3ea6a,W4402441701
edcaabc3ea6a,W4402783065
edcaabc3ea6a,W4403036292
edcaabc3ea6a,W4403241183
edcaabc3ea6a,W4403589374
edcaabc3ea6a,W4403819045
edcaabc3ea6a,W4403820134
edcaabc3ea6a,W4403878685
edcaabc3ea6a,W4404401475
edcaabc3ea6a,W4404670220
edcaabc3ea6a,W4404700721
edcaabc3ea6a,W4404773061
edcaabc3ea6a,W4405509489
edcaabc3ea6a,W4406282952
edcaabc3ea6a,W4406624703
edcaabc3ea6a,W4406905980
edcaabc3ea6a,W4406934579
edcaabc3ea6a,W4406972869
edcaabc3ea6a,W4407080476
edcaabc3ea6a,W4407431044
edcaabc3ea6a,W4407779358
edcaabc3ea6a,W4407873596
edcaabc3ea6a,W4408154769
edcaabc3ea6a,W4408174268
edcaabc3ea6a,W4408323395
edcaabc3ea6a,W4408737230
edcaabc3ea6a,W4408792109
edcaabc3ea6a,W4409039054
edcaabc3ea6a,W4409118999
edcaabc3ea6a,W4409185140
edcaabc3ea6a,W4409672125
edcaabc3ea6a,W4410003252
edcaabc3ea6a,W4410003322
edcaabc3ea6a,W4411645631
edcaabc3ea6a,W4411700626
edcaabc3ea6a,W4412134464
edcaabc3ea6a,W4412956402
edcaabc3ea6a,W4413273662
edcaabc3ea6a,W4414088592
edcaabc3ea6a,W4414140946
edcaabc3ea6a,W4414204247
edcaabc3ea6a,W4414307914
edcaabc3ea6a,W4414318434
edcaabc3ea6a,W4414318531
edcaabc3ea6a,W4414478557
edcaabc3ea6a,W4415404783
edcaabc3ea6a,W4415404786
edcaabc3ea6a,W4415407146
edcaabc3ea6a,W4415411035
edcaabc3ea6a,W4415416802
edcaabc3ea6a,W4415813487
edcaabc3ea6a,W4416143173
edcaabc3ea6a,W4417205862
edcaabc3ea6a,W571059198
edcaabc3ea6a,W583730053
edcaabc3ea6a,W602742346
edcaabc3ea6a,W626452888
edcaabc3ea6a,W628530403
edcaabc3ea6a,W7104836910
edcaabc3ea6a,W7128546758
edcaabc3ea6a,W7154993794
edcaabc3ea6a,W7155488400
edcaabc3ea6a,W7164373808
edcaabc3ea6a,W7164848677
edcaabc3ea6a,W747546987
edcaabc3ea6a,W818074251
edcaabc3ea6a,W87420746
ee9f0b880883,W120352991
ee9f0b880883,W145955612
ee9f0b880883,W1481318080
ee9f0b880883,W155893309
ee9f0b880883,W1593019356
ee9f0b880883,W1607162643
ee9f0b880883,W1873611654
ee9f0b880883,W199647676
ee9f0b880883,W2230997386
ee9f0b880883,W2295160405
ee9f0b880883,W24056436
ee9f0b880883,W2589476277
ee9f0b880883,W2761780573
ee9f0b880883,W2899087687
ee9f0b880883,W2900995399
ee9f0b880883,W29319581
ee9f0b880883,W2942446160
ee9f0b880883,W3009328085
ee9f0b880883,W3009649228
ee9f0b880883,W3020321533
ee9f0b880883,W3114048528
ee9f0b880883,W3144843390
ee9f0b880883,W3163984003
ee9f0b880883,W3165350979
ee9f0b880883,W3172392762
ee9f0b880883,W3187630655
ee9f0b880883,W3217726245
ee9f0b880883,W4226495880
ee9f0b880883,W4226504205
ee9f0b880883,W4229517110
ee9f0b880883,W4231965506
ee9f0b880883,W4237498510
ee9f0b880883,W4241517288
ee9f0b880883,W4281684275
ee9f0b880883,W4281846416
ee9f0b880883,W4283157114
ee9f0b880883,W4293105734
ee9f0b880883,W4297223429
ee9f0b880883,W4307683448
ee9f0b880883,W4320038879
ee9f0b880883,W4322707845
ee9f0b880883,W4376875053
ee9f0b880883,W4391294113
ee9f0b880883,W4391548211
ee9f0b880883,W4393256695
ee9f0b880883,W4394714357
ee9f0b880883,W4399370173
ee9f0b880883,W4402441701
ee9f0b880883,W4403256419
ee9f0b880883,W4406348232
ee9f0b880883,W4406905980
ee9f0b880883,W4406931649
ee9f0b880883,W4407075807
ee9f0b880883,W4407196455
ee9f0b880883,W4408323395
ee9f0b880883,W4408737230
ee9f0b880883,W4409185140
ee9f0b880883,W4410198150
ee9f0b880883,W4411731251
ee9f0b880883,W4415011325
ee9f0b880883,W4415966840
ee9f0b880883,W4416959060
ee9f0b880883,W4417409950
ee9f0b880883,W592643276
ee9f0b880883,W7147467370
ee9f0b880883,W7147646265
ee9f0b880883,W7154668908
ee9f0b880883,W7159748406
ee9f0b880883,W7159999188
ee9f0b880883,W7161219453
ee9f0b880883,W7161459897
ee9f0b880883,W7162657887
ee9f0b880883,W7163212887
ee9f0b880883,W7163791987
ee9f0b880883,W7163961967
ee9f0b880883,W7165741727
ee9f0b880883,W7171640776
ee9f0b880883,W7172238757
eeb5543e8769,W3022344659
eeb5543e8769,W3089097749
eeb5543e8769,W3205786819
eeb5543e8769,W3213898304
eeb5543e8769,W3215045163
eeb5543e8769,W4211206113
eeb5543e8769,W4213131350
eeb5543e8769,W4221001444
eeb5543e8769,W4224006230
eeb5543e8769,W4224018683
eeb5543e8769,W4224947628
eeb5543e8769,W4226159213
eeb5543e8769,W4226504205
eeb5543e8769,W4252556670
eeb5543e8769,W4281664448
eeb5543e8769,W4292866384
eeb5543e8769,W4307683448
eeb5543e8769,W4313535113
eeb5543e8769,W4319062942
eeb5543e8769,W4322707845
eeb5543e8769,W4376875053
eeb5543e8769,W4383908570
eeb5543e8769,W4386512068
eeb5543e8769,W4388598752
eeb5543e8769,W4389049590
eeb5543e8769,W4390071350
eeb5543e8769,W4393256695
eeb5543e8769,W4394714357
eeb5543e8769,W4399381075
eeb5543e8769,W4401493806
eeb5543e8769,W4402441701
eeb5543e8769,W4403191345
eeb5543e8769,W4404136150
eeb5543e8769,W4404156983
eeb5543e8769,W4405003268
eeb5543e8769,W4405003353
eeb5543e8769,W4408092802
eeb5543e8769,W4408095706
eeb5543e8769,W4409185140
eeb5543e8769,W4411373853
eeb5543e8769,W4413273662
eeb5543e8769,W4414495806
eeb5543e8769,W4415352671
eeb5543e8769,W4415416458
eeb5543e8769,W4415416634
eeb5543e8769,W4416182790
eeb5543e8769,W4416191113
eeb5543e8769,W4416196422
eeb5543e8769,W4416959060
eeb5543e8769,W7108227797
eeb5543e8769,W7123441126
eeb5543e8769,W7124922684
eeb5543e8769,W7125461256
eeb5543e8769,W7125512866
eeb5543e8769,W7133412269
eeb5543e8769,W7135082873
eeb5543e8769,W7135165268
eeb5543e8769,W7135201638
eeb5543e8769,W7136006692
eeb5543e8769,W7136862808
eeb5543e8769,W7139353982
eeb5543e8769,W7143267910
eeb5543e8769,W7147329468
eeb5543e8769,W7148194112
eeb5543e8769,W7153957694
eeb5543e8769,W7154474003
eeb5543e8769,W7155360444
eeb5543e8769,W7158308841
eeb5543e8769,W7160578946
eeb5543e8769,W7160744686
eeb5543e8769,W7160790279
eeb5543e8769,W7160983427
eeb5543e8769,W7162156476
eeb5543e8769,W7162657887
eeb5543e8769,W7162896052
eeb5543e8769,W7163164447
eeb5543e8769,W7163201641
eeb5543e8769,W7163212887
eeb5543e8769,W7163529532
eeb5543e8769,W7163576909
eeb5543e8769,W7163788998
eeb5543e8769,W7163959573
eeb5543e8769,W7164094892
eeb5543e8769,W7165427889
eeb5543e8769,W7165699791
eeb5543e8769,W7165701448
eeb5543e8769,W7167399944
eeb5543e8769,W7167447068
eeb5543e8769,W7167730267
eeb5543e8769,W7168001449
eeb5543e8769,W7171272304
eeb5543e8769,W7171640776
efa33ec397fd,W3023516238
efa33ec397fd,W3156238445
efa33ec397fd,W3163073003
efa33ec397fd,W3184559361
efa33ec397fd,W3207182139
efa33ec397fd,W4213131350
efa33ec397fd,W4226504205
efa33ec397fd,W4242680144
efa33ec397fd,W4282835629
efa33ec397fd,W4285827398
efa33ec397fd,W4296581819
efa33ec397fd,W4307135086
efa33ec397fd,W4308842280
efa33ec397fd,W4316086319
efa33ec397fd,W4316086652
efa33ec397fd,W4327649247
efa33ec397fd,W4376875053
efa33ec397fd,W4378676334
efa33ec397fd,W4384407022
efa33ec397fd,W4385240232
efa33ec397fd,W4385294665
efa33ec397fd,W4385317336
efa33ec397fd,W4385502172
efa33ec397fd,W4386093875
efa33ec397fd,W4393256695
efa33ec397fd,W4403218347
efa33ec397fd,W4403219486
efa33ec397fd,W4403280980
efa33ec397fd,W4407970548
efa33ec397fd,W4408076440
efa33ec397fd,W4408851563
efa33ec397fd,W4413547859
efa33ec397fd,W4413672462
efa33ec397fd,W4416987068
efa33ec397fd,W7128546758
efa33ec397fd,W7147077833
efa33ec397fd,W7148196972
efa33ec397fd,W7152555169
efa33ec397fd,W7154660019
f0fef66194a4,W1972621365
f0fef66194a4,W4206635244
f0fef66194a4,W4391718143
f0fef66194a4,W4392354040
f0fef66194a4,W4394464766
f0fef66194a4,W4398246660
f0fef66194a4,W4400105394
f0fef66194a4,W4400459668
f0fef66194a4,W4406174478
f0fef66194a4,W4409311043
f0fef66194a4,W4416193099
f12902645acd,W1481325888
f12902645acd,W1495318895
f12902645acd,W1572279796
f12902645acd,W1836871800
f12902645acd,W1971004553
f12902645acd,W1973108732
f12902645acd,W1987673761
f12902645acd,W1988258431
f12902645acd,W2010599366
f12902645acd,W2022737744
f12902645acd,W2028292118
f12902645acd,W2039568924
f12902645acd,W2044189063
f12902645acd,W2085532390
f12902645acd,W2097670441
f12902645acd,W2098739372
f12902645acd,W2109215240
f12902645acd,W2113589301
f12902645acd,W2120957304
f12902645acd,W2123333788
f12902645acd,W2126980515
f12902645acd,W2139319950
f12902645acd,W2139775411
f12902645acd,W21558187
f12902645acd,W2233306924
f12902645acd,W2318693048
f12902645acd,W2325313429
f12902645acd,W2340350154
f12902645acd,W2345400066
f12902645acd,W2405168354
f12902645acd,W2526387018
f12902645acd,W2553955480
f12902645acd,W2604540625
f12902645acd,W2607322134
f12902645acd,W2613209008
f12902645acd,W2613324745
f12902645acd,W2736273597
f12902645acd,W2741639618
f12902645acd,W2765091212
f12902645acd,W2781040740
f12902645acd,W2782360247
f12902645acd,W2803897479
f12902645acd,W2879802575
f12902645acd,W2891110192
f12902645acd,W2891686463
f12902645acd,W2909670371
f12902645acd,W2912651892
f12902645acd,W2915407524
f12902645acd,W2928512779
f12902645acd,W2943731024
f12902645acd,W2945690307
f12902645acd,W2966760684
f12902645acd,W2970352328
f12902645acd,W2996586050
f12902645acd,W3013372350
f12902645acd,W3022137094
f12902645acd,W3084413671
f12902645acd,W3108407374
f12902645acd,W3118712717
f12902645acd,W3124640219
f12902645acd,W3127245089
f12902645acd,W3128201162
f12902645acd,W3128875613
f12902645acd,W3129102611
f12902645acd,W3134417698
f12902645acd,W3135932181
f12902645acd,W3150651251
f12902645acd,W3160093844
f12902645acd,W3161542005
f12902645acd,W3200010381
f12902645acd,W3200051429
f12902645acd,W3200486133
f12902645acd,W3201001809
f12902645acd,W3207182139
f12902645acd,W4200314819
f12902645acd,W4206145898
f12902645acd,W4210984729
f12902645acd,W4211059046
f12902645acd,W4211155997
f12902645acd,W4220722130
f12902645acd,W4220923918
f12902645acd,W4226504205
f12902645acd,W4229586701
f12902645acd,W4230259932
f12902645acd,W4230758775
f12902645acd,W4234540756
f12902645acd,W4234729534
f12902645acd,W4238563816
f12902645acd,W4242545643
f12902645acd,W4242680144
f12902645acd,W4242901642
f12902645acd,W4244284080
f12902645acd,W4244876162
f12902645acd,W4247766379
f12902645acd,W4250111075
f12902645acd,W4250939300
f12902645acd,W4252755086
f12902645acd,W4253894175
f12902645acd,W4254172068
f12902645acd,W4254356701
f12902645acd,W4281707866
f12902645acd,W4282966074
f12902645acd,W4288574320
f12902645acd,W4298622222
f12902645acd,W4316193628
f12902645acd,W4361749192
f12902645acd,W4367181614
f12902645acd,W4376875053
f12902645acd,W4379145286
f12902645acd,W4385283513
f12902645acd,W4387103412
f12902645acd,W4388043863
f12902645acd,W4388137460
f12902645acd,W4391293626
f12902645acd,W4392663958
f12902645acd,W4392810791
f12902645acd,W4392817402
f12902645acd,W4393944098
f12902645acd,W4402932820
f12902645acd,W4403388582
f12902645acd,W4405171755
f12902645acd,W4406314527
f12902645acd,W4407627379
f12902645acd,W4413564964
f12902645acd,W4413704718
f12902645acd,W4415409427
f12902645acd,W4415477783
f12902645acd,W4417428429
f12902645acd,W7125926501
f12902645acd,W7152034698
f12902645acd,W7161030291
f12902645acd,W7167562282
f12902645acd,W7168063551
f12902645acd,W82744785
f12c5074be9a,W3207999653
f12c5074be9a,W4200600962
f12c5074be9a,W4300261384
f12c5074be9a,W4311956321
f12c5074be9a,W4312725644
f12c5074be9a,W4313429722
f12c5074be9a,W4323572446
f12c5074be9a,W4365807124
f12c5074be9a,W4367031903
f12c5074be9a,W4381663609
f12c5074be9a,W4382062499
f12c5074be9a,W4399370173
f12c5074be9a,W4402298851
f12c5074be9a,W4403063848
f12c5074be9a,W4403252934
f12c5074be9a,W4406348232
f12c5074be9a,W4406420188
f12c5074be9a,W4406905980
f12c5074be9a,W4406966995
f12c5074be9a,W4407196455
f12c5074be9a,W4407272768
f12c5074be9a,W4407700432
f12c5074be9a,W4408788233
f12c5074be9a,W4408810633
f12c5074be9a,W4410198150
f12c5074be9a,W4412601653
f12c5074be9a,W4414478557
f12c5074be9a,W4416241395
f12c5074be9a,W4417409950
f12c5074be9a,W7117559419
f12c5074be9a,W7159999188
f12c5074be9a,W7163879909
f12c5074be9a,W7163899553
f12c5074be9a,W7169522677
f12c5074be9a,W7169595665
f12c5074be9a,W7171168582
f12c5074be9a,W7196989058
f3b77452cf09,W138403582
f3b77452cf09,W2073535594
f3b77452cf09,W3135263231
f3b77452cf09,W3153087143
f3b77452cf09,W3166785163
f3b77452cf09,W3178509963
f3b77452cf09,W3180304372
f3b77452cf09,W4225435077
f3b77452cf09,W4240000172
f3b77452cf09,W4285300693
f3b77452cf09,W4312261899
f3b77452cf09,W4312277317
f3b77452cf09,W4312391473
f3b77452cf09,W4312609220
f3b77452cf09,W4312773830
f3b77452cf09,W4312982825
f3b77452cf09,W4362566415
f3b77452cf09,W4362584928
f3b77452cf09,W4365505697
f3b77452cf09,W4381550441
f3b77452cf09,W4385249117
f3b77452cf09,W4385386850
f3b77452cf09,W4386262456
f3b77452cf09,W4386265230
f3b77452cf09,W4386265358
f3b77452cf09,W4386265505
f3b77452cf09,W4386265892
f3b77452cf09,W4386266716
f3b77452cf09,W4386998675
f3b77452cf09,W4387199890
f3b77452cf09,W4388791942
f3b77452cf09,W4391713857
f3b77452cf09,W4392055912
f3b77452cf09,W4393987165
f3b77452cf09,W4401450221
f3b77452cf09,W4404725720
f3b77452cf09,W4404725730
f3b77452cf09,W4404726093
f3b77452cf09,W4404726154
f3b77452cf09,W4404726209
f3b77452cf09,W4404726272
f3b77452cf09,W4405679754
f3b77452cf09,W4408956232
f3b77452cf09,W4412953253
f3b77452cf09,W4413612650
f3b77452cf09,W4413612654
f3b77452cf09,W4413612656
f3b77452cf09,W4413612664
f3b77452cf09,W4413612685
f3b77452cf09,W4413613393
f3b77452cf09,W4413990660
f3b77452cf09,W7119253126
f3b77452cf09,W7119369184
f3b77452cf09,W7153188382
f3b77452cf09,W7171446933
f46b22a8e576,W1993657538
f46b22a8e576,W2028006304
f46b22a8e576,W2063705133
f46b22a8e576,W2075028146
f46b22a8e576,W2410754453
f46b22a8e576,W2418443159
f46b22a8e576,W2976529726
f46b22a8e576,W3007428978
f46b22a8e576,W3017787079
f46b22a8e576,W3025109728
f46b22a8e576,W3081482211
f46b22a8e576,W3081854105
f46b22a8e576,W3092789181
f46b22a8e576,W3107792019
f46b22a8e576,W3149980088
f46b22a8e576,W3161218677
f46b22a8e576,W3162937339
f46b22a8e576,W3172392762
f46b22a8e576,W3174029614
f46b22a8e576,W3187630655
f46b22a8e576,W3205704790
f46b22a8e576,W3206445110
f46b22a8e576,W4205698483
f46b22a8e576,W4210356659
f46b22a8e576,W4223932454
f46b22a8e576,W4224315195
f46b22a8e576,W4225690429
f46b22a8e576,W4226504205
f46b22a8e576,W4237498510
f46b22a8e576,W4241517288
f46b22a8e576,W4245781837
f46b22a8e576,W4280569125
f46b22a8e576,W4281684275
f46b22a8e576,W4281846416
f46b22a8e576,W4281969040
f46b22a8e576,W4286247879
f46b22a8e576,W4288736736
f46b22a8e576,W4292736962
f46b22a8e576,W4293105734
f46b22a8e576,W4294740753
f46b22a8e576,W4297223429
f46b22a8e576,W4311782613
f46b22a8e576,W4319041732
f46b22a8e576,W4319794021
f46b22a8e576,W4320038879
f46b22a8e576,W4321367799
f46b22a8e576,W4367602244
f46b22a8e576,W4376127614
f46b22a8e576,W4376875053
f46b22a8e576,W4378676334
f46b22a8e576,W4381800678
f46b22a8e576,W4383345473
f46b22a8e576,W4385240232
f46b22a8e576,W4386960084
f46b22a8e576,W4386987723
f46b22a8e576,W4387104650
f46b22a8e576,W4387965355
f46b22a8e576,W4389035584
f46b22a8e576,W4389244715
f46b22a8e576,W4389767507
f46b22a8e576,W4389817357
f46b22a8e576,W4390049304
f46b22a8e576,W4390615597
f46b22a8e576,W4390990725
f46b22a8e576,W4391629219
f46b22a8e576,W4391926480
f46b22a8e576,W4391979652
f46b22a8e576,W4392105301
f46b22a8e576,W4393063292
f46b22a8e576,W4394714357
f46b22a8e576,W4396520643
f46b22a8e576,W4397292890
f46b22a8e576,W4397295351
f46b22a8e576,W4399370173
f46b22a8e576,W4399882769
f46b22a8e576,W4400416909
f46b22a8e576,W4401036218
f46b22a8e576,W4401493806
f46b22a8e576,W4402441701
f46b22a8e576,W4403036292
f46b22a8e576,W4403063848
f46b22a8e576,W4403241183
f46b22a8e576,W4403693256
f46b22a8e576,W4403726607
f46b22a8e576,W4403751102
f46b22a8e576,W4403818143
f46b22a8e576,W4403945617
f46b22a8e576,W4404498174
f46b22a8e576,W4405003268
f46b22a8e576,W4405003353
f46b22a8e576,W4405058944
f46b22a8e576,W4405191004
f46b22a8e576,W4405509489
f46b22a8e576,W4405621506
f46b22a8e576,W4405808858
f46b22a8e576,W4406241098
f46b22a8e576,W4406348232
f46b22a8e576,W4406495959
f46b22a8e576,W4406905980
f46b22a8e576,W4407080476
f46b22a8e576,W4407196455
f46b22a8e576,W4407272768
f46b22a8e576,W4407513145
f46b22a8e576,W4407513173
f46b22a8e576,W4408095706
f46b22a8e576,W4408118592
f46b22a8e576,W4408161838
f46b22a8e576,W4408244005
f46b22a8e576,W4408323395
f46b22a8e576,W4408557985
f46b22a8e576,W4408649517
f46b22a8e576,W4408737230
f46b22a8e576,W4409185140
f46b22a8e576,W4409462890
f46b22a8e576,W4410019291
f46b22a8e576,W4410396169
f46b22a8e576,W4410420860
f46b22a8e576,W4411373853
f46b22a8e576,W4411793100
f46b22a8e576,W4411806064
f46b22a8e576,W4411870813
f46b22a8e576,W4411881942
f46b22a8e576,W4411937686
f46b22a8e576,W4412134464
f46b22a8e576,W4412394527
f46b22a8e576,W4412490229
f46b22a8e576,W4412601653
f46b22a8e576,W4412648683
f46b22a8e576,W4412821047
f46b22a8e576,W4413164795
f46b22a8e576,W4413273662
f46b22a8e576,W4413349553
f46b22a8e576,W4413439424
f46b22a8e576,W4414132255
f46b22a8e576,W4414260295
f46b22a8e576,W4414881851
f46b22a8e576,W4414915791
f46b22a8e576,W4415109280
f46b22a8e576,W4415165346
f46b22a8e576,W4415213847
f46b22a8e576,W4415247238
f46b22a8e576,W4415416458
f46b22a8e576,W4415416634
f46b22a8e576,W4415416802
f46b22a8e576,W4415749507
f46b22a8e576,W4415769483
f46b22a8e576,W4416103787
f46b22a8e576,W4416182790
f46b22a8e576,W4416252735
f46b22a8e576,W4416959060
f46b22a8e576,W4417279986
f46b22a8e576,W7155220560
f46b22a8e576,W7159748406
f46b22a8e576,W7159765451
f46b22a8e576,W7159999188
f46b22a8e576,W7160855783
f46b22a8e576,W7162027761
f46b22a8e576,W7162259204
f46b22a8e576,W7162440897
f46b22a8e576,W7163164447
f46b22a8e576,W7163529532
f46b22a8e576,W7163576909
f46b22a8e576,W7164808689
f46b22a8e576,W7167098411
f46b22a8e576,W7169692888
f46b22a8e576,W7172199724
f4e12b047c2e,W109061847
f4e12b047c2e,W1859960740
f4e12b047c2e,W2032788256
f4e12b047c2e,W2064909344
f4e12b047c2e,W2142409428
f4e12b047c2e,W2185540303
f4e12b047c2e,W2301464196
f4e12b047c2e,W2477729293
f4e12b047c2e,W2572205208
f4e12b047c2e,W2606892986
f4e12b047c2e,W2701570921
f4e12b047c2e,W2736796351
f4e12b047c2e,W2766896036
f4e12b047c2e,W2775567941
f4e12b047c2e,W2779061901
f4e12b047c2e,W2780048682
f4e12b047c2e,W2780122098
f4e12b047c2e,W2780749457
f4e12b047c2e,W2783148236
f4e12b047c2e,W2790780352
f4e12b047c2e,W2791583119
f4e12b047c2e,W2805138917
f4e12b047c2e,W2883042178
f4e12b047c2e,W2884290428
f4e12b047c2e,W2885095374
f4e12b047c2e,W2885493945
f4e12b047c2e,W2888383397
f4e12b047c2e,W2901810954
f4e12b047c2e,W2903500594
f4e12b047c2e,W2911690391
f4e12b047c2e,W2913477709
f4e12b047c2e,W2918343469
f4e12b047c2e,W2953628626
f4e12b047c2e,W2959177187
f4e12b047c2e,W2963351290
f4e12b047c2e,W2965581117
f4e12b047c2e,W2969295434
f4e12b047c2e,W2975850025
f4e12b047c2e,W2982005973
f4e12b047c2e,W2992656499
f4e12b047c2e,W2994601125
f4e12b047c2e,W3000934116
f4e12b047c2e,W3004204966
f4e12b047c2e,W3005884512
f4e12b047c2e,W3012878524
f4e12b047c2e,W3013108000
f4e12b047c2e,W3013516580
f4e12b047c2e,W3022851539
f4e12b047c2e,W3022939366
f4e12b047c2e,W3026902538
f4e12b047c2e,W3028176939
f4e12b047c2e,W3042511329
f4e12b047c2e,W3042986982
f4e12b047c2e,W3046000984
f4e12b047c2e,W3046617665
f4e12b047c2e,W3085815801
f4e12b047c2e,W3085944272
f4e12b047c2e,W3086033198
f4e12b047c2e,W3087689742
f4e12b047c2e,W3087983685
f4e12b047c2e,W3092777257
f4e12b047c2e,W3093117347
f4e12b047c2e,W3097742665
f4e12b047c2e,W3099877362
f4e12b047c2e,W3103344145
f4e12b047c2e,W3107507838
f4e12b047c2e,W3111010280
f4e12b047c2e,W3113385839
f4e12b047c2e,W3115562928
f4e12b047c2e,W3118114617
f4e12b047c2e,W3119877942
f4e12b047c2e,W3123246934
f4e12b047c2e,W3128621932
f4e12b047c2e,W3132937702
f4e12b047c2e,W3138016342
f4e12b047c2e,W3157001767
f4e12b047c2e,W3159433821
f4e12b047c2e,W3160195574
f4e12b047c2e,W3160245101
f4e12b047c2e,W3161218677
f4e12b047c2e,W3162640749
f4e12b047c2e,W3162959122
f4e12b047c2e,W3163314654
f4e12b047c2e,W3164834866
f4e12b047c2e,W3169471800
f4e12b047c2e,W3172392762
f4e12b047c2e,W3186049345
f4e12b047c2e,W3186295407
f4e12b047c2e,W3187630655
f4e12b047c2e,W3198223862
f4e12b047c2e,W3198909097
f4e12b047c2e,W3201683314
f4e12b047c2e,W3202541535
f4e12b047c2e,W3206353606
f4e12b047c2e,W3206833423
f4e12b047c2e,W3208442933
f4e12b047c2e,W3210605046
f4e12b047c2e,W3211922334
f4e12b047c2e,W3213628987
f4e12b047c2e,W3214048961
f4e12b047c2e,W3216869777
f4e12b047c2e,W4200012776
f4e12b047c2e,W4200260259
f4e12b047c2e,W4200486804
f4e12b047c2e,W4200600962
f4e12b047c2e,W4205323117
f4e12b047c2e,W4212933058
f4e12b047c2e,W4213131350
f4e12b047c2e,W4214693795
f4e12b047c2e,W4220977667
f4e12b047c2e,W4223932454
f4e12b047c2e,W4229561825
f4e12b047c2e,W4237498510
f4e12b047c2e,W4241517288
f4e12b047c2e,W4242588946
f4e12b047c2e,W4250241939
f4e12b047c2e,W4253082132
f4e12b047c2e,W4253504048
f4e12b047c2e,W4254954303
f4e12b047c2e,W4281684275
f4e12b047c2e,W4281846416
f4e12b047c2e,W4281969040
f4e12b047c2e,W4283454937
f4e12b047c2e,W4286870253
f4e12b047c2e,W4289536351
f4e12b047c2e,W4293105734
f4e12b047c2e,W4297223429
f4e12b047c2e,W4307983634
f4e12b047c2e,W4313423797
f4e12b047c2e,W4313464668
f4e12b047c2e,W4317614445
f4e12b047c2e,W4319041732
f4e12b047c2e,W4320038879
f4e12b047c2e,W4378070026
f4e12b047c2e,W4378532133
f4e12b047c2e,W4380853365
f4e12b047c2e,W4381431121
f4e12b047c2e,W4382312125
f4e12b047c2e,W4383908678
f4e12b047c2e,W4385062968
f4e12b047c2e,W4385355091
f4e12b047c2e,W4386944244
f4e12b047c2e,W4388431046
f4e12b047c2e,W4389086458
f4e12b047c2e,W4390824769
f4e12b047c2e,W4394714357
f4e12b047c2e,W4395683745
f4e12b047c2e,W4396957919
f4e12b047c2e,W4397013901
f4e12b047c2e,W4398140842
f4e12b047c2e,W4402441701
f4e12b047c2e,W4403819045
f4e12b047c2e,W4403945617
f4e12b047c2e,W4404590556
f4e12b047c2e,W4404644684
f4e12b047c2e,W4405112510
f4e12b047c2e,W4405239869
f4e12b047c2e,W4405631286
f4e12b047c2e,W4407122146
f4e12b047c2e,W4407393904
f4e12b047c2e,W4407700432
f4e12b047c2e,W4408323395
f4e12b047c2e,W4408737230
f4e12b047c2e,W4408788233
f4e12b047c2e,W4408810633
f4e12b047c2e,W4409094222
f4e12b047c2e,W4409110453
f4e12b047c2e,W4409123283
f4e12b047c2e,W4409123336
f4e12b047c2e,W4409185140
f4e12b047c2e,W4409912763
f4e12b047c2e,W4409969823
f4e12b047c2e,W4410017028
f4e12b047c2e,W4410021402
f4e12b047c2e,W4410138150
f4e12b047c2e,W4410173743
f4e12b047c2e,W4410530249
f4e12b047c2e,W4410563719
f4e12b047c2e,W4411307897
f4e12b047c2e,W4411307945
f4e12b047c2e,W4411589535
f4e12b047c2e,W4411853274
f4e12b047c2e,W4412105775
f4e12b047c2e,W4412109780
f4e12b047c2e,W4412128145
f4e12b047c2e,W4413771476
f4e12b047c2e,W4414329685
f4e12b047c2e,W4414368516
f4e12b047c2e,W4414478557
f4e12b047c2e,W4415630324
f4e12b047c2e,W4415699534
f4e12b047c2e,W4416959060
f4e12b047c2e,W4417327011
f4e12b047c2e,W4417416703
f4e12b047c2e,W7125177255
f4e12b047c2e,W7135201638
f4e12b047c2e,W7136862808
f4e12b047c2e,W7139353982
f4e12b047c2e,W7139982512
f4e12b047c2e,W7153957694
f4e12b047c2e,W7159999188
f4e12b047c2e,W7161828635
f4e12b047c2e,W7161834478
f4e12b047c2e,W7162760617
f4e12b047c2e,W7162804108
f4e12b047c2e,W7162896052
f4e12b047c2e,W7165040376
f4e12b047c2e,W7165131911
f4e12b047c2e,W7165642625
f4e12b047c2e,W7165661618
f4e12b047c2e,W7167385277
f4e12b047c2e,W7167393467
f4e12b047c2e,W7169678195
f4e12b047c2e,W7201958719
f4e12b047c2e,W7201975129
f4e12b047c2e,W7201988348
f50f4c9c1895,W2779769246
f50f4c9c1895,W2897828248
f50f4c9c1895,W4302425217
f50f4c9c1895,W4309236565
f50f4c9c1895,W4361008827
f50f4c9c1895,W4405676040
f50f4c9c1895,W4405676460
f50f4c9c1895,W4405719097
f50f4c9c1895,W4405745948
f50f4c9c1895,W4408095706
f50f4c9c1895,W4409380690
f50f4c9c1895,W4409470110
f50f4c9c1895,W4409576703
f50f4c9c1895,W4410591837
f50f4c9c1895,W4411219551
f50f4c9c1895,W4411373853
f50f4c9c1895,W4413134143
f50f4c9c1895,W4413158516
f50f4c9c1895,W4413273662
f50f4c9c1895,W4413305945
f50f4c9c1895,W4413470548
f50f4c9c1895,W4413475281
f50f4c9c1895,W4414032160
f50f4c9c1895,W7140224641
f50f4c9c1895,W7154344543
f50f4c9c1895,W7168147172
f532dc231ccd,W2295819028
f532dc231ccd,W2982171098
f532dc231ccd,W2982196261
f532dc231ccd,W3000168815
f532dc231ccd,W3000513806
f532dc231ccd,W3089372873
f532dc231ccd,W3110117729
f532dc231ccd,W3157831343
f532dc231ccd,W3157967570
f532dc231ccd,W4389610381
f532dc231ccd,W4402441701
f532dc231ccd,W7104836910
f58bdf9130de,W2240683760
f58bdf9130de,W3155579234
f58bdf9130de,W3163390631
f58bdf9130de,W3213776561
f58bdf9130de,W4200189726
f58bdf9130de,W4290805392
f58bdf9130de,W4291022074
f58bdf9130de,W4317876455
f58bdf9130de,W4399154006
f58bdf9130de,W4401829157
f58bdf9130de,W4405867200
f58bdf9130de,W4406369669
f58bdf9130de,W7167029450
f5df1a2e499a,W1491587092
f5df1a2e499a,W1566783439
f5df1a2e499a,W1718970040
f5df1a2e499a,W2030853860
f5df1a2e499a,W2046790844
f5df1a2e499a,W2090416328
f5df1a2e499a,W2092145803
f5df1a2e499a,W2225554738
f5df1a2e499a,W2261464978
f5df1a2e499a,W2276038668
f5df1a2e499a,W2284322457
f5df1a2e499a,W2288962432
f5df1a2e499a,W2337187120
f5df1a2e499a,W2338249217
f5df1a2e499a,W2355271395
f5df1a2e499a,W2512145255
f5df1a2e499a,W2622706539
f5df1a2e499a,W2740004458
f5df1a2e499a,W2907286232
f5df1a2e499a,W2908187733
f5df1a2e499a,W2913580656
f5df1a2e499a,W2952693425
f5df1a2e499a,W3025091227
f5df1a2e499a,W3083719283
f5df1a2e499a,W3107311437
f5df1a2e499a,W3120430060
f5df1a2e499a,W3171660866
f5df1a2e499a,W3208126656
f5df1a2e499a,W3208921942
f5df1a2e499a,W3211006610
f5df1a2e499a,W3217382591
f5df1a2e499a,W413733332
f5df1a2e499a,W4226504205
f5df1a2e499a,W4286633215
f5df1a2e499a,W4296835521
f5df1a2e499a,W4310500574
f5df1a2e499a,W4323306674
f5df1a2e499a,W4323357695
f5df1a2e499a,W4327573633
f5df1a2e499a,W4376875053
f5df1a2e499a,W4380490641
f5df1a2e499a,W4381547364
f5df1a2e499a,W4386967546
f5df1a2e499a,W4387195750
f5df1a2e499a,W4389625268
f5df1a2e499a,W4390681603
f5df1a2e499a,W4393054119
f5df1a2e499a,W4393587040
f5df1a2e499a,W4393786311
f5df1a2e499a,W4394056184
f5df1a2e499a,W4394096189
f5df1a2e499a,W4394209745
f5df1a2e499a,W4394216184
f5df1a2e499a,W4394250471
f5df1a2e499a,W4394363984
f5df1a2e499a,W4394378739
f5df1a2e499a,W4394390048
f5df1a2e499a,W4394447068
f5df1a2e499a,W4394454758
f5df1a2e499a,W4394456521
f5df1a2e499a,W4394499098
f5df1a2e499a,W4394514008
f5df1a2e499a,W4402762609
f5df1a2e499a,W4407634541
f5df1a2e499a,W4408499468
f5df1a2e499a,W4414241261
f5df1a2e499a,W4415693964
f5df1a2e499a,W4417237589
f5df1a2e499a,W7118793482
f5df1a2e499a,W7140595706
f5df1a2e499a,W7154668908
f5df1a2e499a,W7161219453
f5df1a2e499a,W7164686217
f6669138c54f,W2739329279
f6669138c54f,W2785317063
f6669138c54f,W2787415403
f6669138c54f,W2792118914
f6669138c54f,W2794397907
f6669138c54f,W2805618072
f6669138c54f,W2904737224
f6669138c54f,W2966627732
f6669138c54f,W2979511151
f6669138c54f,W2980234435
f6669138c54f,W2994762398
f6669138c54f,W2997476692
f6669138c54f,W3022219143
f6669138c54f,W3047558830
f6669138c54f,W3108506794
f6669138c54f,W3131604195
f6669138c54f,W3145748040
f6669138c54f,W3161299466
f6669138c54f,W3213898304
f6669138c54f,W4200340252
f6669138c54f,W4206251518
f6669138c54f,W4206998325
f6669138c54f,W4213425409
f6669138c54f,W4220957571
f6669138c54f,W4226504205
f6669138c54f,W4236146753
f6669138c54f,W4240801905
f6669138c54f,W4281793706
f6669138c54f,W4286007869
f6669138c54f,W4299293508
f6669138c54f,W4299301444
f6669138c54f,W4304165898
f6669138c54f,W4306948179
f6669138c54f,W4316193630
f6669138c54f,W4316193794
f6669138c54f,W4321366700
f6669138c54f,W4353034382
f6669138c54f,W4361204817
f6669138c54f,W4376640903
f6669138c54f,W4376875053
f6669138c54f,W4377013291
f6669138c54f,W4378716213
f6669138c54f,W4378875505
f6669138c54f,W4383302660
f6669138c54f,W4385310366
f6669138c54f,W4385620698
f6669138c54f,W4385741659
f6669138c54f,W4385891959
f6669138c54f,W4386790398
f6669138c54f,W4388044907
f6669138c54f,W4388414375
f6669138c54f,W4390071350
f6669138c54f,W4391226633
f6669138c54f,W4398133605
f6669138c54f,W4398145782
f6669138c54f,W4399970265
f6669138c54f,W4401431574
f6669138c54f,W4401433358
f6669138c54f,W4402329933
f6669138c54f,W4403120242
f6669138c54f,W4403284972
f6669138c54f,W4404165660
f6669138c54f,W4404165713
f6669138c54f,W4406940275
f6669138c54f,W4407421336
f6669138c54f,W4407825389
f6669138c54f,W4408293701
f6669138c54f,W4408510802
f6669138c54f,W4410991549
f6669138c54f,W4411188132
f6669138c54f,W4413162739
f6669138c54f,W4413255154
f6669138c54f,W4415043736
f6669138c54f,W7106015606
f6669138c54f,W7115599622
f6669138c54f,W7117560957
f6669138c54f,W7125606836
f6669138c54f,W7130662360
f6669138c54f,W7131339417
f6669138c54f,W7138943884
f6669138c54f,W7140066516
f6669138c54f,W7167045258
f6669138c54f,W7167354886
f6669138c54f,W7167817736
f8d16b130ad4,W7154888104
f8d16b130ad4,W7158994123
f8d16b130ad4,W7166661572
f8d16b130ad4,W7172096717
f8d16b130ad4,W7172539903
f943a977e696,W2039282665
f943a977e696,W2062036979
f943a977e696,W2148812046
f943a977e696,W2166212896
f943a977e696,W2256954155
f943a977e696,W2262292416
f943a977e696,W2290102879
f943a977e696,W2298776304
f943a977e696,W2592684762
f943a977e696,W2749731983
f943a977e696,W2770209851
f943a977e696,W2950405462
f943a977e696,W2956400004
f943a977e696,W2962751803
f943a977e696,W2967577699
f943a977e696,W2992871900
f943a977e696,W3007696735
f943a977e696,W3023033059
f943a977e696,W3040941348
f943a977e696,W3041687743
f943a977e696,W3041991752
f943a977e696,W3107408285
f943a977e696,W3108561421
f943a977e696,W3109084069
f943a977e696,W3110851015
f943a977e696,W3112151714
f943a977e696,W3112473284
f943a977e696,W3115753706
f943a977e696,W3129446971
f943a977e696,W3134785042
f943a977e696,W3138060117
f943a977e696,W3141748975
f943a977e696,W3156913471
f943a977e696,W3157104003
f943a977e696,W3157644051
f943a977e696,W3158366856
f943a977e696,W3162443809
f943a977e696,W3165873382
f943a977e696,W3176973587
f943a977e696,W3189177032
f943a977e696,W3194738695
f943a977e696,W3195698381
f943a977e696,W3199412888
f943a977e696,W3201774768
f943a977e696,W3208397276
f943a977e696,W3209238345
f943a977e696,W3209668608
f943a977e696,W4200206589
f943a977e696,W4205449703
f943a977e696,W4213050437
f943a977e696,W4213131350
f943a977e696,W4230871078
f943a977e696,W4232353544
f943a977e696,W4240910438
f943a977e696,W4244400001
f943a977e696,W4247169541
f943a977e696,W4255304500
f943a977e696,W4256470726
f943a977e696,W4285008158
f943a977e696,W4286008614
f943a977e696,W4295454558
f943a977e696,W4310622524
f943a977e696,W4310695842
f943a977e696,W4310841667
f943a977e696,W4313500440
f943a977e696,W4315926463
f943a977e696,W4316144038
f943a977e696,W4376471103
f943a977e696,W4379145209
f943a977e696,W4380086702
f943a977e696,W4385062827
f943a977e696,W4385179719
f943a977e696,W4385292732
f943a977e696,W4385404426
f943a977e696,W4389949102
f943a977e696,W4391700337
f943a977e696,W4392129955
f943a977e696,W4401809937
f943a977e696,W4402885319
f943a977e696,W4402885566
f943a977e696,W4402885980
f943a977e696,W4403796510
f943a977e696,W4405835261
f943a977e696,W4406617993
f943a977e696,W4406633044
f943a977e696,W4407100150
f943a977e696,W4407218780
f943a977e696,W4407218787
f943a977e696,W4407219713
f943a977e696,W4407585133
f943a977e696,W4407683185
f943a977e696,W4407832541
f943a977e696,W4408095706
f943a977e696,W4409408377
f943a977e696,W4410082922
f943a977e696,W4410353427
f943a977e696,W4410354063
f943a977e696,W4410357540
f943a977e696,W4411373853
f943a977e696,W4412366430
f943a977e696,W4412366431
f943a977e696,W4412567308
f943a977e696,W4412601653
f943a977e696,W4413059288
f943a977e696,W4413273662
f943a977e696,W4413738353
f943a977e696,W4413819170
f943a977e696,W4413824880
f943a977e696,W4414275560
f943a977e696,W4415383471
f943a977e696,W4415416458
f943a977e696,W4415416634
f943a977e696,W804713299
f99ae0bf7126,W124969979
f99ae0bf7126,W1422061059
f99ae0bf7126,W1761770346
f99ae0bf7126,W1876954730
f99ae0bf7126,W1898935988
f99ae0bf7126,W1938806346
f99ae0bf7126,W1972275094
f99ae0bf7126,W1974336480
f99ae0bf7126,W1980869750
f99ae0bf7126,W1990850878
f99ae0bf7126,W2011194845
f99ae0bf7126,W2022208886
f99ae0bf7126,W2022436371
f99ae0bf7126,W2027412453
f99ae0bf7126,W2033108913
f99ae0bf7126,W2071904004
f99ae0bf7126,W2091972428
f99ae0bf7126,W2118114014
f99ae0bf7126,W2136168832
f99ae0bf7126,W2313513082
f99ae0bf7126,W2318412301
f99ae0bf7126,W2338084516
f99ae0bf7126,W2408139027
f99ae0bf7126,W2442432554
f99ae0bf7126,W2568212120
f99ae0bf7126,W2580407290
f99ae0bf7126,W2582702561
f99ae0bf7126,W2583465889
f99ae0bf7126,W2619416591
f99ae0bf7126,W2740002650
f99ae0bf7126,W2754343386
f99ae0bf7126,W2783057118
f99ae0bf7126,W2889021470
f99ae0bf7126,W2889063515
f99ae0bf7126,W2913316054
f99ae0bf7126,W2952320053
f99ae0bf7126,W2959212176
f99ae0bf7126,W2979033687
f99ae0bf7126,W2989996795
f99ae0bf7126,W3017104153
f99ae0bf7126,W3021379228
f99ae0bf7126,W3087334432
f99ae0bf7126,W3087512279
f99ae0bf7126,W3087557880
f99ae0bf7126,W3092374410
f99ae0bf7126,W3118885604
f99ae0bf7126,W3154953211
f99ae0bf7126,W3201236879
f99ae0bf7126,W3207098614
f99ae0bf7126,W3207988806
f99ae0bf7126,W3208202615
f99ae0bf7126,W3208229806
f99ae0bf7126,W3208274454
f99ae0bf7126,W3208405084
f99ae0bf7126,W3208420253
f99ae0bf7126,W3208444473
f99ae0bf7126,W3208651057
f99ae0bf7126,W3208811232
f99ae0bf7126,W3208923112
f99ae0bf7126,W3209069516
f99ae0bf7126,W3209122152
f99ae0bf7126,W3209123324
f99ae0bf7126,W3209396632
f99ae0bf7126,W3209402740
f99ae0bf7126,W3209577662
f99ae0bf7126,W3209709800
f99ae0bf7126,W3209921655
f99ae0bf7126,W3210019193
f99ae0bf7126,W3210156569
f99ae0bf7126,W3210333634
f99ae0bf7126,W3210344321
f99ae0bf7126,W3210344837
f99ae0bf7126,W3210367333
f99ae0bf7126,W3210722805
f99ae0bf7126,W3210907944
f99ae0bf7126,W3210972341
f99ae0bf7126,W3210977602
f99ae0bf7126,W3211021212
f99ae0bf7126,W3211145508
f99ae0bf7126,W3211226263
f99ae0bf7126,W3211275416
f99ae0bf7126,W3211832765
f99ae0bf7126,W3213961483
f99ae0bf7126,W3214743025
f99ae0bf7126,W3216981252
f99ae0bf7126,W3217465981
f99ae0bf7126,W3217679093
f99ae0bf7126,W4220656978
f99ae0bf7126,W4220946609
f99ae0bf7126,W4224092845
f99ae0bf7126,W4225964825
f99ae0bf7126,W4255205296
f99ae0bf7126,W4280541710
f99ae0bf7126,W4285069857
f99ae0bf7126,W4286963800
f99ae0bf7126,W4287664814
f99ae0bf7126,W4308717905
f99ae0bf7126,W4308840353
f99ae0bf7126,W4323556898
f99ae0bf7126,W4380986332
f99ae0bf7126,W4385191596
f99ae0bf7126,W4386168853
f99ae0bf7126,W4389002025
f99ae0bf7126,W4390481785
f99ae0bf7126,W4393107115
f99ae0bf7126,W4393420937
f99ae0bf7126,W4393426825
f99ae0bf7126,W4393475045
f99ae0bf7126,W4393514220
f99ae0bf7126,W4393535922
f99ae0bf7126,W4393540347
f99ae0bf7126,W4393550855
f99ae0bf7126,W4393550878
f99ae0bf7126,W4393634348
f99ae0bf7126,W4393729882
f99ae0bf7126,W4393772090
f99ae0bf7126,W4393829338
f99ae0bf7126,W4393832293
f99ae0bf7126,W4393834204
f99ae0bf7126,W4393840828
f99ae0bf7126,W4393843835
f99ae0bf7126,W4394046166
f99ae0bf7126,W4394995263
f99ae0bf7126,W4396664743
f99ae0bf7126,W4399884325
f99ae0bf7126,W4404905666
f99ae0bf7126,W4406138426
f99ae0bf7126,W4407219436
f99ae0bf7126,W4408095706
f99ae0bf7126,W4408158828
f99ae0bf7126,W4411373853
f99ae0bf7126,W4413273662
f99ae0bf7126,W4413908256
f99ae0bf7126,W4413944491
f99ae0bf7126,W4414998673
f99ae0bf7126,W4415249823
f99ae0bf7126,W4415416458
f99ae0bf7126,W4415416634
f99ae0bf7126,W4416716521
f99ae0bf7126,W4417334861
f99ae0bf7126,W7104251308
f99ae0bf7126,W7104260028
f99ae0bf7126,W7104290534
f99ae0bf7126,W7104453966
f99ae0bf7126,W7104467646
f99ae0bf7126,W7104471343
f99ae0bf7126,W7105810933
f99ae0bf7126,W7106101741
f99ae0bf7126,W7106127432
f99ae0bf7126,W7106131552
f99ae0bf7126,W7108442522
f99ae0bf7126,W7108458349
f99ae0bf7126,W7108472965
f99ae0bf7126,W7114790060
f99ae0bf7126,W7115890547
f99ae0bf7126,W7127211504
f99ae0bf7126,W7127617199
f99ae0bf7126,W7148210169
f99ae0bf7126,W7162200568
f99ae0bf7126,W7162214345
f99ae0bf7126,W7164744947
f99ae0bf7126,W7164747095
f99ae0bf7126,W7165137259
f99ae0bf7126,W7165165862
f99ae0bf7126,W7165612196
f99ae0bf7126,W7166458953
f99ae0bf7126,W7166477548
f9af2e0ff68c,W3210231075
f9af2e0ff68c,W3216563810
f9af2e0ff68c,W4206336322
f9af2e0ff68c,W4206742223
f9af2e0ff68c,W4220736390
f9af2e0ff68c,W4303968628
f9af2e0ff68c,W4303968651
f9af2e0ff68c,W4306408571
f9af2e0ff68c,W4323058732
f9af2e0ff68c,W4375847465
f9af2e0ff68c,W4390836995
f9af2e0ff68c,W4390963505
f9af2e0ff68c,W4391281317
f9af2e0ff68c,W4391662020
f9af2e0ff68c,W4392098824
f9af2e0ff68c,W4392280553
f9af2e0ff68c,W4392562421
f9af2e0ff68c,W4393489259
f9af2e0ff68c,W4393595256
f9af2e0ff68c,W4399200196
f9af2e0ff68c,W4400390018
f9af2e0ff68c,W4403596957
f9af2e0ff68c,W4404815557
f9af2e0ff68c,W4404933029
f9af2e0ff68c,W4405352031
f9af2e0ff68c,W4406607046
f9af2e0ff68c,W4406849334
f9af2e0ff68c,W4407070632
f9af2e0ff68c,W4414068312
f9af2e0ff68c,W4416307527
f9af2e0ff68c,W7104830809
f9af2e0ff68c,W7104840035
f9af2e0ff68c,W7104877422
f9af2e0ff68c,W7105062849
f9af2e0ff68c,W7105521041
f9af2e0ff68c,W7105891107
f9af2e0ff68c,W7134975921
f9af2e0ff68c,W7162461391
f9af2e0ff68c,W7171788234
faefcddc46fe,W7108463952
fb464a00d927,W3173571493
fb464a00d927,W3176921412
fb464a00d927,W4221155680
fb464a00d927,W4226198074
fb464a00d927,W4280503433
fb464a00d927,W4283217753
fb464a00d927,W4296547121
fb464a00d927,W4310493742
fb464a00d927,W4327994889
fb464a00d927,W4376634222
fb464a00d927,W4376635539
fb464a00d927,W4376654377
fb464a00d927,W4403356800
fb464a00d927,W4417195036
fb464a00d927,W7108710174
fb5855dc799b,W107960914
fb5855dc799b,W11736658
fb5855dc799b,W123160037
fb5855dc799b,W142689524
fb5855dc799b,W1519712702
fb5855dc799b,W1544895658
fb5855dc799b,W1556062436
fb5855dc799b,W1686026940
fb5855dc799b,W2009674570
fb5855dc799b,W2017255544
fb5855dc799b,W2029726554
fb5855dc799b,W2050390079
fb5855dc799b,W2053486405
fb5855dc799b,W2057792878
fb5855dc799b,W2058807406
fb5855dc799b,W2061758131
fb5855dc799b,W2101799579
fb5855dc799b,W2131783938
fb5855dc799b,W2132227091
fb5855dc799b,W2139750099
fb5855dc799b,W2174801868
fb5855dc799b,W2229155738
fb5855dc799b,W2339801197
fb5855dc799b,W2342266190
fb5855dc799b,W2396583983
fb5855dc799b,W2402404077
fb5855dc799b,W2403787935
fb5855dc799b,W2476629298
fb5855dc799b,W2479002739
fb5855dc799b,W2480089236
fb5855dc799b,W2480190301
fb5855dc799b,W2481243028
fb5855dc799b,W2481902079
fb5855dc799b,W2483651563
fb5855dc799b,W2485258829
fb5855dc799b,W2487577019
fb5855dc799b,W2487581971
fb5855dc799b,W2490244763
fb5855dc799b,W2490920354
fb5855dc799b,W2491456760
fb5855dc799b,W2492264790
fb5855dc799b,W2492765210
fb5855dc799b,W2495572703
fb5855dc799b,W2496733778
fb5855dc799b,W249679123
fb5855dc799b,W2497460322
fb5855dc799b,W2499059333
fb5855dc799b,W2499158881
fb5855dc799b,W2500652687
fb5855dc799b,W2501982834
fb5855dc799b,W2502045842
fb5855dc799b,W2503817525
fb5855dc799b,W2503961018
fb5855dc799b,W2505618886
fb5855dc799b,W2506889592
fb5855dc799b,W2522960765
fb5855dc799b,W2548029932
fb5855dc799b,W2551061232
fb5855dc799b,W2563345533
fb5855dc799b,W2602259005
fb5855dc799b,W2621626297
fb5855dc799b,W2735180484
fb5855dc799b,W2741824520
fb5855dc799b,W2765414385
fb5855dc799b,W2787900018
fb5855dc799b,W2806456817
fb5855dc799b,W2912433576
fb5855dc799b,W2912995325
fb5855dc799b,W2913259555
fb5855dc799b,W2914959872
fb5855dc799b,W2991348134
fb5855dc799b,W302420219
fb5855dc799b,W3068033645
fb5855dc799b,W3096134851
fb5855dc799b,W312799468
fb5855dc799b,W3131153216
fb5855dc799b,W3134682812
fb5855dc799b,W3134849758
fb5855dc799b,W3137991753
fb5855dc799b,W3162136412
fb5855dc799b,W3177964717
fb5855dc799b,W38689263
fb5855dc799b,W393702229
fb5855dc799b,W4210946912
fb5855dc799b,W4213438980
fb5855dc799b,W4224237352
fb5855dc799b,W4231807487
fb5855dc799b,W4234679026
fb5855dc799b,W4239933114
fb5855dc799b,W4241216537
fb5855dc799b,W4241290320
fb5855dc799b,W4245451936
fb5855dc799b,W4250348637
fb5855dc799b,W4252032578
fb5855dc799b,W4255642705
fb5855dc799b,W4297492452
fb5855dc799b,W4298918095
fb5855dc799b,W4312393276
fb5855dc799b,W4385250694
fb5855dc799b,W4389994096
fb5855dc799b,W4390911412
fb5855dc799b,W4392559848
fb5855dc799b,W4392745123
fb5855dc799b,W4401129335
fb5855dc799b,W4401551612
fb5855dc799b,W4404330553
fb5855dc799b,W4407615210
fb5855dc799b,W4407717194
fb5855dc799b,W4408605452
fb5855dc799b,W4410460931
fb5855dc799b,W49362684
fb5855dc799b,W53669152
fb5855dc799b,W584845895
fb5855dc799b,W604979364
fb5855dc799b,W649862907
fb5855dc799b,W7119440219
fb5855dc799b,W7123364239
fb5855dc799b,W7128354624
fb5855dc799b,W7128360648
fb5855dc799b,W7128377484
fb5855dc799b,W7155073458
fb5855dc799b,W7155527230
fba0c6a11f4e,W2884375359
fba0c6a11f4e,W3009686572
fba0c6a11f4e,W3043224858
fba0c6a11f4e,W3087131002
fba0c6a11f4e,W3094387332
fba0c6a11f4e,W3106894939
fba0c6a11f4e,W3108149642
fba0c6a11f4e,W3118582984
fba0c6a11f4e,W3120850043
fba0c6a11f4e,W3123454149
fba0c6a11f4e,W3138692432
fba0c6a11f4e,W3183745172
fba0c6a11f4e,W3185362172
fba0c6a11f4e,W4200162133
fba0c6a11f4e,W4220943512
fba0c6a11f4e,W4225160137
fba0c6a11f4e,W4226504205
fba0c6a11f4e,W4237104164
fba0c6a11f4e,W4238103364
fba0c6a11f4e,W4256485122
fba0c6a11f4e,W4281295484
fba0c6a11f4e,W4285387515
fba0c6a11f4e,W4367298976
fba0c6a11f4e,W4376140864
fba0c6a11f4e,W4376875053
fba0c6a11f4e,W4377140238
fba0c6a11f4e,W4378652799
fba0c6a11f4e,W4378676334
fba0c6a11f4e,W4379144152
fba0c6a11f4e,W4380446046
fba0c6a11f4e,W4380486983
fba0c6a11f4e,W4382448107
fba0c6a11f4e,W4384470430
fba0c6a11f4e,W4385240232
fba0c6a11f4e,W4391880064
fba0c6a11f4e,W4396653081
fba0c6a11f4e,W4400720962
fba0c6a11f4e,W4402856633
fba0c6a11f4e,W4403303889
fba0c6a11f4e,W4404670220
fba0c6a11f4e,W4406182069
fba0c6a11f4e,W4409361260
fba0c6a11f4e,W4410352718
fba0c6a11f4e,W4416612028
fba0c6a11f4e,W4416640169
fba0c6a11f4e,W4416640744
fba0c6a11f4e,W4416654156
fba0c6a11f4e,W7106287671
fba0c6a11f4e,W7106676252
fba0c6a11f4e,W7106713164
fba0c6a11f4e,W7124769113
fba0c6a11f4e,W7128546758
fba0c6a11f4e,W7128799554
fba0c6a11f4e,W7147077833
fba0c6a11f4e,W7148196972
fba0c6a11f4e,W7154660019
fba0c6a11f4e,W7160270672
fba0c6a11f4e,W7160297710
fba0c6a11f4e,W7165052172
fba0c6a11f4e,W7165476970
fba0c6a11f4e,W7165484373
fba0c6a11f4e,W7167353390
fba0c6a11f4e,W7167506034
fba0c6a11f4e,W7167893276
fba0c6a11f4e,W7168079077
fba0c6a11f4e,W7168081379
fba0c6a11f4e,W7168081811
fba0c6a11f4e,W7168081891
fba0c6a11f4e,W7168082337
fba0c6a11f4e,W7168082569
fba0c6a11f4e,W7168082835
fba0c6a11f4e,W7168082953
fba0c6a11f4e,W7168083477
fba0c6a11f4e,W7168083756
fba0c6a11f4e,W7168085083
fba0c6a11f4e,W7168086735
fba0c6a11f4e,W7168086791
fba0c6a11f4e,W7168087370
fba0c6a11f4e,W7168088497
fba0c6a11f4e,W7168090602
fba0c6a11f4e,W7168090925
fba0c6a11f4e,W7168091115
fba0c6a11f4e,W7168091193
fba0c6a11f4e,W7168093399
fba0c6a11f4e,W7168094169
fba0c6a11f4e,W7168094866
fba0c6a11f4e,W7168095458
fba0c6a11f4e,W7168097108
fba0c6a11f4e,W7168099632
fba0c6a11f4e,W7168100290
fba0c6a11f4e,W7168102613
fba0c6a11f4e,W7168102982
fba0c6a11f4e,W7168103141
fba0c6a11f4e,W7168105219
fba0c6a11f4e,W7168105715
fba0c6a11f4e,W7171960201
fba0c6a11f4e,W7172005129
fba0c6a11f4e,W7172011914
fba0c6a11f4e,W7172238856
fba0c6a11f4e,W7172378863
fba0c6a11f4e,W7172458566
fc8c5796816c,W2565576890
fc8c5796816c,W2616358185
fc8c5796816c,W2796041749
fc8c5796816c,W2801734143
fc8c5796816c,W2890806933
fc8c5796816c,W2963354592
fc8c5796816c,W2969494135
fc8c5796816c,W2984404180
fc8c5796816c,W3034570110
fc8c5796816c,W3080261581
fc8c5796816c,W3080962890
fc8c5796816c,W3087178476
fc8c5796816c,W3103828070
fc8c5796816c,W3119879063
fc8c5796816c,W3122042491
fc8c5796816c,W3159183982
fc8c5796816c,W3172452966
fc8c5796816c,W3194089924
fc8c5796816c,W3197349882
fc8c5796816c,W3197990600
fc8c5796816c,W3213962868
fc8c5796816c,W4221137353
fc8c5796816c,W4229021701
fc8c5796816c,W4231292775
fc8c5796816c,W4238394499
fc8c5796816c,W4241304260
fc8c5796816c,W4246279241
fc8c5796816c,W4248648819
fc8c5796816c,W4280547890
fc8c5796816c,W4281678736
fc8c5796816c,W4283014749
fc8c5796816c,W4321168228
fc8c5796816c,W4379740851
fc8c5796816c,W4384205795
fc8c5796816c,W4388139137
fc8c5796816c,W4391528274
fc8c5796816c,W4396530768
fc8c5796816c,W4399116831
fc8c5796816c,W4402512990
fc8c5796816c,W4402921988
fc8c5796816c,W4404554459
fc8c5796816c,W4409577142
fc8c5796816c,W4410349210
fc8c5796816c,W4412712276
fc8c5796816c,W4412862664
fc8c5796816c,W4413208288
fc8c5796816c,W4413454010
fc8c5796816c,W4414833408
fc8c5796816c,W4416959060
fc8c5796816c,W4417071516
fc8c5796816c,W7135201638
fc8c5796816c,W7136862808
fc8c5796816c,W7139353982
fc8c5796816c,W7147699213
fc8c5796816c,W7153957694
fc8c5796816c,W7162896052
fc8c5796816c,W7163125638
fc8c5796816c,W7167309092
fc8c5796816c,W7167765950
fc8c5796816c,W7168005293
fd36642b771e,W1433761646
fd36642b771e,W2737117186
fd36642b771e,W2776813110
fd36642b771e,W2777571247
fd36642b771e,W2787692462
fd36642b771e,W2793935141
fd36642b771e,W2900242837
fd36642b771e,W2952097103
fd36642b771e,W2985237222
fd36642b771e,W3043377070
fd36642b771e,W3083410795
fd36642b771e,W3089031930
fd36642b771e,W3160338537
fd36642b771e,W3160929214
fd36642b771e,W3165030302
fd36642b771e,W4226504205
fd36642b771e,W4251604732
fd36642b771e,W4285585316
fd36642b771e,W4376875053
fd36642b771e,W4402842979
fd36642b771e,W4406430772
fd36642b771e,W4410233163
fd36642b771e,W4413330362
fd36642b771e,W4415684683
fd36642b771e,W4416556705
fd36642b771e,W7154905957
fd36642b771e,W7167294312
fd36642b771e,W7167479203
fd486698fe09,W1591019646
fd486698fe09,W1868639216
fd486698fe09,W1959319989
fd486698fe09,W1964352676
fd486698fe09,W1999566851
fd486698fe09,W2009326189
fd486698fe09,W2022180595
fd486698fe09,W2094574671
fd486698fe09,W2104495305
fd486698fe09,W2130217659
fd486698fe09,W2148025026
fd486698fe09,W2567674302
fd486698fe09,W2742297680
fd486698fe09,W2783388995
fd486698fe09,W2786270282
fd486698fe09,W2884427178
fd486698fe09,W2887300548
fd486698fe09,W2900995399
fd486698fe09,W2943550265
fd486698fe09,W2945232210
fd486698fe09,W2962606735
fd486698fe09,W2997827962
fd486698fe09,W3005676841
fd486698fe09,W3020321533
fd486698fe09,W3022939366
fd486698fe09,W3027227343
fd486698fe09,W3080491927
fd486698fe09,W3092693500
fd486698fe09,W3123246934
fd486698fe09,W3137879165
fd486698fe09,W3155817044
fd486698fe09,W3168589281
fd486698fe09,W3176812359
fd486698fe09,W3198756111
fd486698fe09,W3199491412
fd486698fe09,W3206078697
fd486698fe09,W3215045163
fd486698fe09,W3216802017
fd486698fe09,W3217726245
fd486698fe09,W4205691881
fd486698fe09,W4206956321
fd486698fe09,W4213131350
fd486698fe09,W42182324
fd486698fe09,W4224006230
fd486698fe09,W4226072503
fd486698fe09,W4226159213
fd486698fe09,W4248339158
fd486698fe09,W4248756648
fd486698fe09,W4252556670
fd486698fe09,W4307638658
fd486698fe09,W4320301452
fd486698fe09,W4321361940
fd486698fe09,W4378172190
fd486698fe09,W4383868262
fd486698fe09,W4383908570
fd486698fe09,W4385722906
fd486698fe09,W4388911401
fd486698fe09,W4388931382
fd486698fe09,W4391875877
fd486698fe09,W4393070467
fd486698fe09,W4393256695
fd486698fe09,W4399129048
fd486698fe09,W4399325198
fd486698fe09,W4401799121
fd486698fe09,W4403483243
fd486698fe09,W4408998810
fd486698fe09,W4414062815
fd486698fe09,W4415898741
fd486698fe09,W7167036203
fd486698fe09,W7167381121
fd486698fe09,W7167399944
fd486698fe09,W7167401040
fd486698fe09,W7167770822
fd5cc416963c,W1493947024
fd5cc416963c,W2144129585
fd5cc416963c,W2765811987
fd5cc416963c,W2776536627
fd5cc416963c,W2778798675
fd5cc416963c,W2784547979
fd5cc416963c,W2793164560
fd5cc416963c,W2799347343
fd5cc416963c,W2810320295
fd5cc416963c,W2896248374
fd5cc416963c,W2898107119
fd5cc416963c,W2899824932
fd5cc416963c,W2915332382
fd5cc416963c,W2950770871
fd5cc416963c,W2953106838
fd5cc416963c,W2961265520
fd5cc416963c,W2969616535
fd5cc416963c,W2970877424
fd5cc416963c,W2981558083
fd5cc416963c,W3027391392
fd5cc416963c,W3034624934
fd5cc416963c,W3041132329
fd5cc416963c,W3083503073
fd5cc416963c,W3088083768
fd5cc416963c,W3125154471
fd5cc416963c,W3127719440
fd5cc416963c,W3149069502
fd5cc416963c,W3159492328
fd5cc416963c,W3160063212
fd5cc416963c,W3160531077
fd5cc416963c,W3161805611
fd5cc416963c,W3162937339
fd5cc416963c,W3164362338
fd5cc416963c,W3165539546
fd5cc416963c,W3185002618
fd5cc416963c,W3188321699
fd5cc416963c,W3195595630
fd5cc416963c,W4206771665
fd5cc416963c,W4231394344
fd5cc416963c,W4236372665
fd5cc416963c,W4242456366
fd5cc416963c,W4244786641
fd5cc416963c,W4247955953
fd5cc416963c,W4253384631
fd5cc416963c,W4285140174
fd5cc416963c,W4285203381
fd5cc416963c,W4285240878
fd5cc416963c,W4289238838
fd5cc416963c,W4292736962
fd5cc416963c,W4293859671
fd5cc416963c,W4296182838
fd5cc416963c,W4304165898
fd5cc416963c,W4377042664
fd5cc416963c,W4377140238
fd5cc416963c,W4378716213
fd5cc416963c,W4380486983
fd5cc416963c,W4385067480
fd5cc416963c,W4386480836
fd5cc416963c,W4387971206
fd5cc416963c,W4388138995
fd5cc416963c,W4389220687
fd5cc416963c,W4390940712
fd5cc416963c,W4390940722
fd5cc416963c,W4390940950
fd5cc416963c,W4390940975
fd5cc416963c,W4390941089
fd5cc416963c,W4390941093
fd5cc416963c,W4391880064
fd5cc416963c,W4394856538
fd5cc416963c,W4404056042
fd5cc416963c,W4404561691
fd5cc416963c,W4404670220
fd5cc416963c,W4406940275
fd5cc416963c,W4407280532
fd5cc416963c,W4407848028
fd5cc416963c,W4410143474
fd5cc416963c,W4410195610
fd5cc416963c,W4410632436
fd5cc416963c,W4411170068
fd5cc416963c,W4411170111
fd5cc416963c,W4411170446
fd5cc416963c,W4411170657
fd5cc416963c,W4412351333
fd5cc416963c,W4414261219
fd5cc416963c,W7128606694
fd5cc416963c,W7128637367
fd5cc416963c,W7130662360
fd5cc416963c,W7131339417
fd5cc416963c,W7138943884
fd5cc416963c,W7140066516
fd5cc416963c,W7160822821
fd5cc416963c,W7160824065
fd5cc416963c,W7160828162
fd5cc416963c,W7160833757
fd5cc416963c,W7160834067
fd5cc416963c,W7160853839
fd5cc416963c,W7160864265
fd5cc416963c,W7160875573
fd5cc416963c,W7167995732
fd5cc416963c,W7168058500
fd5cc416963c,W7168059664
fd5cc416963c,W7168069021
fd5cc416963c,W7170260849
fd5cc416963c,W7170269373
fd5cc416963c,W7170315973
fd5cc416963c,W7170352336
fd5cc416963c,W7170455747
fd5cc416963c,W7170510633
fd5cc416963c,W7170792008
fd5cc416963c,W7170892212
fd5cc416963c,W7171465133
fd5cc416963c,W7171486225
fd5cc416963c,W7171490658
fd5cc416963c,W7171490944
fd5cc416963c,W7171501746
fd5cc416963c,W7171512488
fd5cc416963c,W7171518589
fd5cc416963c,W7171520539
fd5cc416963c,W7171530721
fd5cc416963c,W7171552632
fd5cc416963c,W7171565099
fd7a45660f8c,W152746193
fd7a45660f8c,W1624862013
fd7a45660f8c,W1706392732
fd7a45660f8c,W2048084803
fd7a45660f8c,W2049913862
fd7a45660f8c,W2108382647
fd7a45660f8c,W2185750401
fd7a45660f8c,W2244032657
fd7a45660f8c,W224478108
fd7a45660f8c,W2330291789
fd7a45660f8c,W2493529310
fd7a45660f8c,W2566400910
fd7a45660f8c,W2607039477
fd7a45660f8c,W2738290186
fd7a45660f8c,W2767284969
fd7a45660f8c,W2805138917
fd7a45660f8c,W2808345878
fd7a45660f8c,W2908060726
fd7a45660f8c,W2909999664
fd7a45660f8c,W2914217968
fd7a45660f8c,W2973958314
fd7a45660f8c,W3010295134
fd7a45660f8c,W3036188425
fd7a45660f8c,W3080979593
fd7a45660f8c,W3081991245
fd7a45660f8c,W3114965078
fd7a45660f8c,W3117399173
fd7a45660f8c,W3127935233
fd7a45660f8c,W3172065222
fd7a45660f8c,W3180150474
fd7a45660f8c,W3202354967
fd7a45660f8c,W3202923805
fd7a45660f8c,W3203006728
fd7a45660f8c,W4200010988
fd7a45660f8c,W4200507517
fd7a45660f8c,W4200581883
fd7a45660f8c,W4200600962
fd7a45660f8c,W4213131350
fd7a45660f8c,W4221001444
fd7a45660f8c,W4225535272
fd7a45660f8c,W4225550286
fd7a45660f8c,W4226504205
fd7a45660f8c,W4231380040
fd7a45660f8c,W4231394344
fd7a45660f8c,W4250593210
fd7a45660f8c,W4286219945
fd7a45660f8c,W4293483530
fd7a45660f8c,W4296628001
fd7a45660f8c,W4313390209
fd7a45660f8c,W4319062942
fd7a45660f8c,W4320009393
fd7a45660f8c,W4365513263
fd7a45660f8c,W4376140864
fd7a45660f8c,W4376875053
fd7a45660f8c,W4378676334
fd7a45660f8c,W4379528045
fd7a45660f8c,W4385060120
fd7a45660f8c,W4385240232
fd7a45660f8c,W4386337076
fd7a45660f8c,W4387324933
fd7a45660f8c,W4387343613
fd7a45660f8c,W4388282326
fd7a45660f8c,W4389463297
fd7a45660f8c,W4394714357
fd7a45660f8c,W4399370173
fd7a45660f8c,W4401513127
fd7a45660f8c,W4401513306
fd7a45660f8c,W4401935438
fd7a45660f8c,W4402441701
fd7a45660f8c,W4402756821
fd7a45660f8c,W4403221205
fd7a45660f8c,W4403303889
fd7a45660f8c,W4403819045
fd7a45660f8c,W4406905980
fd7a45660f8c,W4407700432
fd7a45660f8c,W4407918365
fd7a45660f8c,W4407948255
fd7a45660f8c,W4408788233
fd7a45660f8c,W4408810633
fd7a45660f8c,W4409185140
fd7a45660f8c,W4409792377
fd7a45660f8c,W4413126179
fd7a45660f8c,W4414478557
fd7a45660f8c,W4416959060
fd7a45660f8c,W7104836910
fd7a45660f8c,W7124446708
fd7a45660f8c,W7128546758
fd7a45660f8c,W7135201638
fd7a45660f8c,W7136862808
fd7a45660f8c,W7139353982
fd7a45660f8c,W7140281569
fd7a45660f8c,W7147077833
fd7a45660f8c,W7148196972
fd7a45660f8c,W7153957694
fd7a45660f8c,W7154660019
fd7a45660f8c,W7162657887
fd7a45660f8c,W7162896052
fd7a45660f8c,W7162917542
fd7a45660f8c,W7167036203
fd7a45660f8c,W7167381121
fd7a45660f8c,W7167730267
fd7a45660f8c,W7171640776
fd7a45660f8c,W767297167
fe09ceb2ce9e,W123142510
fe09ceb2ce9e,W1505689192
fe09ceb2ce9e,W1964681731
fe09ceb2ce9e,W1969390636
fe09ceb2ce9e,W1975342609
fe09ceb2ce9e,W1979722580
fe09ceb2ce9e,W1980070094
fe09ceb2ce9e,W1995560640
fe09ceb2ce9e,W2025665291
fe09ceb2ce9e,W2028904359
fe09ceb2ce9e,W2073854344
fe09ceb2ce9e,W2081570922
fe09ceb2ce9e,W2096971837
fe09ceb2ce9e,W2101943324
fe09ceb2ce9e,W2107540901
fe09ceb2ce9e,W2124196416
fe09ceb2ce9e,W2128212419
fe09ceb2ce9e,W2134576678
fe09ceb2ce9e,W2152649549
fe09ceb2ce9e,W2156527803
fe09ceb2ce9e,W2165631269
fe09ceb2ce9e,W2328311109
fe09ceb2ce9e,W2499421662
fe09ceb2ce9e,W2796498773
fe09ceb2ce9e,W2800237959
fe09ceb2ce9e,W32516440
fe09ceb2ce9e,W4401493806
fe09ceb2ce9e,W4405003268
fe09ceb2ce9e,W4405003353
fe09ceb2ce9e,W4414580331
fe09ceb2ce9e,W4414971143
fe09ceb2ce9e,W7163164447
fe09ceb2ce9e,W7163576909
fe09ceb2ce9e,W7171722281
fe09ceb2ce9e,W7171931614
fea57df88f45,W1598271522
fea57df88f45,W1967593956
fea57df88f45,W1977573692
fea57df88f45,W2029117918
fea57df88f45,W2036728748
fea57df88f45,W2037389676
fea57df88f45,W2040327585
fea57df88f45,W2060042911
fea57df88f45,W2156422779
fea57df88f45,W2344804116
fea57df88f45,W2349996883
fea57df88f45,W2351637749
fea57df88f45,W2354613968
fea57df88f45,W2363846099
fea57df88f45,W2364688704
fea57df88f45,W2372132413
fea57df88f45,W2379374664
fea57df88f45,W2382387965
fea57df88f45,W2384564618
fea57df88f45,W2388068797
fea57df88f45,W2480714054
fea57df88f45,W2564395230
fea57df88f45,W2941213885
fea57df88f45,W2984362742
fea57df88f45,W2994025615
fea57df88f45,W3018991989
fea57df88f45,W3091981571
fea57df88f45,W3207182139
fea57df88f45,W3208752893
fea57df88f45,W3217471546
fea57df88f45,W4200250592
fea57df88f45,W4205194160
fea57df88f45,W4210944249
fea57df88f45,W4213131350
fea57df88f45,W4220937888
fea57df88f45,W4225259000
fea57df88f45,W4226504205
fea57df88f45,W4231394344
fea57df88f45,W4242680144
fea57df88f45,W4246329129
fea57df88f45,W4255771648
fea57df88f45,W4283743240
fea57df88f45,W4292263347
fea57df88f45,W4293076800
fea57df88f45,W4295800149
fea57df88f45,W4297251707
fea57df88f45,W4376875053
fea57df88f45,W4379929774
fea57df88f45,W4385240232
fea57df88f45,W4385343655
fea57df88f45,W4385363738
fea57df88f45,W4385728660
fea57df88f45,W4388080074
fea57df88f45,W4390150679
fea57df88f45,W4394904751
fea57df88f45,W4396575547
fea57df88f45,W4398777118
fea57df88f45,W4399203020
fea57df88f45,W4400090565
fea57df88f45,W4400560827
fea57df88f45,W4401053490
fea57df88f45,W4401216858
fea57df88f45,W4401253644
fea57df88f45,W4401403000
fea57df88f45,W4402212858
fea57df88f45,W4403286282
fea57df88f45,W4404386176
fea57df88f45,W4404436772
fea57df88f45,W4406980305
fea57df88f45,W4408095706
fea57df88f45,W4409425222
fea57df88f45,W4411373853
fea57df88f45,W4412372932
fea57df88f45,W4413273662
fea57df88f45,W4413435763
fea57df88f45,W4414483952
fea57df88f45,W4415106771
fea57df88f45,W4415135206
fea57df88f45,W4415149087
fea57df88f45,W4415416458
fea57df88f45,W4415416634
fea57df88f45,W4415836660
fea57df88f45,W4416704298
fea57df88f45,W4416905300
fea57df88f45,W7162775604
fea57df88f45,W7163652736
fea57df88f45,W7172286627
ff0729c58d7b,W2004847515
ff0729c58d7b,W2100931215
ff0729c58d7b,W2136579778
ff0729c58d7b,W2302696487
ff0729c58d7b,W2349169352
ff0729c58d7b,W2399531578
ff0729c58d7b,W2402993396
ff0729c58d7b,W2574185885
ff0729c58d7b,W2595479191
ff0729c58d7b,W2761935931
ff0729c58d7b,W2766973583
ff0729c58d7b,W2776383360
ff0729c58d7b,W2782049693
ff0729c58d7b,W2782905495
ff0729c58d7b,W2785251462
ff0729c58d7b,W2786011814
ff0729c58d7b,W2805496471
ff0729c58d7b,W2810320295
ff0729c58d7b,W2909888300
ff0729c58d7b,W2935851421
ff0729c58d7b,W2955379558
ff0729c58d7b,W2964512763
ff0729c58d7b,W2964620606
ff0729c58d7b,W2966763524
ff0729c58d7b,W2976968733
ff0729c58d7b,W3007452670
ff0729c58d7b,W3160899409
ff0729c58d7b,W4287545366
ff0729c58d7b,W4394073224
ff0729c58d7b,W4394457382
ff0729c58d7b,W7130554551
ff0729c58d7b,W7164007000
ffd966a28de7,W1469566025
ffd966a28de7,W1484310128
ffd966a28de7,W1525178036
ffd966a28de7,W1889039854
ffd966a28de7,W2022891498
ffd966a28de7,W2127066913
ffd966a28de7,W2146321722
ffd966a28de7,W2155763122
ffd966a28de7,W2176585100
ffd966a28de7,W2215334739
ffd966a28de7,W2322728389
ffd966a28de7,W2400983119
ffd966a28de7,W2490393254
ffd966a28de7,W2508465217
ffd966a28de7,W2590243617
ffd966a28de7,W2594248660
ffd966a28de7,W2594755663
ffd966a28de7,W2623351744
ffd966a28de7,W2745144948
ffd966a28de7,W2749247234
ffd966a28de7,W2752420715
ffd966a28de7,W2769305543
ffd966a28de7,W2780909924
ffd966a28de7,W2781184032
ffd966a28de7,W2782001814
ffd966a28de7,W2785038315
ffd966a28de7,W2785344595
ffd966a28de7,W2786421692
ffd966a28de7,W2787658346
ffd966a28de7,W2788133962
ffd966a28de7,W2788971204
ffd966a28de7,W2792959467
ffd966a28de7,W2793144517
ffd966a28de7,W2795334869
ffd966a28de7,W2797330994
ffd966a28de7,W2799619696
ffd966a28de7,W2805138917
ffd966a28de7,W2805605778
ffd966a28de7,W2807252033
ffd966a28de7,W2809023355
ffd966a28de7,W2810320295
ffd966a28de7,W2883046077
ffd966a28de7,W2887882077
ffd966a28de7,W2891039941
ffd966a28de7,W2892027854
ffd966a28de7,W2896734281
ffd966a28de7,W2905464620
ffd966a28de7,W2905580823
ffd966a28de7,W2911335003
ffd966a28de7,W2915593641
ffd966a28de7,W2921350718
ffd966a28de7,W2921987797
ffd966a28de7,W2922105356
ffd966a28de7,W2922228219
ffd966a28de7,W2929117688
ffd966a28de7,W2936257342
ffd966a28de7,W2943629219
ffd966a28de7,W2946370812
ffd966a28de7,W2947046302
ffd966a28de7,W2947495427
ffd966a28de7,W2965904953
ffd966a28de7,W2966139823
ffd966a28de7,W2967355643
ffd966a28de7,W2972555947
ffd966a28de7,W2974746094
ffd966a28de7,W2976563169
ffd966a28de7,W2981944227
ffd966a28de7,W2989672233
ffd966a28de7,W2992991597
ffd966a28de7,W2994857692
ffd966a28de7,W2997109175
ffd966a28de7,W3002319139
ffd966a28de7,W3007691113
ffd966a28de7,W3030502425
ffd966a28de7,W3086688132
ffd966a28de7,W3090168218
ffd966a28de7,W3098606098
ffd966a28de7,W3102574417
ffd966a28de7,W3104524549
ffd966a28de7,W3105693840
ffd966a28de7,W3110040936
ffd966a28de7,W3115762894
ffd966a28de7,W3120893145
ffd966a28de7,W3123095503
ffd966a28de7,W3129051009
ffd966a28de7,W3135442717
ffd966a28de7,W3139151390
ffd966a28de7,W3161068217
ffd966a28de7,W3161218677
ffd966a28de7,W3161257786
ffd966a28de7,W3162578597
ffd966a28de7,W3163391857
ffd966a28de7,W3165110265
ffd966a28de7,W3168301972
ffd966a28de7,W3172392762
ffd966a28de7,W3176016053
ffd966a28de7,W3187630655
ffd966a28de7,W3198397403
ffd966a28de7,W3201439370
ffd966a28de7,W3210649262
ffd966a28de7,W3211729281
ffd966a28de7,W3212167289
ffd966a28de7,W3214193544
ffd966a28de7,W3217004573
ffd966a28de7,W4200082300
ffd966a28de7,W4200600962
ffd966a28de7,W4205560769
ffd966a28de7,W4206768535
ffd966a28de7,W4210476276
ffd966a28de7,W4210783725
ffd966a28de7,W4213131350
ffd966a28de7,W4214662435
ffd966a28de7,W4223932454
ffd966a28de7,W4230950563
ffd966a28de7,W4231394344
ffd966a28de7,W4231465988
ffd966a28de7,W4231880397
ffd966a28de7,W4235939292
ffd966a28de7,W4236033860
ffd966a28de7,W4237498510
ffd966a28de7,W4237889011
ffd966a28de7,W4239235438
ffd966a28de7,W4241517288
ffd966a28de7,W4241961269
ffd966a28de7,W4247312928
ffd966a28de7,W4247444683
ffd966a28de7,W4249736384
ffd966a28de7,W4250120215
ffd966a28de7,W4251736031
ffd966a28de7,W4252134498
ffd966a28de7,W4256427616
ffd966a28de7,W4280607490
ffd966a28de7,W4281684275
ffd966a28de7,W4281846416
ffd966a28de7,W4281969040
ffd966a28de7,W4283398072
ffd966a28de7,W4283827031
ffd966a28de7,W4286218446
ffd966a28de7,W4286632955
ffd966a28de7,W4291494430
ffd966a28de7,W4293105734
ffd966a28de7,W4294170365
ffd966a28de7,W4297223429
ffd966a28de7,W4297888181
ffd966a28de7,W4304165898
ffd966a28de7,W4306888927
ffd966a28de7,W4310092745
ffd966a28de7,W4319444452
ffd966a28de7,W4319657189
ffd966a28de7,W4320038879
ffd966a28de7,W4361997653
ffd966a28de7,W4362601611
ffd966a28de7,W4367050631
ffd966a28de7,W4378716213
ffd966a28de7,W4379010534
ffd966a28de7,W4379653688
ffd966a28de7,W4379803451
ffd966a28de7,W4381283046
ffd966a28de7,W4385879855
ffd966a28de7,W4386861904
ffd966a28de7,W4387595563
ffd966a28de7,W4387820108
ffd966a28de7,W4389395901
ffd966a28de7,W4389500760
ffd966a28de7,W4389885065
ffd966a28de7,W4390049304
ffd966a28de7,W4390147469
ffd966a28de7,W4391143802
ffd966a28de7,W4391144429
ffd966a28de7,W4391612526
ffd966a28de7,W4393989107
ffd966a28de7,W4394139764
ffd966a28de7,W4394409249
ffd966a28de7,W4394714357
ffd966a28de7,W4396520795
ffd966a28de7,W4399757094
ffd966a28de7,W4399780317
ffd966a28de7,W4400900739
ffd966a28de7,W4400958836
ffd966a28de7,W4400958950
ffd966a28de7,W4402212858
ffd966a28de7,W4402441701
ffd966a28de7,W4402642009
ffd966a28de7,W4403063848
ffd966a28de7,W4403589374
ffd966a28de7,W4403819045
ffd966a28de7,W4404165660
ffd966a28de7,W4404165713
ffd966a28de7,W4404764812
ffd966a28de7,W4405484850
ffd966a28de7,W4405552388
ffd966a28de7,W4406617993
ffd966a28de7,W4406633044
ffd966a28de7,W4406855471
ffd966a28de7,W4406855515
ffd966a28de7,W4406855740
ffd966a28de7,W4406933517
ffd966a28de7,W4406940275
ffd966a28de7,W4407272768
ffd966a28de7,W4407585133
ffd966a28de7,W4407700432
ffd966a28de7,W4407779358
ffd966a28de7,W4407832541
ffd966a28de7,W4408235907
ffd966a28de7,W4408323395
ffd966a28de7,W4408737230
ffd966a28de7,W4408788233
ffd966a28de7,W4408810633
ffd966a28de7,W4409185140
ffd966a28de7,W4409507897
ffd966a28de7,W4410198150
ffd966a28de7,W4411231544
ffd966a28de7,W4411236637
ffd966a28de7,W4411443916
ffd966a28de7,W4411645631
ffd966a28de7,W4411881942
ffd966a28de7,W4412567308
ffd966a28de7,W4413738353
ffd966a28de7,W4414321472
ffd966a28de7,W4414478557
ffd966a28de7,W4415149087
ffd966a28de7,W4415383471
ffd966a28de7,W4415407146
ffd966a28de7,W4415411035
ffd966a28de7,W4416103787
ffd966a28de7,W4416583473
ffd966a28de7,W4416781997
ffd966a28de7,W4416959060
ffd966a28de7,W4417288979
ffd966a28de7,W4417409950
ffd966a28de7,W589963581
ffd966a28de7,W7104836910
ffd966a28de7,W7130662360
ffd966a28de7,W7138907357
ffd966a28de7,W7147646265
ffd966a28de7,W7154417776
ffd966a28de7,W7161459897
ffd966a28de7,W7162007175
ffd966a28de7,W7162279492
ffd966a28de7,W7162995692
ffd966a28de7,W7163791987
ffd966a28de7,W7167339030
ffd966a28de7,W7167580531
