source_id,display_name,type,mean_citedness_2yr,works_count,h_index
S100014455,BMC Research Notes,journal,1.7958236658932714,,139
S100062655,Psicologia Teoria e Pesquisa,journal,0.23529411764705882,,56
S100062975,Computer Animation and Virtual Worlds,journal,2.601503759398496,,54
S100149336,Negotiation and Conflict Management Research,journal,0.0,,39
S100167944,Review of General Psychology,journal,3.458823529411765,,159
S1002109714,Communication & Society,journal,2.0,,34
S100249163,Journal of the mechanical behavior of biomedical materials/Journal of mechanical behavior of biomedical materials,journal,3.9495884773662553,,152
S100373537,Journal of Quantitative Spectroscopy and Radiative Transfer,journal,2.3920863309352516,,172
S10038439,Language Testing,journal,3.4215686274509802,,136
S10043949,Learning and Motivation,journal,8.138513513513514,,94
S100444555,International Social Science Journal,journal,1.4607329842931938,,73
S100460328,Scientific American,journal,0.18827415359207267,,258
S1005148073,Socialist studies,journal,0.0,,21
S100649693,Computer Assisted Language Learning,journal,8.476190476190476,,127
S100662246,International Journal of Qualitative Studies on Health and Well-Being,journal,2.7058823529411766,,68
S100695177,The Astronomical Journal,journal,5.014672686230249,,354
S100767427,Lung Cancer,journal,1.5096966683242168,,186
S10082577,Journal of Documentation,journal,2.150326797385621,,121
S1008817457,Medicina,journal,3.2596732588134136,,105
S101023550,Comparative Cognition & Behavior Reviews,journal,0.8833333333333333,,35
S101177023,Journal of Adolescent Health,journal,1.9410205434062293,,253
S101245202,Psychology of Violence,journal,1.2218649517684887,,81
S101300182,Journal of Freshwater Ecology,journal,1.5703125,,54
S10134376,Sustainability,journal,5.191067808801413,,298
S101510409,The American Journal of Surgery,journal,1.8735976065818998,,254
S1017267059,National Academy Science Letters,journal,0.740546218487395,,37
S1017704,Neurology International,journal,3.2329896907216495,,44
S101793665,Journal of Library Administration,journal,1.5389221556886228,,48
S101949793,Sensors,journal,5.077401320545569,,335
S101983704,Psychology of Language and Communication,journal,0.8372093023255814,,24
S101999905,Scandinavian Journal of Occupational Therapy,journal,1.588785046728972,,67
S10201666,Health Education & Behavior,journal,2.1534653465346536,,136
S102059668,Children s Geographies,journal,1.7966101694915255,,93
S102129144,First Monday,journal,3.305699481865285,,120
S102140811,Journal of Homosexuality,journal,1.592074592074592,,134
S10223069,International Journal of Digital Curation,journal,0.4625,,41
S102243518,Brain Behavior and Immunity,journal,5.568081991215227,,250
S102399824,Quality & Quantity,journal,2.285597381342062,,118
S102460418,Clinical Journal of Pain,journal,1.936936936936937,,179
S102543962,Wood Science and Technology,journal,3.1355311355311355,,121
S1025762778,"Philosophy, psychiatry & psychology",journal,0.46875,,54
S102688084,Studies in the literary imagination,journal,0.0,,15
S102728161,Optics and Lasers in Engineering,journal,3.9977900552486187,,147
S102860386,Clinical Nutrition,journal,5.8465396188565695,,225
S10288104,European Journal of Social Psychology,journal,2.1908127208480566,,196
S102896891,Psychology and Marketing,journal,7.319587628865979,,206
S103198402,Acta Geologica Sinica - English Edition,journal,1.3035143769968052,,66
S103225281,NeuroImage,journal,4.024103831891224,,533
S103248676,Journal of Chromatography B,journal,2.3333333333333335,,166
S103284624,Fish and Fisheries,journal,4.280172413793103,,171
S103321696,European Journal of Operational Research,journal,5.500986193293886,,406
S103356783,Integrative and Comparative Biology,journal,2.2600896860986546,,151
S103359281,Medical Decision Making,journal,1.8,,165
S1033826045,Revista Española de Lingüística Aplicada/Spanish Journal of Applied Linguistics,journal,0.8461538461538461,,25
S103398315,Spectrochimica Acta Part B Atomic Spectroscopy,journal,2.992982456140351,,153
S103428141,International Journal of Obesity,journal,4.603021978021978,,304
S103482838,Communications of the ACM,journal,4.155172413793103,,434
S1036915552,Revista Colombiana de Estadística,journal,1.68,,23
S103865650,Pharmaceutical Research,journal,3.566218809980806,,265
S1038890340,Physics,journal,0.17155266015200868,,34
S103928886,The Neuroscientist,journal,2.6923076923076925,,176
S1041805121,Colombia medica,journal,0.5901639344262295,,36
S1042097216,Asiatic IIUM Journal of English Language and Literature,journal,0.05217391304347826,,5
S10422866,Bioorganic & Medicinal Chemistry,journal,2.9628865979381445,,201
S104261359,Aquaculture,journal,4.266415967601967,,278
S104292366,Landscape Ecology,journal,5.077639751552795,,199
S104308233,Journal of Steroid Biochemistry,journal,0.0,,115
S104414929,Plant Biology,journal,2.8088235294117645,,131
S104415515,Journal of Investigative Medicine,journal,1.4803921568627452,,86
S104442948,Indian Journal of Otolaryngology and Head & Neck Surgery,journal,0.4643164230438521,,54
S104698359,Anesthesia & Analgesia,journal,2.8187290969899665,,300
S104780363,IEEE Transactions on Affective Computing,journal,5.418181818181818,,135
S104827148,The Counseling Psychologist,journal,1.669172932330827,,142
S104830714,FEBS Letters,journal,2.776299879081016,,392
S104890489,Coal Preparation,journal,0.0,,32
S104917558,Procedia - Social and Behavioral Sciences,journal,0.0,,177
S104924063,Computational Biology and Chemistry,journal,2.857632933104631,,76
S105007214,Philosophy and literature,journal,0.056179775280898875,,40
S105116163,Bulletin of the American Society for Information Science and Technology,journal,0.0,,40
S105208853,Journal of Chemical Education,journal,3.0950871632329635,,198
S105231406,Journal of Electronic Publishing,journal,0.5217391304347826,,31
S105243760,Applied Physics Letters,journal,3.8198308783415165,,560
S105379996,Sexuality & Culture,journal,1.4811320754716981,,63
S10542796,European Journal of Cardio-Thoracic Surgery,journal,2.799134199134199,,184
S105482265,Research in Human Development,journal,1.434782608695652,,64
S10553207,Psychology,journal,0.6782945736434108,,63
S105556297,Comparative Political Studies,journal,4.12719298245614,,195
S105638504,Zeitschrift für psychosomatische Medizin und Psychotherapie,journal,0.2549019607843137,,33
S105662685,European Archives of Psychiatry and Clinical Neuroscience,journal,2.9681742043551087,,157
S105679133,Journal of Continuing Education in the Health Professions,journal,0.8429752066115702,,85
S105737376,Lingua,journal,1.2605633802816902,,185
S105746325,The Analyst,journal,3.1569945021380574,,228
S10591207,Current Sociology,journal,2.0065359477124183,,109
S105928092,Control Engineering Practice,journal,4.196634189548273,,164
S10595604,Journal of college student development,journal,1.2986111111111112,,149
S10623703,International Journal of Molecular Sciences,journal,6.370100749477823,,424
S106284948,Medical Care Research and Review,journal,2.3365384615384617,,117
S106296714,Lecture notes in computer science,book series,1.4616130547432538,,715
S106394429,Fisheries Management and Ecology,journal,1.4694656488549618,,81
S106502101,Bulletin of Environmental Contamination and Toxicology,journal,1.9761904761904763,,120
S106654227,Clinical and Translational Science,journal,4.543617021276596,,84
S10668961,Journal of Experimental Psychology Animal Learning and Cognition,journal,0.41304347826086957,,35
S106822843,Social Science & Medicine,journal,3.5464799688837028,,392
S106908163,Neuro-Oncology,journal,1.081712698153293,,217
S106956883,European Transport Research Review,journal,6.45320197044335,,69
S106963461,Nature Biotechnology,journal,12.391735537190083,,639
S107025856,Journal of Cataract & Refractive Surgery,journal,2.226153846153846,,196
S107049385,The British Journal for the Philosophy of Science,journal,2.0254237288135593,,133
S107063406,Revue française d'allergologie,journal,0.08687258687258688,,17
S107183665,Journal of service management,journal,7.801724137931035,,118
S107213193,Social Cognitive and Affective Neuroscience,journal,3.065068493150685,,166
S10731693,IEEJ Transactions on Electrical and Electronic Engineering,journal,1.0612244897959184,,44
S107336951,Management Development Review,journal,0.0,,19
S107462239,Seminars in Speech and Language,journal,3.095744680851064,,70
S107516304,BMC Medical Informatics and Decision Making,journal,6.167420814479638,,147
S107571054,School Psychology International,journal,1.4166666666666667,,94
S107707151,The Cerebellum,journal,2.6048192771084335,,107
S107737141,Journal of Communication,journal,4.933884297520661,,232
S107799410,BMC Nursing,journal,5.179640718562874,,98
S107832660,Journal of Addiction Medicine,journal,2.118951612903226,,82
S107889856,Alzheimer Disease & Associated Disorders,journal,1.4685314685314685,,131
S107905979,Arthroscopy The Journal of Arthroscopic and Related Surgery,journal,2.848501978518937,,242
S107923245,Computing in Science & Engineering,journal,1.2326530612244897,,98
S108023290,Nuclear Medicine Communications,journal,1.0750605326876512,,94
S108074651,Annual Review of Applied Linguistics,journal,9.534883720930232,,124
S108264734,Psychology in Russia State of Art,journal,1.123456790123457,,26
S108318183,The Journal of General Psychology,journal,1.3287671232876712,,100
S108427512,Alzheimer s & Dementia,journal,1.9517813707254257,,228
S108453729,Health Communication,journal,2.471927162367223,,129
S108525051,Journal of Allergy and Clinical Immunology,journal,1.8794611203025289,,410
S108587369,Social Issues and Policy Review,journal,2.142857142857143,,68
S108832698,Zeitschrift für Psychologie,journal,3.438202247191011,,63
S108833125,International Journal of Naval Architecture and Ocean Engineering,journal,3.5,,55
S108875122,Applied Research in Quality of Life,journal,2.8508997429305913,,77
S108911230,Molecules,journal,5.850219281944548,,343
S10892749,IEEE Transactions on Instrumentation and Measurement,journal,4.2443796330052255,,199
S108953488,Nutrición Hospitalaria,journal,0.4393241167434716,,43
S109184716,Occupational Therapy In Health Care,journal,0.7133333333333334,,43
S109361689,The American Journal of the Medical Sciences,journal,0.3391832602092474,,235
S109446756,Psychological Studies,journal,0.9689922480620154,,42
S109512841,Trials,journal,2.2316194137433927,,133
S109517664,Epilepsy & Behavior,journal,2.599109131403118,,154
S109655379,Archives of Suicide Research,journal,2.12,,86
S109723506,Child Development,journal,2.5240963855421685,,486
S10978197,Estudos de Psicologia (Natal),journal,1.9841269841269842,,53
S109822313,G3 Genes Genomes Genetics,journal,2.7829181494661923,,122
S109998069,Drug and Alcohol Dependence,journal,0.9264334655607646,,234
S110062167,Sustainability The Journal of Record,journal,0.0,,23
S110154084,New Review of Academic Librarianship,journal,1.7777777777777777,,40
S110204754,Journal of Anxiety Disorders,journal,3.6377952755905514,,189
S110206669,Multimedia Tools and Applications,journal,5.438809831824062,,157
S110346167,British Journal of Educational Technology,journal,18.410596026490065,,182
S110368005,Comprehensive Psychiatry,journal,4.757142857142857,,179
S110533041,International Journal of Radiation Oncology*Biology*Physics,journal,0.9818401937046005,,347
S110667073,Theory & Psychology,journal,2.0074626865671643,,91
S110744938,Journal of Speech Language and Hearing Research,journal,2.283333333333333,,223
S110785341,Nutrients,journal,5.884069981583794,,329
S110812003,Gender Technology and Development,journal,2.1320754716981134,,47
S110868954,Psykhe (Santiago),journal,0.5538461538461539,,37
S110903667,Pediatric Reports,journal,2.2902298850574714,,34
S11097115,Public Health,journal,3.1108333333333333,,140
S111042112,Psychiatry and Clinical Neurosciences,journal,2.4178403755868545,,121
S111086706,Anais da Academia Brasileira de Ciências,journal,1.2133938706015892,,94
S111098860,Psychology Health & Medicine,journal,1.4224872231686543,,104
S111121700,Physiotherapy,journal,0.35032362459546923,,132
S111155417,Journal of the American Chemical Society,journal,16.376536971534446,,896
S111160002,Magnetic Resonance in Medicine,journal,2.7661612130885875,,325
S111163638,Journal of Molecular and Cellular Cardiology,journal,4.151282051282052,,219
S111213849,British Poultry Science,journal,1.7197231833910034,,139
S111448270,Arctic Antarctic and Alpine Research,journal,1.7737226277372262,,100
S111458355,Systematic and Applied Microbiology,journal,3.3452380952380953,,159
S111502347,Health Psychology Review,journal,7.783132530120482,,109
S111518026,International Journal of Occupational Medicine and Environmental Health,journal,1.7583333333333333,,67
S111521982,European Journal of Psychological Assessment,journal,4.358620689655172,,104
S111656376,Social Policy and Society,journal,1.0914285714285714,,72
S111893742,Journal of Language and Social Psychology,journal,1.9696969696969697,,104
S111957458,Pneumologie,journal,0.14277180406212664,,58
S112174522,Medical Education Online,journal,5.248201438848921,,84
S112180171,Journal of Renal Nutrition,journal,2.0412979351032448,,87
S112197712,Sexually Transmitted Infections,journal,2.1939890710382515,,140
S112292781,Historical Archaeology,journal,0.38953488372093026,,58
S112317789,Mental health and physical activity,journal,2.7474747474747474,,67
S112345165,European Sport Management Quarterly,journal,2.803738317757009,,81
S112414500,Journal of Mental Health,journal,2.703030303030303,,113
S11271929,Journal of Ecology,journal,4.847672778561354,,366
S112778392,The Annals of Applied Statistics,journal,1.5995145631067962,,113
S112952035,Social Indicators Research,journal,2.97007874015748,,204
S11296630,The Journal of the Acoustical Society of America,journal,0.8435918367346938,,373
S113000259,Polish Sociological Review,journal,0.0,,17
S113020877,Social Epistemology,journal,2.752808988764045,,61
S113116626,Gender & Society,journal,1.0751173708920188,,173
S1131227,Methods in Ecology and Evolution,journal,4.057315233785822,,229
S113184965,Deviant Behavior,journal,1.9871520342612419,,93
S113297301,Handbook of clinical neurology,book series,1.7528455284552846,,128
S113337084,Projections,journal,0.21153846153846154,,27
S11350316,Wirtschaftsdienst,journal,0.4503424657534247,,23
S113666273,Languages in Contrast,journal,0.6,,33
S113737002,Pragmatics Quarterly Publication of the International Pragmatics Association (IPrA),journal,1.2976190476190477,,73
S113871862,Journal of Affective Disorders,journal,4.790865842055186,,308
S114020440,Current Directions in Psychological Science,journal,6.223880597014926,,284
S114076160,Utilities Policy,journal,4.069473684210526,,87
S114141255,Early Childhood Research Quarterly,journal,2.5266457680250785,,173
S114257564,Psychosomatics,journal,0.0,,165
S114265899,Memory & Cognition,journal,1.813397129186603,,234
S114278030,Psychologica Belgica,journal,2.135135135135135,,54
S114289926,Journal of Sex & Marital Therapy,journal,1.5812807881773399,,120
S114339905,Social Psychology,journal,1.2698412698412698,,64
S114479970,Journal of Computer Assisted Tomography,journal,1.1323529411764706,,159
S114504424,Language Teaching,journal,4.267605633802817,,128
S1145265,Journal of Constructivist Psychology,journal,1.3064516129032258,,49
S114530997,Annals of Neurology,journal,4.98444976076555,,439
S114689480,Journal of Molecular Medicine,journal,4.6925675675675675,,200
S114840262,Educational Technology Research and Development,journal,6.908831908831909,,173
S114852576,Journal of Agricultural Education,journal,1.064516129032258,,59
S114898993,Australian and New Zealand Journal of Family Therapy,journal,0.8766233766233766,,40
S114966740,Trends in Neurosciences,journal,7.56797583081571,,442
S115201632,Frontiers in Neuroscience,journal,4.096064456151224,,225
S115217459,Cochlear Implants International,journal,1.1550387596899225,,50
S115248504,Social Psychology of Education,journal,3.153246753246753,,100
S115427279,Public Health Nutrition,journal,2.619718309859155,,209
S115516119,Journal of Genetics,journal,1.275,,106
S115516397,Revue économique,journal,0.4247787610619469,,91
S115626870,International Journal of Social Psychology Revista de Psicología Social,journal,0.7361111111111112,,37
S115629255,French Studies,journal,0.011278195488721804,,60
S11564597,Transplantation,journal,1.2336879432624113,,279
S115649667,International Review of Sport and Exercise Psychology,journal,6.190476190476191,,83
S116012647,Annals of Emergency Medicine,journal,0.8509254627313657,,238
S116025658,American Journal of Psychiatry,journal,7.8,,554
S116051058,New Directions for Evaluation,journal,1.9047619047619047,,68
S116110528,Porta Linguarum Revista Interuniversitaria de Didáctica de las Lenguas Extranjeras,journal,1.7091633466135459,,34
S116196263,Cortex,journal,2.7453416149068324,,203
S116251202,Circulation,journal,2.282324535842145,,848
S116265073,International Journal of Multilingualism,journal,1.9146341463414633,,74
S116305490,Journal of Developmental & Behavioral Pediatrics,journal,1.303370786516854,,168
S116485566,Journal of Receptors and Signal Transduction,journal,1.7704918032786885,,62
S116608325,Journal of General Internal Medicine,journal,2.129745314752523,,286
S116826539,JOM,journal,1.9070484581497797,,171
S116900674,The Lancet Oncology,journal,11.470973017170891,,521
S117021518,Journal of Behavior Therapy and Experimental Psychiatry,journal,1.2845528455284554,,140
S117031645,School Psychology Review,journal,3.1136363636363638,,154
S117063503,Journal of Men s Health,journal,0.8407310704960835,,28
S11710983,Biomechanics and Modeling in Mechanobiology,journal,3.2839116719242902,,107
S117204931,Medicine Conflict & Survival,journal,0.7272727272727273,,41
S117214846,Journal of Behavioral Decision Making,journal,1.3782051282051282,,127
S117236744,Clinical Kidney Journal,journal,3.843494085532302,,91
S117312820,Ageing Research Reviews,journal,16.170517051705172,,225
S11732831,Environmental Monitoring and Assessment,journal,4.152266894781865,,182
S117381710,Periodica Polytechnica Transportation Engineering,journal,2.0583941605839415,,25
S117411352,International Journal of Remote Sensing,journal,2.609049773755656,,267
S117485531,Schizophrenia Bulletin,journal,2.4741379310344827,,298
S117498271,Cancer Chemotherapy and Pharmacology,journal,2.198051948051948,,155
S117607063,Advances in Cognitive Psychology,journal,1.3181818181818181,,51
S117680303,EUROSLA Yearbook,journal,0.0,,36
S117684900,Irish Journal of Medical Science (1971 -),journal,1.2579979360165119,,67
S117898428,Cerebral Cortex,journal,4.027833001988071,,350
S117927158,Law and Human Behavior,journal,1.7894736842105263,,153
S11800902,Postgraduate Medicine,journal,2.1462585034013606,,100
S118036144,Cyberpsychology Behavior and Social Networking,journal,4.43026706231454,,160
S118082147,Marine Biology,journal,2.2354014598540144,,216
S11810700,International Journal of Research in Marketing,journal,6.44559585492228,,166
S118198609,Emotion,journal,1.7253218884120172,,219
S118304455,Journal of Pharmacy and Pharmacology,journal,3.2309711286089238,,185
S118332200,Addiction Biology,journal,2.360655737704918,,117
S118357697,Brain,journal,8.22041166380789,,503
S118419795,Theory and Society,journal,1.8105263157894738,,136
S118428158,Frontiers in Aging Neuroscience,journal,4.599056603773585,,173
S11852655,Veterinary Parasitology,journal,2.3990825688073394,,186
S118554560,Botany,journal,0.9112903225806451,,64
S119003425,Comptes Rendus Biologies,journal,0.9354838709677419,,106
S119123570,Heart Lung and Circulation,journal,0.2874972629735056,,80
S119146558,Developmental Psychobiology,journal,1.8155339805825244,,148
S119239577,Zeitschrift für Medienpsychologie,journal,0.0,,18
S11935491,Journal of Aggression Maltreatment & Trauma,journal,1.2580645161290323,,78
S119405978,Annual Review of Ecology Evolution and Systematics,journal,9.8,,242
S119508283,D-Lib Magazine,journal,0.0,,66
S119514724,Policy Studies Journal,journal,2.7956521739130435,,124
S119722071,Annals of Internal Medicine,journal,4.647507331378299,,651
S11973042,PLANT ARCHIVES,journal,0.1655089096949562,,21
S119771102,International Journal of Language & Communication Disorders,journal,1.7139737991266375,,124
S119968383,Educational Psychology in Practice,journal,1.212962962962963,,61
S120000808,Vanderbilt law review,journal,0.0,,37
S120269741,Journal of Neuropsychology,journal,1.475,,56
S120289491,BMC Neurology,journal,2.378362573099415,,123
S120348307,Procedia Computer Science,journal,2.3750532594801874,,195
S120429970,International Studies in Sociology of Education,journal,0.9361702127659575,,59
S120459012,Harvard Studies in Classical Philology,journal,0.0,,78
S120498177,International Journal of Sexual Health,journal,1.4041666666666666,,47
S120551135,Acta Parasitologica,journal,1.373134328358209,,47
S120559332,Corpora,journal,1.2575757575757576,,50
S12065667,Microchimica Acta,journal,5.4401826484018265,,133
S120724121,Journal of Elder Abuse & Neglect,journal,1.4303797468354431,,62
S120775027,Current Opinion in Neurobiology,journal,5.0064935064935066,,309
S120888908,Statistical Methodology,journal,0.0,,48
S120991925,Telecommunications Policy,journal,5.08092485549133,,129
S121058368,Sport Management Review,journal,3.606060606060606,,105
S121100956,The Journal of Poultry Science,journal,1.7307692307692308,,50
S121203305,Infancy,journal,1.7009345794392523,,109
S121233926,Psychiatric Clinics of North America,journal,2.560344827586207,,152
S121278948,Neuroreport,journal,2.3076923076923075,,242
S121323410,Anatomical Sciences Education,journal,3.148217636022514,,105
S121360315,Behavioral Ecology,journal,2.377659574468085,,176
S121370243,Anxiety Stress & Coping,journal,2.7049180327868854,,120
S121409115,International Review of Law and Economics,journal,1.5154639175257731,,83
S121474569,Psychosis,journal,0.5576923076923077,,44
S1216394,Molecular Autism,journal,5.350318471337579,,115
S121666818,Human Brain Mapping,journal,4.690021231422505,,276
S121725775,Bone,journal,3.382425742574257,,271
S12175909,International Journal of Public Opinion Research,journal,2.3333333333333335,,86
S121762105,Neuromodulation Technology at the Neural Interface,journal,0.5283672585534863,,96
S121778365,Expert Review of Respiratory Medicine,journal,2.9465408805031448,,76
S121830084,BioScience,journal,4.914163090128755,,346
S12189451,The China Quarterly,journal,0.8282051282051283,,132
S121947241,Journal of Abnormal Psychology,journal,0.0,,353
S121997567,Language Variation and Change,journal,1.06,,107
S122176235,The American Naturalist,journal,2.658385093167702,,422
S122317144,Brain Sciences,journal,3.8698173383589447,,114
S122347013,American Journal of Obstetrics and Gynecology,journal,1.9358055468993456,,384
S122700532,Developmental Review,journal,4.515151515151516,,173
S122767448,Journal of Management,journal,9.045112781954888,,400
S122814990,Artificial Intelligence Review,journal,28.468627450980392,,196
S122833416,WASSERWIRTSCHAFT,journal,0.13506493506493505,,12
S122874067,International Journal of Nursing Practice,journal,2.0557491289198606,,91
S123019783,Language in Society,journal,0.664179104477612,,153
S123089821,Ultrasound Quarterly,journal,1.1604938271604939,,54
S123141016,Vojnosanitetski pregled,journal,0.27312775330396477,,33
S123144817,Journal of Cognitive Neuroscience,journal,3.242857142857143,,310
S123151105,Journal of Sleep Research,journal,3.295,,177
S123713480,Nutrition Research,journal,2.9145728643216082,,143
S123732490,BMC Pregnancy and Childbirth,journal,2.732880588568195,,173
S123849098,Behaviour and Information Technology,journal,4.631724137931035,,139
S123899908,Interaction Studies Social Behaviour and Communication in Biological and Artificial Systems,journal,1.0625,,53
S12390320,Orvosi Hetilap,journal,0.9079136690647482,,30
S123953891,International Journal of Humanities and Arts Computing,journal,0.509090909090909,,25
S124015537,Substance Abuse Treatment Prevention and Policy,journal,2.5789473684210527,,80
S124035732,Anesthesiology,journal,2.599855803893295,,369
S12410666,Journal of Experimental Social Psychology,journal,1.7195945945945945,,267
S124167300,History and Technology,journal,0.6274509803921569,,38
S124240608,Australian and New Zealand Journal of Medicine,journal,0.0,,69
S124245730,Neuropsychiatric Disease and Treatment,journal,2.9003378378378377,,122
S124250138,Natural Product Communications,journal,1.4415584415584415,,72
S12430390,Journal of Social and Personal Relationships,journal,2.1945701357466065,,159
S124362806,Psychology of Music,journal,1.9789473684210526,,122
S124386304,Expert Review of Molecular Diagnostics,journal,4.329059829059829,,105
S124600697,Current Psychiatry Reports,journal,6.52863436123348,,162
S124795565,Talanta,journal,6.538847664775207,,220
S124867444,International Journal of Computer Mathematics,journal,1.9836065573770492,,74
S124867825,Phlebology The Journal of Venous Disease,journal,1.161764705882353,,75
S124907306,Public Understanding of Science,journal,3.3825136612021858,,130
S124948411,Clinical Chemistry and Laboratory Medicine (CCLM),journal,3.0095057034220534,,151
S125130336,International Journal of Social Research Methodology,journal,1.5934065934065933,,118
S12529635,Computers & Security,journal,8.485113835376533,,168
S125446397,Nordic Journal of English Studies,journal,0.3125,,34
S125613531,Journal of Psychopathology and Behavioral Assessment,journal,1.35678391959799,,120
S125651130,Matrix Biology,journal,6.010204081632653,,176
S125735781,Written Language & Literacy,journal,0.4,,41
S125754415,Proceedings of the National Academy of Sciences,journal,8.256869458344307,,1175
S126146781,American Journal of Physical Anthropology,journal,0.0,,238
S126192178,Origins of Life and Evolution of Biospheres,journal,0.0,,100
S126294776,Journal of Mathematical Psychology,journal,1.3653846153846154,,137
S126319040,Communication Teacher,journal,0.9540229885057471,,25
S126359496,Archives of General Psychiatry,journal,0.0,,545
S126457381,Biometrical Journal,journal,1.6964980544747081,,102
S126481815,International Journal of Corpus Linguistics,journal,10.315068493150685,,81
S126530969,Hernia,journal,2.4886363636363638,,113
S126561628,Journal of Psychoeducational Assessment,journal,1.76878612716763,,92
S126635229,Developmental Psychology,journal,1.6915983606557377,,382
S126644158,Oncotarget,journal,2.0833333333333335,,223
S126644992,Journal of Youth and Adolescence,journal,4.878787878787879,,216
S126670327,The Knee,journal,1.7967698519515478,,120
S126804734,Appetite,journal,3.6371951219512195,,248
S126920919,IEEE Geoscience and Remote Sensing Letters,journal,3.690376569037657,,178
S126923661,Linguistics,journal,1.4609375,,138
S126947272,Australasian Journal of Educational Technology,journal,6.6923076923076925,,109
S12725922,Gifted Child Today,journal,1.1320754716981132,,44
S127393932,Inflammation,journal,5.128125,,107
S127438267,High Ability Studies,journal,1.2,,58
S127754761,Journal of Water Resources Planning and Management,journal,2.1678082191780823,,139
S127795871,Journal of Educational Computing Research,journal,10.4,,128
S127827428,Nature Methods,journal,21.364494806421153,,514
S127900037,Human Reproduction,journal,1.1482999758861827,,319
S127936299,The British Journal of Psychiatry,journal,2.5675990675990676,,377
S128056823,Journal of Child & Adolescent Trauma,journal,1.1737891737891737,,51
S128124174,Cell stem cell,journal,18.1,,375
S128158437,Behavioural Processes,journal,1.2989690721649485,,131
S128350725,Communication in Statistics- Theory and Methods,journal,0.7195121951219512,,123
S128425624,Current Biology,journal,5.9402608329827515,,457
S12843020,Disability and Rehabilitation,journal,2.0094850948509486,,175
S128507546,Resuscitation,journal,2.1751937984496124,,207
S128543880,BMC Microbiology,journal,4.0,,180
S128848949,Journal of Bone and Joint Surgery,journal,2.59010896898575,,469
S128894006,International Nursing Review,journal,5.9425,,98
S128978809,Scientific Studies of Reading,journal,3.1392405063291138,,120
S12898181,BMC Health Services Research,journal,3.662907268170426,,219
S129060628,Diabetes,journal,0.5410997732426304,,448
S129102366,Reviews of Geophysics,journal,19.202380952380953,,326
S129135363,International Journal of Psychophysiology,journal,1.0,,187
S129317210,Transactions of the Royal Society of Tropical Medicine and Hygiene,journal,1.7625,,181
S12943752,WIRTSCHAFTSINFORMATIK,journal,0.34285714285714286,,41
S129597367,Der Anaesthesist,journal,0.0,,58
S129665955,Journal of Plant Growth Regulation,journal,3.7717206132879046,,136
S12967704,Statistical Science,journal,4.36936936936937,,176
S129686714,Journal of Risk Research,journal,2.486792452830189,,102
S129764719,Infection Control and Hospital Epidemiology,journal,1.563552833078101,,198
S129806727,Canadian Modern Language Review/ La Revue canadienne des langues vivantes,journal,0.8478260869565217,,95
S129906632,The Social Science Journal,journal,0.5176470588235295,,96
S129922104,International Journal of Sustainability in Higher Education,journal,3.172794117647059,,130
S13012152,Mind & Language,journal,1.3945578231292517,,137
S130127385,European Journal of Clinical Microbiology & Infectious Diseases,journal,3.0594285714285716,,161
S130337233,The Gerontologist,journal,2.806078147612156,,238
S130413023,Cognitive Development,journal,1.641025641025641,,141
S130455057,Work,journal,1.1411764705882352,,91
S13054843,Osteoarthritis and Cartilage,journal,1.149452804377565,,234
S130551847,Early Intervention in Psychiatry,journal,1.6789838337182448,,77
S130623406,Wiley Interdisciplinary Reviews Cognitive Science,journal,2.376470588235294,,102
S130638383,Futures,journal,4.457920792079208,,171
S130650480,Journal of Pain Research,journal,2.4851680949241923,,97
S130661733,Journal of Pharmaceutical Sciences,journal,3.1851126346718903,,277
S13068289,Cultural Diversity & Ethnic Minority Psychology,journal,1.4679245283018867,,133
S13069421,Metacognition and Learning,journal,3.5948275862068964,,91
S130750583,Global Environmental Change,journal,8.640522875816993,,298
S130873806,System,journal,9.232375979112271,,203
S131016564,International Journal of Pharmaceutics,journal,6.424984106802289,,300
S131132109,Psychiatrische Praxis,journal,2.7121771217712176,,43
S1311355,Ecology Of Freshwater Fish,journal,1.6119402985074627,,80
S131204085,Indian Journal of Genetics and Plant Breeding (The),journal,1.175,,40
S131338839,Ageing International,journal,1.1416666666666666,,56
S131365115,Anthropological Journal of European Cultures,journal,0.8863636363636364,,19
S131387491,Journal of Wound Ostomy and Continence Nursing,journal,1.1496062992125984,,80
S13144211,Expert Systems with Applications,journal,7.096800080248771,,348
S131562361,AINS - Anästhesiologie · Intensivmedizin · Notfallmedizin · Schmerztherapie,journal,0.3389830508474576,,36
S131583313,Biological Theory,journal,1.8571428571428572,,54
S131590804,Substance Use & Misuse,journal,1.2570036540803897,,114
S131720508,Journal of Dual Diagnosis,journal,1.2298850574712643,,45
S131852149,Environmental Management,journal,2.8202764976958523,,193
S131954271,Psychology of sport and exercise,journal,3.8126195028680687,,160
S132049688,Obesity Reviews,journal,6.515539305301646,,263
S132103600,Psychogeriatrics,journal,1.8403990024937655,,62
S132108250,Frontiers in Pharmacology,journal,4.834274393263992,,239
S132226890,Ships and Offshore Structures,journal,1.727741935483871,,49
S132320204,Research in Developmental Disabilities,journal,3.0455486542443064,,158
S132336575,Journal of Great Lakes Research,journal,1.966824644549763,,127
S132362803,Computational Statistics & Data Analysis,journal,1.261127596439169,,177
S13240397,Australasian Psychiatry,journal,0.8603839441535777,,66
S132538424,Journal of Magnetic Resonance Imaging,journal,2.2715404699738904,,218
S13265631,Archives of Clinical Neuropsychology,journal,0.6850180505415162,,151
S132751470,Journal of Neuroscience Methods,journal,2.7335581787521077,,230
S132839637,Journal of the American Medical Directors Association,journal,1.9132616487455196,,176
S132976789,Early Years Journal of International Research and Development,journal,1.0210526315789474,,59
S133144118,Developmental Neuropsychology,journal,1.1538461538461537,,139
S133181607,American Journal of Medical Quality,journal,0.44970414201183434,,76
S133322011,Psychotherapy,journal,1.4157303370786516,,139
S133489141,International Journal of Inclusive Education,journal,1.210144927536232,,106
S1336409049,eLife,journal,1.7305150976909414,,323
S133768115,Robotics and Autonomous Systems,journal,4.095070422535211,,177
S133770025,River Research and Applications,journal,1.9530201342281879,,117
S133786690,Journal of Aging and Health,journal,1.6588235294117648,,120
S133853345,Energy Efficiency,journal,3.565693430656934,,74
S133884896,Child and Adolescent Psychiatry and Mental Health,journal,4.4605263157894735,,90
S13389975,International Journal of Epidemiology,journal,4.4765342960288805,,331
S133907260,Basic Research in Cardiology,journal,8.78888888888889,,136
S133913429,Small Group Research,journal,1.9008264462809918,,116
S133942674,Tetrahedron Letters,journal,1.3112767940354146,,235
S134094273,Human Resource Management,journal,6.015822784810126,,174
S13410216,European Journal of Cancer Supplements,journal,0.0,,45
S1342386,Electrochemistry Communications,journal,4.5376884422110555,,225
S134406477,Health Expectations,journal,3.1376673040152965,,132
S134433296,Genes Brain & Behavior,journal,2.1339285714285716,,123
S134475343,Archives of Environmental Contamination and Toxicology,journal,2.392638036809816,,158
S134535697,BMC Pediatrics,journal,2.2864355435880177,,136
S134644764,Journal of Agricultural and Food Chemistry,journal,6.167888356357485,,417
S134668137,Nucleic Acids Research,journal,15.782324058919803,,881
S134700381,American Journal on Addictions,journal,0.8731563421828908,,110
S134773490,Journal of Neurology Neurosurgery & Psychiatry,journal,6.455919395465995,,338
S134936136,Drug and Alcohol Review,journal,2.312274368231047,,111
S135026488,Psicothema,journal,3.9186046511627906,,78
S13506822,Psycho-Oncology,journal,2.501381215469613,,203
S135158421,European Journal of Political Research,journal,3.503267973856209,,181
S135204980,Advanced Functional Materials,journal,14.802221246156742,,479
S135407459,i-Perception,journal,1.034013605442177,,55
S135453612,International Journal of Clinical and Health Psychology,journal,4.232142857142857,,66
S135560524,BMC Medicine,journal,7.351153039832285,,261
S13566964,The Journal of Nervous and Mental Disease,journal,2.442857142857143,,277
S135713760,Global Networks,journal,1.8450704225352113,,107
S135831435,Journal of Counseling Psychology,journal,1.5606060606060606,,247
S135837084,Journal of Neurochemistry,journal,3.954063604240283,,350
S135873401,Teaching in Higher Education,journal,2.8915254237288135,,129
S135898356,Journal of Pain and Symptom Management,journal,0.9368811881188119,,214
S135934248,Medical Teacher,journal,3.9976190476190476,,199
S136144828,Zeitschrift für Kardiologie,journal,0.0,,49
S136368880,Journal of Psychopharmacology,journal,4.162907268170426,,169
S136529485,Behavioral Ecology and Sociobiology,journal,1.6994535519125684,,213
S136578784,British Journal of Sports Medicine,journal,6.012121212121212,,311
S136622136,European Journal of Special Needs Education,journal,2.0714285714285716,,82
S136710263,Environmental Toxicology and Chemistry,journal,4.233540372670808,,232
S136773539,Developing World Bioethics,journal,0.9836065573770492,,50
S136778369,Sociology of Religion,journal,1.930232558139535,,107
S136896044,Environment and Behavior,journal,2.4835164835164836,,211
S13698240,Arthritis Care & Research,journal,2.8864353312302837,,228
S137215245,Journal of Integrative Neuroscience,journal,3.771698113207547,,53
S137372873,International Journal of Cosmetic Science,journal,2.1827242524916945,,96
S137373642,Child Psychiatry & Human Development,journal,2.1882352941176473,,106
S137419829,Journal of Neuroimmunology,journal,2.0984182776801408,,192
S137467724,Integrative Psychological and Behavioral Science,journal,2.1019417475728157,,61
S137468011,Journal of Vision,journal,0.4152812168376371,,178
S137478622,Behavior Research Methods,journal,3.996287128712871,,200
S137656717,Water Practice & Technology,journal,3.165457184325109,,41
S137670264,Biochemical Society Transactions,journal,5.963680387409201,,217
S137773608,Nature,journal,18.233607259030986,,1850
S137832324,Journal of Advanced Nursing,journal,3.661378555798687,,263
S137905309,Nature Genetics,journal,17.57210179076343,,789
S137979523,Ionics,journal,3.656716417910448,,92
S137994755,Sports Medicine,journal,8.090277777777779,,317
S138039823,Journal of Tropical Pediatrics,journal,1.024390243902439,,82
S138151673,Journal of Biogeography,journal,2.2613636363636362,,228
S138169916,Journal of Evolutionary Biology,journal,2.557894736842105,,182
S138209933,International Journal of Osteoarchaeology,journal,0.8113207547169812,,91
S13823553,European Journal of Personality,journal,3.02,,154
S138235560,Social Psychological and Personality Science,journal,3.2598039215686274,,127
S138241747,Clinical Drug Investigation,journal,2.573170731707317,,81
S138445932,Journal of the North Atlantic,journal,0.3333333333333333,,23
S138530117,Materials Research Bulletin,journal,5.937115516062884,,187
S138679565,Psychonomic Bulletin & Review,journal,2.9515828677839853,,233
S138681734,Nonlinear Dynamics,journal,6.272948164146868,,172
S138759888,Journal of The Electrochemical Society,journal,3.649966375252186,,421
S138959710,Computer Methods and Programs in Biomedicine,journal,5.52858261550509,,183
S139075330,QJM,journal,0.44287833827893175,,191
S139212996,Clinical Chemistry,journal,1.3419773095623988,,323
S13921844,Journal of Scholarly Publishing,journal,0.753968253968254,,30
S139283865,Trends in Genetics,journal,6.823056300268097,,333
S139338987,Environmental Research Letters,journal,4.449664429530201,,263
S13948593,AlterNative An International Journal of Indigenous Peoples,journal,1.1458333333333333,,46
S139566883,Nurse Education in Practice,journal,4.692896174863388,,105
S13978405,The Medical Journal of Australia,journal,2.9509918319719954,,261
S139930977,Journal of Artificial Intelligence Research,journal,4.172727272727273,,154
S140251998,Journal of Biological Chemistry,journal,1.7351925630810092,,783
S140349950,Seminars in Arthritis and Rheumatism,journal,3.289230769230769,,177
S140531128,Child Care Health and Development,journal,1.9023354564755839,,132
S140569963,Marquette law review,journal,0.018867924528301886,,25
S140592201,Brain and Cognition,journal,2.527918781725888,,187
S140751389,Language Learning Journal,journal,2.3666666666666667,,66
S140755874,Alzheimer s Research & Therapy,journal,9.068965517241379,,147
S140831787,International Journal of Offender Therapy and Comparative Criminology,journal,1.723756906077348,,96
S140848990,Pain,journal,4.598343685300207,,401
S141047287,Journal of Psychiatry and Neuroscience,journal,14.889908256880734,,121
S14109371,Injury,journal,1.9623287671232876,,195
S141152059,Annals of Biomedical Engineering,journal,2.479591836734694,,194
S141184754,Economic Modelling,journal,3.7322175732217575,,162
S141527467,Work & Stress,journal,5.473684210526316,,154
S141683002,Political Psychology,journal,2.3502824858757063,,180
S141808269,Remote Sensing of Environment,journal,10.803584764749813,,456
S141855577,Academic Pediatrics,journal,1.1527093596059113,,104
S142055198,European Journal of Cancer Care,journal,0.7401960784313726,,103
S142211178,Breast Cancer Research and Treatment,journal,3.2449941107184923,,221
S142259175,Assessment & Evaluation in Higher Education,journal,8.703071672354948,,155
S142279999,Progress in Neuro-Psychopharmacology and Biological Psychiatry,journal,3.4892412231030576,,188
S142305363,Computer Physics Communications,journal,3.3812206572769954,,299
S142541038,Expert Opinion on Drug Discovery,journal,6.613382899628252,,113
S142952003,Journal of Neurophysiology,journal,2.6333333333333333,,434
S142990027,Journal of Marketing,journal,6.627777777777778,,529
S143044361,Journal of Motor Behavior,journal,0.974025974025974,,133
S143149996,Nervenheilkunde,journal,0.17416829745596868,,21
S143381477,Environment International,journal,10.634834240475012,,333
S143585532,BMC Medical Genetics,journal,0.0,,94
S143604795,Journal of Electroanalytical Chemistry,journal,4.174384236453202,,204
S143668711,Administrative Science Quarterly,journal,4.160493827160494,,474
S143721676,The Journal of Experimental Education,journal,1.9047619047619047,,120
S143744428,European Journal of Pain,journal,2.813708260105448,,162
S143899192,Behavioural and Cognitive Psychotherapy,journal,1.4190476190476191,,102
S143903698,Journal of the History of the Behavioral Sciences,journal,0.20512820512820512,,86
S144076420,New Genetics and Society,journal,2.3666666666666667,,54
S144105592,Schizophrenia Research,journal,2.919387755102041,,241
S144187503,BMC Medical Education,journal,4.62070320172854,,163
S144257178,Music Perception An Interdisciplinary Journal,journal,2.1149425287356323,,120
S144363146,The Information Society,journal,4.03125,,117
S144449874,Animal Welfare,journal,2.4329896907216493,,102
S144578311,Pediatric Pulmonology,journal,1.6985294117647058,,148
S144584743,Cognitive and Behavioral Neurology,journal,0.6349206349206349,,65
S144688638,Journal of Cardiovascular Magnetic Resonance,journal,0.6343645173313455,,139
S144804090,Northeastern Naturalist,journal,0.9065934065934066,,48
S145023809,Journal of Clinical Neuroscience,journal,1.6110372340425532,,124
S145089992,Journal of Hazardous Materials,journal,10.038449801647849,,428
S145148825,Advances in child development and behavior,book series,0.8705882352941177,,87
S145244763,Current Opinion in Ophthalmology,journal,3.419191919191919,,123
S145429826,Journal of Consumer Research,journal,7.502732240437158,,391
S14544163,Medicine & Science in Sports & Exercise,journal,0.4794123332688962,,362
S145459003,International Journal of Testing,journal,2.5641025641025643,,53
S145476921,ACS Nano,journal,16.53678756476684,,564
S145569942,Gastric Cancer,journal,5.618181818181818,,127
S145707319,Journal of Communication Disorders,journal,1.4655172413793103,,115
S145784349,TESOL Journal,journal,2.3265993265993266,,58
S145806103,Cornea,journal,2.0465994962216625,,165
S145930022,Early Child Development and Care,journal,1.7,,88
S146146975,Indian Journal of Agronomy,journal,0.837037037037037,,31
S146239864,Assessing Writing,journal,4.040358744394619,,75
S146294059,Geburtshilfe und Frauenheilkunde,journal,0.3226711560044893,,56
S146304353,Journal of the Medical Library Association JMLA,journal,1.018987341772152,,75
S146329739,Canadian Journal of Zoology,journal,0.7924528301886793,,188
S146344,Journal of Marriage and the Family,journal,3.036544850498339,,304
S146364893,Frontiers in Human Neuroscience,journal,3.3257030739045126,,222
S146447972,Journal of Semantics,journal,1.1428571428571428,,99
S146984626,Social and Personality Psychology Compass,journal,2.7806691449814127,,151
S147026946,South African Medical Journal,journal,0.6829971181556196,,67
S147155939,Augmentative and Alternative Communication,journal,3.24,,95
S147352759,Educational Research,journal,3.5,,98
S147444837,The Journal of the American Board of Family Medicine,journal,1.9615384615384615,,113
S147670119,Psychological Reports,journal,1.5482456140350878,,161
S147691530,Parkinsonism & Related Disorders,journal,1.5991356023770935,,155
S147691735,Philosophy of Science,journal,0.935374149659864,,164
S147866836,Ethology,journal,0.9788732394366197,,128
S148039198,Research in Learning Technology,journal,3.3076923076923075,,70
S148049300,Sexuality Research and Social Policy,journal,2.1961620469083156,,79
S148068116,Evolution and Human Behavior,journal,2.057046979865772,,168
S148071443,Field Crops Research,journal,7.487247141600704,,248
S148277943,SAGE Open,journal,2.9775228283774293,,120
S148368070,International Journal of Selection and Assessment,journal,2.7960526315789473,,84
S148418319,CNS & Neurological Disorders - Drug Targets,journal,2.066666666666667,,115
S148436525,College Teaching,journal,0.6790123456790124,,84
S148561398,Scientometrics,journal,4.188657407407407,,198
S148599315,International Journal of Hospitality Management,journal,7.742995169082126,,245
S148639273,International Journal of Clinical and Experimental Hypnosis,journal,1.4050632911392404,,82
S148653594,Journal of Psycholinguistic Research,journal,1.4817813765182186,,114
S148726610,Journal of Aerosol Medicine and Pulmonary Drug Delivery,journal,2.1523809523809523,,73
S14881475,Science and Engineering Ethics,journal,4.671052631578948,,108
S148909191,Marketing Letters,journal,2.0081967213114753,,119
S149156103,International Clinical Psychopharmacology,journal,3.1944444444444446,,129
S149305196,Journal of Hydrodynamics,journal,3.6576576576576576,,67
S149476849,Leukemia,journal,6.4612970711297075,,258
S149534432,Narrative Inquiry,journal,1.0408163265306123,,71
S149709236,Group Decision and Negotiation,journal,2.3445945945945947,,89
S149844922,Journal of Forest and Livelihood,journal,4.461538461538462,,23
S15004046,Current Opinion in Hematology,journal,3.37984496124031,,126
S150089136,International Journal of Stroke,journal,7.869346733668341,,133
S150142394,Beneficial Microbes,journal,2.238095238095238,,82
S1502225,Expert Review of Neurotherapeutics,journal,4.066433566433567,,125
S150263959,Statistical Methods in Medical Research,journal,1.860655737704918,,142
S150427755,Journal of Theoretical and Philosophical Psychology,journal,0.9568965517241379,,39
S150535073,Cognition & Emotion,journal,2.348668280871671,,218
S150556310,Pharmacognosy Research,journal,0.5934343434343434,,60
S150708336,The Journal of Strength and Conditioning Research,journal,2.1603053435114505,,217
S15087342,Journal of Cancer Therapy,journal,0.22018348623853212,,29
S150894996,Journal of science and medicine in sport,journal,2.018427518427518,,164
S150985620,Nursing Ethics,journal,3.532710280373832,,115
S151030190,Microchemical Journal,journal,4.514740440076906,,153
S15111687,Biomedicine & Pharmacotherapy,journal,8.166851441241684,,223
S151157582,Journal of Moral Education,journal,2.065868263473054,,86
S151331055,Personality and Individual Differences,journal,2.2320740169622204,,311
S151374650,Significance,journal,0.1328125,,37
S15137598,Journal of Clinical Oncology,journal,1.6364627589577772,,739
S151416048,Journal of Psychosomatic Research,journal,1.8465031789282471,,262
S151424340,Experimental and Therapeutic Medicine,journal,3.94543429844098,,91
S151589183,Biochemical and Biophysical Research Communications,journal,2.5212287712287713,,394
S15160710,Reviews in the Neurosciences,journal,4.190789473684211,,109
S151902004,BMC Dermatology,journal,0.0,,54
S152068293,Drug Discovery Today,journal,8.321477428180575,,249
S152101599,BMJ Quality & Safety,journal,4.282312925170068,,222
S152304618,The Leadership Quarterly,journal,6.833333333333333,,276
S152361726,Asian Journal of Psychiatry,journal,3.2691924227318045,,98
S15239247,International Journal of Environmental Research and Public Health,journal,3.3261249453910002,,321
S152476886,Analytical Letters,journal,2.0018552875695734,,90
S15258550,Current Opinion in Psychiatry,journal,2.0752089136490253,,143
S152623109,Data Technologies and Applications,journal,1.7567567567567568,,49
S152701455,Ocean science,journal,2.8525469168900806,,95
S152760256,Chemical Communications,journal,4.104185727355901,,402
S152835995,Methodology,journal,3.6875,,50
S152855201,Personality and Mental Health,journal,1.7171052631578947,,49
S153084011,Celestial Mechanics and Dynamical Astronomy,journal,2.1586206896551725,,105
S153189382,Tropical Animal Health and Production,journal,1.6022808267997148,,96
S153227239,Annals of Nutrition and Metabolism,journal,2.2222222222222223,,130
S153257185,BMC Family Practice,journal,3.285031847133758,,130
S153281200,Applied Mathematical Modelling,journal,4.836056009334889,,171
S153317304,Biology Letters,journal,3.536964980544747,,174
S153329750,Communications in Statistics - Simulation and Computation,journal,0.8256880733944955,,89
S15336283,Forensic Science International,journal,2.5850267379679144,,176
S153489431,Biology,journal,3.3871576959395657,,130
S153558830,Annals of Allergy Asthma & Immunology,journal,1.0991771329579905,,147
S153570774,Mass Communication & Society,journal,2.1435897435897435,,93
S153693368,Journal of Intellectual Disabilities,journal,1.7307692307692308,,50
S153961274,Behavioural Neurology,journal,3.1739130434782608,,77
S154010748,Management Decision,journal,6.4820393974507535,,183
S154078021,Journal of Medical Microbiology,journal,3.1265822784810124,,168
S154207414,Human Psychopharmacology Clinical and Experimental,journal,1.0,,102
S154343897,PLoS Biology,journal,6.86471009305655,,391
S154451576,American Journal of Infection Control,journal,1.1525054466230937,,173
S154574157,intensiv,journal,0.07476635514018691,,9
S154732359,Materials Science and Engineering A,journal,6.530018761726079,,320
S154823722,Home Health Care Services Quarterly,journal,2.5625,,43
S154849578,Psychology of Aesthetics Creativity and the Arts,journal,1.2765957446808511,,110
S154906575,Developmental Science,journal,2.7142857142857144,,199
S15510560,Ceskoslovenska psychologie,journal,0.5154639175257731,,10
S155128447,Parasitology Research,journal,2.4599686028257457,,138
S155245387,Journal of Bioethical Inquiry,journal,1.7827715355805243,,58
S155267287,Journal of Medical Economics,journal,2.3562152133580705,,71
S1553775,Counselling Psychology Quarterly,journal,1.4649122807017543,,65
S155907396,Assessment,journal,2.3453237410071943,,139
S155937366,Science Signaling,journal,5.5041322314049586,,195
S155962516,Revista médica de Chile,journal,0.34593023255813954,,57
S155967237,Journal of Clinical Anesthesia,journal,3.615284974093264,,114
S156367897,International Journal of Educational Research,journal,3.5615141955835963,,128
S156498152,Advances in Human-Computer Interaction,journal,3.25,,41
S156752806,Phi Delta Kappan,journal,0.48214285714285715,,128
S156858864,Medical Science Monitor,journal,2.51410373066424,,102
S156995526,Journal of Research in Personality,journal,2.6231155778894473,,204
S157450843,Public Health Genomics,journal,1.7285714285714286,,72
S1574580,Aschkenas,journal,0.034482758620689655,,9
S157553855,Journal of Fluency Disorders,journal,1.7593984962406015,,95
S157620343,American Sociological Review,journal,5.854368932038835,,525
S15765371,Social Neuroscience,journal,1.896103896103896,,105
S157690423,Animal Behaviour,journal,2.0573170731707315,,300
S157733732,BMJ Evidence-Based Medicine,journal,5.817258883248731,,69
S157766733,Journal of Personality Disorders,journal,2.1666666666666665,,142
S158010168,Experimental Dermatology,journal,3.218861209964413,,145
S158211696,Synapse,journal,1.3804347826086956,,155
S158241587,Journal of Mathematical Physics,journal,1.112701252236136,,279
S158377717,International Immunopharmacology,journal,5.691126279863481,,167
S158413896,Personality Disorders Theory Research and Treatment,journal,1.4310344827586208,,89
S158647270,Acta Psychologica Sinica,journal,1.4680851063829787,,48
S158706580,New Ideas in Psychology,journal,2.492857142857143,,84
S158730009,Journal of Plant Diseases and Protection,journal,3.0220264317180616,,55
S158797327,IEEE Communications Magazine,journal,3.0690768237572628,,339
S158901929,journal for the education of the gifted,journal,2.0869565217391304,,68
S158917573,Frontiers in Integrative Neuroscience,journal,3.3085106382978724,,102
S158923391,Journal of Urban Affairs,journal,1.2922465208747516,,91
S159002476,Policy Futures in Education,journal,3.099009900990099,,62
S159252376,Occupational and Environmental Medicine,journal,2.3624454148471616,,213
S159275680,European Child & Adolescent Psychiatry,journal,3.5781637717121586,,170
S159512450,The Journal of Sexual Medicine,journal,0.4117647058823529,,178
S159612214,Research in Social Stratification and Mobility,journal,2.289617486338798,,78
S159694083,Laboratory Phonology Journal of the Association for Laboratory Phonology,journal,0.7183098591549296,,47
S159788776,The Cleft Palate-Craniofacial Journal,journal,1.2093908629441625,,124
S159917255,Mankind Quarterly,journal,0.49473684210526314,,33
S160034077,Health Care Management Review,journal,1.4814814814814814,,95
S160220869,Journal of Fluids and Structures,journal,3.718550106609808,,146
S160239940,Current Therapeutic Research,journal,3.9345794392523366,,60
S160362754,European Journal of Medical Genetics,journal,2.3850267379679146,,86
S160566677,Neuropharmacology,journal,3.8680257510729614,,246
S160573970,Journal of Organizational Behavior,journal,5.936395759717315,,317
S160642813,Perspectives In Psychiatric Care,journal,0.7477477477477478,,69
S160800418,Hereditary Cancer in Clinical Practice,journal,2.4615384615384617,,42
S160879026,Journal of Psychiatric Research,journal,3.3628266033254155,,222
S160957154,Thermochimica Acta,journal,3.4358047016274864,,195
S161248890,Risk Analysis,journal,3.2693661971830985,,215
S161350934,Journal of Applied Social Psychology,journal,1.47196261682243,,197
S161551636,Waste Management & Research The Journal for a Sustainable Circular Economy,journal,4.1066666666666665,,130
S161861253,The International Journal of Press/Politics,journal,4.181208053691275,,92
S161883588,Science Education,journal,3.1906474820143886,,213
S162030435,Journal of Medicinal Chemistry,journal,7.002332210417206,,370
S162068045,Self and Identity,journal,1.8849557522123894,,99
S162188394,International Journal of Police Science & Management,journal,1.202247191011236,,45
S162196882,Studies in Higher Education,journal,6.830443159922929,,189
S16240985,The International Journal for Academic Development,journal,1.826086956521739,,74
S162477232,The American Journal of Drug and Alcohol Abuse,journal,2.5665024630541873,,116
S162636843,Maternal and Child Nutrition,journal,2.647577092511013,,111
S162826810,Journal of Professional Nursing,journal,2.3735763097949887,,98
S16292117,Behavioral Sciences & the Law,journal,1.8457446808510638,,108
S162983661,Women and Birth,journal,1.6411149825783973,,88
S163075119,EMBO Molecular Medicine,journal,6.83609958506224,,187
S163127633,Journal of Applied Gerontology,journal,1.6795422031473533,,93
S163169856,International Journal for Parasitology,journal,2.356589147286822,,198
S163294987,Information Standards Quarterly,journal,0.0,,15
S163345920,Translational Psychiatry,journal,6.149171270718232,,182
S163534328,Marketing Science,journal,6.6313131313131315,,234
S163545350,Journal of Consumer Psychology,journal,5.103448275862069,,190
S163673364,Information Research,journal,0.8038095238095239,,43
S163759021,Shoulder & Elbow,journal,1.1021671826625388,,47
S163784168,Journal of King Saud University - Science,journal,4.930899608865711,,94
S164001016,ACS Applied Materials & Interfaces,journal,8.205821205821206,,374
S164302473,Journal of Social and Clinical Psychology,journal,1.1884057971014492,,159
S164389565,JAMA Neurology,journal,11.586626139817628,,234
S164469042,Journal of Thrombosis and Haemostasis,journal,3.583947583947584,,244
S164701809,Critical Studies in Education,journal,2.9338842975206614,,69
S164728804,Zebrafish,journal,1.2043010752688172,,72
S164743771,Community Dental Health,journal,0.32951289398280803,,22
S165253824,Scandinavian Journal of Economics,journal,1.3541666666666667,,136
S165368631,Neuropsychologia,journal,2.295499021526419,,323
S165454098,Engineering Structures,journal,7.722232421516431,,225
S165559636,International Journal of Human-Computer Interaction,journal,5.032483552631579,,133
S165592611,Experimental Neurology,journal,3.8122605363984676,,273
S16559285,Learning & Behavior,journal,1.6310679611650485,,62
S165709033,Current Anthropology,journal,1.612,,209
S165786329,Journal of Radiotherapy in Practice,journal,0.4375,,22
S165787973,Molecular Ecology Notes,journal,0.0,,102
S165879012,Journal of Sport Management,journal,2.5483870967741935,,118
S165966931,Aging & Mental Health,journal,2.2738853503184715,,154
S165991124,Memórias do Instituto Oswaldo Cruz,journal,1.702127659574468,,140
S166002381,Journal of Applied Psychology,journal,4.59866220735786,,522
S166148025,Journal of Research on Adolescence,journal,2.7897310513447433,,155
S166185052,Frontiers in Zoology,journal,2.556603773584906,,96
S166472302,Digital humanities quarterly,journal,0.11510791366906475,,29
S16647404,Psychological Inquiry,journal,1.1304347826086956,,139
S166518670,Lab Animal,journal,1.2125,,54
S166523383,Arquivos de Neuro-Psiquiatria,journal,0.21460014673514308,,82
S166684315,Human Movement Science,journal,1.9330543933054394,,148
S166722454,Education and Information Technologies,journal,11.492581602373887,,153
S166774750,Scientific Programming,journal,0.2608695652173913,,67
S166799026,Journal of Natural Products,journal,3.476244343891403,,188
S166957603,Brain Injury,journal,1.85286783042394,,147
S167039476,The American Journal of Comparative Law,journal,1.2597402597402598,,101
S167047176,Eye,journal,2.7827239003709594,,170
S167068830,Teaching and learning in nursing,journal,2.2163814180929093,,47
S167117542,Journal of Applied Statistics,journal,0.9353233830845771,,101
S167203149,International Journal of Quantum Chemistry,journal,2.6968085106382977,,170
S167257428,International Journal for Equity in Health,journal,4.8774120317820655,,136
S16731738,European Journal of Cancer,journal,2.7034664657121326,,298
S167406155,Journal of Media Psychology Theories Methods and Applications,journal,2.045045045045045,,54
S167407068,Physiology & Behavior,journal,2.2977303070761015,,253
S167524807,Archives of Disease in Childhood Education & Practice,journal,0.43,,54
S167723465,Psychophysiology,journal,3.482142857142857,,265
S16793705,Research Evaluation,journal,2.7790697674418605,,84
S167961193,Journal of Statistical Software,journal,13.266666666666667,,231
S167998872,Journal of Women and Minorities in Science and Engineering,journal,0.4107142857142857,,47
S168041952,European Neuropsychopharmacology,journal,1.302771855010661,,158
S168049282,American Journal of Public Health,journal,2.6369565217391306,,421
S168054501,Quaestiones Mathematicae,journal,0.6723549488054608,,41
S168123707,Applied Psychology Health and Well-Being,journal,2.9685714285714284,,75
S168280950,Sprache · Stimme · Gehör,journal,0.06770833333333333,,15
S168329810,Comparative Education Review,journal,1.4610389610389611,,101
S168415115,Cancers,journal,4.9141282003363855,,221
S168522863,Cancer Research,journal,0.5391718263483769,,469
S168584722,Food Hydrocolloids,journal,12.464737793851718,,276
S168738021,International Journal of Social Robotics,journal,3.702127659574468,,109
S168740313,Evidence-Based Nursing,journal,0.4010152284263959,,45
S168828829,Eos,journal,0.09076042518397383,,187
S168863142,Journal of Social Issues,journal,4.732919254658385,,246
S168863630,Educational Psychologist,journal,8.294117647058824,,238
S169054600,Journal of the Neurological Sciences,journal,0.9117355371900826,,232
S169221615,Information Economics and Policy,journal,2.392857142857143,,87
S169236886,Cell Reports,journal,8.104560342655581,,326
S169290648,Expanded abstracts with biographies/SEG technical program expanded abstracts,journal,0.0,,14
S169433491,Journal of Public Administration Research and Theory,journal,5.344444444444444,,189
S169605324,Bulletin of The Royal College of Surgeons of England,journal,0.5441527446300716,,24
S169733112,Journal of Basic Microbiology,journal,3.148241206030151,,99
S169796457,The cryosphere,journal,4.0094899169632265,,161
S169988927,Journal of the Operational Research Society,journal,2.328214971209213,,287
S170052170,Neuroscience & Biobehavioral Reviews,journal,7.7368421052631575,,376
S170105747,Hormones and Behavior,journal,2.7253086419753085,,203
S170217976,Progress in brain research,book series,1.3059701492537314,,217
S170358085,Analytical Methods,journal,2.657237325495959,,118
S170515770,Trauma Violence & Abuse,journal,5.43595041322314,,151
S17068196,Biotropica,journal,1.5965770171149145,,181
S170741353,Social Influence,journal,1.7291666666666667,,48
S170890380,International Journal of Audiology,journal,1.6294416243654823,,134
S170915847,Journal of Behavioral Medicine,journal,2.5762711864406778,,171
S170967050,American Journal of Epidemiology,journal,2.85130890052356,,418
S170991295,Genome,journal,1.823943661971831,,148
S171056766,Forensic Science,journal,0.34782608695652173,,37
S171064435,Praehistorische Zeitschrift,journal,0.3880597014925373,,27
S171072222,Inorganic Chemistry,journal,4.830309955720612,,308
S171130801,European Journal of Neuroscience,journal,2.6201022146507666,,279
S171176648,Psychiatric Services,journal,2.052980132450331,,232
S171382541,Frontiers in Neuroanatomy,journal,3.2705882352941176,,118
S17147534,Journal of Medical Internet Research,journal,8.112146970112422,,295
S171488675,Atmospheric Research,journal,3.7263397947548462,,180
S171705774,Academic Emergency Medicine,journal,1.5949554896142433,,180
S171918450,Biomass and Bioenergy,journal,5.059203036053131,,245
S171971387,Scandinavian Journal of Management,journal,2.4056603773584904,,104
S171971566,Convergencia Revista de Ciencias Sociales,journal,0.6,,20
S171990522,Human Biology,journal,0.0078003120124804995,,75
S172084117,Sexual Abuse,journal,1.6956521739130435,,111
S172276550,Journal of Biomedical Semantics,journal,3.6721311475409837,,59
S172313144,European Management Review,journal,2.2751322751322753,,80
S172319488,Brain Structure and Function,journal,2.541860465116279,,133
S172436580,Environmental Toxicology,journal,2.8,,105
S172494440,Evolutionary Ecology,journal,1.2837837837837838,,135
S172504065,Revista de Estudios Sociales,journal,1.3186813186813187,,39
S172540258,Journal of Nursing Management,journal,3.3672680412371134,,143
S172573765,JAMA,journal,8.8161582852432,,1012
S172587278,International Journal of Global Energy Issues,journal,0.26490066225165565,,35
S172925388,Disaster Medicine and Public Health Preparedness,journal,1.3502958579881656,,79
S172982486,The Journal of Perinatal & Neonatal Nursing,journal,1.087719298245614,,66
S173274907,Muscle & Nerve,journal,2.0545050055617353,,217
S173281865,Acta Neuropsychiatrica,journal,2.587878787878788,,59
S173466246,Nurse Leader,journal,0.9565217391304348,,34
S173545869,Animal Cognition,journal,2.0669291338582676,,121
S173554290,Journal of Community Health,journal,1.584717607973422,,110
S173657377,Perspectives on Politics,journal,1.1522277227722773,,166
S1737980,Journal of Neural Transmission,journal,3.1005802707930368,,167
S173874250,Indian Pediatrics,journal,1.2044506258692629,,74
S173880072,Antiquity,journal,1.4168039538714992,,127
S173941543,Applied Physiology Nutrition and Metabolism,journal,2.753315649867374,,126
S173943867,Environmental Research,journal,7.791271632806621,,256
S173952958,Perception & Psychophysics,journal,0.0,,227
S174197836,Asian Journal Of Social Psychology,journal,1.2577319587628866,,80
S174221484,International Journal of Applied Linguistics,journal,3.3840472673559825,,79
S174303711,Functional Ecology,journal,4.420329670329671,,240
S174377464,Journal of School Choice,journal,1.0064102564102564,,32
S174413665,Review of Income and Wealth,journal,1.830188679245283,,115
S174538591,International Journal of Intercultural Relations,journal,2.7837837837837838,,171
S174672550,Aging Cell,journal,5.87322695035461,,219
S174685111,Adicciones,journal,0.828125,,43
S174695746,Journal of Glaucoma,journal,2.25,,122
S174777489,Humor - International Journal of Humor Research,journal,0.6782608695652174,,79
S174790897,Neurochemical Research,journal,3.6107470511140236,,164
S174840595,PPmP - Psychotherapie · Psychosomatik · Medizinische Psychologie,journal,1.1216730038022813,,54
S174847851,Information Processing & Management,journal,6.754440154440155,,190
S174893293,Journal of Pharmaceutical and Biomedical Analysis,journal,3.4315068493150687,,170
S174951568,The Surgeon,journal,1.704225352112676,,77
S175030738,Neuropsychopharmacology,journal,4.669849931787176,,307
S175181960,Environmental Biology of Fishes,journal,1.4263157894736842,,143
S17537316,BMC Medical Ethics,journal,3.870967741935484,,95
S175435324,Cognitive Neuroscience,journal,2.554054054054054,,55
S175466255,The Journal of Infection in Developing Countries,journal,1.5557184750733137,,85
S175814247,Journal of Neurology,journal,4.4957582184517495,,206
S175922936,Journal of Neuro-Oncology,journal,2.860949208992506,,165
S175935889,Mammal Review,journal,3.12,,123
S175962947,Zeitschrift für Entwicklungspsychologie und Pädagogische Psychologie,journal,1.4615384615384615,,37
S176029047,Journal of Human Environmental Studies,journal,0.06349206349206349,,7
S176204532,BDJ,journal,0.6967294350842418,,157
S176211327,Journal of Robotics,journal,1.896551724137931,,36
S176347361,Language,journal,1.270967741935484,,396
S176417662,Zeitschrift für Neuropsychologie,journal,0.8163265306122449,,23
S176508836,Developmental Cognitive Neuroscience,journal,4.993055555555555,,128
S176659572,Health & Social Care in the Community,journal,1.8516129032258064,,120
S176667235,Journal of Nonverbal Behavior,journal,2.466666666666667,,115
S176794141,Journal of Traumatic Stress,journal,3.0191082802547773,,206
S176795851,Journal of Macroeconomics,journal,2.0,,130
S176831015,Educational and Psychological Measurement,journal,1.4335664335664335,,199
S176883142,Linguistics and Philosophy,journal,1.6615384615384616,,145
S176903982,Health Promotion Practice,journal,1.3,,83
S177008655,Musculoskeletal Care,journal,1.871313672922252,,50
S177222959,The Journal of Sex Research,journal,2.9036144578313254,,179
S177238307,TESOL Quarterly,journal,3.7880597014925375,,265
S177321595,Thinking & Reasoning,journal,1.803921568627451,,81
S177350161,Brain stimulation,journal,1.8965158606344255,,151
S177391433,Body Image,journal,4.685,,150
S177438180,World Englishes,journal,1.744186046511628,,103
S177533077,Cell Metabolism,journal,28.315412186379927,,452
S177574795,Journal of Muslim Mental Health,journal,0.5294117647058824,,40
S177586587,Computer Supported Cooperative Work (CSCW),journal,2.4838709677419355,,98
S17762386,European Journal of Obstetrics & Gynecology and Reproductive Biology,journal,1.5135356849876949,,159
S177779441,Social Cognition,journal,0.7671232876712328,,131
S177839238,Journal of Multilingual and Multicultural Development,journal,3.024390243902439,,112
S177929781,Journal of Child Psychology and Psychiatry,journal,4.20675944333996,,345
S177945262,Current Opinion in Neurology,journal,5.32806324110672,,168
S177993953,Journal of Literacy Research,journal,1.6774193548387097,,78
S178021067,Journal of Social Policy,journal,1.8846153846153846,,110
S178182516,Journal of Agromedicine,journal,1.6633663366336633,,51
S178348653,Revista Latinoamericana de Psicología,journal,1.0,,38
S178362034,Industrial Crops and Products,journal,6.452658227848101,,218
S178469169,Acta Paediatrica,journal,1.560747663551402,,196
S178548257,European Journal of Cardiovascular Nursing,journal,1.4479553903345725,,88
S178650970,Frontiers in Neuroendocrinology,journal,6.214285714285714,,188
S178810554,Psihologija,journal,0.8791208791208791,,32
S178886870,North American Journal of Fisheries Management,journal,1.154109589041096,,113
S178897707,Zbornik Instituta za pedagoska istrazivanja,journal,0.24324324324324326,,13
S179039853,Publizistik,journal,0.6583333333333333,,42
S179068624,Journal of Offender Rehabilitation,journal,3.12,,60
S179120876,Neurocase,journal,0.5428571428571428,,88
S179213746,British Journal of Psychology,journal,2.3406113537117905,,188
S179289126,Journal of Adolescence,journal,2.4583333333333335,,198
S179481622,Journal of Literary Semantics,journal,0.34210526315789475,,31
S179500637,Applied Animal Behaviour Science,journal,2.331117021276596,,181
S179531880,Current Sexual Health Reports,journal,3.630434782608696,,39
S179575189,Judgment and Decision Making,journal,1.7314814814814814,,102
S179605291,Language Teaching Research,journal,3.0368852459016393,,134
S179810352,Organic & Biomolecular Chemistry,journal,2.689189189189189,,190
S179816892,Frontiers in Neuroinformatics,journal,5.1069182389937104,,113
S179870829,Journal of Individual Differences,journal,1.0,,62
S179906392,British Journal of Social Psychology,journal,3.768292682926829,,170
S17992710,The Journal of Clinical Psychiatry,journal,2.456575682382134,,249
S179943861,Australian & New Zealand Journal of Psychiatry,journal,2.9971428571428573,,182
S179966576,Canadian Journal of School Psychology,journal,1.4444444444444444,,57
S180061323,The Review of Economics and Statistics,journal,4.202492211838006,,352
S180067919,Acta Psychologica,journal,3.1515151515151514,,186
S180106345,Journal of Clinical Nursing,journal,3.26090169992609,,173
S180401253,Pharmacological Reports,journal,3.911042944785276,,99
S180465690,ACS Chemical Neuroscience,journal,3.910018552875696,,125
S180782769,Journal of Modern Applied Statistical Methods,journal,0.75,,53
S180821644,Pediatric Critical Care Medicine,journal,1.9283720930232557,,133
S181049350,Zeitschrift für Arbeits- und Organisationspsychologie A&O,journal,0.49122807017543857,,41
S181082468,Canadian Journal of Experimental Psychology/Revue canadienne de psychologie expérimentale,journal,0.5714285714285714,,87
S181123643,The Breast,journal,2.0328305235137534,,129
S18135458,European Journal of Sport Science,journal,2.8982758620689655,,109
S181451930,Journal of Autism and Developmental Disorders,journal,2.515974440894569,,301
S181493553,Experimental Economics,journal,1.707070707070707,,106
S181516231,Archives of Scientific Psychology,journal,0.0,,29
S181568219,European Heart Journal,journal,2.908964558721334,,456
S181779256,Discourse Processes,journal,1.5703125,,128
S181963958,Poznań Studies in Contemporary Linguistics,journal,0.5,,28
S182001,Gifted Child Quarterly,journal,3.1839080459770117,,107
S182239929,Romance Studies,journal,0.03125,,14
S18225753,Adapted Physical Activity Quarterly,journal,1.5434782608695652,,94
S182325219,Annales Médico-psychologiques revue psychiatrique,journal,0.27400468384074944,,35
S1824407,Autism,journal,6.2322695035460995,,177
S182710874,Mathematical and Computer Modelling,journal,0.0,,148
S182748528,International Journal of Behavioral Nutrition and Physical Activity,journal,7.072815533980583,,209
S182829932,American Fern Journal,journal,0.3888888888888889,,58
S182869780,International Journal of Science and Mathematics Education,journal,3.63003663003663,,89
S182975812,The Indian Journal of Agricultural Sciences,journal,0.7955271565495208,,43
S183121400,Journal of Research in Special Educational Needs,journal,2.04014598540146,,63
S183131812,Midwifery,journal,2.4476670870113493,,122
S183337005,Adaptive Behavior,journal,1.5,,82
S183492911,"Proceedings of SPIE, the International Society for Optical Engineering/Proceedings of SPIE",journal,0.0,,237
S183582160,International Journal of Electrical Engineering Education,journal,0.0,,42
S183584863,Nature Climate Change,journal,12.780755176613885,,379
S183644930,World Psychiatry,journal,16.42948717948718,,198
S183686791,The Astrophysical Journal Supplement Series,journal,5.632962588473205,,380
S183718435,Sleep Medicine,journal,1.2333411269581482,,193
S183721526,Prevention Science,journal,2.0843373493975905,,132
S183770981,Columbia Law Review,journal,0.0,,123
S183798913,Applied Linguistics,journal,3.676348547717842,,207
S183843087,Brazilian Journal of Medical and Biological Research,journal,1.9272727272727272,,118
S183937543,Theoretical Linguistics,journal,1.3111111111111111,,66
S183989336,Lara D. Veeken,journal,2.275850104094379,,233
S1842953,Evaluation and Program Planning,journal,2.23841059602649,,124
S184645833,Chemical Science,journal,8.405959031657355,,277
S184789190,Journal of Health Management,journal,1.1041666666666667,,40
S184803288,Psychotherapy and Psychosomatics,journal,4.4603174603174605,,155
S184932276,Asia Pacific Education Review,journal,2.4976744186046513,,74
S185046733,Physiologia Plantarum,journal,4.356472795497186,,235
S18516046,International Journal of Synthetic Emotions,journal,0.0,,17
S18522216,Media Culture & Society,journal,3.6374045801526718,,123
S185253248,Human Resource Management Review,journal,7.282608695652174,,173
S185297315,Agriculture Ecosystems & Environment,journal,6.420945945945946,,279
S185389193,Advances in Mechanical Engineering,journal,2.9812332439678286,,85
S185455288,American Educational Research Journal,journal,4.592920353982301,,269
S185825760,Australian Journal of Zoology,journal,1.2285714285714286,,90
S185874209,BMC Medical Research Methodology,journal,4.961722488038277,,223
S185879095,Clinical Therapeutics,journal,2.2675585284280935,,174
S185889707,Journal of Biomedical Science and Engineering,journal,0.8571428571428571,,41
S186034587,Journal of Pragmatics,journal,1.8333333333333333,,230
S186113128,Nephrology Dialysis Transplantation,journal,1.2376042123738482,,234
S186193465,Biomedizinische Technik/Biomedical Engineering,journal,1.3660130718954249,,59
S186215666,Addictive Behaviors,journal,3.51355421686747,,210
S186231457,Agroforestry Systems,journal,2.8751835535976507,,134
S186234238,Educational Research and Evaluation,journal,1.6702127659574468,,75
S186357190,Future Generation Computer Systems,journal,5.654770075497598,,214
S186480540,Psychometrika,journal,1.9260869565217391,,223
S186584119,Journal de Radiologie,journal,0.0,,33
S186589310,Clinical Medicine,journal,1.6092150170648465,,116
S186589312,Behaviour Research and Therapy,journal,2.753303964757709,,330
S18666220,Journal of Experimental Psychology Learning Memory and Cognition,journal,1.1003937007874016,,283
S186751577,School Effectiveness and School Improvement,journal,3.4029850746268657,,111
S186935893,Energy & Fuels,journal,6.5079331941544885,,260
S187175751,Journal of Vibration and Control,journal,1.665909090909091,,95
S187216704,AJN American Journal of Nursing,journal,0.6613588110403397,,161
S187239619,Industrial and Organizational Psychology,journal,1.9014778325123152,,78
S187270080,European Journal of Work and Organizational Psychology,journal,4.735483870967742,,157
S187318745,Educational Psychology Review,journal,13.71311475409836,,213
S187325880,Journal of French Language Studies,journal,0.3684210526315789,,58
S187348256,Personality and Social Psychology Bulletin,journal,2.944976076555024,,321
S187416585,Gefässchirurgie,journal,0.18181818181818182,,22
S187497233,Anales de Psicología,journal,2.0,,56
S187563580,Social Development,journal,1.4054054054054055,,145
S187579785,Journal of Cardiac Surgery,journal,0.39473684210526316,,89
S187602988,Phenomenology and the Cognitive Sciences,journal,2.0585774058577404,,81
S187755562,Language Awareness,journal,3.0161290322580645,,69
S1879512,Reproductive Toxicology,journal,3.229982964224872,,156
S188131352,Psychologie Française,journal,0.5087719298245614,,27
S188247268,Veterinarski arhiv,journal,0.6417910447761194,,24
S188336720,Accident Analysis & Prevention,journal,7.579449152542373,,251
S188405464,Journal of Occupational Therapy Schools & Early Intervention,journal,1.0991735537190082,,24
S188435531,English World-Wide A Journal of Varieties of English,journal,1.0465116279069768,,70
S188519406,Annales de Pathologie,journal,0.2289156626506024,,27
S188582317,Chemistry - An Asian Journal,journal,3.2284122562674096,,145
S188633547,Fish Physiology and Biochemistry,journal,2.831932773109244,,120
S188673600,Journal of Luminescence,journal,3.668279198341396,,158
S18869182,Onoma,journal,0.10714285714285714,,10
S188876174,Journal of Psychology in Africa,journal,1.5215827338129497,,47
S189112142,Ethnicities,journal,1.0855263157894737,,75
S189188848,Journal of Networks,journal,0.0,,45
S18942856,Cognitive Affective & Behavioral Neuroscience,journal,2.8846153846153846,,137
S189699570,Foundations and Trends® in Human–Computer Interaction,journal,29.142857142857142,,33
S189706386,Cartography and Geographic Information Science,journal,3.142857142857143,,77
S189751245,Journal of Consumer Affairs,journal,1.9185185185185185,,109
S189776597,Transactions of the Philological Society,journal,0.17857142857142858,,77
S189894822,Psychology and Psychotherapy Theory Research and Practice,journal,1.7401960784313726,,85
S189922908,Zeitschrift für Gastroenterologie,journal,0.20911949685534592,,76
S189995291,Social Psychiatry and Psychiatric Epidemiology,journal,2.7886323268206037,,201
S190064913,Clinical Oncology,journal,1.2347480106100797,,112
S190099528,British Journal of Mathematical and Statistical Psychology,journal,1.4899328859060403,,109
S19016632,Journal of Petroleum Science and Engineering,journal,0.0,,182
S19032547,BMC Bioinformatics,journal,4.617219917012448,,314
S190353498,Journal of Vocational Rehabilitation,journal,1.6257668711656441,,63
S190740074,The Mathematics Enthusiast,journal,0.00539906103286385,,45
S190760531,Journal of Aging & Social Policy,journal,1.797752808988764,,60
S190787756,Symmetry,journal,2.2648419429452584,,124
S19081469,Tissue Engineering Part A,journal,2.4086021505376345,,153
S190981846,Evaluation & the Health Professions,journal,2.775,,82
S190989491,Gerontology,journal,2.5649122807017544,,151
S191188855,British Journal of Urology,journal,2.302654867256637,,199
S191206091,Health Technology Assessment,journal,2.7789115646258504,,199
S191257319,Restoration Ecology,journal,2.3584686774941996,,163
S191377590,International Journal of Methods in Psychiatric Research,journal,3.1875,,113
S191399632,Autism Research,journal,3.2777777777777777,,133
S191565391,Heart,journal,2.6901408450704225,,278
S191612999,Organizacija,journal,2.0615384615384613,,32
S19176856,Otology & Neurotology,journal,1.5085106382978724,,141
S191847413,Diagnostica,journal,0.6904761904761905,,71
S191903559,Pain Medicine,journal,1.5598290598290598,,154
S191932905,Pediatric Allergy and Immunology,journal,2.5309734513274336,,130
S191963794,Analytical Chemistry,journal,6.758978249873546,,484
S192051125,Trends in Cognitive Sciences,journal,10.029082774049217,,463
S192071280,Journal of Computational Science,journal,3.4812925170068025,,84
S192107914,Journal of Second Language Writing,journal,6.366666666666666,,151
S192266589,Group & Organization Management,journal,2.434959349593496,,142
S192525298,Isis,journal,0.1710261569416499,,94
S192565471,Pediatric Anesthesia,journal,1.2129032258064516,,124
S192592622,Depression and Anxiety,journal,3.312020460358056,,209
S192806854,"Behavior Research Methods, Instruments, & Computers",journal,0.0,,119
S192886709,International Journal of Men s Health,journal,0.0,,47
S193040567,Communication Methods and Measures,journal,3.6470588235294117,,64
S193250556,Remedial and Special Education,journal,2.6018518518518516,,128
S193446848,Journal of Early Childhood Research,journal,1.5321100917431192,,56
S193447295,ChemSusChem,journal,5.466507177033493,,238
S193557460,Archives des maladies professionnelles et de médecine du travail/Archives des maladies professionnelles et de l'environnement,journal,0.015032679738562092,,14
S193626562,Aesthetic Surgery Journal,journal,3.321060382916053,,109
S193694675,Professional Psychology Research and Practice,journal,1.4973262032085561,,144
S19371312,Teaching and Learning in Medicine,journal,1.901840490797546,,85
S19400212,Motivation and Emotion,journal,1.5990338164251208,,155
S194154261,Ecological Indicators,journal,9.00718085106383,,243
S194302669,Journal of Pain,journal,1.1785714285714286,,196
S194631498,Genes,journal,3.238389328063241,,143
S194662844,Food Quality and Preference,journal,4.680104031209363,,200
S194681035,Molecular Neurobiology,journal,5.118071203244705,,178
S194691280,Annalen der Physik,journal,1.433781190019194,,203
S194842327,Endocrine,journal,3.448717948717949,,127
S19503097,Applied Ocean Research,journal,5.526637554585153,,117
S195061619,Hematology,journal,1.9556135770234986,,63
S195231649,Entropy,journal,2.2655627108249003,,143
S195343931,Language & Communication,journal,2.046511627906977,,93
S195663288,Monthly Notices of the Royal Astronomical Society,journal,5.179366762611726,,503
S19572933,Retina,journal,1.4898612593383138,,172
S195768125,Intercultural Pragmatics,journal,0.7033898305084746,,68
S195776158,Politics,journal,2.8990825688073394,,67
S195809937,Ecological Informatics,journal,7.673482849604222,,113
S195965714,Occupational Medicine,journal,0.3831096196868009,,139
S196029703,Quarterly Journal of Speech,journal,1.125,,95
S196057155,International Journal of Technology and Design Education,journal,3.50210970464135,,82
S196403249,Research in Veterinary Science,journal,1.7728740581270184,,129
S19655492,Children & Society,journal,1.4201388888888888,,95
S196734849,Scientific Reports,journal,4.8189768489953595,,462
S196796222,The Heythrop Journal,journal,0.05228758169934641,,24
S196979320,Urology,journal,1.0313253012048194,,237
S197070928,Integrative Cancer Therapies,journal,2.9645390070921986,,91
S197145128,Journal of Organizational Change Management,journal,4.772151898734177,,122
S197152527,Communicative & Integrative Biology,journal,5.21875,,68
S197285354,Twin Research and Human Genetics,journal,0.9102564102564102,,97
S197419112,Journal of Logic Language and Information,journal,0.2857142857142857,,56
S197555986,Journal of Child and Adolescent Psychiatric Nursing,journal,1.9173553719008265,,58
S19793444,Academic Medicine,journal,2.0570884871550903,,263
S197939330,PLoS Medicine,journal,8.037383177570094,,353
S1980519,The Astrophysical Journal,journal,5.374942549866716,,701
S198080574,Journal of Ophthalmology,journal,1.5156794425087108,,83
S198098182,Energies,journal,4.707755983444304,,227
S198272637,Journal of Child and Adolescent Psychopharmacology,journal,2.122448979591837,,117
S198285748,Multidimensional Systems and Signal Processing,journal,4.176470588235294,,55
S198387837,European Journal of Oncology Nursing,journal,3.473997028231798,,98
S1983995261,PeerJ,journal,3.2402690034644386,,168
S198727964,Oncology,journal,1.6325088339222615,,125
S198804558,Intensive Care Medicine,journal,6.398418972332016,,315
S198818534,Journal of Substance Use,journal,0.6233333333333333,,47
S198828251,Evolutionary Biology,journal,3.2363636363636363,,99
S199011235,Journal of Leukocyte Biology,journal,3.50709219858156,,263
S199247034,Optical Materials,journal,5.4952153110047846,,142
S199390258,International Journal of Bilingual Education and Bilingualism,journal,1.861904761904762,,118
S199497470,IEEE Transactions on Audio Speech and Language Processing,journal,0.0,,144
S199498439,Acta Psychiatrica Scandinavica,journal,3.63943661971831,,240
S1995308,Journal of neurosurgery,journal,2.9209445585215605,,361
S199738284,Journal of Visualized Experiments,journal,0.34203408168785504,,168
S199806552,British Journal of Visual Impairment,journal,1.0657894736842106,,41
S199863409,Leisure Studies,journal,2.2759856630824373,,104
S199944782,IEEE Transactions on Pattern Analysis and Machine Intelligence,journal,13.099290780141844,,551
S199972112,The International Journal of Neuropsychopharmacology,journal,0.8109610802223988,,156
S200071133,Blood,journal,1.4004743168220772,,640
S20010350,Journalism & Mass Communication Quarterly,journal,1.9688581314878892,,129
S200334879,Discrete Mathematics & Theoretical Computer Science,journal,0.3597560975609756,,39
S200437886,BMC Public Health,journal,4.458024036762107,,291
S200794352,Oikos,journal,2.5270049099836336,,296
S20082545,Group Dynamics Theory Research and Practice,journal,0.6307692307692307,,93
S200862508,Genes Chromosomes and Cancer,journal,1.6395348837209303,,159
S200906791,Security Studies,journal,1.1612903225806452,,93
S201005279,Journal of Experimental Child Psychology,journal,2.3518850987432676,,202
S201023783,International Review of Pragmatics,journal,0.5609756097560976,,31
S201186940,Personal Relationships,journal,1.7337662337662338,,129
S201230245,PROTOPLASMA,journal,2.183734939759036,,137
S201273009,European Review of Social Psychology,journal,5.585365853658536,,114
S201294665,Second language Research,journal,1.9634146341463414,,112
S201313073,Legume Research - An International Journal,journal,0.5591985428051002,,29
S201441698,Optik,journal,3.806791569086651,,130
S201446958,Health Research Policy and Systems,journal,4.338095238095238,,109
S201514771,Photosynthetica,journal,2.34,,107
S20152851,International Journal of Educational Development,journal,2.425650557620818,,126
S201530359,Environmental Pollution,journal,7.421510478449981,,384
S201533460,Applied Economics,journal,2.2220309810671255,,161
S201609156,Brain Topography,journal,2.8726415094339623,,116
S201947704,Periodica Polytechnica Chemical Engineering,journal,2.1818181818181817,,34
S201989124,Organic Letters,journal,4.534043538675313,,269
S202288906,European Political Science Review,journal,3.5739130434782607,,75
S202381698,PLoS ONE,journal,3.061147186147186,,601
S202417740,Behavioral and Brain Functions,journal,2.9076923076923076,,96
S20257348,Journal of Experimental Biology,journal,2.1956901572510192,,282
S202575634,Cognition and Instruction,journal,2.71875,,145
S202734349,Journal of Happiness Studies,journal,3.6143617021276597,,169
S202740514,The British Journal of Social Work,journal,1.624251497005988,,128
S202798957,Brazilian Oral Research,journal,2.1550632911392404,,88
S202812398,Information Systems Research,journal,5.334302325581396,,237
S202986090,Environmental and Experimental Botany,journal,5.890855457227139,,200
S203035050,Physiological Reviews,journal,20.931623931623932,,564
S203050076,Neuroscience Letters,journal,1.9739507959479017,,268
S203071086,Review of Managerial Science,journal,9.963525835866262,,92
S203256638,Nature Medicine,journal,30.17267648552565,,766
S203405392,Mental Health Religion & Culture,journal,0.7696629213483146,,77
S203465130,Chemosphere,journal,9.962734515548702,,384
S203465302,Pflügers Archiv - European Journal of Physiology,journal,4.860927152317881,,218
S203511623,Studia Psychologica,journal,1.2456140350877194,,28
S203585231,Current Psychology,journal,2.673521850899743,,113
S204030396,Computers in Human Behavior,journal,11.20273631840796,,354
S204183829,Journal of the American Geriatrics Society,journal,2.466666666666667,,347
S204228983,Universitas Psychologica,journal,0.45794392523364486,,42
S204357113,Journal of Adolescent Research,journal,1.8823529411764706,,128
S204415528,Topics in Early Childhood Special Education,journal,1.2608695652173914,,96
S204419675,Death Studies,journal,1.6869409660107335,,111
S204459408,Journal of Chemical & Engineering Data,journal,2.438934802571166,,199
S20470255,Journal of Hispanic Higher Education,journal,1.0701754385964912,,61
S204777700,Psychotherapy Research,journal,2.4967105263157894,,123
S204794081,Journal of Research in Childhood Education,journal,1.4320388349514563,,64
S204799461,Climatic Change,journal,4.304940374787053,,282
S204840698,Palliative & Supportive Care,journal,1.4677966101694915,,85
S204847658,Water Resources Research,journal,6.640860215053763,,425
S204918980,Worldwide Hospitality and Tourism Themes,journal,3.372093023255814,,49
S205010575,Information and Software Technology,journal,3.924198250728863,,166
S205145379,European Journal of Applied Physiology,journal,2.5686475409836067,,222
S205231332,Astronomy and Astrophysics,journal,4.9912203687445125,,401
S205482884,Biological Psychiatry,journal,1.218706633361088,,431
S205537954,Minerva,journal,2.291970802919708,,77
S205754296,Tetrahedron,journal,1.9859778597785978,,306
S205768342,Research Synthesis Methods,journal,7.623853211009174,,109
S205870262,Worldviews on Evidence-Based Nursing,journal,3.80859375,,86
S205878144,Toxicology Letters,journal,0.5830273357813137,,195
S206068638,Journal of Further and Higher Education,journal,1.716,,85
S206124708,Organization Science,journal,6.977186311787072,,387
S206192428,Journal of Neurodevelopmental Disorders,journal,3.549019607843137,,88
S206235894,Thrombosis and Haemostasis,journal,3.048,,249
S206630335,The American Journal of Psychology,journal,0.44086021505376344,,346
S206643269,Current Medical Research and Opinion,journal,2.978494623655914,,147
S206649051,Clinical Science,journal,4.780327868852459,,212
S206700086,Chemistry & Biodiversity,journal,2.833695314923984,,98
S206789554,Phytotherapy Research,journal,6.710643015521065,,192
S206910646,ONOMAZEIN,journal,0.14743589743589744,,19
S207053439,Cognitive Linguistics,journal,1.25,,113
S207083915,Biological Invasions,journal,2.397037037037037,,165
S207100277,Basic and Applied Social Psychology,journal,1.7474747474747474,,121
S207178839,Journal of Geophysical Research Atmospheres,journal,3.0310225967062427,,663
S207180383,Journal of Simulation,journal,1.8848920863309353,,45
S207268431,Journal of Reproductive and Infant Psychology,journal,1.8274336283185841,,81
S207275536,Arbeiten aus Anglistik und Amerikanistik,journal,0.7941176470588235,,9
S207294652,Archives of Disease in Childhood,journal,1.937269372693727,,260
S207341048,Ophthalmology,journal,3.584390243902439,,372
S207416075,Psychology of Men & Masculinity,journal,1.2911392405063291,,102
S207420867,Journal for the Scientific Study of Religion,journal,1.2592592592592593,,207
S207433681,IEICE Electronics Express,journal,0.8768996960486323,,43
S207618182,Language Acquisition,journal,1.0769230769230769,,78
S207943242,Transactions of the American Fisheries Society,journal,1.0569620253164558,,170
S2090548,The Journal of Physiology,journal,3.328759604829857,,484
S20968549,Revista signos,journal,0.4675324675324675,,31
S21165490,Acta Ophthalmologica,journal,0.7441742654508612,,127
S21299528,Community College Journal of Research and Practice,journal,0.75625,,67
S21317199,European Journal of Organic Chemistry,journal,2.47242206235012,,184
S21401918,European Journal of Control,journal,2.0383211678832116,,88
S21700656,Psychology and Sexuality,journal,1.3930348258706469,,53
S21836410,Studies in Psychology Estudios de Psicología,journal,0.5892857142857143,,32
S22232893,Nature Reviews Neurology,journal,14.761627906976743,,270
S22283869,Topics in Cognitive Science,journal,2.4166666666666665,,105
S22313829,Early Childhood Education Journal,journal,1.753541076487252,,95
S22344484,International Journal of Clinical Practice,journal,0.8321033210332104,,143
S22361854,Cost Effectiveness and Resource Allocation,journal,2.203333333333333,,62
S22371039,Journal of European Public Policy,journal,6.465425531914893,,184
S22454499,Molecular Ecology,journal,3.6513443191673893,,325
S22523967,Aesthetic Plastic Surgery,journal,2.057563025210084,,113
S22656279,Electroencephalography and Clinical Neurophysiology,journal,0.0,,268
S22797964,Neurourology and Urodynamics,journal,1.8888888888888888,,133
S2280673,The Clinical Teacher,journal,1.391768292682927,,57
S22862804,Physics of Fluids,journal,3.9490545050055617,,245
S2298632,Nature Neuroscience,journal,17.085351787773934,,605
S23004866,Critical Public Health,journal,0.9073724007561437,,78
S23089685,Science & Justice,journal,1.519031141868512,,68
S23117883,Interacting with Computers,journal,3.191358024691358,,120
S23243783,New Zealand Veterinary Journal,journal,1.4966442953020134,,81
S23261261,Phonology,journal,0.2978723404255319,,113
S23349031,Free Radical Research,journal,2.813664596273292,,158
S2357814,Journal of Marine Science and Application,journal,2.8376811594202898,,38
S23753256,Journal of Cross-Cultural Psychology,journal,2.691823899371069,,190
S23772524,The Lancet Infectious Diseases,journal,11.4,,374
S24023935,Science & Sports,journal,0.6363636363636364,,42
S24095051,Bilingualism Language and Cognition,journal,2.068535825545171,,139
S24165732,Test,journal,0.9834710743801653,,64
S24191132,IEEE Pervasive Computing,journal,0.7880184331797235,,123
S24251679,Applied Numerical Mathematics,journal,2.49288256227758,,110
S24324723,Journal of Immigrant and Minority Health,journal,1.1704260651629073,,98
S24435420,Disability & Society,journal,1.7493975903614458,,140
S24464885,Clinical Psychology & Psychotherapy,journal,2.688311688311688,,124
S24470789,Perspektiven der Wirtschaftspolitik,journal,0.46464646464646464,,31
S24543137,The Journal of the Royal College of Physicians of Edinburgh,journal,1.2670454545454546,,43
S24603639,Rheologica Acta,journal,2.6125,,137
S24773473,Sport Exercise and Performance Psychology,journal,1.75,,54
S2481029507,Data in Brief,journal,2.5152005174644243,,80
S2481449237,Human-Computer Interaction,journal,1.8214285714285714,,122
S2481649125,Psychiatria Danubina,journal,0.6637931034482759,,43
S2482021738,Ecology and Evolution,journal,2.44796828543112,,144
S2483688756,Food & Function,journal,5.631159080244017,,157
S2484704948,Frontiers in Microbiology,journal,5.253092611166834,,345
S2485537415,IEEE Access,journal,5.823653673640652,,371
S2486202937,IEICE Transactions on Information and Systems,journal,0.5977011494252874,,62
S2488191322,Open Mind,journal,2.731958762886598,,27
S2489920150,Journal of the American Heart Association,journal,5.3663109316411886,,199
S2490693980,IEEE Transactions on Computational Social Systems,journal,3.3464100666173207,,91
S2490815337,Agrarforschung Schweiz,journal,0.0,,7
S2493380614,Journal of the Royal Army Medical Corps,journal,0.0,,48
S2493613807,Frontiers in Plant Science,journal,5.239723700600159,,327
S2493636226,International Journal of Child-Computer Interaction,journal,4.081081081081081,,60
S24940445,American Water Works Association,journal,0.28509719222462204,,142
S2495708506,JAMA Psychiatry,journal,12.448844884488448,,255
S2495878607,Virtual Reality,journal,5.450530035335689,,101
S2498492389,Brain Informatics,journal,9.807339449541285,,49
S2500088085,The European Physical Journal Plus,journal,2.927736131934033,,107
S25017790,SA Journal of Industrial Psychology,journal,2.252173913043478,,75
S2502047864,ACS Sustainable Chemistry & Engineering,journal,7.303438568268651,,230
S2502673154,Journal of Eye Movement Research,journal,1.5544041450777202,,49
S2504628507,Journal of Obsessive-Compulsive and Related Disorders,journal,1.8928571428571428,,56
S2505486193,Alpine Botany,journal,2.5757575757575757,,39
S2506067282,SoftwareX,journal,2.0297339593114243,,69
S25093289,Ecography,journal,4.675925925925926,,198
S25155249,Journal of Alzheimer s Disease,journal,2.889760348583878,,219
S25157213,Journal of Guidance Control and Dynamics,journal,2.781150159744409,,195
S25269534,Behavioral Neuroscience,journal,1.6696428571428572,,232
S25288619,Journal of Sport and Exercise Psychology,journal,1.7142857142857142,,176
S25293849,The FASEB Journal,journal,3.187454145267792,,403
S2529869117,The Lancet Diabetes & Endocrinology,journal,16.15213358070501,,248
S2531556786,The Lancet Psychiatry,journal,8.203305785123966,,217
S2531685872,EBioMedicine,journal,9.735576923076923,,182
S2531945440,The Lancet HIV,journal,5.344086021505376,,119
S25370267,Journal of Policy Analysis and Management,journal,1.6484375,,179
S25389742,The Police Journal Theory Practice and Principles,journal,1.1610169491525424,,34
S255146,Synthese,journal,1.59472049689441,,164
S25525437,Indian Journal of Dental Research,journal,0.4170403587443946,,75
S25612858,European Journal of Soil Science,journal,4.352622061482821,,167
S25650217,Annals of the Rheumatic Diseases,journal,1.3895833333333334,,371
S25660060,Brazilian Journal of Physical Therapy,journal,0.7362514029180696,,83
S25720340,Telematics and Informatics,journal,7.461538461538462,,160
S25741891,The Clinical Neuropsychologist,journal,2.6474164133738602,,129
S25746158,Journal of Vocational Behavior,journal,6.25748502994012,,276
S25748888,Hispanic American Historical Review,journal,0.6810933940774487,,178
S25809236,Journal of Quantitative Criminology,journal,1.2095238095238094,,130
S25859030,Clinical Child Psychology and Psychiatry,journal,1.1857707509881423,,88
S25903957,BMC Biology,journal,5.834070796460177,,177
S2594976040,Frontiers in Veterinary Science,journal,2.6867020231781575,,122
S2595095599,Frontiers in Robotics and AI,journal,4.358799454297408,,93
S2595917421,Frontiers for Young Minds,journal,0.14497528830313014,,17
S2595931848,Frontiers in Public Health,journal,3.379903164690197,,174
S2596093566,Frontiers in Communication,journal,2.149393090569561,,55
S2596117549,Frontiers in Pediatrics,journal,1.7510739317205517,,116
S2596204836,Frontiers in Environmental Science,journal,4.624719940253921,,128
S2596295431,Frontiers in Research Metrics and Analytics,journal,3.4505494505494507,,36
S2596526815,Frontiers in Education,journal,3.516844164312106,,88
S2596909297,Frontiers in Nutrition,journal,4.1241300951569375,,144
S2596924766,Frontiers in Cell and Developmental Biology,journal,4.532938076416337,,173
S2597028195,Frontiers in Ecology and Evolution,journal,3.147401908801697,,108
S2597052008,Frontiers in Medicine,journal,2.4342146433041303,,148
S2597340651,Frontiers in Genetics,journal,2.7552083333333335,,177
S2597401208,Frontiers in Endocrinology,journal,4.462824284568066,,198
S26008998,Journal of Experimental Psychology Human Perception & Performance,journal,3.5164556962025317,,292
S2607323502,Scientific Data,journal,5.490104772991851,,212
S26073974,Oxford Economic Papers,journal,3.8421052631578947,,152
S26125866,Journal of Materials Science,journal,3.8963545389563974,,308
S26220619,Journal of Learning Disabilities,journal,2.449275362318841,,175
S26596028,Entomologia Experimentalis et Applicata,journal,1.5674418604651164,,135
S26602194,Journal of Analytical Atomic Spectrometry,journal,3.1217208814270725,,148
S26676506,The European Journal of Psychiatry,journal,1.4471544715447155,,39
S2672396,Journal of Oral and Maxillofacial Surgery,journal,0.9253246753246753,,210
S26760650,LWT,journal,6.896186961869619,,220
S26843219,Nature reviews. Neuroscience,journal,14.996563573883162,,574
S26958175,Nursing Inquiry,journal,2.347826086956522,,84
S26966653,Studies in Family Planning,journal,1.4684684684684686,,130
S26978096,Feminist Media Studies,journal,1.8848167539267016,,85
S27105705,Irish Journal of Psychological Medicine,journal,0.9834710743801653,,46
S2713501,Journal of Evaluation in Clinical Practice,journal,1.911134903640257,,115
S27211427,Political Communication,journal,4.86875,,143
S27214173,Journal of Public Health,journal,1.4623493975903614,,138
S27228949,Perspectives on Psychological Science,journal,9.558441558441558,,246
S2729999759,Transactions of the Association for Computational Linguistics,journal,12.821705426356589,,105
S27339233,Business & Information Systems Engineering,journal,7.266666666666667,,92
S2734435911,Conservation Physiology,journal,2.810483870967742,,73
S2734603922,Policing A Journal of Policy and Practice,journal,2.7351778656126484,,54
S2734814886,Digital Scholarship in the Humanities,journal,0.9920844327176781,,42
S2734824697,Annals of Work Exposures and Health,journal,0.7462235649546828,,44
S2735126445,Open Forum Infectious Diseases,journal,1.052774599542334,,101
S2735135405,GigaScience,journal,7.957671957671957,,136
S2735156331,Journal of Cybersecurity,journal,4.381443298969073,,42
S2735251646,Neuroscience of Consciousness,journal,3.7152317880794703,,53
S2735447094,The Journals of Gerontology Series B,journal,2.7947122861586315,,226
S2735557189,Innovation in Aging,journal,0.21384884228920925,,48
S2735938563,Rheumatology Advances in Practice,journal,1.2126984126984126,,29
S2736328598,Journal of EAHIL,journal,0.5441176470588235,,5
S2736332253,Antibiotics,journal,5.874117285845871,,147
S2736365441,Advances in Language and Literary Studies,journal,0.0,,32
S2736366396,LIBER Quarterly The Journal of the Association of European Research Libraries,journal,1.6153846153846154,,28
S2736416831,Preventive Medicine Reports,journal,2.5700934579439254,,83
S2736424777,Journal of Public Health Research,journal,1.3782991202346042,,50
S2736484887,Maternal Health Neonatology and Perinatology,journal,1.5714285714285714,,43
S2736489735,Einstein (São Paulo),journal,0.8583690987124464,,53
S2736502517,Romanian Journal of Military Medicine,journal,0.3878787878787879,,10
S2736513330,Sports Medicine - Open,journal,6.577669902912621,,80
S2736626452,Cells,journal,6.186151894145369,,231
S2736656839,Journal of Librarianship and Scholarly Communication,journal,0.36607142857142855,,26
S2736657409,Turkish Online Journal of Qualitative Inquiry,journal,0.21428571428571427,,24
S2736711785,Dementia & Neuropsychologia,journal,1.9351351351351351,,59
S2736787023,Disability Studies Quarterly,journal,0.7244897959183674,,64
S2736791207,Nastava i vaspitanje,journal,0.24489795918367346,,10
S2736861456,Epiphany,journal,0.06666666666666667,,10
S2736865057,Journal of Marine Science and Engineering,journal,3.439844760672704,,92
S2736865700,Food and Energy Security,journal,4.25,,64
S2736878207,Zeitschrift für Hochschulentwicklung,journal,0.3568075117370892,,19
S2736895435,Children,journal,2.6258471605515306,,83
S2736936350,Fronteiras Journal of Social Technological and Environmental Science,journal,0.31140350877192985,,14
S2736951688,Modern Languages Open,journal,0.13636363636363635,,14
S2736978234,Journal of Global Health,journal,4.826520438683948,,94
S2737005842,Biomedicines,journal,4.783380499099563,,130
S2737007392,Collabra,journal,0.0,,17
S2737027094,In the library with the lead pipe,journal,0.0,,6
S2737036037,Environmental Evidence,journal,5.597014925373134,,66
S2737053723,Psicodebate,journal,0.26666666666666666,,17
S2737075480,The Education and science journal,journal,1.7351351351351352,,26
S2737122417,Pensamiento Psicológico,journal,0.0,,17
S2737205702,Journal of Bioresource Management,journal,0.05434782608695652,,70
S2737215817,"The international archives of the photogrammetry, remote sensing and spatial information sciences/International archives of the photogrammetry, remote sensing and spatial information sciences",journal,0.8499814333457111,,84
S2737241975,Horticulturae,journal,3.6201290322580646,,75
S2737334311,Chemical and Biological Technologies in Agriculture,journal,5.42495126705653,,65
S2737368440,Journal of Intelligence,journal,3.060796645702306,,51
S2737415723,Süleyman Demirel Üniversitesi Fen Bilimleri Enstitüsü Dergisi,journal,0.5070422535211268,,14
S2737427234,Science Advances,journal,12.42687747035573,,377
S2737491567,Journal of Evidence Based Medicine and Healthcare,journal,0.0,,15
S2737558550,Royal Society Open Science,journal,3.8382268278641334,,129
S2737562164,GMS. Medizin - Bibliothek - Information,journal,0.0,,0
S2737656322,Psicología Conocimiento y Sociedad,journal,0.3783783783783784,,11
S2737737698,Advanced Science,journal,8.753397753162071,,279
S2737763444,Avances en Psicología Latinoamericana,journal,0.234375,,24
S2737776339,Acción Psicológica,journal,0.10204081632653061,,24
S2737785665,European Journal of Psychotraumatology,journal,3.787433155080214,,105
S2737850067,The Journal of Educators Online,journal,0.9359605911330049,,44
S2737854655,Science Postprint,journal,0.0,,8
S2737877894,International Journal of Bipolar Disorders,journal,4.078947368421052,,51
S2737929905,Vojnotehnicki glasnik,journal,0.9329608938547486,,21
S2737939966,Foods,journal,6.619077362362809,,182
S2737969411,Journal of Clinical Medicine,journal,3.5393037004598202,,188
S2738007992,Publications,journal,4.1726190476190474,,42
S2738008561,Education Sciences,journal,4.6892512632062475,,115
S2738063279,Biology Open,journal,1.6727941176470589,,77
S2738075545,Psychosocial Intervention,journal,7.230769230769231,,53
S2738164666,Insights the UKSG journal,journal,1.1320754716981132,,25
S2738239452,Library and Information Science Research E-Journal,journal,0.2222222222222222,,19
S2738252563,AERA Open,journal,3.2915254237288134,,71
S2738269901,Psicologí a Educativa,journal,1.488888888888889,,35
S2738297940,Archives of Endocrinology and Metabolism,journal,1.8201219512195121,,46
S2738348041,Technologies,journal,4.8514996342355525,,64
S2738359061,Ocnos Revista de Estudios sobre Lectura,journal,1.2903225806451613,,24
S2738484073,Revista Latinoamericana de Ciencias Sociales Niñez y Juventud,journal,4.23876404494382,,28
S2738495924,Jurnal NERS,journal,1.0327868852459017,,18
S2738497388,Research & Politics,journal,3.028776978417266,,59
S2738571386,Human Genomics,journal,3.361419068736142,,92
S2738614666,Research Ideas and Outcomes,journal,2.1338582677165356,,28
S2738684738,Investigaciones Regionales - Journal of Regional Research,journal,1.1868131868131868,,13
S2738710827,Health Psychology and Behavioral Medicine,journal,3.2781456953642385,,46
S2738725704,Health Psychology Research,journal,1.6168831168831168,,41
S2738741272,Journal of Education and Learning,journal,0.5429616087751371,,44
S2738771326,Cogent Arts and Humanities,journal,1.6265060240963856,,33
S2738919291,Revista de Investigación en Logopedia,journal,0.43157894736842106,,10
S2738945537,Turkish Online Journal of Distance Education,journal,1.8012048192771084,,49
S2738950867,Cureus,journal,1.080598524230119,,130
S2738964782,Sakarya University Journal of Science,journal,0.7906976744186046,,18
S2738977497,Agronomy,journal,4.735630636694037,,167
S2739009134,Logos Revista de Lingüística Filosofía y Literatura,journal,0.0759493670886076,,9
S2739019337,European Journal of Education and Psychology,journal,1.2894736842105263,,34
S2739053435,Journal of Perspectives in Applied Academic Practice,journal,0.25146198830409355,,21
S2739058702,JMIR Research Protocols,journal,1.4426724137931035,,66
S2739064124,Research Society and Development,journal,0.341847696347577,,36
S2739130986,Infectious Diseases and Therapy,journal,5.031620553359684,,75
S2739193000,Campbell Systematic Reviews,journal,3.7889447236180906,,78
S2739259196,Journal of eScience Librarianship,journal,0.9056603773584906,,20
S2739297695,International Indigenous Policy Journal,journal,1.0909090909090908,,41
S2739333207,Pensamiento Actual,journal,0.11475409836065574,,8
S2739370219,Psicologia Ciência e Profissão,journal,0.3879781420765027,,47
S2739385319,Balkan Journal of Dental Medicine,journal,0.36764705882352944,,14
S2739445098,Medical Sciences,journal,1.60849598163031,,60
S2739472552,European Journal of Investigation in Health Psychology and Education,journal,3.9859402460456943,,50
S27405557,Southern African Linguistics and Applied Language Studies,journal,0.6836734693877551,,53
S27514295,Medical Hypotheses,journal,0.8686708860759493,,138
S2753293397,Bollettino della Società italiana di biologia sperimentale,journal,0.0,,2
S2754095473,Zeitschrift für Allgemeinmedizin,journal,0.23076923076923078,,14
S2754281505,Plastic & Reconstructive Surgery Global Open,journal,1.1354903943377148,,79
S2754346785,Prehospital and Disaster Medicine,journal,0.46060606060606063,,89
S2754447418,Current topics in behavioral neurosciences,book series,3.568862275449102,,98
S2754599785,Biomedical Reports,journal,3.251599147121535,,64
S2754843627,Cancer Medicine,journal,3.5763546798029555,,124
S2755080209,Journal of Physical Activity and Health,journal,1.9063032367972743,,122
S2755174949,Annals of Translational Medicine,journal,5.576131687242798,,119
S2755404556,Annals of the Russian academy of medical sciences,journal,0.5136612021857924,,24
S27554591,South African Journal of Science,journal,1.1348600508905853,,81
S2755570778,Medical Journal Armed Forces India,journal,0.6003937007874016,,69
S27558522,Annals of Noninvasive Electrocardiology,journal,0.8897338403041825,,71
S2756090539,Indian Journal of Physiology and Pharmacology,journal,0.5502645502645502,,11
S2756093218,Bratislavské lekárske listy/Bratislava medical journal,journal,0.8585858585858586,,39
S2756162413,Tijdschrift voor psychiatrie,journal,0.0,,6
S2756165422,JAMA Oncology,journal,7.894679695982628,,247
S2756326209,Revue d’élevage et de médecine vétérinaire des pays tropicaux,journal,0.7525773195876289,,29
S2756478974,Experimental and Clinical Transplantation,journal,0.7702970297029703,,30
S27632631,Journal of Brand Management,journal,4.438775510204081,,130
S2764358195,English and American Studies in German,journal,0.0,,35
S2764363554,Research World,journal,0.0,,13
S2764367193,Biodiversity Data Journal,journal,1.2709113607990012,,43
S2764371953,Journal of Epidemiology and Global Health,journal,4.535469107551488,,60
S2764372638,Endocrine Connections,journal,1.9676674364896074,,72
S2764376875,Oriental Journal Of Chemistry,journal,1.1103565365025467,,46
S2764377135,Indian Journal of Poultry Science,journal,0.0,,17
S2764380667,Europe’s Journal of Psychology,journal,1.855421686746988,,62
S2764382054,Annals of Clinical and Translational Neurology,journal,3.5706214689265536,,98
S2764382321,Theory and Practice in Language Studies,journal,0.9753521126760564,,54
S2764384149,BMJ Quality Improvement Reports,journal,0.0,,28
S2764386890,Medical Science Educator,journal,1.6387315968289922,,48
S2764387784,Rawal Medical Journal,journal,0.16666666666666666,,18
S2764399430,Journal of Responsible Innovation,journal,4.748344370860927,,54
S2764402243,Chinese Ergonomics,journal,0.0,,3
S2764404043,Human architecture,journal,0.0,,19
S2764413976,Developing practice,journal,0.0,,10
S2764424815,Evolutionary Psychological Science,journal,1.2777777777777777,,33
S2764425922,Stem Cell Reports,journal,4.54389721627409,,149
S2764431989,"World Academy of Science, Engineering and Technology, International Journal of Nursing and Health Sciences",journal,0.0,,2
S2764432179,Journal of Student Financial Aid,journal,0.5,,34
S2764435430,Psi Chi Journal of Psychological Research,journal,0.5925925925925926,,21
S2764437742,Journal of Materials Chemistry A,journal,8.09924511545293,,361
S2764439977,Religion Brain & Behavior,journal,1.2087912087912087,,46
S2764440867,International Journal of Research in Medical Sciences,journal,0.2668360864040661,,34
S2764443953,International Journal of Learning Teaching and Educational Research,journal,1.9749134948096885,,42
S2764446749,International Journal of Sport Communication,journal,1.0303030303030303,,49
S2764447103,LGBT Health,journal,2.7785714285714285,,75
S2764449704,JMIR Mental Health,journal,10.76984126984127,,100
S2764450051,Brain and Behavior,journal,2.430944963655244,,91
S2764452963,Psychology Teaching Review,journal,0.3939393939393939,,24
S2764455111,PubMed Central,repository,0.03646308113035551,,176
S2764456207,Journal of Behavioral Addictions,journal,6.239864864864865,,117
S2764459744,Education + Training,journal,3.2612244897959184,,127
S2764461159,Psychology Learning & Teaching,journal,0.7846153846153846,,38
S2764461748,Studies in computational intelligence,book series,2.0637254901960786,,139
S2764462298,Journal of Environmental Studies and Sciences,journal,2.5555555555555554,,53
S2764469789,Journal of Research and Health,journal,0.5795454545454546,,14
S2764472295,Journal of Tongji University,journal,0.0,,19
S2764473005,Evolutionary Behavioral Sciences,journal,1.379746835443038,,35
S2764475495,Metals Technology,journal,0.0,,45
S2764482646,Heavy Machinery,journal,0.0,,4
S2764484637,International Journal of Chemical Sciences,journal,0.0,,22
S2764486912,Social Inclusion,journal,1.7186147186147187,,51
S2764487253,East African Journal of Public Health,journal,0.0,,27
S2764488257,Evolution of Nervous Systems,journal,0.1744186046511628,,30
S2764491778,MTZ worldwide,journal,0.1348314606741573,,24
S2764493120,JMIR mhealth and uhealth,journal,4.929794520547945,,158
S2764494412,Nonlinear Engineering,journal,2.483568075117371,,41
S2764494900,Canadian Medical Education Journal,journal,1.0990712074303406,,37
S2764495318,European Journal for Philosophy of Science,journal,1.832512315270936,,47
S2764498157,Career and Technical Education Research,journal,0.18604651162790697,,23
S2764502750,Journal of Tsinghua University(Science and Technology),journal,0.0,,23
S2764504085,Gifted and Talented International,journal,0.7419354838709677,,40
S2764509008,Open Journal of Medical Psychology,journal,0.9583333333333334,,18
S2764511616,International journal of psychological research,journal,0.8431372549019608,,31
S2764511738,Pilot and Feasibility Studies,journal,1.5729847494553377,,48
S2764515546,Journal of Scientific Research and Reports,journal,0.6509360374414976,,34
S2764520577,Arab World English Journal,journal,1.7136563876651982,,49
S2764524428,Voluntary Sector Review,journal,0.7195121951219512,,31
S2764525582,International Journal of Indigenous Health,journal,0.68,,31
S2764526439,Studies in Second Language Learning and Teaching,journal,6.816091954022989,,57
S2764526878,Psihologijske teme,journal,0.8108108108108109,,15
S2764528145,South African Journal of Physiotherapy,journal,1.15,,28
S2764534415,Review Journal of Autism and Developmental Disorders,journal,3.9130434782608696,,62
S2764536895,International Journal of Sport and Exercise Psychology,journal,2.2041420118343193,,71
S2764539601,Archives of Public Health,journal,3.0012515644555693,,77
S2764541242,Neurophotonics,journal,3.134920634920635,,66
S2764542025,Emerging Adulthood,journal,1.7635658914728682,,65
S2764543827,International Journal of ADVANCED AND APPLIED SCIENCES,journal,1.2410596026490066,,31
S2764545032,International Journal of English Linguistics,journal,0.550561797752809,,42
S2764545304,I P Pavlov Russian Medical Biological Herald,journal,0.6,,12
S2764549079,Journal of Neonatal Surgery,journal,0.26862494678586635,,22
S2764549733,Pakistan Journal of Statistics and Operation Research,journal,1.0686274509803921,,34
S2764550306,Korean Society for the Study of Vocational Education,journal,0.08064516129032258,,21
S2764552168,Animal Behavior and Cognition,journal,0.9305555555555556,,34
S2764555221,Interpersona An International Journal on Personal Relationships,journal,0.6153846153846154,,26
S2764555381,Journal of Nuclear Medicine & Radiation Therapy,journal,0.0,,15
S2764555862,Psychology of Sexual Orientation and Gender Diversity,journal,1.8728813559322033,,70
S2764561087,Global Food Security,journal,7.447761194029851,,125
S2764564090,Journal of Open Research Software,journal,0.7387387387387387,,42
S2764564261,Environmental Development,journal,4.302605210420841,,78
S2764564362,MedEdPublish,journal,0.9864864864864865,,33
S2764571748,Political Science Research and Methods,journal,2.85,,66
S2764577648,Indian Journal of Health and Wellbeing,journal,0.0,,17
S2764582272,Technology Knowledge and Learning,journal,6.364238410596027,,67
S2764583399,International Journal of Play,journal,0.9310344827586207,,33
S2764584420,Trends in Psychiatry and Psychotherapy,journal,1.253968253968254,,47
S2764587604,International Journal Of Engineering And Computer Science,journal,0.984,,25
S2764590216,APS observer,journal,0.0,,26
S2764590641,English Language Teaching,journal,0.49310344827586206,,81
S2764592690,Human Genome Variation,journal,1.7474747474747474,,32
S2764598273,Current Opinion in Behavioral Sciences,journal,5.723140495867769,,119
S2764609529,Porto Biomedical Journal,journal,1.726027397260274,,32
S2764619492,Scientific Research on Aging,journal,0.0,,4
S2764626948,Journal of Nantong University,journal,0.0,,4
S2764627845,Annals of the International Communication Association,journal,3.840909090909091,,91
S2764631557,ACR North American Advances,journal,0.0,,124
S2764634622,Journal of Applied Research in Memory and Cognition,journal,1.0609137055837563,,67
S2764634890,BIOspektrum,journal,0.042789223454833596,,7
S2764638019,Biomedical Journal of Scientific & Technical Research,journal,0.31048121292023734,,32
S2764642026,BJPsych Bulletin,journal,0.8541033434650456,,46
S2764643167,Studies in African Linguistics,journal,2.7941176470588234,,65
S2764647521,American Journal of Medical Genetics Part B Neuropsychiatric Genetics,journal,1.2727272727272727,,133
S2764647641,International Journal of Modern Trends in Engineering and Research,journal,0.0,,15
S2764647800,Journal of College Teaching & Learning (TLC),journal,0.0,,38
S2764664775,Bulletin of the American Physical Society,journal,0.0,,42
S2764665486,Advances in neurobiology,book series,2.9722222222222223,,50
S2764667276,Journal of applied mathematics & informatics,journal,0.0,,20
S2764669166,Zhonghua fangshe yixue yu fanghu zazhi,journal,0.0,,6
S2764669884,Chicago-Kent law review,journal,0.0,,32
S2764670959,New Horizons in Adult Education and Human Resource Development,journal,1.0263157894736843,,29
S2764671299,Nature Plants,journal,9.973821989528796,,207
S2764676598,WIT transactions on the built environment,journal,0.10204081632653061,,39
S2764680450,Psychonomic Science,journal,0.0,,86
S2764683210,Oslo Studies in Language,journal,0.0,,22
S2764683450,Blood Advances,journal,5.25296630280019,,131
S2764685422,International Journal of Developmental Science,journal,0.8043478260869565,,32
S2764689155,Journal of Experimental Psychopathology,journal,0.8333333333333334,,42
S2764690196,Journal of Choice Modelling,journal,3.6451612903225805,,51
S2764695364,Loyola of Los Angeles law review,journal,0.8125,,24
S2764696622,AIP conference proceedings,journal,0.46935197251510485,,127
S2764698263,Photonics Research,journal,5.105916030534351,,110
S2764699106,Perspectives on Medical Education,journal,3.7772727272727273,,66
S2764699353,Agora International Journal of Juridical Sciences,journal,0.28994082840236685,,5
S2764704529,Metal Science,journal,0.0,,89
S2764710108,Journal of Biometrics & Biostatistics,journal,0.0,,23
S2764711283,European Health Psychologist,journal,0.20689655172413793,,14
S2764717225,Revista Interamericana de Psicología/Interamerican Journal of Psychology,journal,0.45901639344262296,,24
S2764720961,Gateways International Journal of Community Research and Engagement,journal,0.90625,,19
S2764726840,Food Bioscience,journal,5.628333060690332,,102
S2764728225,Psychology Research and Behavior Management,journal,6.477891156462585,,83
S2764731138,First Peoples Child & Family Review An Interdisciplinary Journal Honouring the Voices Perspectives and Knowledges of First Peoples,journal,3.142857142857143,,31
S2764731898,IRAL - International Review of Applied Linguistics in Language Teaching,journal,4.132183908045977,,83
S2764732000,Perspectives of the ASHA Special Interest Groups,journal,1.1705069124423964,,33
S2764736975,Gerontology and Geriatric Medicine,journal,3.0816326530612246,,48
S2764746430,Current Opinion in Psychology,journal,4.875536480686695,,157
S2764749963,Sustainable Production and Consumption,journal,12.459039548022599,,135
S2764751513,Annals of the Japan Association for Philosophy of Science,journal,0.2777777777777778,,13
S2764751824,Astrophysics and space science library,book series,0.42105263157894735,,124
S2764754199,WSEAS Transactions on Mathematics archive,journal,0.0,,16
S2764755366,The Winnower,journal,0.0,,13
S2764755457,International Journal of Mining Science and Technology,journal,13.219780219780219,,97
S2764756373,Journal of Pediatric Genetics,journal,0.4489795918367347,,32
S2764759637,Health Psychology Open,journal,2.130434782608696,,44
S2764759993,International Journal of Business Communication,journal,2.4871794871794872,,55
S2764761676,Annals of Palliative Medicine,journal,2.694244604316547,,57
S2764769492,Journal of Social and Political Psychology,journal,1.3389830508474576,,50
S2764769606,Compass Journal of Learning and Teaching,journal,0.3958333333333333,,15
S2764773709,IOSR Journal of Computer Engineering,journal,0.7766497461928934,,35
S2764777161,Performance Enhancement & Health,journal,2.1676646706586826,,33
S2764778172,International Journal of Nursing Sciences,journal,2.810126582278481,,61
S2764780878,International Journal of Kinesiology and Sports Science,journal,0.9583333333333334,,18
S2764781207,Information Services & Use,journal,1.1639344262295082,,34
S2764786266,Psychological Thought,journal,0.581081081081081,,22
S2764794075,Electric Power Construction,journal,0.0,,12
S2764797421,Longitudinal and Life Course Studies,journal,1.4285714285714286,,37
S2764797630,Journal of Taibah University Medical Sciences,journal,1.8082191780821917,,51
S2764799840,Urogynecology,journal,0.9567099567099567,,51
S2764801637,Journal of Family Medicine and Primary Care,journal,1.3487338960462016,,81
S2764801657,Research Ethics,journal,3.2814814814814817,,38
S2764801770,Archive for the Psychology of Religion,journal,2.262295081967213,,33
S2764801966,Journal of Destination Marketing & Management,journal,8.089201877934272,,111
S2764805218,Psikiyatride Guncel Yaklasimlar - Current Approaches in Psychiatry,journal,1.024822695035461,,27
S2764808104,The Lancet Public Health,journal,16.140552995391705,,155
S2764815134,Pediatric Gastroenterology Hepatology & Nutrition,journal,1.373913043478261,,40
S2764819467,Contemporary Clinical Trials Communications,journal,1.7057356608478802,,41
S2764820791,Journal of Organizational Ethnography,journal,1.1652173913043478,,30
S2764822563,Journal of Shaanxi Normal University,journal,0.0,,7
S2764824912,Cogent Psychology,journal,1.7095588235294117,,49
S2764826751,Journal of Social and Economic Development,journal,1.7122641509433962,,23
S2764826785,Journal of Engineering Graphics,journal,0.0,,8
S2764829314,Essays on Canadian writing,journal,0.0,,9
S2764829433,Serbian Journal of Electrical Engineering,journal,0.921875,,24
S2764830010,International Journal of Disaster Risk Reduction,journal,6.360574541852402,,137
S2764830181,Journal of the Arkansas Academy of Science,journal,0.06532472464868971,,26
S2764831659,BJPsych Open,journal,0.7462943812478455,,74
S2764836825,Current Issues in Personality Psychology,journal,1.0153846153846153,,22
S2764842537,Construction Mechanization,journal,0.0,,3
S2764847762,Revista Avaliação Psicológica,journal,0.0,,19
S2764850437,International Economics,journal,3.004201680672269,,56
S2764854317,Journal of Learning Development in Higher Education,journal,1.0123762376237624,,18
S2764861007,International Journal of Applied Linguistics & English Literature,journal,0.0,,32
S2764866340,Nature Human Behaviour,journal,13.774496644295303,,178
S2764867093,WIT transactions on ecology and the environment,journal,0.31092436974789917,,43
S2764871139,BMC Psychology,journal,3.9944208289054197,,83
S2764872494,Politics and Governance,journal,3.045346062052506,,57
S2764873337,International journal of nonlinear analysis and applications,journal,0.0,,20
S2764880913,Психология Журнал Высшей школы экономики,journal,0.728,,17
S2764882841,Journal of Huaihua University,journal,0.0,,5
S2764883267,Childhood Education,journal,0.2634146341463415,,56
S2764884935,Nature Ecology & Evolution,journal,10.861486486486486,,205
S2764888808,Global Bioethics,journal,2.5925925925925926,,23
S2764897075,Clinical Psychological Science,journal,3.676829268292683,,101
S2764897733,Australasian Journal of Gifted Education,journal,0.6785714285714286,,15
S2764898862,Global Journal of Community Psychology Practice,journal,0.5263157894736842,,16
S2764899391,International journal of exercise science,journal,1.1829268292682926,,45
S2764900261,Communications in computer and information science,book series,0.5596713698874799,,100
S2764900504,Iranian Journal of Psychiatry and Behavioral Sciences,journal,3.3553299492385786,,31
S2764905038,Advances in intelligent systems and computing,book series,0.7229381443298969,,106
S2764906143,National Journal of Physiology Pharmacy and Pharmacology,journal,0.3348623853211009,,31
S2764915518,Clinical Nursing Studies,journal,0.21428571428571427,,18
S2764915710,Clinical Nutrition ESPEN,journal,0.9858841010401189,,66
S2764916157,Archives of Psychiatry and Psychotherapy,journal,0.5222222222222223,,22
S2764918126,International Journal of Psychological Studies,journal,0.3561643835616438,,35
S2764918247,Cogent Education,journal,4.030549898167006,,75
S2764918286,Ethics Medicine and Public Health,journal,0.6075581395348837,,29
S2764922483,Social medicine,journal,0.5445544554455446,,20
S2764926134,Gastronomica The Journal of Food and Culture,journal,0.2074468085106383,,35
S2764927497,Pain Management,journal,1.4318181818181819,,51
S2764929012,Turkiye Klinikleri Journal of Biostatistics,journal,0.17647058823529413,,10
S2764932332,Iraqi Journal of Science,journal,0.8911042944785276,,26
S2764932738,The Joint Commission Journal on Quality Improvement,journal,0.0,,60
S2764933353,Bulletin of primitive technology,journal,0.0,,6
S2764939095,BMJ Open Sport & Exercise Medicine,journal,3.530398322851153,,71
S2764940662,European Research Libraries Cooperation,journal,0.0,,0
S2764940779,Journal of Gastrointestinal Oncology,journal,1.9101449275362319,,57
S2764943951,Asian Journal of Women s Studies,journal,0.961038961038961,,31
S2764945019,The Journal of Frailty & Aging,journal,3.4654377880184333,,47
S2764947943,Journal of Behavioral and Brain Science,journal,1.0909090909090908,,27
S2764948304,Animal Sentience,journal,0.36538461538461536,,33
S2764949401,Teacher Education Research,journal,0.0,,7
S2764949791,Energy Studies Review,journal,1.5384615384615385,,20
S2764949934,Journal of Contextual Behavioral Science,journal,3.587719298245614,,70
S2764955276,The Egyptian Journal of Forensic Sciences and Applied Toxicology,journal,0.1527777777777778,,10
S2764960905,Journal of Jiangsu Teachers University of Technology,journal,0.0,,3
S2764963158,Society for Historical Archaeology,journal,0.0,,4
S2764966877,Work Organisation Labour & Globalisation,journal,0.43820224719101125,,29
S2764971158,University of New South Wales law journal,journal,0.5977011494252874,,26
S2764973614,Journal of Poverty and Social Justice,journal,0.803030303030303,,30
S2764976161,Etnoantropološki problemi / Issues in Ethnology and Anthropology,journal,0.15527950310559005,,10
S2764976862,Sports Orthopaedics and Traumatology,journal,0.10565110565110565,,18
S2764977685,International Journal of Computing,journal,0.8177339901477833,,28
S2764979803,International Journal of Developmental Disabilities,journal,1.254863813229572,,42
S2764981211,Against the grain,journal,0.0,,16
S2764981878,Journal of China Women's University,journal,0.0,,2
S2764986774,Journal of Interprofessional Education & Practice,journal,0.43333333333333335,,27
S2764987832,Linguistic Approaches to Bilingualism,journal,3.314516129032258,,53
S2764989785,The Aeronautical Journal,journal,1.9343434343434343,,68
S2764994318,Jiangsu Education Research,journal,0.0,,2
S2765005735,The Japanese Journal of Cognitive Psychology,journal,0.05660377358490566,,6
S2765008417,American Journal of Ophthalmology Case Reports,journal,0.815668202764977,,34
S2765010835,Psychology of Popular Media Culture,journal,0.0,,55
S2765010865,Survey research methods,journal,0.0,,2
S2765017008,International Journal of Current Microbiology and Applied Sciences,journal,3.668632075471698,,56
S2765018180,Kyouikugaku no kenkyuu to jissen,journal,0.0,,5
S2765019825,Journal of Pharmacognosy and Phytochemistry,journal,0.3491346877351392,,60
S2765022084,Journal of Cognitive Psychology,journal,1.8598726114649682,,62
S2765027786,International Journal of Health Promotion and Education,journal,0.9431818181818182,,31
S2765033030,Library Herald,journal,0.04,,10
S2765039435,International journal of innovation and applied studies,journal,0.0,,23
S2765039750,Cumhuriyet International Journal of Education,journal,0.5833333333333334,,16
S2765041404,Journal Of Science & Cycling,journal,0.375,,12
S2765041812,Journal of Applied Research in Higher Education,journal,2.822429906542056,,49
S2765043438,Teaching English With Technology,journal,5.321428571428571,,33
S2765053827,Delta Pi Epsilon journal,journal,0.0,,19
S2765054068,World Leisure Journal,journal,1.538888888888889,,43
S2765057658,Sport Marketing Quarterly,journal,1.3373493975903614,,69
S2765057819,Metaphor and the Social World,journal,0.7796610169491526,,32
S2765060141,Policy Insights from the Behavioral and Brain Sciences,journal,1.988235294117647,,53
S2765061291,Zhongguo fushe weisheng,journal,0.0,,3
S2765063641,Christianity & Literature,journal,0.0,,16
S2765063712,Journal of Criminal Psychology,journal,1.9763779527559056,,23
S2765066495,Journal of the Royal Statistical Society Series D (The Statistician),journal,0.0,,178
S2765072596,Language Cognition and Neuroscience,journal,1.9170731707317072,,72
S2765073098,Contemporary Psychology,journal,0.0,,102
S2765075872,Journal of The Academy of Clinical Microbiologists,journal,0.7413793103448276,,8
S2765076455,Journal of Changsha University of Science & Technology,journal,0.0,,6
S2765077160,Journal of the Indian Chemical Society,journal,3.1129032258064515,,50
S2765077297,Microbial Cell,journal,3.4415584415584415,,54
S2765078956,Proceedings from Semantics and Linguistic Theory,journal,0.3008849557522124,,79
S2765079165,The Annual of the British School at Athens,journal,0.35135135135135137,,61
S27728525,Machine Vision and Applications,journal,2.8165374677002584,,98
S27796801,Urban Water Journal,journal,1.5938566552901023,,73
S27865717,Journal of Emergencies Trauma and Shock,journal,0.7445255474452555,,60
S2809516038,National Bureau of Economic Research,repository,2.9664371772805507,,424
S28438197,Journal of Applied Ichthyology,journal,1.6306306306306306,,91
S284573,Neurobiology of Aging,journal,3.5390243902439025,,267
S28482811,Sleep Medicine Reviews,journal,7.873925501432665,,228
S2859590,Cognitive Neuropsychiatry,journal,1.9833333333333334,,82
S28604305,Communication Research,journal,4.931972789115647,,191
S28607811,Journal of Investigative Dermatology,journal,0.6528198908429351,,311
S28809945,Estuaries,journal,0.0,,167
S28964699,Archives of Sexual Behavior,journal,2.4959349593495936,,186
S28966261,Medicine,journal,1.898457779813712,,286
S2898136558,Suma Psicológica,journal,0.5555555555555556,,25
S2898155583,European Review of Applied Psychology,journal,1.1454545454545455,,53
S2898162711,HardwareX,journal,1.9546925566343043,,42
S2898194095,NeuroImage Clinical,journal,3.4968944099378882,,133
S2898217257,Experimentelle Pathologie,journal,0.0,,17
S2898220597,FMC - Formación Médica Continuada en Atención Primaria,journal,0.10946745562130178,,17
S2898237934,Revista Colombiana de Psiquiatría,journal,0.3739130434782609,,39
S2898246533,IFAC Proceedings Volumes,journal,0.0,,140
S2898247517,Revue des Maladies Respiratoires Actualités,journal,0.029931972789115645,,6
S2898264183,Health Professions Education,journal,0.8269230769230769,,33
S2898269294,MethodsX,journal,3.966904607397794,,75
S2898297012,Ophthalmology Glaucoma,journal,1.7981366459627328,,39
S2898336971,Sleep Science,journal,0.5440613026819924,,43
S2898345135,The Lancet Child & Adolescent Health,journal,5.505859375,,116
S2898347799,EClinicalMedicine,journal,11.525797101449275,,149
S2898353726,Neurobiology of Stress,journal,4.04147465437788,,75
S2898356475,Schizophrenia Research Cognition,journal,1.5294117647058822,,38
S2898358376,iScience,journal,4.463405618531296,,138
S2898402987,Spanish Journal of Marketing - ESIC,journal,5.3,,52
S2898407351,Materials Today Proceedings,journal,4.793032786885246,,146
S2898414600,Ampersand,journal,2.9043478260869566,,25
S2898461278,European Journal of Trauma & Dissociation,journal,1.67621776504298,,24
S2898482455,Alzheimer s & Dementia Diagnosis Assessment & Disease Monitoring,journal,2.6786355475763015,,87
S2898488372,Acta de Investigación Psicológica,journal,0.7777777777777778,,23
S2898508869,Ansiedad y Estrés,journal,1.105263157894737,,28
S2898509050,Digital Applications in Archaeology and Cultural Heritage,journal,1.9575289575289576,,37
S2898532908,Obesity Medicine,journal,2.316326530612245,,39
S2898549194,Current Opinion in Physiology,journal,0.7516339869281046,,50
S2898598607,Revista Española de Geriatría y Gerontología,journal,0.5168067226890757,,37
S2898601235,Kinésithérapie la Revue,journal,0.13323572474377746,,11
S2898601774,Biological Psychiatry Cognitive Neuroscience and Neuroimaging,journal,1.7784911717495988,,84
S2898612692,Heliyon,journal,8.62784211770267,,185
S2911862562,Canadian Journal of Counselling and Psychotherapy,journal,0.15384615384615385,,36
S2912347760,Canadian Journal of Education / Revue canadienne de l éducation,journal,0.39226519337016574,,103
S2913204857,Journal of Business Economics,journal,2.2325581395348837,,50
S2914465987,Journal of Applied and Natural Science,journal,0.5823529411764706,,35
S29210485,Journal of Personnel Psychology,journal,0.4897959183673469,,50
S2927652741,Journal of Education,journal,0.8928571428571429,,74
S29564236,Journal of Ethnopharmacology,journal,5.243552311435523,,305
S29607422,Current Science,journal,0.8870151770657673,,115
S29620287,Journal of Patient Safety,journal,1.1818181818181819,,69
S29666029,Journal of Advanced Academics,journal,1.2982456140350878,,63
S29676049,Learned Publishing,journal,2.735135135135135,,66
S29746465,ReCALL,journal,11.82857142857143,,92
S29775604,Mutation Research/Genetic Toxicology and Environmental Mutagenesis,journal,2.4936708860759493,,146
S29918858,Obesity,journal,3.783641160949868,,234
S29946585,European Journal of Plant Pathology,journal,2.0676532769556024,,139
S29957380,Journal of Microbiology and Biology Education,journal,1.2222222222222223,,45
S29984966,Journal of Personality and Social Psychology,journal,2.9386281588447654,,760
S3005725775,PsyArXiv,repository,0.0,,1
S3005729997,medRxiv,repository,0.7098634459496219,,188
S3006207977,Proceedings of the Royal Society B Biological Sciences,journal,3.837820512820513,,403
S30122339,Neuroscience,journal,2.763089683773976,,369
S3012771251,Global Health Research and Policy,journal,5.54,,52
S30145729,Visual Cognition,journal,1.3852459016393444,,112
S30211177,Psychology of Women Quarterly,journal,1.7280701754385965,,172
S3023480720,Current Journal of Applied Science and Technology,journal,0.5647668393782384,,24
S3034431341,Bulletin of the National Research Centre/Bulletin of the National Research Center,journal,4.592948717948718,,60
S3035657644,Cognitive Research Principles and Implications,journal,3.2162162162162162,,59
S30594836,Journal of Computer-Mediated Communication,journal,7.848484848484849,,180
S30803906,Science Communication,journal,3.2802547770700636,,110
S30879505,Journal of the Association for Information Systems,journal,0.20126191089363893,,181
S31010182,Review of Scientific Instruments,journal,1.8117543084401238,,251
S31064911,Psychology of Addictive Behaviors,journal,1.2984615384615386,,159
S3127688,Language Problems & Language Planning,journal,1.125,,48
S31423397,Revue de Pneumologie Clinique,journal,0.0,,19
S31497010,Journal of Child Language,journal,1.6578947368421053,,167
S31690342,Strategic Entrepreneurship Journal,journal,4.243243243243243,,112
S31737505,Pragmatics & Cognition,journal,1.4,,61
S31748134,Industrial Marketing Management,journal,7.572446555819478,,242
S31768639,Age and Ageing,journal,2.488288288288288,,232
S31771912,New Directions for Child and Adolescent Development,journal,1.9411764705882353,,114
S3206652469,Dialogues in Clinical Neuroscience,journal,3.452830188679245,,151
S3207474444,Journal of Statistics and Data Science Education,journal,1.8248175182481752,,22
S32114090,Mathematics and Computers in Simulation,journal,3.3115577889447234,,175
S3225087,Intelligence,journal,2.6785714285714284,,158
S32271328,Journal of Environmental Psychology,journal,5.079081632653061,,254
S32366842,Zoo Biology,journal,0.9095238095238095,,97
S32491150,Europhysics news,journal,0.32,,40
S32515731,Archives de Pédiatrie,journal,1.0906040268456376,,58
S32648145,Qualitative Health Research,journal,3.419724770642202,,188
S32898093,Journal of Neural Engineering,journal,4.078947368421052,,166
S33002895,Gedrag & Organisatie,journal,0.05454545454545454,,25
S33105140,Semantics and Pragmatics,journal,0.5789473684210527,,55
S33159018,Current Medicinal Chemistry,journal,2.561163387510693,,229
S33190353,Comparative European Politics,journal,2.3059701492537314,,71
S33323087,Management Science,journal,5.805622489959839,,479
S33418846,British Journal of Anaesthesia,journal,4.119750283768445,,290
S33456383,Journal of Animal Ecology,journal,2.651685393258427,,315
S33786796,Das Gesundheitswesen,journal,0.24833029751062538,,56
S33826441,African Journal of Biomedical Research,journal,0.2694085027726433,,43
S33876618,Journal of Pacific Rim Psychology,journal,3.736842105263158,,38
S34011028,Philosophy Compass,journal,2.0430622009569377,,90
S34136372,American Journal of Physiology-Gastrointestinal and Liver Physiology,journal,2.947513812154696,,228
S34137071,Health Psychology,journal,1.2018018018018017,,275
S34358731,ZOOLOGICAL SCIENCE,journal,1.5178571428571428,,84
S3444786,Neuroinformatics,journal,2.3096774193548386,,84
S34494434,Chemosensory Perception,journal,0.0,,46
S34816297,Scandinavian Journal of Psychology,journal,1.7413793103448276,,127
S3481703,Journal of Occupational Health Psychology,journal,4.535714285714286,,197
S34842069,Journal of Endocrinology,journal,5.744565217391305,,220
S35062419,Journal of Urban Design,journal,2.1739130434782608,,82
S35223124,Psychological Review,journal,5.366379310344827,,517
S35334646,Journal of Obstetrics and Gynaecology,journal,1.8076923076923077,,80
S35369596,Psychological Assessment,journal,1.228985507246377,,250
S35508115,Journal of Clinical and Experimental Neuropsychology,journal,1.7304347826086957,,180
S35573031,International Journal of Behavioral Medicine,journal,2.111111111111111,,103
S357931,Experimental and Clinical Psychopharmacology,journal,0.8038461538461539,,130
S35819839,Psychological Research,journal,1.5211581291759466,,135
S35917800,Ecology,journal,3.4827586206896552,,506
S36178057,Economics Letters,journal,2.2202797202797204,,199
S362129,Couple and Family Psychology Research and Practice,journal,0.4864864864864865,,40
S36233454,Accountability in Research,journal,4.017142857142857,,55
S36339387,British Journal of Clinical Psychology,journal,2.0,,146
S36385850,European Journal of Teacher Education,journal,3.324561403508772,,92
S36547454,International Entrepreneurship and Management Journal,journal,6.847176079734219,,117
S36653316,Frontiers in Cellular Neuroscience,journal,5.038031319910514,,176
S36783443,Cognitive Psychology,journal,8.905263157894737,,280
S36838616,Cytotherapy,journal,1.0,,127
S36874608,e+i Elektrotechnik und Informationstechnik,journal,0.6244725738396625,,31
S3688831,Journal of Asian Pacific Communication,journal,5.446428571428571,,32
S36909932,Medicinal Chemistry Research,journal,3.4210526315789473,,73
S3694117,Biological Psychology,journal,2.301762114537445,,201
S37169408,Clinical Immunology,journal,2.773472429210134,,164
S37477851,East European Politics and Societies and Cultures,journal,1.206896551724138,,66
S37667796,Haemophilia,journal,2.1400651465798046,,123
S37739784,Personality and Social Psychology Review,journal,11.211538461538462,,227
S3774022,The Journal of Pediatrics,journal,2.4848762603116406,,332
S3794950,La Recherche,journal,0.0,,8
S37976914,JAWRA Journal of the American Water Resources Association,journal,2.0,,165
S38008053,The Journal of Immunology,journal,0.5516664130269365,,532
S38050710,Leadership and Policy in Schools,journal,2.04029304029304,,58
S38337076,Clinical Neurophysiology,journal,1.3316168898043255,,249
S38400733,Infants & Young Children,journal,0.6133333333333333,,68
S38427009,Applied Psycholinguistics,journal,1.6126760563380282,,151
S38537713,International Journal of Disability Development and Education,journal,1.5948275862068966,,76
S3880285,Science,journal,20.183662076665428,,1759
S38824448,Intellectual and developmental disabilities,journal,1.5327868852459017,,74
S38919146,Food Research International,journal,6.79388526279629,,279
S3892243,DNA repair,journal,4.554216867469879,,155
S38993383,IEEE Transactions on Haptics,journal,2.146153846153846,,84
S39012697,Fundamenta Informaticae,journal,0.6590909090909091,,81
S39041608,Patient Education and Counseling,journal,2.0437076111529766,,217
S39132018,Journal of Child Psychotherapy,journal,0.592,,37
S39160355,Bulletin of the American Astronomical Society,journal,0.0,,33
S39182069,International Journal of Sociology,journal,2.7288135593220337,,48
S3925375,American Journal of Clinical Hypnosis,journal,0.5783132530120482,,63
S39440278,Canadian Psychology/Psychologie canadienne,journal,0.8947368421052632,,104
S39538987,Frontiers in Molecular Neuroscience,journal,4.84,,144
S39612629,Communications in Nonlinear Science and Numerical Simulation,journal,3.011208967173739,,154
S39653451,Planta Medica,journal,0.5749202975557917,,166
S40080443,Journal of Interprofessional Care,journal,2.1416666666666666,,121
S40137911,Journal of Personality Assessment,journal,2.2626262626262625,,184
S4019948,Journal of Attention Disorders,journal,3.1493506493506493,,123
S40362259,Cross-Cultural Research,journal,3.709090909090909,,74
S40384666,Journal of Latinos and Education,journal,0.7563291139240507,,50
S40391745,Artificial Organs,journal,1.377388535031847,,104
S40395498,Ideas in Ecology and Evolution,journal,1.3333333333333333,,19
S40528764,The Journal of Academic Librarianship,journal,3.3091397849462365,,113
S40629775,Journal of American Association for Pediatric Ophthalmology and Strabismus,journal,0.575326215895611,,96
S4063504,Chirurgie de la Main,journal,0.0,,41
S40639335,Zeitschrift für Erziehungswissenschaft,journal,1.7401960784313726,,61
S40861184,Molecular Neurodegeneration,journal,17.284246575342465,,168
S40951238,Journal of Indian Society of Pedodontics and Preventive Dentistry,journal,1.2459016393442623,,63
S40975480,European Journal of International Relations,journal,2.8046875,,139
S4121042,Spatial Cognition and Computation,journal,2.6333333333333333,,53
S4122505,Pharmacopsychiatry,journal,1.4183673469387754,,106
S41354064,ChemInform,journal,0.0,,137
S41454044,Annals of Oncology,journal,1.5079784630445423,,387
S41481881,Currents in Pharmacy Teaching and Learning,journal,1.4843462246777164,,49
S41645954,Psychiatric Genetics,journal,1.2698412698412698,,77
S41650241,The Journal of Philosophy,journal,2.0531914893617023,,294
S41713991,Journal of Ethnicity in Substance Abuse,journal,1.015228426395939,,44
S41719476,Interventional Medicine and Applied Science,journal,0.0,,25
S4179095,The American Statistician,journal,1.4702380952380953,,211
S41882632,The Arts in Psychotherapy,journal,1.425,,76
S4210167450,Çankırı Karatekin Üniversitesi Sosyal Bilimler Enstitüsü Dergisi,journal,0.6354166666666666,,5
S4210167556,Research Integrity and Peer Review,journal,2.510204081632653,,39
S4210167673,Springer international handbooks of education,book series,0.8009009009009009,,62
S4210167701,Future Healthcare Journal,journal,2.2,,40
S4210167706,Science Editor and Publisher,journal,0.9523809523809523,,12
S4210167823,Science & Education,journal,4.089928057553957,,94
S4210167893,Communications Medicine,journal,5.397849462365591,,55
S4210167948,Czech Sociological Review,journal,0.32727272727272727,,32
S4210167968,Psicologia Saúde & Doenças,journal,0.5882352941176471,,18
S4210168012,World Scientific series in robotics and intelligent systems,book series,0.0,,34
S4210168073,Intelligence & National Security,journal,1.1422594142259415,,45
S4210168151,Res Medica,journal,0.0,,8
S4210168157,Spor ve Performans Araştırmaları Dergisi,journal,0.5222222222222223,,12
S4210168166,Revue Française d Allergologie et d Immunologie Clinique,journal,0.0,,19
S4210168407,International Journal of Human Resource Development Practice Policy & Research,journal,0.4594594594594595,,7
S4210168414,Journal of Theoretical Social Psychology,journal,1.2222222222222223,,21
S4210168433,Lumen Selected Proceedings from the Canadian Society for Eighteenth-Century Studies,journal,0.0,,11
S4210168480,The Progressive Fish-Culturist,journal,0.0,,71
S4210168539,Science and Public Policy,journal,2.589090909090909,,113
S4210168594,ECS Meeting Abstracts,journal,0.08798760358418109,,41
S4210168739,M n gement,journal,1.2769230769230768,,46
S4210168793,International Journal of Learner Corpus Research,journal,3.2954545454545454,,24
S4210168924,Zeitschrift für Naturforschung A,journal,1.7406015037593985,,122
S4210169014,Motivation Science,journal,2.128205128205128,,44
S4210169156,Lecture notes in networks and systems,book series,0.5186916805814753,,69
S4210169209,Sports Innovation Journal,journal,0.625,,10
S4210169550,Zeitschrift für Phytotherapie,journal,0.1825726141078838,,13
S4210169567,International Journal of Recent Technology and Engineering (IJRTE),journal,0.4567901234567901,,40
S4210169613,European Journal of Medicinal Chemistry,journal,5.92264017033357,,239
S4210169628,General Reanimatology,journal,1.34,,17
S4210169992,"World Congress on Medical Physics and Biomedical Engineering, September 7 - 12, 2009, Munich, Germany",book series,0.2843738722482858,,52
S4210169993,Civil War Book Review,journal,0.013728720483250962,,83
S4210170079,Zbornik radova Filozofskog fakulteta u Pristini,journal,0.1511111111111111,,7
S4210170367,Revista Portuguesa de Pedagogia,journal,0.16666666666666666,,15
S4210170448,Journal of Politeness Research,journal,2.0,,56
S4210170460,"The International library of ethics, law and technology",book series,1.3181818181818181,,26
S4210170546,Emerging Topics in Life Sciences,journal,2.3870967741935485,,54
S4210170572,The Planetary Science Journal,journal,3.8450704225352115,,46
S4210170686,Frontiers in Digital Health,journal,4.619190404797601,,63
S4210170699,AI and Ethics,journal,5.420353982300885,,65
S4210170764,Cerebral Cortex Communications,journal,0.0,,28
S4210170788,Septentrio Conference Series,conference,0.09821428571428571,,7
S4210170805,Marketing ZFP,journal,0.05660377358490566,,34
S4210170889,ELT Journal,journal,3.6198830409356724,,158
S4210170908,Journal of language and Education,journal,1.8611111111111112,,22
S4210171053,Journal of Contextual Economics – Schmollers Jahrbuch,journal,0.6111111111111112,,45
S4210171081,Versicherungsmagazin,journal,0.0033222591362126247,,5
S4210171238,Concussion,journal,0.8571428571428571,,28
S4210171307,Scientia Sinica Vitae,journal,0.29876977152899825,,21
S4210171407,Laboratório de Psicologia,journal,0.0,,14
S4210171466,Rangelands,journal,1.4166666666666667,,42
S4210171740,American Journal of Trade and Policy,journal,2.7142857142857144,,18
S4210171920,Space - Society - Economy,journal,0.2727272727272727,,8
S4210171953,Trends in Sciences,journal,1.450251256281407,,19
S4210172023,Developments in marketing science: proceedings of the Academy of Marketing Science,book series,0.2605042016806723,,35
S4210172024,"Language, cognition and mind",book series,0.0,,29
S4210172046,"Smart innovation, systems and technologies",book series,0.31269974768713205,,57
S4210172076,Diagnostics,journal,3.6634794776119404,,126
S4210172107,Revista de PSICOLOGÍA DE LA SALUD,journal,0.2727272727272727,,15
S4210172139,Methods in molecular biology,book series,1.1924632055636422,,255
S4210172201,Genomics and Computational Biology,journal,0.0,,10
S4210172298,Dutch Journal of Applied Linguistics,journal,1.7,,19
S4210172339,"Logic, argumentation & reasoning",book series,0.1,,19
S4210172364,Journal of Comparative & International Higher Education,journal,1.008888888888889,,17
S4210172429,Journal of New Librarianship,journal,0.2909090909090909,,7
S4210172441,التربية (الأزهر) مجلة علمية محکمة للبحوث التربوية والنفسية والاجتماعية),journal,0.024226110363391656,,3
S4210172588,Journal of Career and Technical Education,journal,1.0833333333333333,,25
S4210172589,SSRN Electronic Journal,repository,0.202474530532414,,448
S4210172619,Advances in higher education and professional development book series,book series,1.3664596273291925,,35
S4210172634,Computers & Education,journal,12.923245614035087,,323
S4210172715,Cochrane Database of Systematic Reviews,journal,7.032705649157582,,460
S4210172731,Journal of Forensic Practice,journal,0.6261682242990654,,21
S4210172947,eNeuro,journal,3.2665847665847667,,96
S4210173023,PEC Innovation,journal,2.434959349593496,,19
S4210173035,Studies in bilingualism,book series,1.606060606060606,,85
S4210173041,The Computer Bulletin,journal,0.0,,10
S4210173048,Journal of Clinical Neurology,journal,2.736654804270463,,75
S4210173062,Advances in Methods and Practices in Psychological Science,journal,7.3229813664596275,,71
S4210173097,Proceedings of the National Academy of Sciences India Section A Physical Sciences,journal,0.5841269841269842,,34
S4210173099,Biochimica et Biophysica Acta (BBA) - Molecular Basis of Disease,journal,4.689512799339389,,228
S4210173111,BJOG An International Journal of Obstetrics & Gynaecology,journal,2.806547619047619,,275
S4210173126,Paidéia (Ribeirão Preto),journal,0.625,,41
S4210173133,Societies,journal,3.9977452085682073,,59
S4210173212,Actualización en Nutrición,journal,0.023809523809523808,,3
S4210173226,Liberabit Revista Peruana de Psicología,journal,0.43636363636363634,,19
S4210173305,The Classical Quarterly,journal,0.08629441624365482,,112
S4210173430,Chinese Science Bulletin (Chinese Version),journal,0.6649484536082474,,53
S4210173500,Linguistik Online,journal,0.2571428571428571,,34
S4210173815,International Journal of Computer-Assisted Language Learning and Teaching,journal,5.090909090909091,,29
S4210173877,Diagnosis,journal,1.8735177865612649,,45
S4210173907,Journal of Criminal Law and Criminology (1931-1951),journal,0.0,,49
S4210173943,MTZ - Motortechnische Zeitschrift,journal,0.0273224043715847,,21
S4210174109,Kastamonu Eğitim Dergisi,journal,0.6267605633802817,,25
S4210174310,Les cahiers internationaux de psychologie sociale,journal,0.0,,19
S4210174332,Nuclear Physics,journal,0.0,,180
S4210174390,PSICUMEX,journal,0.3050847457627119,,9
S4210174511,Turyzm/Tourism,journal,0.8732394366197183,,20
S4210174530,Revy,journal,0.02727272727272727,,2
S4210174578,DNA,journal,0.0,,77
S4210174869,Autism and child psychopathology series,book series,0.3988439306358382,,32
S4210174905,Journal of Genius and Eminence,journal,0.0,,10
S4210175127,Revista de Psicologia da IMED,journal,0.5454545454545454,,14
S4210175137,JMIR Serious Games,journal,4.605678233438486,,70
S4210175446,Psiholoska istrazivanja,journal,0.2571428571428571,,10
S4210175448,Recherche et Applications en Marketing (French Edition),journal,0.9166666666666666,,48
S4210175470,Srpski medicinski casopis Lekarske komore,journal,0.1553398058252427,,3
S4210175493,Journal of Cognitive Science,journal,0.0,,24
S4210175611,Facta Universitatis Series Philosophy Sociology Psychology and History,journal,0.3157894736842105,,6
S4210175686,Decision,journal,1.1126760563380282,,31
S4210175699,Political Research Exchange,journal,2.397727272727273,,21
S4210175730,Advances in Data Analysis and Classification,journal,2.4471544715447155,,52
S4210175756,Collabra Psychology,journal,2.4554140127388533,,43
S4210175799,Zeitschrift für Arbeitswissenschaft,journal,1.5172413793103448,,22
S4210175807,The Irish Review (1986-),journal,0.0,,16
S4210175889,Comhar,journal,0.0,,22
S4210175912,ACM Transactions on Internet of Things,journal,3.347826086956522,,25
S4210176183,"Advances in knowledge acquisition, transfer, and management book series/Advances in knowledge acquisition, transfer and management book series",book series,0.9629629629629629,,28
S4210176256,Proceedings of the Karelian Research Centre of the Russian Academy of Sciences,journal,0.11152416356877323,,13
S4210176279,Historiografías,journal,0.1076923076923077,,5
S4210176287,Narayana Medical Journal,journal,0.0,,5
S4210176498,Human Ethology,journal,0.042682926829268296,,14
S4210176507,Psychology of Consciousness Theory Research and Practice,journal,0.8099173553719008,,42
S4210176519,Recie. Revista Caribeña de Investigación Educativa,journal,1.5576923076923077,,13
S4210176587,Higher Education Research & Development,journal,4.115577889447236,,143
S4210176646,Journal of Monolingual and Bilingual Speech,journal,0.3793103448275862,,8
S4210176718,Educational Review,journal,2.3542435424354244,,111
S4210176779,Springer-Lehrbuch,book series,0.08174386920980926,,100
S4210176815,Proceedings of the Human Factors and Ergonomics Society Annual Meeting,journal,0.8610792192881745,,89
S4210176958,The Lancet Global Health,journal,10.625,,220
S4210177001,Management-Reihe Corporate Social Responsibility,book series,0.1827956989247312,,15
S4210177033,English Teaching & Learning,journal,1.6144578313253013,,22
S4210177074,Qeios,journal,3.2140625,,49
S4210177143,Contributions to statistics,book series,1.2567567567567568,,33
S4210177264,Laterality Asymmetries of Body Brain and Cognition,journal,1.0845070422535212,,67
S4210177497,Pflegewissenschaft,journal,0.0,,2
S4210177943,The Natural Products Journal,journal,0.823045267489712,,21
S4210177958,Open Scholarship Initiative Proceedings,journal,0.0,,4
S4210178049,PeerJ Computer Science,journal,4.198726693951796,,86
S4210178125,Nature Reviews Earth & Environment,journal,23.550488599348533,,141
S4210178172,Journal of Vocational Education Research,journal,0.0,,21
S4210178181,The Medicine Forum,journal,0.011667810569663692,,28
S4210178182,Političke perspektive,journal,0.4782608695652174,,5
S4210178510,Current Research in Behavioral Sciences,journal,2.7183098591549295,,28
S4210178681,MedPulse International Journal of Physiology,journal,0.0,,4
S4210178722,Data Science,journal,0.7428571428571429,,20
S4210178759,Anuario de Historia de América Latina,journal,0.0,,16
S4210179043,Discover Sustainability,journal,4.2888774459320285,,51
S4210179044,European Journal of Health Communication,journal,0.9074074074074074,,11
S4210179091,International Journal of Bullying Prevention,journal,2.306122448979592,,33
S4210179118,Matters,journal,0.0,,11
S4210179225,Advances in educational technologies and instructional design book series,book series,3.21529919802591,,44
S4210179267,Actualidades en Psicología,journal,0.2235294117647059,,20
S4210179365,SIDA contributions to botany,journal,0.0,,9
S4210179552,Journal of Cognition,journal,3.4235294117647057,,34
S4210179681,OMEGA - Journal of Death and Dying,journal,1.5172413793103448,,83
S4210179765,Studies in health technology and informatics,book series,0.6985313063643391,,72
S4210179861,Biological Psychiatry Global Open Science,journal,1.9938650306748467,,31
S4210179884,Citizenship Social and Economics Education,journal,1.0566037735849056,,25
S4210179908,Clothing Cultures,journal,0.13636363636363635,,11
S4210179916,New Trends in Qualitative Research,book series,0.5027932960893855,,11
S4210179932,"Ophthalmic surgery, lasers & imaging retina",journal,0.8914285714285715,,87
S4210179954,Lecture notes in electrical engineering,book series,0.270093808630394,,71
S4210179967,The Primary Care Companion For CNS Disorders,journal,0.5971563981042654,,63
S4210180112,The Journal of AsiaTEFL,journal,0.3333333333333333,,34
S4210180650,Springer proceedings in mathematics & statistics,book series,0.28085443037974683,,52
S4210181000,Journal of African American Men,journal,0.0,,19
S4210181119,Journal of Science Policy & Governance,journal,0.6136363636363636,,11
S4210181162,Journal of Service Management Research,journal,0.5428571428571428,,13
S4210181431,Nordic Perspectives on Open Science,journal,0.5,,3
S4210181446,International Journal of Geographical Information Systems,journal,5.630026809651475,,177
S4210181563,Health Psychology Bulletin,journal,0.0,,7
S4210181732,Advances in public policy and administration (APPA) book series,book series,0.9090909090909091,,17
S4210181853,Urban Planning,journal,2.1295180722891565,,47
S4210181919,Sport Management Education Journal,journal,0.6046511627906976,,24
S4210181922,Current Research in Neuroscience,journal,0.0,,6
S4210182004,International Journal of Qualitative Methods,journal,5.0165680473372785,,138
S4210182195,Social Psychological Bulletin,journal,1.1666666666666667,,23
S4210182248,Issues in Science and Technology Librarianship,journal,0.96,,38
S4210182259,Acta Neuropsychologica,journal,0.4819277108433735,,12
S4210182267,Understanding innovation,book series,0.0,,20
S4210182432,Law Technology and Humans,journal,1.7341772151898733,,12
S4210182611,Journal of Cognitive Enhancement,journal,1.430232558139535,,41
S4210182762,Nursing leadership,journal,0.9017857142857143,,42
S4210182936,Science Scope,journal,0.43037974683544306,,22
S4210182956,Journal of Marketing Analytics,journal,4.995983935742972,,40
S4210183012,Revue d économie industrielle,journal,0.6206896551724138,,39
S4210183019,Review of Education,journal,4.382575757575758,,50
S4210183034,International Journal of Health Science,journal,0.05455537370430987,,5
S4210183041,Journal of Infrastructure Policy and Development,journal,1.9336170212765957,,24
S4210183127,Cuadernos de Economía,journal,0.7840909090909091,,16
S4210183180,Springer texts in education,book series,0.6823266219239373,,29
S4210183255,Proceedings of the Indian National Science Academy,journal,1.1316614420062696,,20
S4210183620,Journal of Research on Technology in Education,journal,5.473404255319149,,112
S4210183798,"Advances in media, entertainment and the arts (AMEA) book series",book series,2.7127659574468086,,20
S4210183893,Proceedings of the ACM on Human-Computer Interaction,journal,5.402439024390244,,105
S4210184263,Telfor Journal,journal,0.3,,11
S4210184326,Current Research in Ecological and Social Psychology,journal,2.1979166666666665,,21
S4210184330,Experiments in Linguistic Meaning,journal,0.8648648648648649,,6
S4210184566,International Astronomical Union Colloquium,journal,0.0,,33
S4210184657,Religions,journal,0.8977525314892566,,62
S4210184714,Studia Universitatis Babeş-Bolyai Bioethica,journal,0.0,,3
S4210184722,International Journal of Psychology and Psychiatry,journal,0.0,,5
S4210184788,Journal of Scientometric Research,journal,2.4270833333333335,,20
S4210184956,Monaldi Archives for Chest Disease,journal,0.6763848396501457,,43
S4210184980,Journal of Experimental Political Science,journal,2.1587301587301586,,42
S4210185017,Forschung & Lehre,journal,0.19672131147540983,,6
S4210185096,IFIP advances in information and communication technology,book series,0.7407551576488907,,86
S4210185354,Physical Therapy,journal,3.0215827338129495,,271
S4210185419,The JALT CALL Journal,journal,1.9852941176470589,,30
S4210185526,The Journal of the Institute of Electrical Engineers of Japan,journal,0.03763440860215054,,16
S4210185699,Burleigh Dodds series in agricultural science,book series,0.203757225433526,,30
S4210185708,Creativity,journal,0.0,,21
S4210185769,The Programming Historian en español,journal,0.0,,4
S4210185822,Nursing Open,journal,2.510359869138495,,73
S4210185955,Pharmaceutical Sciences,journal,1.4770642201834863,,31
S4210186007,"La Revue des sciences de gestion/La Revue des sciences de gestion, Direction et gestion",journal,0.1711229946524064,,17
S4210186181,Gestion et management public,journal,0.7446808510638298,,15
S4210186247,Sociology of Medicine,journal,0.3780487804878049,,6
S4210186301,Plenum series on human exceptionality,book series,0.0,,35
S4210186339,Revista de psicología,journal,0.3191489361702128,,21
S4210186383,Data Intelligence,journal,0.9295302013422819,,33
S4210186582,HRB Open Research,journal,0.6674641148325359,,23
S4210186704,Forschungsjournal Soziale Bewegungen,journal,0.19753086419753085,,28
S4210186797,Open Education Studies,journal,2.298780487804878,,17
S4210186991,Journal for the Cognitive Science of Religion,journal,0.29411764705882354,,15
S4210187136,Journal of Human Resource and Sustainability Studies,journal,0.9494949494949495,,25
S4210187225,Hermenéutica intercultural,journal,0.0,,5
S4210187226,Art Therapy,journal,1.6017699115044248,,60
S4210187259,Zarządzanie Publiczne,journal,0.0,,5
S4210187452,International Journal of Infertility & Fetal Medicine,journal,0.15294117647058825,,11
S4210187473,ATZelektronik,journal,0.024691358024691357,,7
S4210187476,Acta Colombiana de Psicología,journal,1.1111111111111112,,21
S4210187510,Policy Reviews in Higher Education,journal,1.492063492063492,,24
S4210187589,Archives of Women s Mental Health,journal,2.926829268292683,,129
S4210187594,Journal of Physics Conference Series,journal,0.48610921501706483,,134
S4210187695,The Quantitative Methods for Psychology,journal,1.85,,34
S4210187757,Psychiatriki,journal,1.0178571428571428,,28
S4210187768,Human-computer interaction series,book series,6.013333333333334,,70
S4210187781,Human cognitive processing,book series,0.023076923076923078,,70
S4210187823,3D Research,journal,0.0,,36
S4210188080,Health Promotion Perspectives,journal,2.825242718446602,,46
S4210188099,Advances in early childhood and K-12 education,book series,0.8300653594771242,,21
S4210188209,Compunet ( The Egyptian Information Journal ),journal,0.1092896174863388,,6
S4210188224,Bildung und Sport,book series,0.19130434782608696,,9
S4210188249,The International Journal of Interdisciplinary Civic and Political Studies,journal,0.1875,,4
S4210188283,Nature Sustainability,journal,20.986196319018404,,211
S4210188408,Digital Health,journal,3.8968189233278956,,75
S4210188538,Handbook of pragmatics online/Handbook of pragmatics,book series,0.5517241379310345,,15
S4210188975,Journal of Insect Science,journal,2.2546583850931676,,83
S4210189015,Taal en tongval,journal,1.16,,14
S4210189105,Godišnjak Studijske grupe za psihologiju,journal,0.0,,2
S4210189129,Case Studies in Sport Management,journal,0.1111111111111111,,5
S4210189190,Environmental Toxicology and Water Quality,journal,0.0,,53
S4210189194,IOP Conference Series Materials Science and Engineering,conference,0.660427807486631,,94
S4210189509,Journal of the Optical Society of America,journal,0.0,,238
S4210189521,ZAS Papers in Linguistics,journal,0.14285714285714285,,50
S4210189644,Advances in Psychological Science,journal,0.711340206185567,,32
S4210189756,International Journal of Digital Humanities,journal,1.3958333333333333,,14
S4210190054,Lecture notes in geoinformation and cartography,book series,1.6120689655172413,,64
S4210190147,Pediatric Emergency Care,journal,1.1066433566433567,,97
S4210190349,Informes Psicológicos,journal,1.375,,12
S4210190512,IASSIST Quarterly,journal,0.2857142857142857,,16
S4210190516,Molecular Human Reproduction,journal,2.903225806451613,,157
S4210190517,AI & Society,journal,4.394004282655247,,97
S4210190533,Proceedings of the National Academy of Sciences India Section B Biological Sciences,journal,1.0883534136546185,,45
S4210190535,International Journal of Mechanical Engineering and Robotics Research,journal,1.0342857142857143,,25
S4210190539,Primenjena psihologija,journal,0.5,,16
S4210190703,JAC-Antimicrobial Resistance,journal,2.289373814041746,,47
S4210190811,International Journal of Human-Computer Studies,journal,5.245161290322581,,192
S4210190877,Future Foods,journal,6.042056074766355,,59
S4210190964,Colonial Waterbirds,journal,0.0,,74
S4210190985,Journal of Concussion,journal,0.0,,12
S4210191050,GSTF Journal of Psychology,journal,0.0,,8
S4210191100,Frontline Learning Research,journal,3.230769230769231,,37
S4210191137,Buildings,journal,3.8444444444444446,,100
S4210191196,One Earth,journal,9.787709497206704,,114
S4210191458,Proceedings of the AAAI Conference on Artificial Intelligence,conference,4.517657497781721,,293
S4210191519,Journal of Psychopathology and Clinical Science,journal,1.7617977528089888,,30
S4210191525,Probability and Mathematical Statistics,journal,0.08,,13
S4210191559,Vision,journal,2.248868778280543,,34
S4210191649,Zentralblatt für Arbeitsmedizin Arbeitsschutz und Ergonomie,journal,0.6385542168674698,,19
S4210191785,Genes and Cells,journal,0.5875,,9
S4210192097,English Journal of the English Association,journal,0.03333333333333333,,51
S4210192360,Majmaah Journal of Health Sciences,journal,0.17989417989417988,,10
S4210192535,Archives of Pediatrics and Adolescent Medicine,journal,6.243731193580742,,298
S4210192724,Journal of Speech Sciences,journal,0.625,,10
S4210192742,The Lancet Respiratory Medicine,journal,10.605828220858896,,256
S4210192749,Journal of Diabetes Research,journal,2.1912442396313363,,121
S4210192817,Migration and Development,journal,1.118421052631579,,35
S4210193042,Zeitschrift für Kinder- und Jugendpsychiatrie und Psychotherapie,journal,0.856,,39
S4210193054,psicología desde el caribe,journal,0.47540983606557374,,15
S4210193136,Second language learning and teaching,book series,0.6380090497737556,,36
S4210193438,Papers of the British School at Rome,journal,0.21875,,66
S4210193652,Advances in human resources management and organizational development book series,book series,1.5054229934924077,,26
S4210193670,Revista de Psicopatología y Psicología Clínica,journal,0.6333333333333333,,34
S4210193753,Journal of Occupational Therapy Education,journal,0.8045112781954887,,15
S4210193792,Vojno delo,journal,0.38596491228070173,,9
S4210193869,Études chinoises,journal,0.0,,10
S4210193988,International and cultural psychology/International and cultural psychology series,book series,0.5816326530612245,,24
S4210194092,Review of Psychology,journal,0.0,,5
S4210194105,Springer series on epidemiology and public health,book series,0.5,,18
S4210194261,Language Interaction and Acquisition,journal,0.5666666666666667,,21
S4210194329,Ecological Solutions and Evidence,journal,2.3883720930232557,,33
S4210194417,Shigen shori gijutsu,journal,0.0,,6
S4210194442,JMIRx Med,journal,1.893103448275862,,22
S4210194710,Behavioral Sciences,journal,3.6381897945047332,,86
S4210194717,Psicologia,journal,0.38461538461538464,,20
S4210194771,Spontaneous Generations A Journal for the History and Philosophy of Science,journal,0.0,,15
S4210194803,Dicle Üniversitesi Ziya Gökalp Eğitim Fakültesi Dergisi,journal,0.8846153846153846,,17
S4210194812,Nuclear Physics B,journal,3.372852233676976,,500
S4210194926,Journal of Cognitive Historiography,journal,0.045454545454545456,,9
S4210195019,Digital Studies / Le champ numérique,journal,0.38235294117647056,,14
S4210195248,Proceedings of the ... Annual Hawaii International Conference on System Sciences/Proceedings of the Annual Hawaii International Conference on System Sciences,conference,0.9019112874143527,,71
S4210195270,Implementation Science Communications,journal,2.297029702970297,,48
S4210195326,Quantitative Science Studies,journal,5.809782608695652,,44
S4210195341,Journal of Participatory Medicine,journal,1.796116504854369,,18
S4210195344,Pharmacophore,journal,0.772972972972973,,13
S4210195431,npj Digital Medicine,journal,12.453849832615973,,165
S4210195546,Chinese Journal of Applied Linguistics,journal,0.9615384615384616,,26
S4210195593,The Paleontological Society Special Publications,journal,0.0,,18
S4210195685,Nordic Journal of Comparative and International Education (NJCIE),journal,1.3829787234042554,,18
S4210195700,Contrastive Pragmatics,journal,0.7704918032786885,,14
S4210195946,World Journal of Anesthesiology,journal,1.0,,9
S4210195979,Brain and Neuroscience Advances,journal,1.6666666666666667,,41
S4210196034,The Lancet Regional Health - Europe,journal,8.417016806722689,,89
S4210196114,Kultura,journal,0.07608695652173914,,7
S4210196129,CyberPsychology & Behavior,journal,0.0,,181
S4210196222,Creativity Theories – Research – Applications,journal,1.2777777777777777,,24
S4210196384,"Advances in medical diagnosis, treatment, and care (AMDTC) book series",book series,2.0271493212669682,,19
S4210196405,Balisages,journal,0.10526315789473684,,3
S4210196432,Revista Iberoamericana de Diagnóstico y Evaluación - e Avaliação Psicológica,journal,0.43333333333333335,,21
S4210196484,Programme Grants for Applied Research,journal,0.575,,28
S4210196576,Comprehensive Results in Social Psychology,journal,0.25,,20
S4210196583,Journal of Computational Social Science,journal,4.672,,36
S4210196624,Proceedings of the Institution of Mechanical Engineers Part I Journal of Systems and Control Engineering,journal,1.305232558139535,,53
S4210196632,Trends in language acquisition research,book series,0.38666666666666666,,49
S4210196726,IST International Surface Technology,journal,0.03827751196172249,,4
S4210196985,Meat and Muscle Biology,journal,1.484472049689441,,27
S4210197006,Frontiers in Artificial Intelligence,journal,5.561083123425693,,81
S4210197018,Open Research (University of Surrey),journal,0.31046365914786966,,94
S4210197065,Journal Resuscitatio Balcanica,journal,0.8461538461538461,,6
S4210197115,GATESOL Journal,journal,1.8,,5
S4210197300,Neuromethods,book series,0.35610766045548653,,41
S4210197309,Use R!,book series,0.4225352112676056,,37
S4210197315,Tijdschrift voor Genderstudies,journal,0.3944954128440367,,13
S4210197372,Wellbeing Space and Society,journal,1.9405204460966543,,28
S4210197434,First Language,journal,1.6044776119402986,,88
S4210197498,Forum for Linguistic Studies,journal,0.9121915820029027,,15
S4210197556,Papers of the Institute for Bulgarian Language “Prof Lyubomir Andreychin”,journal,0.0,,1
S4210197589,Information - Wissenschaft & Praxis,journal,0.08152173913043478,,10
S4210197614,Cognitive Semantics,journal,1.0,,15
S4210197678,PsyCh Journal,journal,2.1974248927038627,,40
S4210197683,Medical Entomology and Zoology,journal,0.36,,1099
S4210197765,National Psychological Journal,journal,0.9851851851851852,,16
S4210197929,Temas em Psicologia,journal,0.0,,31
S4210198061,Patterns,journal,11.437869822485206,,79
S4210198143,Anthropological Review,journal,1.0317460317460319,,25
S4210198237,Data & Policy,journal,3.851674641148325,,28
S4210198283,Voices A World Forum for Music Therapy,journal,0.3786407766990291,,26
S4210198367,Journal of International Students,journal,1.9728395061728394,,54
S4210198581,Journal of Toxicology Clinical Toxicology,journal,0.0,,103
S4210198611,Computers in Human Behavior Reports,journal,4.717003567181926,,54
S4210198833,Socius Sociological Research for a Dynamic World,journal,2.5632530120481927,,66
S4210199197,Brain Behavior & Immunity - Health,journal,3.172727272727273,,53
S4210199239,Journal for Reproducibility in Neuroscience,journal,0.0,,4
S4210199249,Journal of Happiness and Health,journal,1.8275862068965518,,11
S4210199378,PRILOZI,journal,0.5119047619047619,,23
S4210199431,Statistical Theory and Related Fields,journal,1.9305555555555556,,16
S4210199510,JMIR Human Factors,journal,4.05,,56
S4210199799,Journal of Aerospace System Engineering,journal,0.0,,5
S4210199842,PsyEcology Bilingual Journal of Environmental Psychology,journal,1.0192307692307692,,24
S4210199869,Experimental Psychology (formerly Zeitschrift für Experimentelle Psychologie),journal,1.6451612903225807,,79
S4210199884,International Journal of Applied Positive Psychology,journal,2.93048128342246,,24
S4210200103,Proceedings of the Water Environment Federation,journal,0.023391812865497075,,35
S4210200142,The journal of structured finance,journal,0.0,,24
S4210200200,International Journal for Students as Partners,journal,0.7022900763358778,,24
S4210200312,Paideia/Paideia (Concepción. En línea),journal,0.02857142857142857,,3
S4210200427,JOT Journal für Oberflächentechnik,journal,0.0011587485515643105,,5
S4210200754,Angewandte Chemie,journal,2.1215627455181774,,285
S4210200765,Life,journal,3.582788225674571,,106
S4210200847,International Journal of Scientific Research in Computer Science Engineering and Information Technology,journal,0.8726817042606516,,29
S4210200885,Journal of Ecohumanism,journal,1.114260666277031,,14
S4210201074,Menoufia Journal of Electronic Engineering Research,journal,0.391304347826087,,12
S4210201231,Socio-Environmental Systems Modeling,journal,0.02793024386854721,,166
S4210201457,Medien & Kommunikationswissenschaft,journal,0.48598130841121495,,44
S4210201537,International Journal of Educational Technology in Higher Education,journal,39.74594594594595,,117
S4210201540,Information and Learning Sciences,journal,5.387096774193548,,39
S4210201586,International Journal of Research -GRANTHAALAYAH,journal,0.2278738555442523,,32
S4210201630,Database,journal,3.553113553113553,,110
S4210201668,American Journal of Biomedical Science & Research,journal,0.26222222222222225,,19
S4210201715,Psikoloji Çalışmaları / Studies in Psychology,journal,0.4418604651162791,,10
S4210201719,Psicologia Revista,journal,0.1896551724137931,,7
S4210201734,Journal of Agriculture and Food Research,journal,5.09532293986637,,75
S4210201752,Psihološka obzorja,journal,0.1702127659574468,,11
S4210201753,Studies in corpus linguistics,book series,0.3522727272727273,,77
S4210201861,Applied Economic Perspectives and Policy,journal,2.353846153846154,,82
S4210201924,Child & Youth Care Forum,journal,1.6868131868131868,,71
S4210201963,The Journal of Philosophy Psychology and Scientific Methods,journal,0.0,,75
S4210202057,Revista Reflexiones,journal,0.0,,10
S4210202104,Journal of Alzheimer s Disease Reports,journal,2.3559718969555035,,42
S4210202141,Communications in Kinesiology,journal,0.8421052631578947,,5
S4210202272,Mesentery and Peritoneum,journal,0.008097165991902834,,5
S4210202285,SAE technical papers on CD-ROM/SAE technical paper series,journal,0.6975992613111727,,207
S4210202375,Zfk - Zeitschrift für Kulturwissenschaften,journal,0.18181818181818182,,13
S4210202515,Linköping University medical dissertations,ebook platform,0.11538461538461539,,8
S4210202548,PAIN Reports,journal,2.7617728531855956,,62
S4210202650,Academy of Management Discoveries,journal,2.227272727272727,,60
S4210202797,SHS Web of Conferences,journal,0.5030487804878049,,44
S4210203054,AGILE GIScience Series,journal,0.7232704402515723,,13
S4210203230,Journal of Evidence-Based Integrative Medicine,journal,2.297872340425532,,33
S4210203246,Neurons Behavior Data analysis and Theory,journal,3.6,,9
S4210203370,Hoppe-Seyler´s Zeitschrift für physiologische Chemie,journal,0.0,,122
S4210203454,Pediatric Obesity,journal,2.3074324324324325,,83
S4210203481,Poznańskie Studia Slawistyczne,journal,0.0975609756097561,,5
S4210203494,International Review of Economics and Management,journal,0.6,,12
S4210203764,Zeitschrift für Differentielle und Diagnostische Psychologie,journal,0.0,,26
S4210204152,Revista Colombiana de Psiquiatría (English ed ),journal,0.5925925925925926,,16
S4210204299,Sport Business and Management An International Journal,journal,1.37984496124031,,37
S4210204325,Auditory Perception & Cognition,journal,0.6666666666666666,,13
S4210204360,Journal of Survey Statistics and Methodology,journal,1.71900826446281,,35
S4210204847,JSES International,journal,1.0422396856581533,,32
S4210205149,ECS Transactions,journal,0.8391304347826087,,72
S4210205160,Journal of the Economic Science Association,journal,1.1929824561403508,,27
S4210205184,Behavioural Public Policy,journal,3.305084745762712,,41
S4210205223,International Journal of Disability Management,journal,0.0,,14
S4210205394,OTO Open,journal,1.585561497326203,,27
S4210205452,Ceramic engineering and science proceedings,book series,0.0,,56
S4210205691,Computers & Mathematics with Applications,journal,2.5814345991561183,,232
S4210205812,Applied Sciences,journal,3.694088729744492,,224
S4210205887,Journal of Trauma & Dissociation,journal,1.64,,76
S4210205888,Addiction Research & Theory,journal,2.116788321167883,,85
S4210205891,Australian Journal of Guidance and Counselling,journal,0.0,,37
S4210205933,Canadian Journal of Pain,journal,1.8620689655172413,,30
S4210205949,Archives of Psychiatry Research,journal,0.44155844155844154,,8
S4210206173,Phonological Data and Analysis,journal,0.4,,7
S4210206222,Bulletin of the Atomic Scientists,journal,1.2568306010928962,,62
S4210206223,Variants,journal,0.08108108108108109,,9
S4210206302,Humanities and Social Sciences Communications,journal,4.945819397993311,,108
S4210206318,Journal of Global Sport Management,journal,1.6818181818181819,,28
S4210206556,Musculoskeletal Science and Practice,journal,1.9178644763860369,,56
S4210206634,Psychology of Popular Media,journal,1.5582329317269077,,34
S4210206665,TECCOGS Revista Digital de Tecnologias Cognitivas,journal,0.5,,5
S4210206731,Journal of Biosafety and Biosecurity,journal,2.3375,,22
S4210206809,Revista de Ciencias Sociales,journal,0.13846153846153847,,12
S4210206815,Ökologisches Wirtschaften - Fachzeitschrift,journal,0.08333333333333333,,14
S4210206840,Study Abroad Research in Second Language Acquisition and International Education,journal,0.9230769230769231,,13
S4210206867,Amsterdamer Beiträge zur älteren Germanistik,journal,0.08333333333333333,,26
S4210206886,Open Psychology,journal,0.7777777777777778,,14
S4210207187,Digital Geography and Society,journal,2.9903846153846154,,21
S4210207393,Impacting Education Journal on Transforming Professional Practice,journal,0.41025641025641024,,11
S4210207453,Cell Reports Medicine,journal,11.491789819376026,,103
S4210207487,Cyprus Turkish Journal of Psychiatry and Psychology,journal,0.6206896551724138,,9
S4210207652,Saudi Journal of Language Studies,journal,4.166666666666667,,10
S4210207762,Romanian Journal of Pediatrics,journal,0.10344827586206896,,5
S4210207896,European Respiratory Journal,journal,8.462075848303392,,358
S4210207933,Studia z Dziejów Rosji i Europy Środkowo-Wschodniej,journal,0.05263157894736842,,6
S4210207950,Language Dynamics and Change,journal,8.090909090909092,,32
S4210208013,Journal of Evidence-Based Healthcare,journal,0.25,,5
S4210208148,Cerveau & Psycho,journal,0.009584664536741214,,4
S4210208157,Journal of Higher Education Theory and Practice,journal,0.8232189973614775,,23
S4210208181,Revista de Psicología,journal,0.38235294117647056,,25
S4210208525,Zeitschrift der Deutschen Geologischen Gesellschaft,journal,0.84,,40
S4210208715,Psychologia,journal,0.3235294117647059,,21
S4210208725,Anuario (Centro de Investigación y Estudios Políticos),journal,0.20833333333333334,,4
S4210209217,Ship Technology Research,journal,1.2790697674418605,,26
S4210209328,International Journal of Applied and Computational Mathematics,journal,2.54122621564482,,41
S4210209386,International Journal of Arabic-English Studies,journal,1.3380281690140845,,13
S4210209534,Clinical Science,journal,0.0,,48
S4210209634,Technical and vocational education and training,book series,2.0802919708029197,,28
S4210209709,Health Policy,journal,4.3761996161228405,,160
S4210209873,Annual Review of Developmental Psychology,journal,5.586956521739131,,38
S4210209892,Journal of the Hydraulics Division,journal,0.0,,121
S4210210127,International Journal of Research in Engineering and Technology,journal,0.0,,43
S4210210147,Acta Universitatis Lodziensis Folia Litteraria Polonica,journal,0.11764705882352941,,7
S4210210164,Journal of the Text Encoding Initiative,journal,0.3170731707317073,,15
S4210210240,Methodological Innovations,journal,2.339622641509434,,32
S4210210253,Pediatric Quality and Safety,journal,0.9054726368159204,,26
S4210210349,Practical and Professional Nursing,journal,0.125,,3
S4210210557,Itinerarios Educativos,journal,0.09090909090909091,,6
S4210210578,BMJ Open Science,journal,0.0,,17
S4210210582,Proceedings of International Conference on Leading Edge Manufacturing in 21st century LEM21,conference,0.0,,7
S4210210694,Statistics and Public Policy,journal,0.8125,,24
S4210210722,The Lancet Healthy Longevity,journal,11.413793103448276,,79
S4210210732,Journal of Community Safety and Well-Being,journal,0.7924528301886793,,17
S4210210833,Linx,journal,0.18032786885245902,,24
S4210210834,Zbornik radova Elektrotehnicki institut Nikola Tesla,journal,0.10526315789473684,,2
S4210210871,Vektor nauki Tol yattinskogo gosudarstvennogo universiteta,journal,0.0,,5
S4210210912,Evolutionary Human Sciences,journal,1.96875,,32
S4210210927,International Review of Social Psychology,journal,2.7755102040816326,,35
S4210211067,RuZ - Recht und Zugang,journal,0.06060606060606061,,3
S4210211086,Frontiers in Computer Science,journal,4.233333333333333,,49
S4210211247,Environmental Science Advances,journal,4.681017612524462,,38
S4210211542,German Journal of Exercise and Sport Research,journal,1.5,,42
S4210211554,Journal of Affective Disorders Reports,journal,1.696551724137931,,38
S4210211648,Eureka,journal,0.3333333333333333,,5
S4210211807,Psych,journal,5.090909090909091,,23
S4210211861,Human Behavior and Emerging Technologies,journal,4.771794871794872,,59
S4210211917,Applied Optics,journal,1.570935251798561,,319
S4210212013,Journal of Biotechnology and Biomedicine,journal,1.08,,10
S4210212087,Proceedings of the International Astronomical Union,journal,0.05301645338208409,,42
S4210212179,Journal of Extension,journal,0.27074235807860264,,47
S4210212300,Time to knit,journal,0.0,,132
S4210212309,RöFo - Fortschritte auf dem Gebiet der Röntgenstrahlen und der bildgebenden Verfahren,journal,0.2161038961038961,,61
S4210212399,Understanding complex systems,book series,0.3925925925925926,,74
S4210212477,STAR Protocols,journal,1.5760585467851542,,49
S4210212494,Principles and Practice of Clinical Research Journal,journal,0.20192307692307693,,8
S4210212548,Informatik-Fachberichte,book series,0.0,,38
S4210212588,Comprehensive Psychoneuroendocrinology,journal,2.0,,24
S4210212598,Journal of Open Hardware,journal,0.3333333333333333,,11
S4210212669,Journal of Science Communication,journal,1.9851301115241635,,52
S4210212727,Allgemeine Homöopathische Zeitung,journal,0.1016949152542373,,5
S4210212799,Hamburg studies in multilingualism,book series,0.0,,39
S4210212902,Revista Psicologia em Pesquisa,journal,0.64,,15
S4210212960,Affective Science,journal,2.4285714285714284,,33
S4210213153,Biomarkers in Neuropsychiatry,journal,2.925925925925926,,20
S4210213161,STEM Education,journal,2.9537037037037037,,12
S4210213322,Työväentutkimus Vuosikirja,journal,1.2350535306147,,88
S4210213464,Vierteljahresschrift für Heilpädagogik und ihre Nachbargebiete,journal,0.13157894736842105,,14
S4210213508,Zeitschrift für Chemie,journal,0.0,,46
S4210213557,Revista del Instituto de Salud Pública de Chile,journal,0.14285714285714285,,4
S4210213728,SN Social Sciences,journal,1.3029556650246306,,29
S4210213787,FACETS,journal,2.180811808118081,,46
S4210213834,European journal of behavioral sciences,journal,0.48,,7
S4210213993,The Journal of Climate Change and Health,journal,2.6470588235294117,,37
S4210214053,WikiJournal of Science,journal,0.25,,6
S4210214101,Healthcare,journal,3.292477769766883,,117
S4210214127,JACC CardioOncology,journal,6.591036414565826,,63
S4210214273,The Journal of Open Source Software,journal,3.094759511844939,,135
S4210214381,Nuevo Itinerario,journal,0.17391304347826086,,3
S4210214924,European Journal of Biochemistry,journal,0.0,,310
S4210215073,Brain-Computer Interfaces,journal,2.0454545454545454,,32
S4210215145,Contemporary clinical neuroscience,book series,0.27848101265822783,,16
S4210215158,JCPP Advances,journal,2.933333333333333,,31
S4210215356,Brain and Spine,journal,0.4733710205296043,,23
S4210215475,Prometheus,journal,0.2,,47
S4210215495,Advances in engineering research/Advances in Engineering Research,book series,0.31896300611709877,,20
S4210215635,The Transmitter,journal,0.1,,7
S4210215706,Literatura y lingüística,journal,0.46153846153846156,,16
S4210215734,Implementation Research and Practice,journal,2.984848484848485,,31
S4210215799,Meta-Psychology,journal,1.6,,19
S4210215846,Anatolian Journal of Psychiatry,journal,210.0,,27
S4210215927,Computational Psychiatry,journal,3.2972972972972974,,23
S4210215957,Abstracts of the ICA,journal,0.13071895424836602,,7
S4210216338,Business Ethics and Leadership,journal,3.1878453038674035,,23
S4210216427,International Journal of Gynecology & Obstetrics,journal,2.013551401869159,,189
S4210216603,The Journal of Smoking Cessation,journal,0.42857142857142855,,25
S4210216717,Journal of Mathematics and Computer Science,journal,1.692063492063492,,29
S4210216751,Internet Pragmatics,journal,0.9565217391304348,,21
S4210216756,Üniversite Araştırmaları Dergisi,journal,1.3125,,11
S4210216774,Journal for the Measurement of Physical Behaviour,journal,1.3368421052631578,,26
S4210216864,NIM Marketing Intelligence Review,journal,1.0888888888888888,,17
S4210217077,Studies in language companion series,book series,0.3582089552238806,,107
S4210217315,Transdisciplinary Insights,journal,0.0,,5
S4210217695,Psychological Test Adaptation and Development,journal,1.3571428571428572,,13
S4210217724,American Journal of Recreation Therapy,journal,0.05128205128205128,,11
S4210217772,Annual Review of Criminology,journal,5.311111111111111,,54
S4210217810,Perspectives Policy and Practice in Higher Education,journal,1.1942446043165467,,34
S4210217848,JAMA Network Open,journal,9.133648030682991,,235
S4210217864,The Clearing House A Journal of Educational Strategies Issues and Ideas,journal,0.9210526315789473,,73
S4210217879,Population Medicine,journal,1.2435897435897436,,15
S4210218052,Wellcome Open Research,journal,1.1874731874731874,,83
S4210218406,The Journal of Neurobehavioral Sciences,journal,0.5135135135135135,,10
S4210218421,Journal of Illusion,journal,0.25,,4
S4210218465,Interação em Psicologia,journal,0.10752688172043011,,24
S4210218853,HORMONES,journal,2.5273972602739727,,74
S4210218862,Public Health Challenges,journal,2.108695652173913,,18
S4210218891,International Journal of Water and Wastewater Treatment,journal,0.875,,10
S4210219146,Nederlandse taalkunde,journal,0.20634920634920634,,13
S4210219247,Structural Control and Health Monitoring,journal,4.402035623409669,,111
S4210219276,Scholarship of Teaching and Learning in Psychology,journal,0.4576271186440678,,34
S4210219382,The Proceedings of the Annual Convention of the Japanese Psychological Association,journal,0.0007827788649706458,,9
S4210219387,Lectio,book series,0.013157894736842105,,8
S4210219409,Journal of Language Evolution,journal,0.5,,27
S4210219447,Trauma und Gewalt,journal,0.22695035460992907,,12
S4210219469,JMIR Pediatrics and Parenting,journal,2.5916955017301038,,37
S4210219510,Reports — Medical Cases Images and Videos,journal,0.5153846153846153,,12
S4210219560,Current Developments in Nutrition,journal,0.3869701726844584,,58
S4210219698,Debates em Psiquiatria,journal,0.3248407643312102,,9
S4210219799,BULLETIN of the L N Gumilyov Eurasian National University PEDAGOGY PSYCHOLOGY SOCIOLOGY Series,journal,0.19205298013245034,,3
S4210220000,"Palgrave studies in race, inequality and social justice in education",book series,0.40425531914893614,,6
S4210220010,Journal of Second Language Pronunciation,journal,0.8658536585365854,,26
S4210220037,ASRA news,journal,0.07386363636363637,,4
S4210220382,Language learning and language teaching,book series,0.8082191780821918,,82
S4210220416,Discover Artificial Intelligence,journal,2.916470588235294,,38
S4210220426,International Journal of Pharmaceutical Sciences and Medicine,journal,0.9803921568627451,,10
S4210220560,Borderline Personality Disorder and Emotion Dysregulation,journal,1.9262295081967213,,48
S4210220588,European Journal of Public Health,journal,0.44771018455228984,,148
S4210220720,Environmental Research Communications,journal,2.3283070596298834,,46
S4210220735,npj Science of Learning,journal,6.660944206008583,,52
S4210220774,People and Nature,journal,4.162444113263786,,63
S4210220775,Engineered Science,journal,1.678714859437751,,52
S4210220846,Revista de Comunicación y Salud,journal,0.6818181818181818,,14
S4210220878,Applied Neuropsychology Adult,journal,1.2955082742316786,,51
S4210221089,Equity in Education & Society,journal,0.937007874015748,,13
S4210221145,Etkileşim,journal,0.5742574257425742,,10
S4210221150,PLOS Digital Health,journal,5.941588785046729,,51
S4210221344,University of Toronto Journal of Public Health,journal,0.10526315789473684,,5
S4210221466,Problems of Psychology in the 21st Century,journal,0.0,,9
S4210221691,Journal of Neurodevelopmental Cognition,journal,0.0,,4
S4210221739,Computational Brain & Behavior,journal,2.47008547008547,,30
S4210222064,Journal of Experimental Zoology,journal,0.0,,183
S4210222090,Microorganisms,journal,4.8101230811782605,,169
S4210222111,Papeles del Psicólogo - Psychologist Papers,journal,1.2166666666666666,,28
S4210222235,African journal of rhetoric,journal,0.627906976744186,,19
S4210222273,Psychology & Psychological Research International Journal,journal,0.5568181818181818,,6
S4210222312,Zeitschrift für Bildungsforschung,journal,1.0408163265306123,,23
S4210222348,International journal of advances in psychology,journal,0.0,,9
S4210222536,The Southern African Journal of Entrepreneurship and Small Business Management,journal,2.397590361445783,,23
S4210222566,Revista de Empreendedorismo e Gestão de Micro e Pequenas Empresas,journal,0.03571428571428571,,5
S4210222653,Comparative Clinical Pathology,journal,0.8680555555555556,,51
S4210222741,Health,journal,0.4345991561181435,,47
S4210222816,Essentials,book series,0.0779395900755124,,39
S4210222936,Philosophy in Review,journal,0.008333333333333333,,16
S4210222969,Psychiatry Research Neuroimaging,journal,1.5234159779614325,,147
S4210222988,Literacy studies,book series,1.391304347826087,,25
S4210222995,PSYCHOLINGUISTICS,journal,1.0357142857142858,,14
S4210223017,Unterrichtswissenschaft,journal,2.28,,20
S4210223168,Socialvetenskaplig tidskrift,journal,0.29523809523809524,,15
S4210223487,Academy of Management Proceedings,journal,0.05334290156679823,,88
S4210223492,Disaster risk reduction,book series,0.917910447761194,,31
S4210223698,JAMA Health Forum,journal,5.057109557109557,,58
S4210223715,InterSedes,journal,0.022727272727272728,,9
S4210223910,International Journal of Quality Assurance in Engineering and Technology Education,journal,0.0,,9
S4210223922,Advances in business strategy and competitive advantage book series,book series,1.9126413155190134,,34
S4210224063,Adolescent Research Review,journal,8.288135593220339,,54
S4210224075,Societies and political orders in transition,book series,0.1935483870967742,,24
S4210224100,Journal of Second Language Studies,journal,0.9782608695652174,,16
S4210224138,Langenbecks Archiv für Chirurgie. Supplement,book series,0.0,,15
S4210224222,Archives of Depression and Anxiety,journal,0.6818181818181818,,9
S4210224341,Personality Science,journal,2.0,,16
S4210224475,Przegląd Humanistyczny,journal,0.03773584905660377,,5
S4210224510,Gates Open Research,journal,1.6,,37
S4210224575,Obesity Pillars,journal,4.195238095238095,,24
S4210224676,Discover Mental Health,journal,1.922920892494929,,16
S4210224711,Journal of Open Source Education,journal,0.5483870967741935,,9
S4210224819,Journal of Trust Research,journal,3.972972972972973,,36
S4210224821,Medicina Intensiva (English Edition),journal,0.5655526992287918,,31
S4210224873,Palgrave games in context,journal,0.4807692307692308,,3
S4210225064,PSYCHOLOGIA,journal,0.5,,34
S4210225217,Journal of Educational Sciences & Psychology,journal,0.18604651162790697,,6
S4210225227,Fizicka kultura,journal,0.08333333333333333,,11
S4210225498,Adaptive Human Behavior and Physiology,journal,1.372093023255814,,30
S4210225592,Interdisciplinary evolution research,book series,0.6428571428571429,,18
S4210225730,Creole language library,book series,0.0,,70
S4210225740,General Psychiatry,journal,7.252631578947368,,50
S4210225776,Communications Biology,journal,6.054791791193465,,145
S4210226002,"Synthesis lectures on assistive, rehabilitative, and health-preserving technologies",journal,0.0,,11
S4210226090,COVID,journal,1.0020408163265306,,18
S4210226164,Revista de Fomento Social,journal,0.0,,30
S4210226234,Vaccines,journal,4.128955223880597,,135
S4210226272,Multimodal Technologies and Interaction,journal,5.285714285714286,,56
S4210226328,Voprosy Obrazovaniya/ Educational Studies Moscow,journal,1.4076923076923078,,31
S4210226469,BJGP Open,journal,1.676923076923077,,40
S4210226470,Journal of Global Health Reports,journal,2.967741935483871,,20
S4210226544,Trends in Psychology,journal,1.4585635359116023,,22
S4210226794,Российский журнал биомеханики,journal,0.11811023622047244,,6
S4210226795,Problems of Social Hygiene Public Health and History of Medicine,journal,0.374113475177305,,11
S4210226873,Stanovnistvo,journal,0.5138888888888888,,12
S4210226983,Glossa a journal of general linguistics,journal,0.7108433734939759,,57
S4210226991,Bulletin of Sociological Methodology/Bulletin de Méthodologie Sociologique,journal,0.618421052631579,,44
S4210227165,Plant Direct,journal,2.2775800711743774,,50
S4210227234,JRSM Open,journal,1.0943396226415094,,30
S4210227357,JBI Evidence Synthesis,journal,3.972027972027972,,38
S4210227519,JAPANESE JOURNAL OF RESEARCH ON EMOTIONS,journal,0.020134228187919462,,14
S4210227562,Revista Evaluar,journal,0.09523809523809523,,17
S4210227649,NIHR Open Research,journal,1.2246835443037976,,12
S4210227680,OP-Management up2date,journal,0.05555555555555555,,3
S4210227707,Aging Brain,journal,2.5517241379310347,,20
S4210227849,Journal of Cultural Cognitive Science,journal,2.3043478260869565,,18
S4210228075,Computers,journal,5.075299085151302,,71
S4210228084,Nature Computational Science,journal,10.240449438202248,,75
S4210228229,Applied Food Research,journal,3.473031026252983,,48
S4210228382,TheScienceBreaker,journal,0.12903225806451613,,6
S4210228465,Journal of Online Trust and Safety,journal,2.9705882352941178,,18
S4210228582,physica status solidi (a),journal,1.72,,153
S4210228695,GZ - Psychologie,journal,0.0111731843575419,,6
S4210228808,Agricultural Research,journal,1.8950617283950617,,52
S4210228823,Springer series in translational stroke research,book series,0.0,,7
S4210228896,Art & Perception,journal,1.2352941176470589,,18
S4210228992,Advances in Public Health,journal,1.3263598326359833,,37
S4210229006,International Journal of Behavioral Research & Psychology,journal,0.0,,7
S4210229026,4open,journal,0.0,,12
S4210229045,Psychiater (Amsterdam. Online)/De psychiater,journal,0.017699115044247787,,1
S4210229179,npj Biofilms and Microbiomes,journal,9.4797507788162,,94
S4210229186,Journal of Clinical Exercise Physiology,journal,0.18181818181818182,,12
S4210229222,Neuropsychoanalysis,journal,1.3623188405797102,,40
S4210229274,Vestnik NSUEM,journal,0.12612612612612611,,7
S4210229289,Magyar Pszichológiai Szemle,journal,0.38613861386138615,,14
S4210229324,Psychopathology Review,journal,0.0,,16
S4210229345,Varieties of English around the world. General series,book series,0.058823529411764705,,70
S4210229416,Electronic Journal of Research in Educational Psychology,journal,0.782608695652174,,48
S4210229469,Psico-USF,journal,0.26666666666666666,,41
S4210229726,International Conference on Aerospace Sciences and Aviation Technology,conference,0.0,,15
S4210229799,International Perspectives in Psychology,journal,1.59375,,30
S4210229989,Linguistica,journal,0.08571428571428572,,19
S4210230012,Attention Perception & Psychophysics,journal,1.7237113402061857,,102
S4210230041,Journal of Numerical Cognition,journal,1.6382978723404256,,27
S4210230078,3L The Southeast Asian Journal of English Language Studies,journal,0.9082969432314411,,25
S4210230110,Frontiers in Animal Science,journal,2.077205882352941,,31
S4210230141,Journal of Open Psychology Data,journal,0.75,,14
S4210230153,Fungal biology,book series,0.8402777777777778,,41
S4210230173,Educational Studies,journal,1.1157894736842104,,56
S4210230245,Lecture notes in information systems and organisation,book series,0.6656441717791411,,30
S4210230365,Autism in Adulthood,journal,3.6308724832214767,,53
S4210230422,Enzyme and Microbial Technology,journal,2.735602094240838,,203
S4210230647,Biosystems & biorobotics,book series,0.28191489361702127,,27
S4210230685,"Prosody, phonology and phonetics",book series,0.15,,14
S4210230754,Cognitive Studies | Études cognitives,journal,0.27586206896551724,,16
S4210230804,مجلة بحوث کلية الآداب جامعة المنوفية,journal,0.004335260115606936,,2
S4210230825,Diversitas,journal,0.423728813559322,,20
S4210230829,OECD education working papers,journal,4.046511627906977,,73
S4210230843,Translational Issues in Psychological Science,journal,0.961352657004831,,44
S4210230847,Schmalenbach Journal of Business Research,journal,2.710144927536232,,31
S4210230875,Revista Psicologia e Saúde,journal,0.24074074074074073,,18
S4210230908,Canadian Journal on Aging / La Revue canadienne du vieillissement,journal,0.9436619718309859,,78
S4210231020,Current Issues in Sport Science (CISS),journal,0.44574780058651026,,17
S4210231101,Student Success,journal,0.7692307692307693,,34
S4210231237,Global Journal of Archaeology & Anthropology,journal,0.1891891891891892,,8
S4210231269,Nature Reviews Methods Primers,journal,27.29646017699115,,109
S4210231395,CES Psicología,journal,0.5789473684210527,,16
S4210231826,Cyberpsychology Journal of Psychosocial Research on Cyberspace,journal,2.417391304347826,,53
S4210231853,Frontiers in Political Science,journal,1.3847780126849893,,39
S4210232200,Digital Government Research and Practice,journal,6.4672897196261685,,26
S4210232211,Socioloski pregled,journal,0.4883720930232558,,10
S4210232299,Human Computation,journal,0.375,,19
S4210232320,International Journal of Education Psychology and Counseling,journal,0.22192866578599735,,11
S4210232404,Journal of Advances in Medicine and Medical Research,journal,0.27744270205066346,,33
S4210232456,Psicologia - Teoria e Prática,journal,0.24528301886792453,,18
S4210232579,Internet Interventions,journal,3.956989247311828,,77
S4210232585,Industrial and applied mathematics,book series,0.28634361233480177,,16
S4210232714,Nature Metabolism,journal,17.220839813374806,,147
S4210232800,psicogente,journal,0.49019607843137253,,22
S4210232852,Anthropological Researches and Studies,journal,0.39344262295081966,,6
S4210232941,Evidence-based Preclinical Medicine,journal,0.0,,8
S4210233082,Community Acquired Infection,journal,0.6923076923076923,,10
S4210233205,Psychiatry Research Communications,journal,1.7704918032786885,,17
S4210233270,International Journal of Environment and Climate Change,journal,1.0402909904868494,,25
S4210233354,Methods and principles in medicinal chemistry,book series,0.5161290322580645,,48
S4210233477,EJVES Vascular Forum,journal,0.6814814814814815,,13
S4210233502,Research Methods in Applied Linguistics,journal,4.376984126984127,,24
S4210233596,Neuroimage Reports,journal,1.0432432432432432,,20
S4210233660,Monitoring obŝestvennogo mneniâ: èkonomičeskie i socialʹnye peremeny,journal,0.8723404255319149,,23
S4210233753,Journal of Behavioral and Experimental Economics,journal,1.5342105263157895,,56
S4210233777,Bulletin of the Association for Information Science and Technology,journal,0.0,,15
S4210233854,Language acquisition & language disorders,book series,0.20689655172413793,,78
S4210233869,Open Journal of Depression,journal,2.0625,,16
S4210233881,Advances in medical technologies and clinical practice book series,book series,2.407710280373832,,29
S4210234116,Philosophy Theology and the Sciences,journal,0.08928571428571429,,10
S4210234323,Research in Corpus Linguistics,journal,0.8805970149253731,,10
S4210234357,Journal of Eating Disorders,journal,3.6746347941567064,,77
S4210234587,Italian Journal of Gynaecology and Obstetrics,journal,0.22184300341296928,,10
S4210234653,Multiple Sclerosis Journal - Experimental Translational and Clinical,journal,1.0434782608695652,,41
S4210234664,Information and Technology in Education and Learning,journal,0.8571428571428571,,6
S4210234711,Journal of Veterans Studies,journal,0.9911504424778761,,15
S4210234749,JMIR Formative Research,journal,2.609851787271142,,55
S4210234879,Index of Texas Archaeology Open Access Grey Literature from the Lone Star State,journal,0.014792899408284023,,27
S4210234954,International Journal of Chinese Linguistics,journal,0.7,,9
S4210235199,Music & Science,journal,1.851063829787234,,28
S4210235298,Advances in sustainability science and technology,book series,0.5531914893617021,,15
S4210235332,motorik,journal,0.0,,5
S4210235363,Brain Communications,journal,4.109076433121019,,68
S4210235411,Obesity Abstracts,journal,0.1111111111111111,,2
S4210235574,City Healthcare,journal,0.37362637362637363,,7
S4210235592,Language Teaching Research Quarterly,journal,2.2039800995024876,,18
S4210235606,ENLIGHTEN (Jurnal Bimbingan dan Konseling Islam),journal,0.11266220998820291,,103
S4210235746,Journal of Psychosexual Health,journal,0.68,,20
S4210235875,Computational social sciences,book series,0.0,,22
S4210236070,Pedagogical Linguistics,journal,0.3783783783783784,,10
S4210236200,International Journal of Educational Research Open,journal,5.33852140077821,,40
S4210236259,Higher Education Politics & Economics,journal,0.0,,9
S4210236434,Journal of Postsecondary Student Success,journal,1.4406779661016949,,10
S4210236455,Technology Mind and Behavior,journal,1.5378787878787878,,25
S4210236473,Perspectives in neural computing,book series,0.0,,43
S4210236495,Molecular Omics,journal,2.1144578313253013,,39
S4210236520,Biomolecules,journal,6.0277839029768465,,190
S4210236522,Journal of European Psychology Students,journal,1.0,,17
S4210236685,Journal of Psychological Perspective,journal,0.7297297297297297,,8
S4210236746,Üsküdar Üniversitesi Sosyal Bilimler Dergisi,journal,0.30434782608695654,,9
S4210236786,Journal for the Psychology of Language Learning,journal,0.7297297297297297,,17
S4210236820,Neuroscience Applied,journal,0.21524370297677461,,15
S4210236850,Central Asian Journal of Medical Hypotheses and Ethics,journal,0.6272727272727273,,9
S4210236931,ShodhKosh Journal of Visual and Performing Arts,journal,0.17455790074158586,,10
S4210236938,Current Research in Food Science,journal,7.534117647058824,,67
S4210237076,Schriften zum Kultur- und Museumsmanagement,book series,0.005319148936170213,,17
S4210237108,E-psychologie,journal,0.29411764705882354,,4
S4210237182,European Journal of Psychotherapy & Counselling,journal,1.4339622641509433,,36
S4210237242,Glasnik javnog zdravlja,journal,0.1780821917808219,,4
S4210237279,International Journal of Transgender Health,journal,2.895049504950495,,42
S4210237318,Linguistics Vanguard,journal,1.0,,39
S4210237427,Journal of Science Humanities and Arts - JOSHA,journal,0.055248618784530384,,11
S4210237490,Neuroscience Informatics,journal,2.8559322033898304,,25
S4210237554,IBRO Neuroscience Reports,journal,2.822649572649573,,27
S4210237610,Nature Reviews Psychology,journal,7.5905044510385755,,60
S4210237822,BJS Open,journal,4.025,,58
S4210237878,Methods in Psychology,journal,3.64,,26
S4210237988,Maandblad voor Vermogensrecht,journal,0.02142857142857143,,3
S4210238080,Open Research Europe,journal,1.238532110091743,,28
S4210238114,Cambridge Prisms Global Mental Health,journal,2.5593952483801297,,53
S4210238121,Psychology Society & Education,journal,1.352112676056338,,23
S4210238310,The Journal of Applied Laboratory Medicine,journal,1.6766355140186915,,44
S4210238554,Spermatogenesis,journal,0.0,,47
S4210238603,Langages,journal,0.5340909090909091,,57
S4210238915,المجلة العلمية بکلية الآداب,journal,0.005808325266214908,,2
S4210239036,"Advances in psychology, mental health, and behavioral studies (APMHBS) book series",book series,1.6156716417910448,,18
S4210239046,F1000Research,journal,1.0714654727053556,,173
S4210239051,Revista Eletrônica Acervo Saúde,journal,0.19563182527301093,,29
S4210239059,Revista de Estudios e Investigación en Psicología y Educación,journal,0.4107142857142857,,17
S4210239098,Interdisciplinaria Revista de Psicología y Ciencias Afines,journal,1.8461538461538463,,16
S4210239235,Chronic Pain & Management,journal,0.2,,5
S4210239345,Research methods in applied linguistics,book series,0.6517857142857143,,9
S4210239385,Journal of Trial and Error,journal,1.0212765957446808,,11
S4210239472,Indian Journal of Neurosurgery,journal,0.17177914110429449,,9
S4210239487,Italian Economic Journal,journal,1.7724137931034483,,25
S4210239500,ACS Omega,journal,4.587287766652155,,173
S4210239626,Cultural studies of science education,book series,0.0,,25
S4210239688,Communications of the Association for Information Systems,journal,1.6477272727272727,,109
S4210239804,Umweltwissenschaften und Schadstoff-Forschung,journal,0.0,,30
S4210239940,Languages,journal,1.3107142857142857,,38
S4210239961,Pharmaceutical Nanotechnology,journal,3.3790849673202614,,36
S4210240362,International Journal of Indian Psychology,journal,0.24561403508771928,,32
S4210240438,Neurotrauma Reports,journal,1.7018867924528303,,22
S4210240484,International Blood Research & Reviews,journal,0.21212121212121213,,12
S4210240584,Register Studies,journal,0.3225806451612903,,19
S4210240624,Bibliotheksdienst,journal,0.07239819004524888,,10
S4210240683,International Journal of Innovative Research and Scientific Studies,journal,0.6567944250871081,,16
S4210240697,Contemporary Issues in Communication Science and Disorders,journal,0.0,,31
S4210240746,Conservation Science and Practice,journal,2.065052950075643,,54
S4210240792,Evolution Medicine and Public Health,journal,2.478723404255319,,51
S4210240894,PSIQUEMAG/ Revista Científica Digital de Psicología,journal,0.34328358208955223,,5
S4210240909,Mentálhigiéné és Pszichoszomatika,journal,0.4418604651162791,,20
S4210240911,Journal of Linguistic Geography,journal,0.5789473684210527,,16
S4210240912,Journal of Open Humanities Data,journal,0.5418326693227091,,11
S4210241092,Sexual and Reproductive Health Matters,journal,1.4754098360655739,,45
S4220650788,Open Conference Proceedings,conference,0.7864077669902912,,9
S4220650797,PLOS Climate,journal,3.7595959595959596,,35
S4220650942,Glossa Psycholinguistics,journal,1.178082191780822,,13
S4220651000,Abstracts with programs - Geological Society of America,journal,0.020352091177368473,,21
S4220651193,EDULEARN proceedings,journal,0.12463542679370017,,22
S4220651213,Linguistische Berichte (LB),journal,0.15789473684210525,,29
S4220651226,PLOS Sustainability and Transformation,journal,3.36697247706422,,25
S4220651246,Musicologica Olomucensia,journal,0.029411764705882353,,3
S4220651275,PNAS Nexus,journal,6.501589825119237,,49
S4220651419,Proceedings of the World Congress on Electrical Engineering and Computer Systems and Science,journal,0.35398230088495575,,9
S4220651450,English language teaching,book series,0.2328767123287671,,5
S4220651530,Academic Journal of Science and Technology,journal,0.6997742663656885,,19
S4220651900,ICERI proceedings,journal,0.09801599052413384,,19
S4220651901,Electronic workshops in computing,journal,0.22832369942196531,,55
S42225297,Der Schmerz,journal,0.6117021276595744,,62
S42270594,The Journal of Heart and Lung Transplantation,journal,0.657336578581363,,185
S42299387,Scientific American Mind,journal,0.0,,27
S42323631,Applied Surface Science,journal,6.185714285714286,,276
S42504509,Journal of Phonetics,journal,1.9642857142857142,,166
S42775958,Ear and Hearing,journal,2.776190476190476,,172
S42803210,Toxicon,journal,1.6719160104986877,,188
S4282813161,BMJ Medicine,journal,6.496503496503497,,38
S42886211,Thinking Skills and Creativity,journal,5.055412371134021,,113
S42888351,Sociologias,journal,0.2962962962962963,,39
S42921845,SLEEP,journal,0.7274867569158329,,308
S42973710,Aquacultural Engineering,journal,3.475609756097561,,110
S43019230,PharmacoEconomics,journal,3.473856209150327,,154
S4306400017,Pressto (Uniwersytetu Adama Mickiewicza),repository,0.0038022813688212928,,10
S4306400024,UCL Discovery (University College London),repository,0.06032696292885102,,184
S4306400033,Arrow@dit (Dublin Institute of Technology),repository,0.2,,76
S4306400047,Arabixiv (OSF Preprints),repository,0.0008598452278589854,,6
S4306400048,DBGPrints Repository (German Soil Science Society (DBG)),repository,0.0,,4
S4306400071,University of Zagreb University Computing Centre (SRCE),repository,0.005258126195028681,,85
S4306400078,SUNY Digital Repository Support (State University of New York System),repository,0.0007871949619522435,,30
S4306400081,Repository of the Academy's Library (Library of the Hungarian Academy of Sciences),repository,0.05184470701712081,,84
S4306400088,UvA-DARE (University of Amsterdam),repository,0.8357687420584498,,181
S4306400093,Kobra (Universitätsbibliothek Kassel),repository,0.1553398058252427,,28
S4306400114,Repositório Institucional do ISCTE-IUL (ISCTE-IUL),repository,0.005893909626719057,,10
S4306400115,eScholarship (California Digital Library),repository,0.041530054644808745,,197
S4306400143,Publication Server of the Catholic University Eichstätt-Ingolstadt (Catholic University of Eichstätt-Ingolstadt),repository,0.015057573073516387,,16
S4306400167,Dokumentenrepositorium der RUB (Ruhr University Bochum),repository,0.03607103218645949,,17
S4306400187,Bournemouth University Research Online (Bournemouth University),repository,0.06675938803894298,,32
S4306400194,arXiv (Cornell University),repository,0.17492037844442515,,668
S4306400195,TH Wildau (Technical University of Applied Sciences Wildau),repository,0.02631578947368421,,7
S4306400213,Opus: Research & Creativity (Indiana University – Purdue University Fort Wayne),repository,0.0,,33
S4306400216,Research Portal (King's College London),repository,0.011679341921465155,,107
S4306400241,University of Hertfordshire Research Archive (University of Hertfordshire),repository,0.10309278350515463,,58
S4306400248,VTechWorks (Virginia Tech),repository,0.037291280148423006,,99
S4306400259,Repositorio Institucional UCES (Texas A&M University Libraries),repository,0.0,,10
S4306400261,TSpace (University of Toronto),repository,0.00028951939779965256,,83
S4306400264,Helmholtz Centre for Ocean Research Kiel (GEOMAR),repository,0.051201671891327065,,81
S4306400271,UA Campus Repository (The University of Arizona),repository,0.013055555555555556,,80
S4306400291,OakTrust (Texas A&M University Libraries),repository,2.237037037037037,,65
S4306400321,Edinburgh Research Explorer (University of Edinburgh),repository,0.31714568880079286,,133
S4306400359,Unipub UB Graz (Universität Graz),repository,0.0055248618784530384,,16
S4306400371,Kölner Universitäts PublikationsServer (Universität zu Köln),repository,0.017777777777777778,,72
S4306400373,Repositorio Digital de la UNC (National University of Cordoba),repository,0.016605166051660517,,12
S4306400378,Helmholtz-Zentrum für Polar-und Meeresforschung (Alfred-Wegener-Institut),repository,0.12,,79
S4306400386,"Organic Eprints (International Centre for Research in Organic Food Systems, and Research Institute of Organic Agriculture)",repository,0.009682416731216111,,40
S4306400393,Deep Blue (University of Michigan),repository,0.06841294298921417,,124
S4306400394,DMU Open Research Archive (De Montfort University),repository,0.003676470588235294,,47
S4306400420,University of Groningen research database (University of Groningen / Centre for Information Technology),repository,0.009467364532019705,,109
S4306400425,DSpace@MIT (Massachusetts Institute of Technology),repository,0.03359298928919182,,241
S4306400432,Publication Server of Goethe University Frankfurt am Main (Goethe University Frankfurt),repository,0.0058997050147492625,,70
S4306400439,KNAW Research Portal (The Royal Netherlands Academy of Arts and Sciences),repository,0.014767932489451477,,35
S4306400465,"BIROn (Birkbeck, University of London)",repository,0.03741152679474216,,87
S4306400478,Ghent University Academic Bibliography (Ghent University),repository,0.03257328990228013,,114
S4306400483,Aston Publications Explorer (Aston University),repository,0.02857142857142857,,50
S4306400487,Infoscience (Ecole Polytechnique Fédérale de Lausanne),repository,2.4636711281070744,,174
S4306400489,Multilingual Matters (Channel View Publications),repository,0.07503075030750307,,42
S4306400530,Queen Mary Research Online (Queen Mary University of London),repository,0.03939008894536213,,42
S4306400536,Lund University Publications (Lund University),repository,0.014949917775452235,,116
S4306400544,Research Output (Edinburgh Napier University),repository,2.1715210355987056,,31
S4306400546,Digital Academic REpository of VU University Amsterdam (Vrije Universiteit Amsterdam),repository,0.16145833333333334,,62
S4306400559,Nottingham Trent University's Institutional Repository (Nottingham Trent Repository),repository,0.08054226475279107,,66
S4306400562,Zenodo (CERN European Organization for Nuclear Research),repository,0.023718519105041865,,202
S4306400563,Jyväskylä University Digital Archive (University of Jyväskylä),repository,0.012675048553613412,,52
S4306400572,OPAL (Open@LaTrobe) (La Trobe University),repository,0.01557285873192436,,6
S4306400577,Lincoln (University of Nebraska),repository,0.03280254777070064,,113
S4306400616,DIGITAL.CSIC (Spanish National Research Council (CSIC)),repository,0.09427758457160923,,81
S4306400618,The Library of Electronic Cyprus Thematic Organized Collections (LYKYTHOS) (University of Cyprus),repository,0.0,,19
S4306400648,Scholarship@Western (Western University),repository,0.00804953560371517,,52
S4306400650,Alexandria (UniSG) (University of St.Gallen),repository,1.0,,80
S4306400651,Open Repository and Bibliography (University of Liège),repository,0.01748572234365085,,85
S4306400653,Diva portal (Dalarna University Library),repository,0.0048866301798279905,,59
S4306400654,MPG.PuRe (Max Planck Society),repository,0.01505703422053232,,168
S4306400662,Research Explorer (The University of Manchester),repository,0.07632983982598378,,173
S4306400677,Hrčak Portal of scientific journals of Croatia (University Computing Centre),repository,0.03699284009546539,,66
S4306400679,Pedocs (German Institute for International Educational Research),repository,0.06523887973640857,,71
S4306400680,Surrey Research Insight Open Access (The University of Surrey),repository,3.0,,58
S4306400682,University writing server of the University of Hohenheim (Universität Hohenheim),repository,0.0,,14
S4306400687,DukeSpace (Duke University),repository,0.0,,48
S4306400744,Springer Link (Chiba Institute of Technology),repository,0.015988115920134955,,154
S4306400757,eCommons (Cornell University),repository,0.013052208835341365,,100
S4306400769,PsyDok Dokumentenserver für die Psychologie (Leibniz-Zentrum für Psychologische Information und Dokumentation),repository,0.0,,24
S4306400782,OAR@UM (University of Malta),repository,0.04052780395852969,,46
S4306400786,Americanae (AECID Library),repository,0.5692307692307692,,150
S4306400792,University of North Texas Digital Library (University of North Texas),repository,0.05954974582425563,,165
S4306400794,Prodinra (INRA Bordeaux-Aquitaine),repository,0.0,,27
S4306400803,El Servicio de Difusión de la Creación Intelectual (National University of La Plata),repository,0.004467990042765047,,41
S4306400805,Leeds Beckett Repository (Leeds Beckett University),repository,0.03547671840354767,,28
S4306400806,Europe PMC (PubMed Central),repository,0.17269076305220885,,194
S4306400811,Technische Universität Dortmund Eldorado (Technische Universität Dortmund),repository,0.02059732234809475,,86
S4306400832,Kyushu University Institutional Repository (QIR) (Kyushu University),repository,0.0015644555694618273,,26
S4306400850,Leiden Repository (Leiden University),repository,0.04518503373543243,,84
S4306400854,"White Rose Research Online (University of Leeds, The University of Sheffield, University of York)",repository,0.08295438886592256,,105
S4306400886,Universiti Utara Malaysia Institutional Repository (Universiti Utara Malaysia),repository,0.009114583333333334,,51
S4306400895,Bristol Research (University of Bristol),repository,0.06548362909272681,,148
S4306400906,Research Repository (Delft University of Technology),repository,0.047018739352640546,,105
S4306400923,edoc Publication server (Humboldt University of Berlin),repository,0.021119678176332552,,47
S4306400942,Thèses en ligne de l'Université Toulouse III (Université Toulouse III),repository,0.6666666666666666,,11
S4306400964,Biblos-e Archivo (Universidad Autónoma de Madrid),repository,0.0056925996204933585,,34
S4306400987,IUScholarWorks (Indiana University),repository,0.003477396920019871,,52
S4306400991,Research Repository (Kingston University London),repository,0.022277227722772276,,44
S4306401019,ePrints Soton (University of Southampton),repository,0.05936952714535902,,134
S4306401049,eYLS (Yale Law School),repository,0.02181640761134732,,124
S4306401067,Radboud Repository (Radboud University),repository,0.009669072586136456,,92
S4306401074,Repositório da Universidade de Lisboa (University of Lisbon),repository,0.006483790523690773,,17
S4306401075,Carolina Digital Repository (University of North Carolina at Chapel Hill),repository,0.18840579710144928,,55
S4306401080,OpenDocs (Institute of Development Studies),repository,0.058823529411764705,,73
S4306401107,VU Research Portal,repository,0.0060610831234256925,,79
S4306401127,OSF Preprints (OSF Preprints),repository,0.015273461554985894,,48
S4306401128,ResearchWorks at the University of Washington (University of Washington),repository,0.0074487895716946,,43
S4306401131,BiblioBoard Library Catalog (Open Research Library),repository,0.05841660261337433,,64
S4306401150,"Cork Open Research Archive (University College Cork, Ireland)",repository,0.0035335689045936395,,25
S4306401156,Harper Adams University Repository (GuildHE Research),repository,0.05,,9
S4306401157,Swinburne figshare (Swinburne University of Technology),repository,0.7687376151066558,,78
S4306401187,Open Research Online (The Open University),repository,0.020781171757636455,,107
S4306401195,ORCA Online Research @Cardiff (Cardiff University),repository,0.04007707129094412,,117
S4306401196,Elektronische Hochschulschriften der LMU München (Ludwig-Maximilians-Universität München),repository,0.00980392156862745,,17
S4306401228,E-LIS Repository (University of Naples Federico II),repository,0.02608695652173913,,40
S4306401229,University of Regensburg Publication Server (University of Regensburg),repository,0.007341694707861731,,72
S4306401236,Open Access at Essex (University of Essex),repository,0.09213051823416507,,65
S4306401238,SocArXiv (OSF Preprints),repository,0.0003756574004507889,,12
S4306401259,BOA (University of Milano-Bicocca),repository,0.014328247115742463,,66
S4306401271,RePEc: Research Papers in Economics,repository,0.34467862285639483,,435
S4306401280,DOAJ (DOAJ: Directory of Open Access Journals),repository,0.07089818908606384,,213
S4306401281,Zurich Open Repository and Archive (University of Zurich),repository,0.058227381610466186,,133
S4306401293,Dialnet (Universidad de la Rioja),repository,0.0033144904373196608,,219
S4306401313,Publication Database GFZ (GFZ German Research Centre for Geosciences),repository,0.09822866344605476,,54
S4306401322,The Journal of Macrodynamic Analysis (Memorial University of Newfoundland),repository,0.014634146341463415,,22
S4306401357,UTS ePRESS (University of Technology Sydney),repository,13.25,,81
S4306401362,RWTH Publications (RWTH Aachen),repository,0.061995967741935484,,78
S4306401379,"DORA WSL (Swiss Federal Institute for Forest, Snow and Landscape Research)",repository,0.06616541353383458,,47
S4306401396,Spiral (Imperial College London),repository,0.206,,62
S4306401432,Maynooth University ePrints and eTheses Archive (Maynooth University),repository,0.039603960396039604,,63
S4306401464,UWE Research Repository (UWE Bristol),repository,0.0,,67
S4306401468,Lume (Universidade Federal do Rio Grande do Sul),repository,0.0017033840563252327,,29
S4306401473,Brunel University Research Archive (BURA) (Brunel University London),repository,0.0975609756097561,,50
S4306401487,KOPS (University of Konstanz),repository,0.07086614173228346,,64
S4306401490,Research portal (Tilburg University),repository,0.006273909716908952,,75
S4306401509,UVic’s Research and Learning Repository (University of Victoria),repository,0.004895960832313341,,37
S4306401511,Dublin City University Open Access Institutional Repository (Dublin City University),repository,0.044585987261146494,,29
S4306401514,Deposito Adademico Digital Universidad De Navarra (University of Navarra),repository,0.01909307875894988,,34
S4306401518,University Libraries (University of Maryland),repository,0.014653865588681153,,84
S4306401523,Electronic scientific archive of UrFU (Ural Federal University),repository,0.0009257830581700355,,15
S4306401530,University of Limerick Institutional Repository (University of Limerick),repository,0.008044554455445545,,28
S4306401540,Digital Access to Scholarship at Harvard (DASH) (Harvard University),repository,0.006902502157031924,,114
S4306401541,Knowledge Commons (Lakehead University),repository,0.009840851304265938,,18
S4306401559,KTH Publication Database DiVA (KTH Royal Institute of Technology),repository,0.007469475700263347,,100
S4306401562,Epsilon Archive for Student Projects (University of Southampton),repository,0.0017476406850751485,,16
S4306401568,eScholarship@McGill (McGill),repository,0.005055611729019211,,49
S4306401569,eCite Digital Repository (University of Tasmania),repository,3.4285714285714284,,111
S4306401593,London School of Economics and Political Science Research Online (London School of Economics and Political Science),repository,0.23331733077292366,,194
S4306401600,SHURA (Sheffield Hallam University Research Archive) (Sheffield Hallam University),repository,0.04521276595744681,,45
S4306401617,e-space (Manchester Metropolitan University),repository,0.19967266775777415,,43
S4306401631,The University of Bath Online Publications Store (The University of Bath),repository,1.3333333333333333,,46
S4306401634,GoeScholar  The Publication Server of the Georg-August-Universität Göttingen (Georg-August-Universität Göttingen),repository,0.046875,,38
S4306401649,Utrecht University Repository (Utrecht University),repository,0.02351752993795989,,92
S4306401651,Digitalen Hochschulbibliothek Sachsen-Anhalt (Universitäts- und Landesbibliothek Sachsen-Anhalt),repository,0.0065346915241206996,,27
S4306401668,DSpace VŠB-TUO (VŠB-TUO),repository,0.0,,22
S4306401671,PUB – Publications at Bielefeld University (Bielefeld University),repository,0.09429978888106967,,74
S4306401687,PsyArXiv (OSF Preprints),repository,0.0008571734704810886,,7
S4306401696,Econstor (Econstor),repository,0.07705908354206571,,89
S4306401697,DigitalCommons@Linfield (Linfield College),repository,0.0,,13
S4306401716,Duo Research Archive (University of Oslo),repository,0.025011499540018398,,92
S4306401722,ScholarSpace (University of Hawaii at Manoa),repository,0.009177430319510536,,94
S4306401724,Enlighten: Theses (The University of Glasgow),repository,0.024602026049204053,,34
S4306401731,VBN Forskningsportal (Aalborg Universitet),repository,0.045814057603342784,,88
S4306401737,"UNSWorks (University of New South Wales, Sydney, Australia)",repository,0.4872235344642474,,41
S4306401756,"Lenus, The Irish Health Repository (Dr Steevens Hospital Library)",repository,0.00927643784786642,,35
S4306401758,University of Brighton Repository (University of Brighton),repository,0.05765765765765766,,44
S4306401777,Apollo (University of Cambridge),repository,0.031020601468150603,,99
S4306401811,Zürcher Hochschule für Angewandte Wissenschaften digital collection (Zurich University of Applied Sciences),repository,0.013938165230613279,,36
S4306401815,Open Repository and Bibliography (University of Luxembourg),repository,0.041072306935563206,,69
S4306401835,Adelaide Research & Scholarship (AR&S) (University of Adelaide),repository,0.08163265306122448,,85
S4306401840,DergiPark (Istanbul University),repository,0.0107664701358626,,126
S4306401843,Data Archiving and Networked Services (DANS),repository,0.05367218465842854,,225
S4306401845,Open access LMU (Ludwid Maxmilian's Universitat Munchen),repository,0.06336088154269973,,44
S4306401846,Bradford Scholars (University of Bradford),repository,0.025974025974025976,,33
S4306401879,CogPrints (University of Southampton),repository,0.0,,63
S4306401898,Cardinal Scholar (Ball State University),repository,0.0,,22
S4306401916,Lancaster EPrints (Lancaster University),repository,0.03753698224852071,,143
S4306401934,Open Repository of the University of Porto (University of Porto),repository,0.003703444902522535,,27
S4306401937,Digital Education Resource Archive (University College London),repository,0.015328467153284672,,86
S4306401940,City Research Online (City University London),repository,0.041156840934371525,,49
S4306401954,Lirias (KU Leuven),repository,0.033760186263096625,,24
S4306401957,CU Scholar (University of Colorado Boulder),repository,0.007799253984401492,,54
S4306401983,Research at the University of Copenhagen (University of Copenhagen),repository,0.04710964822053076,,110
S4306401989,Coventry University Open Collections (Coventry university),repository,1.4285714285714286,,30
S4306401992,Repository KITopen (Karlsruhe Institute of Technology),repository,0.023612977538875025,,68
S4306401993,Phaidra (Universität Wien),repository,1.3333333333333333,,23
S4306401996,Social Science Open Access Repository (GESIS – Leibniz Institute for the Social Sciences),repository,0.5259077927376581,,93
S4306401998,Open Research Exeter (University of Exeter),repository,0.05167958656330749,,46
S4306402014,Nottingham ePrints (University of Nottingham),repository,0.006896551724137931,,43
S4306402028,Queen Margaret University Publications Repository (Queen Margaret University),repository,0.007220216606498195,,34
S4306402036,OpenstarTs (Univeristy of Trieste https://www.units.it/),repository,0.00261437908496732,,47
S4306402074,RMIT Research Repository (RMIT University Library),repository,0.8957934990439771,,74
S4306402089,University of Debrecen Electronic Archive (University of Debrecen),repository,0.0005170185264971995,,30
S4306402108,"VinaR (Institute of Nuclear Sciences ""Vinča"")",repository,0.0,,10
S4306402118,NASA Technical Reports Server (NASA),repository,4.636363636363637,,168
S4306402122,BRAC University Institutional Repository (BRAC University),repository,0.009070294784580499,,26
S4306402127,E-Artexte (Artexte),repository,0.0,,29
S4306402129,Open University of Cape Town (University of Cape Town),repository,0.00041037119940309644,,59
S4306402130,PhilPapers (PhilPapers Foundation),repository,0.07533269961977186,,102
S4306402148,QIR (Kyushu University Institutional Repository) (Kyushu University),repository,0.0,,20
S4306402195,CERN Document Server (European Organization for Nuclear Research),repository,0.06680121089808275,,407
S4306402198,Texas Digital Library (University of Texas),repository,0.002145446474809499,,42
S4306402203,LillOA (Université de Lille (University Of Lille)),repository,0.03972602739726028,,40
S4306402226,Strathprints: The University of Strathclyde institutional repository (University of Strathclyde),repository,0.03725222146274778,,83
S4306402240,ScholarWorks@UMassAmherst (University of Massachusetts Amherst),repository,0.23058252427184467,,130
S4306402251,German Medical Science (German Research Foundation),repository,0.007870474477175624,,13
S4306402261,Libraries and Cultural Resources (University of Calgary),repository,0.0,,51
S4306402264,French digital mathematics library (Numdam),repository,0.0,,142
S4306402266,Digital Repository (National Repository of Grey Literature),repository,0.0,,24
S4306402273,CentAUR (University of Reading),repository,0.0441257584114727,,70
S4306402281,OpenEdition (OpenEdition),repository,0.0008808258128322413,,56
S4306402304,The Knowledge Bank (The Ohio State University),repository,0.004710632570659489,,68
S4306402311,Agritrop (Cirad),repository,0.06549767921609077,,69
S4306402319,Research Portal (Queen's University Belfast),repository,0.03262855651265988,,81
S4306402357,University of Birmingham Institutional Research Archive (University of Birmingham),repository,0.0017667844522968198,,29
S4306402365,Leicester Research Archive (University of Leicester),repository,0.0,,46
S4306402381,Scholarship @ Cornell Law (Cornell University),repository,0.06896551724137931,,68
S4306402388,Queensland's institutional digital repository (The University of Queensland),repository,1.3333333333333333,,160
S4306402414,The Sydney eScholarship Repository (The University of Sydney),repository,0.0038461538461538464,,46
S4306402420,Lund University Publications Student Papers (Lund University),repository,0.0028479210176571104,,31
S4306402433,"Portuguese National Funding Agency for Science, Research and Technology (RCAAP Project by FCT)",repository,0.01001279701172483,,95
S4306402453,MACAU: Open Access Repository of Kiel University (University Library Kiel),repository,0.0049261083743842365,,13
S4306402455,CONICET Digital (CONICET),repository,0.0013623978201634877,,41
S4306402457,Deakin Research Online (Deakin University),repository,0.03755605381165919,,87
S4306402462,Edge Hill University Research Information Repository (Edge Hill University),repository,0.013681592039800995,,27
S4306402465,Faculty of Philosophy (University of Belgrade),repository,0.0033222591362126247,,8
S4306402468,NCSU Libraries Repository (North Carolina State University Libraries),repository,0.0,,66
S4306402478,INFM-OAR (INFN Catania),repository,0.16666666666666666,,47
S4306402483,Repository@Nottingham (University of Nottingham),repository,0.12582781456953643,,36
S4306402487,OSTI OAI (U.S. Department of Energy Office of Scientific and Technical Information),repository,0.15958493733537873,,180
S4306402495,OpenMETU (Middle East Technical University),repository,0.012930177043962602,,55
S4306402512,HAL (Le Centre pour la Communication Scientifique Directe),repository,0.028249489274770175,,294
S4306402521,University of Minnesota Digital Conservancy (University of Minnesota),repository,0.013415315818893237,,76
S4306402525,Humanities Commons CORE (Modern Language Association / Columbia University),repository,0.0,,30
S4306402527,LSHTM Research Online (London School of Hygiene and Tropical Medicine),repository,0.05714285714285714,,69
S4306402539,ANU Open Research (Australian National University),repository,0.02446225221425559,,129
S4306402552,ZBW Publication Archive (ZBW – Leibniz Information Centre for Economics),repository,0.23809523809523808,,11
S4306402556,Maryland Shared Open Access Repository (USMAI Consortium),repository,0.009912206173888417,,58
S4306402567,bioRxiv (Cold Spring Harbor Laboratory),repository,0.9220967609000247,,196
S4306402573,VUBIR (Vrije Universiteit Brussel),repository,0.03344817685902957,,79
S4306402605,"Repository of the Institute for Philosophy and Social Theory (University of Belgrade, Institute for Philosophy and Social Theory)",repository,0.003780718336483932,,5
S4306402607,QUT ePrints (Queensland University of Technology),repository,0.2887189292543021,,117
S4306402608,Bond University Research Portal (Bond University),repository,0.019908116385911178,,35
S4306402616,Research Publications (Maastricht University),repository,0.0033437898583198317,,60
S4306402617,Digitale Bibliothek Braunschweig (Verbundzentrale Göttingen (VZG)),repository,0.06756756756756757,,28
S4306402619,MetArXiv (OSF Preprints),repository,0.0,,1
S4306402620,"CER (University of Belgrade, Institute of Chemistry, Technology and Metallurgy)",repository,0.001584786053882726,,9
S4306402621,INDIGO (University of Illinois at Chicago),repository,0.006105627353210542,,105
S4306402627,"IPIR – Repository of the Institute for Educational Research (Institute for Educational Research, Belgrade, Serbia)",repository,0.0,,3
S4306402628,Riviste UNIMI (Università degli studi di Milano),repository,0.4188722669735328,,31
S4306402634,University of Birmingham Research Portal (University of Birmingham),repository,0.03648548026805659,,86
S4306402636,Oxford University Research Archive (ORA) (University of Oxford),repository,0.06824087673709185,,178
S4306402641,LA Referencia (Red Federada de Repositorios Institucionales de Publicaciones Científicas),repository,0.004182180601000414,,203
S4306402644,Digital Repository at the University of Maryland (University of Maryland College Park),repository,0.0005847953216374269,,32
S4306402649,Open Access Victoria University of Wellington | Te Herenga Waka (Figshare),repository,0.5897435897435898,,7
S4306417620,Advances in Computing and Communications,conference,0.0,,16
S4306417665,Americas Conference on Information Systems,conference,0.0,,26
S4306417984,Computer Supported Collaborative Learning,conference,0.0,,23
S4306418000,Conference Cognitive Science,conference,0.0,,13
S4306418137,Creativity and Cognition,conference,7.716049382716049,,27
S4306418324,European Conference on Information Systems,conference,0.0,,32
S4306418330,European conference on Machine Learning,conference,0.0,,4
S4306418440,Formal Techniques for (Networked and) Distributed Systems,conference,0.0,,18
S4306418550,Human Factors in Computing Systems,conference,0.0,,16
S4306418931,Intelligent Agents,conference,0.0,,9
S4306419136,International Conference on Applied Mathematics,conference,0.0,,11
S4306419507,International Conference on Human-Computer Interaction,conference,0.0,,37
S4306419565,International Conference on Information Society,conference,0.0,,11
S4306419566,International Conference on Information Systems,conference,0.0,,39
S4306419859,International Conference on Supporting Group Work,conference,0.0,,4
S4306419983,International Electron Devices Meeting,conference,0.0,,11
S4306420508,Meeting of the Association for Computational Linguistics,conference,59.0,,54
S4306420560,Multikonferenz Wirtschaftsinformatik,conference,0.0,,14
S4306421314,World Automation Congress,conference,0.0,,20
S4306424877,Language Resources and Evaluation,journal,1.9446808510638298,,68
S4306462766,Accademia University Press eBooks,ebook platform,0.06896551724137931,,25
S4306462769,ACM eBooks,ebook platform,1.1572700296735905,,71
S4306462787,Akademie Verlag eBooks,ebook platform,0.0,,68
S4306462793,American Academy of Pediatrics eBooks,ebook platform,0.148380355276907,,79
S4306462819,American Psychological Association eBooks,ebook platform,0.3976190476190476,,280
S4306462833,Amsterdam University Press eBooks,ebook platform,0.30578753155952615,,111
S4306462841,ANU Press eBooks,ebook platform,0.23029682702149437,,90
S4306462853,Armand Colin eBooks,ebook platform,0.037337662337662336,,62
S4306462911,Berghahn Books,ebook platform,0.08811133980201902,,90
S4306462936,Bloomsbury Academic eBooks,ebook platform,0.33636363636363636,,175
S4306462951,Böhlau Verlag eBooks,ebook platform,0.10526315789473684,,56
S4306462952,Bohn Stafleu van Loghum eBooks,ebook platform,0.053691275167785234,,33
S4306462973,Bristol University Press eBooks,ebook platform,0.06018128683936797,,89
S4306462976,British Small Animal Veterinary Association eBooks,ebook platform,0.09070548712206047,,35
S4306462987,CABI Publishing eBooks,ebook platform,0.0,,168
S4306462995,Cambridge University Press eBooks,ebook platform,0.6933907883048893,,1025
S4306463018,Channel View Publications eBooks,ebook platform,0.1277056277056277,,41
S4306463029,Chronos Verlag eBooks,ebook platform,0.05128205128205128,,10
S4306463045,Columbia University Press eBooks,ebook platform,0.48360049321824905,,217
S4306463067,Cornell University Press eBooks,ebook platform,0.04561692772739764,,214
S4306463104,Deutscher Universitätsverlag eBooks,ebook platform,0.0,,62
S4306463223,Edward Elgar Publishing eBooks,ebook platform,0.5451744918150746,,243
S4306463230,Elsevier eBooks,ebook platform,0.5962579041043208,,783
S4306463238,EMS Editions eBooks,ebook platform,0.12225705329153605,,14
S4306463301,Franz Steiner Verlag eBooks,ebook platform,0.7714285714285715,,45
S4306463308,Gabler Verlag eBooks,ebook platform,0.0,,116
S4306463313,Garland Science eBooks,ebook platform,1.95850622406639,,61
S4306463317,Geological Society of America eBooks,ebook platform,0.4789473684210526,,187
S4306463409,IGI Global eBooks,ebook platform,0.8728336709430565,,131
S4306463426,Institut de la gestion publique et du développement économique eBooks,ebook platform,0.07547169811320754,,25
S4306463447,InTech eBooks,ebook platform,0.0,,185
S4306463448,IntechOpen eBooks,ebook platform,0.7106345842164319,,102
S4306463470,IOS Press eBooks,ebook platform,0.0,,53
S4306463489,Jaypee Brothers Medical Publishers (P) Ltd. eBooks,ebook platform,0.0,,89
S4306463491,J.B. Metzler eBooks,ebook platform,0.34445083381253594,,95
S4306463493,John Benjamins eBooks,ebook platform,0.0,,14
S4306463591,Manchester University Press eBooks,ebook platform,0.2204538034606595,,96
S4306463608,McGill-Queen's University Press eBooks,ebook platform,0.02852277564921243,,98
S4306463615,Medizinisch Wissenschaftliche Verlagsgesellschaft eBooks,ebook platform,0.10784313725490197,,17
S4306463637,Multilingual Matters eBooks,ebook platform,3.1477846326416152,,175
S4306463664,Nomos eBooks,ebook platform,0.0,,63
S4306463667,Nomos Verlagsgesellschaft mbH & Co. KG eBooks,ebook platform,0.07609959504430455,,84
S4306463678,"now publishers, Inc. eBooks",ebook platform,0.0,,96
S4306463695,Oldenbourg Wissenschaftsverlag eBooks,ebook platform,0.0,,64
S4306463708,Oxford University Press eBooks,ebook platform,0.353972979161896,,563
S4306463715,Palgrave Macmillan eBooks,ebook platform,0.03571428571428571,,101
S4306463716,Palgrave Macmillan UK eBooks,ebook platform,0.4010989010989011,,355
S4306463734,Penn State University Press eBooks,ebook platform,0.0329232995658466,,69
S4306463742,Peter Lang eBooks,ebook platform,0.0,,52
S4306463762,Policy Press eBooks,ebook platform,0.06608050556395109,,98
S4306463787,Presses Universitaires de France eBooks,ebook platform,0.05263157894736842,,138
S4306463797,Presses universitaires de Rennes eBooks,ebook platform,0.038837106080781184,,51
S4306463801,Presses universitaires du Midi eBooks,ebook platform,0.0,,25
S4306463805,Princeton University Press eBooks,ebook platform,0.26278404815650863,,557
S4306463819,Punctum Books,ebook platform,0.41132075471698115,,29
S4306463895,SensePublishers eBooks,ebook platform,0.0,,87
S4306463937,Springer eBooks,ebook platform,0.0,,160
S4306463954,State University of New York Press eBooks,ebook platform,0.1355036855036855,,137
S4306463975,Teachers College Press eBooks,ebook platform,0.0,,71
S4306463997,The MIT Press eBooks,ebook platform,0.7059519117067402,,484
S4306464022,transcript Verlag eBooks,ebook platform,0.07638528036279466,,110
S4306464033,Ubiquity Press eBooks,ebook platform,1.018181818181818,,30
S4306464232,Vandenhoeck & Ruprecht eBooks,ebook platform,0.054381477991654326,,86
S4306464240,Verlag Barbara Budrich eBooks,ebook platform,0.17841915382092488,,63
S4306464262,VS Verlag für Sozialwissenschaften eBooks,ebook platform,0.0,,198
S4306464271,Wageningen Academic Publishers eBooks,ebook platform,0.0,,38
S4306464272,Wallstein Verlag eBooks,ebook platform,0.052398381814679255,,30
S4306464282,Waxmann Verlag GmbH eBooks,ebook platform,1.1713615023474178,,30
S4306464320,WORLD SCIENTIFIC eBooks,ebook platform,0.33922883487007544,,285
S4306464631,A.A. Balkema eBooks,ebook platform,0.32098765432098764,,41
S4306464808,"Addison-Wesley Longman Publishing Co., Inc. eBooks",ebook platform,0.0,,75
S4306465696,Artmed eBooks,ebook platform,0.0,,12
S4306465790,Aslib eBooks,ebook platform,0.0,,7
S4306465818,Assimil eBooks,ebook platform,0.0,,1
S4306466013,Author eBooks,ebook platform,0.0,,14
S4306466293,Beltz Verlag eBooks,ebook platform,0.0,,6
S4306466866,Bucher eBooks,ebook platform,0.0,,1
S4306467404,"Centre for Longitudinal Studies, Institute of Education, University of London eBooks",ebook platform,0.0,,0
S4306467642,Chelsea House Publishers eBooks,ebook platform,0.0,,13
S4306467944,Cognitive Science Society eBooks,ebook platform,0.0,,2
S4306470266,E. Schmidt eBooks,ebook platform,0.0,,14
S4306471700,Greenwood Publishing Group Inc. eBooks,ebook platform,0.0,,67
S4306472902,In Kommission bei F. Steiner eBooks,ebook platform,0.0,,3
S4306473030,"Institute of Education, University of London eBooks",ebook platform,0.0,,12
S4306473442,IOS Press BV eBooks,ebook platform,0.0,,2
S4306474113,Karnac Books,ebook platform,0.15341701534170155,,18
S4306474278,Klett-Cotta eBooks,ebook platform,0.0,,21
S4306479468,Scripta Mercaturae Verlag eBooks,ebook platform,0.0,,4
S4306481413,Universidad de Chile,repository,0.005119453924914676,,32
S4306481420,Universidad de Guadalajara eBooks,ebook platform,0.1513157894736842,,12
S4306482233,VDM Verlag Dr. Müller eBooks,ebook platform,0.0,,13
S4306482411,Vernon Press eBooks,ebook platform,0.03636363636363636,,4
S4306486729,Dialética eBooks,ebook platform,0.38718187461204223,,13
S4306487238,Exon Publications eBooks,ebook platform,0.1971326164874552,,20
S4306489013,Oldenbourg Wissenschaftsverlag Verlag eBooks,ebook platform,0.0,,29
S4306489160,Peter Lang D eBooks,ebook platform,0.0,,58
S4306489567,Sciyo eBooks,ebook platform,0.0,,34
S4306489686,Society for Human Resource Management (SHRM) eBooks,ebook platform,0.0,,2
S4306490889,"Znanstvena založba Filozofske fakultete Univerze v Ljubljani (Ljubljana University Press, Faculty of Arts) eBooks",ebook platform,0.0,,12
S4306495354,한국심리학회 학술대회 자료집,journal,0.0,,3
S4306496256,한국항공우주학회 학술발표회 논문집,journal,0.0,,9
S4306497246,145th Annual Meeting of the American Fisheries Society,journal,0.0,,4
S4306497935,2015 ASCRS ASOA Symposium and Congress,journal,0.0,,3
S4306498022,"2016 AAAS Annual Meeting (February 11-15, 2016)",journal,0.0,,5
S4306498066,2016 International Congress of Entomology,journal,0.0,,10
S4306498130,"2017 AAAS Annual Meeting (February 16-20, 2017)",journal,0.0,,3
S4306498462,2019 Conference on Cognitive Computational Neuroscience,conference,0.0,,11
S4306498615,2020 5th Asia Conference on Power and Electrical Engineering (ACPEE),conference,0.0,,13
S4306499293,37th European Photovoltaic Solar Energy Conference and Exhibition,conference,0.0,,1
S4306499298,38th Aerospace Sciences Meeting and Exhibit,journal,0.0,,36
S4306499303,38th COSPAR Scientific Assembly,journal,0.0,,7
S4306499579,55th ESPE Meeting,journal,0.0,,3
S4306499601,59th Annual Meeting,journal,0.0,,3
S4306499656,"62. Deutsche Pflanzenschutztagung : Gesunde Pflanzen in Verantwortung für unsere Welt ; 21. - 23. September 2021, -Kurzfassungen der Vorträge und Poster-",journal,0.0,,1
S4306499932,AAS,journal,0.0,,18
S4306499944,AAS/Division for Planetary Sciences Meeting Abstracts #28,journal,0.0,,5
S4306500003,ABC - časopis urgentne medicine,journal,0.2222222222222222,,3
S4306500668,Actualité juridique. Edition droit administratif,journal,0.0,,3
S4306501062,AGU Fall Meeting Abstracts,journal,0.0,,42
S4306501063,AGUFM,journal,0.5,,32
S4306501081,AHS International Forum 54,journal,0.0,,11
S4306501082,AHS International Forum 55,journal,0.0,,13
S4306501179,AIHce 2000,journal,0.0,,4
S4306501417,"AFZ/Der Wald, Allgemeine Forst Zeitschrift für Waldwirtschaft und Umweltvorsorge",journal,0.0,,6
S4306501536,American Astronomical Society Meeting Abstracts,journal,0.0,,12
S4306501549,American Astronomical Society Meeting Abstracts #204,journal,0.0,,4
S4306502487,Anuario de Investigaciones de la Facultad de Psicología,journal,0.0,,3
S4306502653,APS,journal,0.0,,21
S4306502657,APS Division of Fluid Dynamics Meeting Abstracts,journal,0.0,,14
S4306502677,APUNTES DE PSICOLOGÍA,journal,0.4533333333333333,,20
S4306503303,Asian Journal of Research in Animal and Veterinary Sciences,journal,0.24193548387096775,,7
S4306503539,ASPC,journal,0.0,,50
S4306504053,Baština,journal,0.0,,2
S4306504130,Beiträge zur Namenforschung,journal,0.0,,2
S4306504314,BMGN - Low Countries Historical Review,journal,0.05405405405405406,,28
S4306505298,Business Education Forum,journal,0.0,,12
S4306505768,"CAUTHE 1997: Tourism research: Building a better industry; Proceedings from the Australian Tourism and Hospitality Research Conference, 1997",conference,0.0,,4
S4306505838,Center on Reinventing Public Education,journal,0.0,,12
S4306506211,Ciel et Terre,journal,0.0,,13
S4306506521,"Cognitie, Creier, Comportament",journal,0.19047619047619047,,23
S4306506907,Congresso Internacional de Psicologia da Criança e do Adolescente,journal,0.0,,2
S4306507032,"Control 1991. Control '91., International Conference on",conference,0.0,,15
S4306507144,CrimRxiv,repository,0.3361847733105218,,34
S4306508392,DPS,journal,0.0,,11
S4306508766,EdMedia: World Conference on Educational Media and Technology,conference,0.0,,34
S4306508950,EGUGA,journal,2.0,,23
S4306508951,EGU General Assembly Conference Abstracts,conference,0.0,,29
S4306509076,"E-Learn: World Conference on E-Learning in Corporate, Government, Healthcare, and Higher Education",conference,0.0,,26
S4306509263,Empirische SonderpÃ¤dagogik,journal,0.0,,0
S4306509335,Encyclopedia of Cognitive Science,journal,0.0,,31
S4306509357,Encyclopedia of Genetics,journal,0.0,,16
S4306509401,Endocrine Abstracts,journal,0.04270243662318484,,18
S4306509627,epsc,journal,0.0,,7
S4306509708,ESA Living Planet Symposium,journal,0.0,,9
S4306509711,ESASP,journal,0.0,,33
S4306510242,Éxodo,journal,0.0,,6
S4306511226,Generations,journal,0.0,,45
S4306511569,GMDS,journal,0.0,,3
S4306511666,Grantee Submission,journal,0.0,,17
S4306511758,Guidance and Control Conference,conference,0.0,,26
S4306511762,"Guidance, Navigation, and Control Conference and Exhibit",conference,0.0,,33
S4306512848,IEICE Technical Report; IEICE Tech. Rep.,journal,0.0,,20
S4306512880,ifo Dresden berichtet,journal,0.0,,2
S4306512882,Ifo-Schnelldienst,journal,0.0,,9
S4306512907,II Congreso Internacional de Investigación y Práctica Profesional en Psicología XVII Jornadas de Investigación Sexto Encuentro de Investigadores en Psicología del MERCOSUR,journal,0.0,,2
S4306512919,III Congreso Internacional de Investigación y Práctica Profesional en Psicología XVIII Jornadas de Investigación Séptimo Encuentro de Investigadores en Psicología del MERCOSUR,journal,0.0,,4
S4306512958,IJIRMPS - International Journal of Innovative Research in Engineering & Multidisciplinary Physical Sciences,journal,0.0,,6
S4306513017,il Nome nel testo,journal,0.0,,2
S4306513438,INSAR 2018 Annual Meeting,journal,0.0,,4
S4306514316,Investig. psicol,journal,0.0,,5
S4306514450,ISBN,journal,0.0,,11
S4306514559,İstanbul Üniversitesi Sosyoloji Dergisi / İstanbul University Journal of Sociology,journal,0.6818181818181818,,11
S4306514674,IV Congreso Internacional de Investigación y Práctica Profesional en Psicología XIX Jornadas de Investigación VIII Encuentro de Investigadores en Psicología del MERCOSUR,journal,0.0,,3
S4306514796,Jahrbuch für Geschichte Lateinamerikas = Anuario de Historia de América Latina ( JbLA ),journal,0.0,,4
S4306515107,JLT Articles,journal,0.0,,1
S4306515224,Journal des Astronomes Francais,journal,0.0,,3
S4306515240,Journal for Educational Research Online / Journal für Bildungsforschung Online,journal,0.43902439024390244,,8
S4306515922,Journal of Nursing Science & Practice,journal,0.0,,5
S4306517198,Jus: Juristische Schulung,journal,0.0,,6
S4306517913,K&uuml;nstliche Intell.,journal,4.467391304347826,,50
S4306518229,LAstr,journal,0.0,,5
S4306518230,L'Astronomie,journal,0.0,,9
S4306518666,Liege International Astrophysical Colloquia,journal,0.0,,6
S4306518891,LPI,journal,0.0,,34
S4306519735,Memorie della Societa Astronomica Italiana,journal,0.0,,11
S4306519755,Mente y cerebro,journal,0.0,,6
S4306520004,Miríada hispánica,journal,0.0,,3
S4306520501,NASA Tech Briefs,journal,0.0,,15
S4306521173,Nueva revista del Pacífico/Nueva revista del Pacífico,journal,0.08536585365853659,,7
S4306521237,Nursing Practice Today,journal,0.972972972972973,,16
S4306521614,Oral Presentations,journal,0.11802575107296137,,12
S4306522055,Parity,journal,0.0,,8
S4306522986,Prace Naukowe Instytutu Górnictwa Politechniki Wrocławskiej. Konferencje,journal,0.0,,6
S4306523257,Proc. Am. Power Conf.; (United States),journal,0.0,,10
S4306523429,Proceedings of Fechner Day,journal,0.0,,8
S4306523482,Proceedings of Sinn und Bedeutung,journal,0.0,,17
S4306523515,Proceedings of the 12th International Conference on the Evolution of Language (Evolang12),conference,0.0,,7
S4306523619,Proceedings of the 2011 iConference,journal,0.0,,20
S4306523650,Proceedings of the 2018 ACM Symposium on Eye Tracking Research &amp; Applications,journal,0.0,,24
S4306523868,Proceedings of the 5th European Congress of Conservation Biology,journal,0.0,,4
S4306523994,Proceedings of the Annual Meeting of the Cognitive Science Society,journal,0.0,,11
S4306524004,Proceedings of The Australian Conference on Science and Mathematics Education (formerly UniServe Science Conference),conference,0.0,,12
S4306524842,Psicología Política,journal,0.0,,14
S4306524878,PsycEXTRA Dataset,repository,0.012474012474012475,,327
S4306524922,PsycTESTS Dataset,repository,0.059752747252747256,,184
S4306524942,PTT - Persönlichkeitsstörungen: Theorie und Therapie,journal,0.14606741573033707,,7
S4306525036,PubMed,repository,0.6354835342623036,,947
S4306525896,Research Square,repository,0.19263000434286082,,70
S4306526113,Revista Argentina de Ciencias del Comportamiento ( RACC ),journal,0.4,,15
S4306526293,Revista Chilena de Salud Pública,journal,0.05172413793103448,,12
S4306526401,Revista Costarricense de Psicología,journal,0.15873015873015872,,11
S4306527301,Revista española de investigaciones quirúrgicas,journal,0.0,,4
S4306528256,Revue des Sciences Humaines,journal,0.05128205128205128,,4
S4306529053,Sakarya Üniversitesi Fen Bilimleri Enstitüsü Dergisi,journal,0.0,,2
S4306529153,Savremeni trendovi u psihologiji,journal,0.0,,1
S4306529286,Science Trends,journal,0.0,,5
S4306530332,Society for Information Technology & Teacher Education International Conference,conference,0.0,,37
S4306530767,Społeczeństwo. Edukacja. Język,journal,0.0,,2
S4306530908,STIN,journal,0.0,,35
S4306531310,"Summaries of technical papers of Annual Meeting Architectural Institute of Japan. A-2, Fire safety, off-shore engineering and architecture, information systems technology",journal,0.0,,3
S4306531450,Symposium - International Astronomical Union,journal,0.0,,44
S4306532029,The 81st Annual Meeting of the Society for American Archaeology,journal,0.0,,7
S4306532154,The Encyclopedia of Adulthood and Aging,journal,0.0,,17
S4306532156,The Encyclopedia of Applied Linguistics,journal,0.2225201072386059,,54
S4306532157,The Encyclopedia of Child and Adolescent Development,journal,0.0,,13
S4306532159,The Encyclopedia of Clinical Psychology,journal,0.0,,29
S4306532233,The International Encyclopedia of Communication Research Methods,journal,0.0,,26
S4306532240,The International Encyclopedia of Journalism Studies,journal,0.0,,17
S4306532244,The International Encyclopedia of Media Psychology,journal,0.0,,15
S4306532268,The Japanese Journal of Psychonomic Science,journal,0.0,,4
S4306532271,The Japanese Society for Artificial Intelligence,journal,0.0,,5
S4306532273,The Japanese Society for Cognitive Psychology,journal,0.0,,1
S4306532542,The Lawyer,journal,0.0,,4
S4306532597,Theologia Reformata,journal,0.0,,3
S4306534244,VI Congreso Internacional de Investigación y Práctica Profesional en Psicología XXI Jornadas de Investigación Décimo Encuentro de Investigadores en Psicología del MERCOSUR,journal,0.0,,2
S4306534428,VizieR Online Data Catalog,journal,0.0,,8
S4306535112,XII Jornadas de Investigación y Primer Encuentro de Investigadores en Psicología del Mercosur,journal,0.0,,3
S4306538591,Вестник Национального медико-хирургического Центра им. Н. И. Пирогова,journal,0.0,,1
S4306539064,Дальневосточный аграрный вестник,journal,0.0,,1
S4306539229,Известия высших учебных заведений. Поволжский регион. Общественные науки,journal,0.08333333333333333,,6
S4306540253,Современные проблемы науки и образования,journal,0.13776881720430106,,12
S4306542128,中国科学通报：英文版,journal,8.635220125786164,,160
S4306546528,声学学报(英文版),journal,0.05555555555555555,,8
S4306546623,大会proceedings,journal,0.0,,1
S4306548932,心理学評論,journal,0.0,,6
S43092948,Genome Research,journal,7.959633027522936,,412
S43270678,Zeitschrift für Dialektologie und Linguistik,journal,0.08,,14
S43295729,Remote Sensing,journal,4.691031941031941,,272
S43621796,African American Review,journal,0.0,,75
S4363604054,Faculty Opinions – Post-Publication Peer Review of the Biomedical Literature,repository,0.047619047619047616,,19
S4363604056,Definitions,journal,0.1354696132596685,,82
S4363604059,CABI Compendium,journal,0.06363636363636363,,18
S4363604083,AEA Randomized Controlled Trials,repository,0.013879832324173265,,37
S4363604084,ICPSR Data Holdings,repository,0.023416448442066112,,68
S4363604086,SciVee,repository,0.0,,32
S4363604101,http://isrctn.com/,repository,0.028675577156743622,,13
S4363604178,DH,journal,0.0,,11
S4363604233,Regular and Young Investigator Award Abstracts,journal,0.14854517611026033,,18
S4363604296,Authorea,repository,0.0,,18
S4363604354,Poster presentations,journal,0.07099080694586313,,10
S4363604356,The SAGE Encyclopedia of Lifespan Human Development,journal,0.0,,12
S4363604366,The Wiley-Blackwell Encyclopedia of Social Theory,journal,0.0,,16
S4363604412,The Corsini Encyclopedia of Psychology,journal,0.0,,57
S4363604780,Oxford Research Encyclopedia of Linguistics,journal,0.5957446808510638,,39
S4363605132,SSM Annual Scientific Meeting,conference,0.08360128617363344,,5
S4363605394,CHI '03 extended abstracts on Human factors in computer systems - CHI '03,conference,0.0,,9
S4363605450,The International Encyclopedia of Communication Theory and Philosophy,journal,0.0,,20
S4363605470,The Evolution of Language,conference,0.0,,21
S4363605520,The International Encyclopedia of Political Communication,journal,0.0,,17
S4363606263,Commonplace,journal,0.0,,8
S4363606319,Emerging Trends in the Social and Behavioral Sciences,journal,0.0,,32
S4363606370,Fourier Transform Spectroscopy/ Hyperspectral Imaging and Sounding of the Environment,conference,0.0,,7
S4363606524,Artificial Neural Nets and Genetic Algorithms,book series,0.0,,30
S4363607032,ResearchEquals,journal,0.02717391304347826,,4
S4363607084,Digital posters,conference,0.0,,3
S4363607094,Fourier Transform Spectroscopy,journal,0.0,,5
S4363607139,The Wiley Handbook of Violence and Aggression,journal,0.0,,12
S4363607707,2022 International Joint Conference on Neural Networks (IJCNN),conference,0.0,,25
S4363607743,CHI Conference on Human Factors in Computing Systems,conference,0.0,,68
S4363607762,CHI Conference on Human Factors in Computing Systems Extended Abstracts,conference,0.0,,29
S4363607991,2022 Conference on Cognitive Computational Neuroscience,conference,0.0,,5
S4363608065,2022 2nd International Conference on Consumer Electronics and Computer Engineering (ICCECE),conference,0.0,,14
S4363608109,2022 IEEE/ASME International Conference on Advanced Intelligent Mechatronics (AIM),conference,0.0,,8
S4363608265,Asia Communications and Photonics Conference,conference,0.0,,11
S4363608268,Designing Interactive Systems Conference,conference,7.802739726027397,,31
S4363608631,Proceedings of the 2020 AERA Annual Meeting,conference,0.0,,12
S4363608632,Proceedings of the 2019 AERA Annual Meeting,conference,0.0,,9
S4363608633,Proceedings of the 2022 AERA Annual Meeting,conference,0.0,,5
S4363608634,Proceedings of the 2021 AERA Annual Meeting,conference,0.0,,10
S4363608654,SPE International Conference on Oilfield Chemistry,conference,0.927710843373494,,16
S4363608698,TMS Proceedings 2021,conference,0.0,,4
S43764696,Educational Research Review,journal,8.130681818181818,,152
S4377196100,Redalyc (Universidad Autónoma del Estado de México),repository,0.03566768160069596,,81
S4377196104,Iowa State University Digital Repository (Iowa State University),repository,0.0010976948408342481,,75
S4377196110,National Repository of Dissertations in Serbia,repository,0.0013917884481558804,,6
S4377196120,Iris (Roma Tre University),repository,0.007356547327121138,,54
S4377196264,Kent Academic Repository (University of Kent),repository,0.1037037037037037,,88
S4377196266,elib (German Aerospace Center),repository,0.033405384161917864,,82
S4377196268,Repository of the University of Ljubljana (University of Ljubljana),repository,0.0017967030499034273,,60
S4377196269,PUBLISSO (German National Library of Medicine),repository,0.012738853503184714,,23
S4377196272,Digital Commons - University of South Florida (University of South Florida),repository,0.16975960458323971,,130
S4377196282,Figshare,repository,0.021749480483174207,,163
S4377196284,Open Research Online - ORO (The Open University),repository,0.19596541786743515,,92
S4377196294,Pure (University of Bath),repository,0.0957683741648107,,53
S4377196296,CINECA IRIS Institutional Research Information System (University of Bari Aldo Moro),repository,0.010468821119708694,,43
S4377196299,Project Muse (Johns Hopkins University),repository,0.13452067732577752,,313
S4377196304,CUNY Academic Works (City University of New York),repository,0.008801624915368992,,44
S4377196308,ScholarsArchive  (Brigham Young University),repository,0.009794073329984932,,72
S4377196310,Purdue e-Pubs (Purdue University System),repository,0.03775100401606426,,78
S4377196313,SMARTech Repository (Georgia Institute of Technology),repository,0.0,,55
S4377196314,ODU Digital Commons (Old Dominion University),repository,0.06544968833481746,,55
S4377196315,MADOC (University of Mannheim),repository,0.05919854280510018,,69
S4377196322,ARAN (University of Galway Research Repository) (Ollscoil na Gaillimhe – University of Galway),repository,0.01870748299319728,,31
S4377196328,DigitalCommons - CalPoly (California State Polytechnic University),repository,0.003767123287671233,,39
S4377196332,Cadmus - EUI Research Repository (European University Institute),repository,0.03389830508474576,,74
S4377196336,CeON Repository (Centre for Evaluation in Education and Science),repository,0.2564102564102564,,28
S4377196340,VCU Scholars Compass (Virginia Commonwealth University),repository,0.00921871398939848,,26
S4377196344,OhioLink ETD Center (Ohio Library and Information Network),repository,0.0,,66
S4377196346,publish.UP (University of Potsdam),repository,0.00980392156862745,,27
S4377196378,UPT. Syiah Kuala University Library (Syiah Kuala University),repository,0.96,,51
S4377196380,UNIFESP Institutional Repository (Universidade Federal de São Paulo),repository,0.0,,18
S4377196390,TUbilio (Technical University of Darmstadt),repository,0.09149902660609993,,74
S4377196395,University of Lisbon Repository (University of Lisbon),repository,66.958217270195,,15
S4377196400,Open Scholarship Institutional Repository (Washington University in St. Louis),repository,0.03194888178913738,,61
S4377196410,NSUWorks (Nova Southeastern University),repository,0.0035570310647379654,,74
S4377196411,OpenSIUC (Southern Illinois University Carbondale),repository,0.013039117352056168,,47
S4377196415,ChesterRep (University of Chester),repository,0.0728476821192053,,20
S4377196417,Nazarbayev University Repository (Nazarbayev University),repository,0.010692464358452138,,30
S4377196421,The Mouseion at the JAXlibrary (Jackson Laboratory),repository,0.0,,61
S4377196424,Digital Commons - East Tennessee State University (East Tennessee State University),repository,0.005511328842620943,,29
S4377196435,Qucosa (Saxon State and University Library Dresden),repository,0.016233766233766232,,39
S4377196442,ERef Bayreuth (University of Bayreuth),repository,4.0,,42
S4377196452,Scholar Commons (Santa Clara University),repository,0.1691616766467066,,44
S4377196460,TopSCHOLAR (Western Kentucky University),repository,0.007990411506192568,,24
S4377196465,Univalle Digital Repository (University of Valle),repository,0.0,,17
S4377196471,NOVA (University of Newcastle Australia),repository,0.1457286432160804,,46
S4377196473,Fordham Research Commons (Fordham University),repository,0.0215311004784689,,29
S4377196520,Digital Commons - DU (University of Denver),repository,0.014331210191082803,,37
S4377196521,"ePlace - Preserving, Learning, and Creative Exchange (Asbury Theological Seminary)",repository,0.001156737998843262,,19
S4377196529,ScholarWorks -A service of University of Vermont Libraries (University of Vermont),repository,0.005284015852047556,,18
S4377196557,Pepperdine Digital Commons (Pepperdine University),repository,0.01036682615629984,,32
S4377196569,DROPS (Schloss Dagstuhl – Leibniz Center for Informatics),repository,6.093568792830785,,85
S4377196583,"Institutional Repository of Institute of Psychology, Chinese Academy of Sciences (Institute of Psychology, Chinese Academy of Sciences)",repository,0.02364066193853428,,14
S4377196618,Electronic Theses of LMU Munich (Ludwig-Maximilians-Universität München),repository,0.0022189349112426036,,21
S4377196624,Atlanta University Center Robert W. Woodruff Library (Atlanta University Center Robert W. Woodruff Library),repository,0.0,,15
S4377196656,Furman University Scholar Exchange (Furman University),repository,0.0013386880856760374,,10
S4377196698,Digital Commons - Ursinus (Ursinus College),repository,0.0,,7
S4377196700,The Scholars Repository - LLU (Loma Linda University),repository,0.03225806451612903,,8
S4377196760,Doria (University of Helsinki),repository,0.0005668934240362812,,36
S4377196806,Harvard Dataverse,repository,0.04438335809806835,,66
S4377196817,Digital Collections - Ithaca College Library (Ithaca College),repository,0.0,,23
S4377196833,Santa Clara Law Digital Commons (Santa Clara University),repository,0.028169014084507043,,36
S4377196900,OpenGrey (Institut de l'Information Scientifique et Technique),repository,0.15355805243445692,,179
S4377196913,COPELABS Scientific commons (Universidade Lusófona),repository,0.0,,6
S4377209701,Shodhganga,repository,0.0,,28
S43790123,Advances in experimental medicine and biology,book series,2.1290704558910596,,219
S43800363,Journal of Cancer Survivorship,journal,2.9162303664921465,,108
S4386621725,Revista Investigación & Desarrollo,journal,0.3333333333333333,,8
S4386621876,Florence Nightingale Journal of Nursing,journal,1.1047619047619048,,23
S4386621956,Journal of Machine Intelligence and Data Science,journal,0.9642857142857143,,4
S4386872624,ACP official conference proceedings,conference,0.06481481481481481,,3
S4387278339,An-Najah University Journal for Research - B (Humanities),journal,0.612987012987013,,15
S4387278447,European Journal of Humanities and Social Sciences,journal,0.475,,9
S4387278461,Arab Gulf Journal of Scientific Research,journal,3.12,,24
S4387278532,Peer Community In Registered Reports,journal,0.0603448275862069,,3
S4387278559,In&Vertebrates,journal,0.0,,2
S4387278563,Peer Community Journal,journal,2.688622754491018,,23
S4387278624,Ecology Environment and Conservation,journal,0.14675260287555775,,9
S4387279271,International Journal of Kinanthropometry,journal,0.4782608695652174,,7
S4387279617,China Scientific Data,journal,0.45495495495495497,,14
S4387279658,Environmental Data Science,journal,4.008064516129032,,16
S4387279879,Second Language Teacher Education,journal,0.3333333333333333,,10
S4387279977,Babylonia Journal of Language Education,journal,0.12545454545454546,,5
S4387280142,International Journal of All Research Education & Scientific Methods,journal,0.14317180616740088,,6
S4387280147,Animal Reproduction Update,journal,0.1111111111111111,,5
S4387280730,Open Scholarship of Teaching and Learning,journal,0.35714285714285715,,5
S4387281379,Revista de la Sociedad Geológica de España,journal,0.21739130434782608,,28
S4387281388,Schizophrenia,journal,4.208108108108108,,31
S4387281425,Aperture Neuro,journal,1.6491228070175439,,12
S4387282014,International Academic Research Journal of Internal Medicine and Public Health,journal,0.0,,1
S4387283128,REVISTA CUHSO,journal,0.25229357798165136,,10
S4387283229,Digital Presentation and Preservation of Cultural and Scientific Heritage,journal,0.4090909090909091,,10
S4387283260,Frontiers in Dementia,journal,2.3594771241830066,,12
S4387283679,Computers & Education X Reality,journal,5.078125,,20
S4387283968,Human-animal interaction bulletin,journal,0.0,,21
S4387284265,Oxford Open Infrastructure and Health,journal,2.7142857142857144,,5
S4387284350,Frontiers in Cognition,journal,1.908496732026144,,11
S4387284482,Proceedings of the International AAAI Conference on Web and Social Media,journal,2.370656370656371,,130
S4387284611,Frontiers in Language Sciences,journal,1.2222222222222223,,10
S4387284826,Possibility Studies & Society,journal,2.710526315789474,,15
S4387285133,Developmental Psychology Forum,journal,0.0,,3
S4387286129,Journal of Management Scientific Reports,journal,3.66,,10
S4387286136,Fair Connect,journal,7.0,,5
S4387286253,Acta Fabula,journal,0.01,,6
S4387286362,International Journal of Biology and Life Sciences,journal,0.16352201257861634,,6
S4387286372,Assessment and Development Matters,journal,0.40229885057471265,,9
S4387286374,The Cognitive Psychology Bulletin,journal,0.18867924528301888,,8
S4387286376,Clinical Psychology Forum,journal,0.27450980392156865,,34
S4387286386,Health Psychology Update,journal,0.05263157894736842,,10
S4387286389,OP Matters,journal,0.0,,4
S4387286390,PsyPag Quarterly,journal,0.046511627906976744,,12
S4387286393,QMiP Bulletin,journal,21.48780487804878,,40
S4387286394,Sport & Exercise Psychology Review,journal,0.875,,26
S4387286397,Social Psychological Review,journal,0.6666666666666666,,23
S4387286398,Psych-Talk,journal,0.7333333333333333,,8
S4387286454,SVOA Neurology,journal,0.1574074074074074,,3
S4387286578,Nature Mental Health,journal,6.265536723163842,,39
S4387286688,BMC Digital Health,journal,3.70042194092827,,16
S4387287103,BMJ Mental Health,journal,4.980327868852459,,24
S4387287184,Orthopaedic Proceedings,journal,0.0642915642915643,,23
S4387287544,Ought The Journal of Autistic Culture,journal,0.16279069767441862,,7
S4387287600,npj Climate Action,journal,5.4338461538461535,,22
S4387287655,Cochrane Evidence Synthesis and Methods,journal,3.1012658227848102,,14
S4387287703,Nauka,journal,0.09090909090909091,,6
S4387287799,BzL - Beiträge zur Lehrerinnen- und Lehrerbildung,journal,0.22033898305084745,,22
S4387287961,Games Research and Practice,journal,2.074074074074074,,9
S4387287972,Discover Global Society,journal,2.1909871244635193,,13
S4387288005,European Studies,journal,0.0,,1
S4387288397,Biomedical Data Science,journal,0.01953125,,1
S4387288472,Journal of College Academic Support Programs,journal,0.16666666666666666,,6
S4387288761,BMJ Public Health,journal,2.0107941403238243,,17
S4387290207,Sexuality and Gender Studies Journal,journal,0.47619047619047616,,2
S4387291234,Imaging Neuroscience,journal,3.76158940397351,,26
S4387291357,Revista iberoamericana de ciencia tecnología y sociedad,journal,0.7043478260869566,,12
S4387291379,Communications Psychology,journal,5.324675324675325,,26
S4387292148,Frontiers in Social Psychology,journal,2.3457943925233646,,8
S4387292307,Evidence-Based Toxicology,journal,3.8620689655172415,,5
S4387292802,Neurodiversity,journal,4.897435897435898,,16
S4389157585,Frontiers in Cancer Control and Society,journal,1.5217391304347827,,5
S4389157630,ESMO Real World Data and Digital Oncology,journal,0.7205387205387206,,10
S4389157736,Global Environmental Psychology,journal,7.052631578947368,,10
S4389157848,PUBMET,journal,0.0,,2
S4389157990,Lexique,journal,0.275,,5
S43893605,Postgraduate Medical Journal,journal,2.608403361344538,,205
S4390296568,advances in/psychology,journal,3.9152542372881354,,10
S4390297064,Journal of Applied Sport and Exercise Psychology,journal,0.6351351351351351,,3
S4390963326,Nature Reviews Electrical Engineering,journal,14.903726708074535,,41
S4393911389,BMJ,journal,0.0,,612
S4393913072,Journal of comparative psychology,journal,0.5373134328358209,,138
S4393913080,American journal of optometry and physiological optic,journal,0.0,,6
S4393913653,LDV-Forum/Journal for language technology and computational linguistics,journal,0.6111111111111112,,21
S4393914639,Kultur & Technik,journal,0.0,,0
S4393917449,"Proceedings on CD-ROM - International Society for Magnetic Resonance in Medicine. Scientific Meeting and Exhibition/Proceedings of the International Society for Magnetic Resonance in Medicine, Scientific Meeting and Exhibition",journal,0.05363191569439217,,7
S4393917726,BMJ,journal,4.285142635859042,,414
S4393917763,Bulletin for international taxation,journal,0.6031746031746031,,28
S4393917809,"Lecture notes of the Institute for Computer Sciences, Social Informatics and Telecommunications Engineering",journal,0.436359590565198,,69
S4393918093,Acta Crystallographica Section A Foundations and Advances,journal,0.15092936802973977,,42
S4393918440,International journal for research in learning disabilities,journal,0.6666666666666666,,4
S4393918536,Journal of open access to law,journal,0.0,,6
S4393918830,ChemRxiv,repository,0.465888926643259,,54
S4393919107,Developmental Disabilities Network Journal,journal,0.41509433962264153,,4
S4393919218,Science meets practice,journal,0.2857142857142857,,3
S4393919222,Maarif global education series,journal,1.441860465116279,,8
S4393919253,New paradigms in healthcare,journal,0.06796116504854369,,4
S4393919411,Herve infos,journal,0.3333333333333333,,7
S4393919460,VerKörperungen,journal,0.06666666666666667,,18
S4393919496,Palgrave studies in creativity and culture,journal,1.560747663551402,,9
S4393919547,Synthesis lectures on technology and health,journal,0.23809523809523808,,5
S4393919851,Germanistische Symposien,journal,0.0,,4
S4393919891,Palgrave Studies in Political Psychology,journal,1.7666666666666666,,5
S4393919989,Nebraska Symposium on Motivation/The Nebraska symposium on motivation,journal,1.4736842105263157,,33
S4394735505,Chinese Journal of Analytical Chemistry,journal,2.4756554307116105,,44
S4394735573,German Journal of Sports Medicine,journal,1.5538461538461539,,22
S4394735780,Journal of Agronomic Education,journal,0.0,,17
S4394735853,Minia Journal of Medical Research,journal,0.040955631399317405,,8
S4394736191,Psychology of Women and Equalities Section Review,journal,0.1,,5
S4394736429,Occupational Psychology Outlook,journal,0.5714285714285714,,3
S4394736638,Journal of the American Statistical Association,journal,1.8407643312101911,,651
S4394736957,American Journal of Biological Anthropology,journal,1.7003610108303249,,23
S4397694588,The Cambridge Structural Database,repository,0.06555565785839242,,6
S4404662213,Dani Ramira i Zorana Bujasa.,journal,0.0,,1
S4404662552,Journal of integrative nursing and palliative care,journal,2.096774193548387,,14
S4404663781,PLOS mental health.,journal,1.9702797202797202,,12
S4404674668,Journal of applied artificial intelligence.,journal,0.32,,2
S4404674679,Proceedings.,journal,0.4338235294117647,,7
S4404675816,Estuarine Management and Technologies.,journal,0.625,,2
S4404676543,Marine Energy Research,journal,1.558139534883721,,4
S44052652,International Journal of Law and Psychiatry,journal,1.84,,106
S4406922265,Max Planck Institute for Plasma Physics,repository,20.166666666666668,,134
S4406922336,DocTA - Doctoral Theses Archive,repository,0.0,,3
S4406922359,Univ. Duesseldorf: Duesseldorfer Dokumenten- und Publikationsserver,repository,0.0030557677616501145,,12
S4406922384,Open MIND,repository,0.04284071863730023,,165
S4406922393,HAL AMU,repository,0.0,,18
S4406922457,Repository of the University of Namur,repository,0.023657870791628753,,33
S4406922641,TU/e Research Portal,repository,0.03893917070090507,,118
S4406922750,IBU Repository,repository,0.0,,11
S4406922834,IOE EPrints,repository,0.0,,54
S4406922991,University of Twente Research Information,repository,0.13004674883127923,,116
S4406923043,Defense Technical Information Center (DTIC),repository,0.5,,187
S4406923047,theses.fr (ABES),repository,0.004545826849045786,,25
S44090634,Journal of Youth Studies,journal,2.1559633027522938,,104
S44278595,Computers in Biology and Medicine,journal,7.906762589928057,,186
S44486964,Nurse Researcher,journal,1.2816901408450705,,96
S44643521,The Computer Journal,journal,1.7493403693931397,,143
S44888363,Clinical Rheumatology,journal,1.9844173441734418,,125
S44923075,Neuropediatrics,journal,0.584958217270195,,100
S4511983,Journal of Advanced Computational Intelligence and Intelligent Informatics,journal,0.9871134020618557,,39
S45161156,Journal of Surgical Research,journal,1.5614793467819403,,167
S45281609,Experimental Brain Research,journal,2.1348684210526314,,308
S45305740,Journal of Materials Chemistry,journal,26.0,,362
S45333638,Journal of Interpersonal Violence,journal,1.7324350336862369,,176
S453935,Survey of Anesthesiology,journal,0.0,,135
S45419345,Psychological Methods,journal,2.7374301675977653,,234
S45445671,Fertility and Sterility,journal,1.132039881433576,,324
S45652593,Journal of Adult Development,journal,1.59375,,73
S45659824,The Journal of Hellenic Studies,journal,1.2236842105263157,,110
S45693802,Neurocomputing,journal,4.868331791551033,,258
S45696439,Optometry and Vision Science,journal,2.2113095238095237,,161
S45708651,General Hospital Psychiatry,journal,2.6373831775700936,,164
S45757444,Neuron,journal,13.364097363083165,,700
S45897893,Aggressive Behavior,journal,1.9205298013245033,,151
S45954700,Biological Trace Element Research,journal,3.3567393058918484,,139
S45955858,Journal of Nursing Measurement,journal,0.49214659685863876,,55
S46238352,Behavior Genetics,journal,1.3394495412844036,,148
S46247591,PM&R,journal,0.6984815618221258,,117
S46260470,Psychology Crime and Law,journal,1.4210526315789473,,86
S46300952,Medical & Biological Engineering & Computing,journal,3.3962558502340094,,150
S4632444,Clinical Psychology Review,journal,10.026415094339622,,341
S46409772,Journal of Research in Reading,journal,2.011764705882353,,93
S46483553,The Journal of Mental Health Training Education and Practice,journal,0.5294117647058824,,30
S46483713,Environmental Communication,journal,2.9005681818181817,,82
S46544255,PLoS neglected tropical diseases,journal,3.6935270805812417,,218
S46668055,Women s Health,journal,2.524126455906822,,73
S46763546,Academy of Management Review,journal,8.385093167701863,,600
S46883044,Scandinavian Journal of Caring Sciences,journal,1.2487562189054726,,108
S47057106,Journal of Logic and Computation,journal,0.6619718309859155,,80
S47098207,Emotion Review,journal,3.5873015873015874,,127
S47234696,Review of Philosophy and Psychology,journal,1.4083333333333334,,66
S47258695,Memory,journal,1.6,,133
S47477353,Mindfulness,journal,3.114705882352941,,131
S47496282,European Political Science,journal,1.6986301369863013,,52
S47506589,Annals of Physical and Rehabilitation Medicine,journal,1.775,,86
S47649111,Cognitive Therapy and Research,journal,1.928348909657321,,177
S47829194,Journal of English Linguistics,journal,0.746031746031746,,66
S47841752,International Journal of Mental Health and Addiction,journal,2.9690721649484537,,113
S47864991,Applied Psychology,journal,3.0905172413793105,,159
S47890901,Psychotherapeut,journal,0.0,,35
S47939261,Eating and Weight Disorders - Studies on Anorexia Bulimia and Obesity,journal,2.946768060836502,,86
S48019687,"Journal of Obstetric, Gynecologic & Neonatal Nursing",journal,0.5855855855855856,,113
S48143771,Journal of Diversity in Higher Education,journal,1.7656903765690377,,76
S48201647,European Journal of Pediatrics,journal,2.545881126173097,,154
S48277251,Crop Science,journal,2.3765625,,245
S48437117,Molecular Cancer Therapeutics,journal,2.0072793448589628,,218
S48583931,International Journal of Electrochemical Science,journal,5.433179723502304,,103
S48690275,European Journal of Epidemiology,journal,5.682065217391305,,176
S48744551,Nature Precedings,journal,0.0,,46
S49025288,Hand,journal,1.5042735042735043,,65
S49206733,BMC Proceedings,journal,2.1262135922330097,,45
S49321836,Advances in Developing Human Resources,journal,2.466666666666667,,85
S49331332,Service Industries Journal,journal,8.638655462184873,,126
S49440999,BMC Ophthalmology,journal,1.92613933996857,,83
S49488433,Drug Safety,journal,6.187898089171974,,174
S4954800,Clinical Genetics,journal,1.9379310344827587,,153
S49549746,The Journal of Psychology,journal,2.3059701492537314,,145
S49614445,Neurophysiologie Clinique,journal,2.473372781065089,,94
S49645005,Journal of the Royal Society of Medicine,journal,1.4907063197026023,,164
S49828768,Journal of Medical Virology,journal,3.300512236767217,,199
S49861241,The Lancet,journal,19.84429234905891,,1207
S49886757,Molecular Pain,journal,2.3764044943820224,,116
S49978999,Lecture notes in control and information sciences,book series,0.23893805309734514,,147
S50004817,Neuromuscular Disorders,journal,0.45652173913043476,,138
S50016660,American Journal of Ophthalmology,journal,3.593103448275862,,290
S50128530,The Classical Review,journal,0.02120141342756184,,58
S50147421,Journal of Family Psychology,journal,1.2282398452611218,,191
S50352613,Journal of Neuropsychiatry,journal,2.0357142857142856,,156
S50372074,Applied Mathematics and Computation,journal,2.3052792654934966,,197
S5043789,Biodiversity and Conservation,journal,3.14962962962963,,192
S50623261,Identity,journal,3.176470588235294,,66
S51001188,Qualitative Research in Psychology,journal,7.19672131147541,,70
S5103665,Techniques in Hand and Upper Extremity Surgery,journal,0.29292929292929293,,48
S51102485,International Journal of Behavioral Development,journal,1.793774319066148,,150
S51332966,Revue française de linguistique appliquée,journal,0.0,,31
S51360982,Automatica,journal,5.028495692511597,,400
S51499954,Teaching of Psychology,journal,3.009259259259259,,85
S51590970,Brain Imaging and Behavior,journal,2.139941690962099,,89
S51642650,Journal of Intercultural Communication Research,journal,1.3246753246753247,,39
S51654951,Knee Surgery Sports Traumatology Arthroscopy,journal,5.090714285714285,,194
S51877618,Neuropsychology Review,journal,6.2125,,143
S51885707,Annals of Tourism Research,journal,6.655813953488372,,304
S51933024,Critical Studies on Terrorism,journal,2.1464968152866244,,43
S52059345,British Journal of Health Psychology,journal,2.4205607476635516,,140
S52086871,Indian Journal of Pathology and Microbiology,journal,0.7591623036649214,,49
S52165136,Family Practice,journal,1.583011583011583,,150
S5226199,Engineering Analysis with Boundary Elements,journal,3.57943143812709,,98
S52388535,Folia Linguistica,journal,0.6134020618556701,,61
S52438992,Zeitschrift für Sportpsychologie,journal,0.0,,20
S52566953,Water Research,journal,12.562278281434766,,460
S52732750,Frontiers in Physiology,journal,3.7475667189952904,,232
S52866267,Sociologija,journal,0.47761194029850745,,15
S52939411,Medical Engineering & Physics,journal,2.6912751677852347,,149
S52978869,Journal of Neurolinguistics,journal,1.1442307692307692,,88
S53055215,Child Abuse & Neglect,journal,3.244386873920553,,243
S53056752,International Journal of Psychology,journal,2.1557562076749437,,128
S53118794,Journal of Plant Nutrition,journal,2.392226148409894,,132
S531269,International Emergency Nursing,journal,2.0417754569190603,,64
S53135262,Journal of Educational and Behavioral Statistics,journal,1.2301587301587302,,100
S53142634,International Journal of Medical Informatics,journal,5.782112274024739,,173
S53297675,Ciência & Saúde Coletiva,journal,1.0461718293395674,,131
S53301456,Journal of Family Violence,journal,1.3705263157894736,,135
S53315755,Neurochemistry International,journal,5.2272727272727275,,171
S53429330,Stress and Health,journal,3.0223880597014925,,110
S53450646,Water Science & Technology,journal,4.016620498614959,,192
S53726244,Journal of Managerial Psychology,journal,3.510917030567686,,146
S53787413,Journal of Memory and Language,journal,3.0862944162436547,,264
S5398819,International Journal of Surgery Case Reports,journal,0.9058953778023803,,49
S5404568,Dementia,journal,1.7949640287769784,,92
S5406959314,مجلة جامعة جازان للعلوم الإنسانية,journal,0.011235955056179775,,1
S5406979607,International Journal of Computer Information Systems and Industrial Management Applications,journal,0.06010518407212622,,4
S5406987359,Dragoman Journal,journal,0.3103448275862069,,3
S5406988342,Journal of Asian Development Studies,journal,0.7592760180995475,,9
S5407022231,Open Science Talk,journal,0.25,,3
S5407034396,JMIRx Bio,journal,1.6382978723404256,,3
S5407036482,Fremdsprachen Lehren und Lernen,journal,0.16923076923076924,,5
S5407037976,Inverge Journal of Social Sciences,journal,0.44782608695652176,,4
S5407039922,Psychology Research and Practice,journal,0.047619047619047616,,2
S5407040188,Mental Health and Digital Technologies,journal,0.975609756097561,,5
S5407040489,Vocabulary Learning and Instruction,journal,0.7241379310344828,,13
S5407042860,Discover Medicine,journal,1.5683333333333334,,13
S5407042889,Discover Public Health,journal,1.0158215010141989,,13
S5407043249,Research Journal of Psychology,journal,0.2454780361757106,,4
S5407046265,International Journal of Cognitive Sciences,journal,0.09523809523809523,,1
S5407047359,Edinburgh Open Research,journal,0.015873015873015872,,2
S5407047409,Research in Neurodiversity,journal,0.22413793103448276,,2
S5407047459,Journal of Recent Innovations in Computer Science and Technology,journal,0.7906976744186046,,3
S5407049101,Multidisciplinary Biomechanics Journal,journal,0.0948905109489051,,2
S5407050210,International Journal of Informatics Engineering and Computing,journal,0.0967741935483871,,1
S5407051740,Computational Linguistics in Bulgaria,journal,0.0,,0
S5407052408,Journal of Studies in the English Language,journal,0.4,,2
S5407053107,IDEAH,journal,0.1,,4
S5407054198,Medical Electronics Symposium,journal,0.0,,1
S5407055014,Papers from the International Scientific Conference of the European Studies Department Jean Monnet Centre of Excellence Faculty of Philosophy at Sofia University “St Kliment Ohridski”,journal,0.02702702702702703,,1
S54143609,Stress,journal,4.4361702127659575,,110
S54222852,International Ophthalmology Clinics,journal,1.371900826446281,,73
S54255202,Geographical Journal,journal,1.8022598870056497,,212
S54351841,Journal of Police and Criminal Psychology,journal,1.7033492822966507,,51
S54542293,The Journal of Infectious Diseases,journal,3.802555168408827,,372
S54753935,Estudos de Psicologia (Campinas),journal,0.5202020202020202,,49
S54795217,The Journal of Educational Research,journal,1.8565217391304347,,158
S548917,The Journal of Nutritional Biochemistry,journal,3.8263473053892216,,189
S54899181,The Spanish Journal of Psychology,journal,2.2333333333333334,,78
S54913114,Review of Policy Research,journal,2.2797927461139897,,81
S55099511,Research in Organizational Behavior,journal,3.2857142857142856,,112
S55107261,British Journal of Pharmacology,journal,4.650704225352112,,318
S55148250,Topics in Stroke Rehabilitation,journal,2.1300448430493275,,100
S55175622,Educational Researcher,journal,3.5964912280701755,,272
S55310782,Journal of Computing in Higher Education,journal,4.245454545454545,,79
S5555990,Journal of Neuroscience,journal,3.932397295891836,,655
S55607595,Folia Parasitologica,journal,1.8888888888888888,,57
S55618883,Psychology and Aging,journal,1.6445623342175066,,251
S55619869,Journal of Rational-Emotive & Cognitive-Behavior Therapy,journal,1.5925925925925926,,61
S55766510,Math Horizons,journal,0.11834319526627218,,16
S55776271,Viruses,journal,4.195298372513562,,188
S55835182,Child Indicators Research,journal,1.9130434782608696,,72
S56219825,Zeitschrift für Papyrologie und Epigraphik,journal,0.0,,20
S56240272,Behavior Therapy,journal,4.364864864864865,,213
S56404657,Hesperia The Journal of the American School of Classical Studies at Athens,journal,0.5283018867924528,,73
S56493663,International Journal of Nursing Studies,journal,5.7594771241830065,,212
S5675302,Clinical Gerontologist,journal,2.3805309734513274,,66
S57033397,Journal of Empirical Research on Human Research Ethics,journal,2.063063063063063,,61
S5707928,Materials Chemistry and Physics,journal,5.488511749347259,,197
S57173539,Teaching Statistics,journal,1.320754716981132,,33
S57252141,EMBO Reports,journal,5.23394495412844,,254
S5727865,Mind Brain and Education,journal,1.8333333333333333,,66
S57293258,MIS Quarterly,journal,6.663594470046083,,359
S5743915,Journal of Computer Assisted Learning,journal,6.8538461538461535,,159
S57449756,Molecular Endocrinology,journal,0.0,,261
S5745031,Solar Energy,journal,7.872657580919932,,287
S57552105,Molecular Biology and Evolution,journal,8.595297029702971,,330
S57645461,The Journal of Primary Prevention,journal,0.0,,87
S57770130,Journal of Drug Issues,journal,0.927536231884058,,88
S57892594,Journal of Applied Developmental Psychology,journal,1.943609022556391,,145
S57920390,American Journal of Psychiatric Rehabilitation,journal,0.2702702702702703,,42
S58085280,Bipolar Disorders,journal,1.4838709677419355,,170
S58126648,Personal and Ubiquitous Computing,journal,5.154929577464789,,126
S58188655,Challenges,journal,2.66412213740458,,44
S58220144,Research on Child and Adolescent Psychopathology,journal,2.5377643504531724,,229
S58516903,Journal of Cleaner Production,journal,12.597018402049848,,450
S58535122,Language and Cognitive Processes,journal,0.0,,138
S58778951,Perception,journal,0.9209302325581395,,171
S58854535,Psychological Science,journal,5.917948717948718,,416
S58867329,Journal of Thermal Analysis and Calorimetry,journal,4.169574533210897,,150
S59012888,Physica Scripta,journal,2.7783155856727975,,151
S59060466,International review of neurobiology,book series,1.625925925925926,,137
S59062809,Quarterly Journal of Experimental Psychology,journal,1.5419501133786848,,159
S59133484,RELC Journal,journal,4.829545454545454,,96
S59157177,Annales Françaises d Anesthésie et de Réanimation,journal,0.0,,58
S59248909,European Urology Supplements,journal,0.0,,50
S59289252,Intereconomics,journal,2.2950819672131146,,53
S59311786,Social Science Research,journal,1.9666666666666666,,159
S59392935,Translational Stroke Research,journal,3.583011583011583,,90
S59402630,Letters on Evolutionary Behavioral Science,journal,0.20833333333333334,,13
S59628311,Behavioral and Brain Sciences,journal,1.0324400564174894,,303
S59685179,Pharmacology Biochemistry and Behavior,journal,2.7876106194690267,,211
S59702976,"American Journal of Physiology-Regulatory, Integrative and Comparative Physiology",journal,2.00765306122449,,247
S59750172,Scottish Medical Journal,journal,1.6727272727272726,,64
S59821943,Journal of Primary Care & Community Health,journal,2.972644376899696,,62
S59840410,European Journal of Physical and Rehabilitation Medicine,journal,4.05,,64
S59987174,Transplantation and Cellular Therapy,journal,1.0345319634703196,,170
S6010938,Journal of Chemical Neuroanatomy,journal,2.610169491525424,,108
S60281869,British Educational Research Journal,journal,3.368131868131868,,142
S60318618,World Journal of Surgery,journal,1.7547956630525439,,218
S60349069,International Journal of Cancer Research,journal,0.0,,20
S60362788,Cellular and Molecular Life Sciences,journal,6.804265041888804,,330
S60406085,Geoscientific model development,journal,4.379432624113475,,203
S60495864,Zeitschrift für Pädagogische Psychologie,journal,0.6944444444444444,,54
S60503757,International Journal of Drug Policy,journal,3.5857307249712314,,130
S60559904,International Journal of Nonprofit and Voluntary Sector Marketing,journal,0.0,,65
S60561668,Physical Therapy Reviews,journal,0.7232142857142857,,50
S60635053,Language and Linguistics Compass,journal,1.4945054945054945,,100
S60711021,Journal of the American Academy of Child & Adolescent Psychiatry,journal,0.5944180522565321,,359
S60775588,Reviews in Aquaculture,journal,9.581325301204819,,144
S60865174,Journal of the American College of Cardiology,journal,1.1861429741909053,,617
S61066606,Social Behavior and Personality An International Journal,journal,1.1436363636363636,,109
S6115874,Development and Psychopathology,journal,3.472289156626506,,264
S61175029,Epidemiology and Infection,journal,2.665083135391924,,169
S61413993,Journal of Business and Psychology,journal,4.299539170506913,,140
S61446109,Human Relations,journal,3.7432432432432434,,256
S6147291,Virology,journal,2.7899761336515514,,287
S61501767,Psychology of Religion and Spirituality,journal,0.7766497461928934,,75
S61564791,Aerospace Science and Technology,journal,4.170871013802951,,135
S61703936,Journal of Educational Psychology,journal,2.3653333333333335,,395
S61740008,British journal of surgery,journal,0.47076403326403327,,311
S61781353,Brain and Language,journal,1.891566265060241,,215
S61805644,Annals of Saudi Medicine,journal,1.8360655737704918,,79
S61821002,Psychology in the Schools,journal,2.605849582172702,,142
S61831462,Canadian Journal of Behavioural Science/Revue canadienne des sciences du comportement,journal,0.5064935064935064,,102
S6195976,Journal of Computational and Theoretical Nanoscience,journal,0.0,,63
S62013203,Journal of Experimental Psychology General,journal,2.0325520833333335,,306
S6201399,International Journal of Evolutionary Biology,journal,0.0,,38
S62083070,Nineteenth Century Contexts,journal,0.2702702702702703,,32
S62103174,Immunogenetics,journal,2.0365853658536586,,139
S62186313,Innovation in Language Learning and Teaching,journal,3.6971279373368144,,62
S62201805,Journal of Economic Behavior & Organization,journal,2.703531598513011,,220
S62317556,Language Speech and Hearing Services in Schools,journal,1.703056768558952,,111
S62385986,The Metropolitan Museum of Art Bulletin,journal,0.0,,28
S62416990,Feminism & Psychology,journal,1.6153846153846154,,88
S62426309,Nicotine & Tobacco Research,journal,2.8285714285714287,,154
S62445580,Journal of Health Psychology,journal,1.6181262729124237,,144
S62507270,Der Nervenarzt,journal,1.141089108910891,,60
S62523962,College & Research Libraries News,journal,0.5388127853881278,,38
S62532593,Stroke,journal,1.883076923076923,,457
S62565178,Nurse Education Today,journal,4.837022132796781,,164
S62602987,Particuology,journal,3.606602475928473,,95
S62704344,American Journal of Physiology-Cell Physiology,journal,4.8785425101214575,,270
S62730910,Journal of Contemporary European Studies,journal,1.8471615720524017,,58
S62969111,Data Science Journal,journal,2.532258064516129,,49
S6309402219,Preprints.org,repository,0.8132119035402771,,90
S63151042,Erkenntnis,journal,0.8136986301369863,,93
S63831852,World Medical & Health Policy,journal,1.3509933774834437,,32
S63896471,Active Learning in Higher Education,journal,2.633663366336634,,92
S63956823,Annales Geophysicae,journal,1.5289256198347108,,129
S64016596,Acta Materialia,journal,10.105181747873162,,417
S640450,Journal of Clinical Psychology,journal,2.1542056074766354,,207
S64079723,Journal of Forensic Psychiatry and Psychology,journal,1.3430656934306568,,63
S64097828,BMC Evolutionary Biology,journal,0.0,,185
S64145856,Journal of Neurogenetics,journal,0.7272727272727273,,67
S64187185,Nature Communications,journal,16.819927784349126,,749
S64250036,Multivariate Behavioral Research,journal,2.871287128712871,,170
S64299112,International Journal of Rehabilitation Research,journal,1.2794117647058822,,85
S64311837,Carbohydrate Polymers,journal,12.113814074717636,,342
S64334809,Swiss Journal of Psychology,journal,0.0,,49
S64418186,Journal of Clinical Epidemiology,journal,4.278327832783278,,343
S64506217,Contemporary Educational Psychology,journal,4.047058823529412,,188
S64717833,Journal of Language Teaching and Research,journal,1.0796296296296297,,54
S64744539,Organizational Behavior and Human Decision Processes,journal,5.565656565656566,,270
S64831726,Journal of Leadership & Organizational Studies,journal,4.394736842105263,,109
S64869615,Psychologische Rundschau,journal,0.6846846846846847,,39
S64935255,Curriculum Inquiry,journal,0.7794117647058824,,92
S64942916,European Heart Journal - Cardiovascular Imaging,journal,1.3477425552353506,,131
S65092430,International Journal of Adaptive Control and Signal Processing,journal,3.4466911764705883,,95
S65139510,Stem Cells,journal,3.506787330316742,,286
S65364685,JAMA Internal Medicine,journal,7.004901960784314,,260
S6552842,Games,journal,0.6787878787878788,,32
S65770309,Child s Nervous System,journal,1.2060869565217391,,122
S65932378,Genetics,journal,5.177871148459384,,422
S66034498,Acta Neurologica Scandinavica,journal,0.5523255813953488,,160
S66039016,ACM SIGCOMM Computer Communication Review,journal,3.2580645161290325,,225
S66320806,Transfusion Medicine,journal,0.9172932330827067,,83
S66394278,German Politics,journal,2.3375,,55
S6672359,Revue des Maladies Respiratoires,journal,0.2311212814645309,,40
S66816338,Journal of Clinical Psychology in Medical Settings,journal,1.7215909090909092,,75
S66857027,Musicae Scientiae,journal,1.6224489795918366,,75
S67039580,Infant Behavior and Development,journal,2.711297071129707,,149
S67072002,Journal of Network and Systems Management,journal,4.459807073954984,,59
S67121968,Aquatic Invasions,journal,1.8571428571428572,,66
S67147237,American Journal of Orthodontics and Dentofacial Orthopedics,journal,2.0667678300455234,,224
S67154222,Oecologia,journal,2.158590308370044,,321
S67377460,Journal of Intellectual Disability Research,journal,1.5907780979827089,,161
S67393510,Angewandte Chemie International Edition,journal,14.803003217733286,,732
S67473218,Language Sciences,journal,1.4864864864864864,,95
S67507294,Peace and Conflict Journal of Peace Psychology,journal,1.0,,64
S67524285,Human Nature,journal,1.873015873015873,,113
S67703274,Journal of Religion and Health,journal,2.134193548387097,,96
S67716761,Journal of Alloys and Compounds,journal,5.985095812633073,,264
S67807940,ZAMM ‐ Journal of Applied Mathematics and Mechanics / Zeitschrift für Angewandte Mathematik und Mechanik,journal,3.347867298578199,,122
S67831204,Computer Graphics Forum,journal,2.1614906832298137,,167
S678965,Value in Health,journal,0.2866570775869363,,169
S67965910,International Journal of Surgery,journal,3.56763862332696,,133
S68090385,Allergy,journal,5.393483709273183,,251
S68231181,Visitor Studies,journal,1.5769230769230769,,36
S68240649,Cancer Prevention Research,journal,2.677725118483412,,132
S68257882,Communication Education,journal,2.135135135135135,,120
S68332911,TURKISH JOURNAL OF MEDICAL SCIENCES,journal,1.4308035714285714,,56
S68436342,Psychiatric Bulletin,journal,0.0,,72
S68503284,Journal of Community & Applied Social Psychology,journal,1.7294372294372293,,98
S6860681,Human Immunology,journal,1.011138613861386,,128
S68632876,Social Studies of Science,journal,2.5104166666666665,,167
S68667125,Heterocyclic Communications,journal,3.8125,,32
S68667861,Bautechnik,journal,0.3952991452991453,,28
S68719679,Vision Research,journal,1.9538461538461538,,287
S68724622,JAMA Ophthalmology,journal,4.32311320754717,,142
S68901728,Osteologie/Osteology,journal,0.0443213296398892,,12
S68913162,Journal of Information Science,journal,2.047872340425532,,110
S69210698,Evolutionary Psychology,journal,0.8554216867469879,,79
S69289175,Progress in Neurobiology,journal,4.280172413793103,,324
S69617268,Scandinavian Journal of Pain,journal,1.6516129032258065,,53
S69627091,Journal of School Psychology,journal,4.264423076923077,,166
S69759517,Srpski arhiv za celokupno lekarstvo,journal,0.2625482625482625,,30
S69977080,Romanticism,journal,0.0891089108910891,,22
S70010600,Information Communication & Society,journal,3.453781512605042,,173
S70053155,The Lancet Neurology,journal,15.565508021390375,,456
S70185877,Journal of Medical Ethics,journal,2.951492537313433,,131
S70513841,Addiction,journal,3.6232323232323234,,278
S70661765,Behavioral Sleep Medicine,journal,1.7083333333333333,,84
S70681891,Journal of Materials Engineering and Performance,journal,1.8611948236128346,,102
S70718007,Chaos Solitons & Fractals,journal,5.738210986874089,,200
S70907202,Geriatric Nursing,journal,2.273376159885796,,79
S70979998,Applied Microbiology and Biotechnology,journal,6.657546337157988,,332
S70995432,Journal of Technology in Human Services,journal,1.5,,51
S71144982,Psychological Medicine,journal,4.698770491803279,,332
S71149355,Molecular Psychiatry,journal,8.45536959553696,,320
S71191459,European Journal of Education,journal,4.872822299651568,,103
S71218591,Acta Politica,journal,1.9824561403508771,,84
S71285955,American Journal of Clinical Nutrition,journal,5.063583815028902,,498
S71291874,Ecotoxicology,journal,2.504878048780488,,129
S7140881,Journal of Virological Methods,journal,1.7697674418604652,,144
S71457257,Brazilian Journal of Psychiatry,journal,0.9201680672268907,,107
S71689608,International Journal of Bilingualism,journal,1.5129870129870129,,99
S71815470,Child and Adolescent Psychiatric Clinics of North America,journal,0.625615763546798,,113
S71860415,European Journal of Developmental Psychology,journal,2.1241379310344826,,75
S71913804,interactions,journal,2.147887323943662,,100
S71914880,Archaeological review from Cambridge,journal,0.0,,10
S71968408,Journal of Economic Psychology,journal,2.6423357664233578,,183
S71995303,Respiratory Medicine,journal,2.140565317035905,,174
S72188638,Experimental Hematology,journal,0.7881656804733728,,141
S72350973,Clinical Infectious Diseases,journal,5.558697972251868,,485
S72372694,Computational Intelligence and Neuroscience,journal,0.029850746268656716,,115
S7246984,Child Neuropsychology,journal,1.5517241379310345,,110
S7261370,Therapeutic Advances in Neurological Disorders,journal,3.9213836477987423,,92
S7265121,Medicina Intensiva,journal,0.4940944881889764,,51
S72684844,Journal of Animal Science,journal,0.8454945054945054,,268
S72772346,Human and Ecological Risk Assessment An International Journal,journal,1.8125,,107
S72851247,Modern Language Journal,journal,3.9646017699115044,,308
S72944096,Diabetic Medicine,journal,2.3801652892561984,,210
S73028643,Journal of Classification,journal,1.8979591836734695,,79
S73047979,International Journal of Urological Nursing,journal,0.5537190082644629,,17
S7325069,Cell Biology International,journal,3.146766169154229,,109
S733369,Basic and Applied Ecology,journal,3.7630522088353415,,120
S73374563,Learning & Memory,journal,3.053763440860215,,179
S73388012,Sex Roles,journal,3.272727272727273,,210
S73435037,The French Journal of Urology,journal,1.064039408866995,,41
S73564533,Psicologia Reflexão e Crítica,journal,2.55,,64
S73680622,Journal of Pensions Economics and Finance,journal,1.2619047619047619,,55
S73786128,Journal of Personality,journal,2.7896995708154506,,267
S7407050576,Flinders University Library Research Data,repository,0.0,,1
S7407050748,University of Edinburgh,repository,0.06560636182902585,,13
S7407050752,Faculty of 1000 Research Ltd,repository,0.0032906130931763078,,27
S7407050760,King's College London,repository,0.5517241379310345,,8
S7407050825,KU Leuven RDR,repository,0.08404802744425385,,3
S7407050887,UC San Diego,repository,0.008832881874926393,,8
S7407050898,JACOW,journal,0.1079429735234216,,20
S7407050956,Open Science Framework,repository,0.01411620294599018,,12
S7407051015,CDI B2Share,repository,0.03963133640552995,,5
S7407051053,DataverseNL,repository,0.1096938775510204,,8
S7407051089,"Tilburg University, Library & IT Services",repository,0.0,,2
S7407051112,Research Data Centre for Education at the DIPF,repository,0.32857142857142857,,4
S7407051277,E-Periodica,repository,0.001808590806330068,,78
S7407051289,ZHAW Digital Collection,repository,0.00463821892393321,,3
S7407051293,Publications Office of the European Union,repository,0.09087779690189329,,14
S7407051357,Edge Hill University,repository,0.019400352733686066,,10
S7407051372,University of Leicester,repository,0.00823045267489712,,3
S7407051487,UNC Dataverse,repository,0.016382014639247124,,5
S7407051488,UNC Libraries,repository,0.10729342327150085,,86
S7407051518,GESIS Data Archive,repository,0.2100371747211896,,30
S7407051534,Psychology Archives,repository,0.09924050632911392,,24
S7407051545,University Library Heidelberg,repository,0.012967581047381545,,44
S7407051576,George Mason University,repository,0.03220925205361003,,8
S7407051766,Classiques GARNIER,repository,0.0,,27
S7407052091,peDOCS,repository,0.05555555555555555,,30
S7407052114,Michigan State University Libraries,repository,0.05817556668647593,,25
S7407052290,National University of Singapore,repository,0.0063465783664459164,,63
S7407052443,Repositorio Datos de Investigación Pontificia Universidad Católica de Chile,repository,0.010135135135135136,,1
S7407052453,PubData,repository,0.04962243797195254,,5
S7407052515,Russian Agency for Digital Standardization,repository,0.038905775075987845,,17
S7407052721,Analysis & Policy Observatory,repository,0.22137404580152673,,20
S7407052835,Stanford Data Farm,repository,0.0023752969121140144,,2
S7407052875,Bayerisches Forschungsinstitut für Digitale Transformation (bidt),repository,0.0,,0
S7407052936,RODARE,repository,0.056638811513463325,,4
S7407052962,Max Planck Digital Library,repository,0.17737789203084833,,136
S7407052965,Open Science Lab,repository,0.0,,2
S7407052970,RepOD,repository,0.019111323459149548,,3
S7407052981,TIB Repositorium,repository,0.0003226639132679401,,15
S7407052985,Technische Universität Berlin – Universitätsbibliothek,repository,1.2417582417582418,,23
S7407052995,data_UMR,repository,0.00564652738565782,,10
S7407053000,Universitätsbibliothek Tübingen,repository,0.003995560488346282,,40
S7407053005,Universitäts- und Landesbibliothek Münster,repository,0.0024942440521872602,,11
S7407053010,EU PVSEC,repository,0.01937984496124031,,41
S7407053018,University of Chicago,repository,0.0,,1
S7407053046,University of Alberta Library,repository,0.0113544201135442,,49
S7407053062,Open Collections,repository,0.0026479274875241877,,51
S7407053148,Underline Science Inc.,repository,0.0007183416569747555,,1
S7407053152,Open Access CRIS of the University of Bern,repository,0.005703545271890596,,37
S7407053192,The University of Queensland,repository,0.10408921933085502,,42
S7407053236,Libra,repository,0.013575701794753797,,20
S7407053261,STAX,repository,0.013709677419354839,,14
S7407053503,Deutsche Sporthochschule Köln,repository,0.03225806451612903,,3
S7407055102,"Universitätsbibliographie, Universität Duisburg-Essen",repository,0.025146198830409357,,26
S7407055123,WU Research,repository,0.012583562721195438,,47
S7407055137,OpenAgrar,repository,0.010714285714285714,,42
S7407055148,Repository of Faculty of Mechanical Engineering and Naval Architecture University of Zagreb,repository,0.0,,17
S7407055182,ERA,repository,0.018295056442195406,,75
S7407055197,Repositório do ISCTE-IUL,repository,0.03320134023758757,,25
S7407055222,Pure Amsterdam UMC,repository,0.013597033374536464,,50
S7407055266,ASEP,repository,2.2,,37
S7407055304,Academic Production,repository,0.0,,8
S7407055359,Explore Bristol Research,repository,0.20967741935483872,,41
S7407055369,Lirias,repository,0.01151379336990959,,107
S7407055444,IRIS,repository,0.012459371614301192,,54
S7407055448,RUNE (Research UNE),repository,0.04367816091954023,,53
S7407055463,ResearchSpace (University of Auckland),repository,0.05761964735516373,,68
S7407055778,Global Perspectives in Communication,journal,0.35294117647058826,,1
S7407056020,piano b Arti e culture visive,journal,0.0,,0
S7407056237,Journal of Robustness Reports,journal,0.36363636363636365,,1
S7407056385,Institutional Repositories DataBase (IRDB),repository,0.0013845093185953729,,128
S7407056518,Excellence in Pediatrics Abstracts,journal,0.0,,0
S7407056939,Psychology and Cognitive Sciences,journal,0.011904761904761904,,1
S7407057166,Journal of Critical Study of Communication and Disability,journal,0.0,,1
S7407059372,Proceedings of the Amsterdam Colloquium,journal,1.803921568627451,,15
S7407060169,Eötvös Loránd Tudományegyetem,repository,0.034993270524899055,,7
S7407063269,open_UMR Marburg DSpace 10.0 (Philipps-Universität Marburg),repository,0.04113110539845758,,8
S7407063277,Research Commons (University of Waikato),repository,0.020793950850661626,,37
S7407063487,University of Aruba,repository,0.0,,0
S74080386,International Journal of Eating Disorders,journal,3.556348074179743,,222
S74425158,TURKISH JOURNAL OF VETERINARY AND ANIMAL SCIENCES,journal,0.8133333333333334,,35
S74612419,History of the Human Sciences,journal,1.0957446808510638,,60
S74622277,Journal of surgical education,journal,1.9605263157894737,,96
S74726891,Applied Intelligence,journal,4.182915506035283,,132
S74847328,Teachers College Record The Voice of Scholarship in Education,journal,1.5561797752808988,,184
S74970393,Global Change Biology,journal,10.398235664776308,,402
S75032094,International Journal of Advancements in Computing Technology,journal,0.0,,23
S75102731,Consciousness and Cognition,journal,2.2718446601941746,,167
S75142505,Chronobiology International,journal,2.0893246187363834,,147
S75150585,The Journal of Deaf Studies and Deaf Education,journal,1.9190476190476191,,112
S75230894,Cognitive and Behavioral Practice,journal,1.6231884057971016,,102
S75480959,Neurological Sciences,journal,1.975975975975976,,114
S75627607,Psychological Bulletin,journal,10.352941176470589,,654
S75702506,Gene,journal,2.951005025125628,,302
S75732244,Acta Endoscopica,journal,0.0,,17
S75832472,The Journal of Social Psychology,journal,2.045112781954887,,150
S7609525,Journal of Orthopaedic and Sports Physical Therapy,journal,4.5046728971962615,,199
S76304953,Investigative Ophthalmology & Visual Science,journal,3.568993074054342,,261
S76417895,Journal of Neuroscience Research,journal,2.560810810810811,,223
S76576941,Frontiers in Behavioral Neuroscience,journal,3.4098712446351933,,139
S766161,Cognitive Neurodynamics,journal,3.610752688172043,,69
S76633192,Journal of Business Ethics,journal,5.720430107526882,,370
S76728445,Social Science Quarterly,journal,1.4787234042553192,,128
S76739556,Archive of Applied Mechanics,journal,3.3769716088328074,,91
S76849566,Journal of Clinical Psychopharmacology,journal,1.7235023041474655,,162
S76877748,Public Administration Review,journal,3.5483870967741935,,251
S76880069,Implementation Science,journal,10.598173515981735,,207
S7689096,Anaesthesia,journal,3.9913606911447084,,204
S76900504,CHEST Journal,journal,0.6671607029430446,,410
S76910236,Ocean Engineering,journal,5.848577859627583,,174
S77085303,International Journal of Geriatric Psychiatry,journal,2.8646616541353382,,191
S77106123,Zeitschrift für Sprachwissenschaft,journal,1.1764705882352942,,41
S77368557,Health and Quality of Life Outcomes,journal,3.1548556430446193,,182
S77418581,Solid-State Electronics,journal,1.4961439588688945,,173
S77494981,PEDIATRICS,journal,4.730110159118727,,517
S77581241,Insect Science,journal,2.351785714285714,,79
S77883392,Language Culture and Curriculum,journal,3.0,,72
S78012151,Asia-Pacific Psychiatry,journal,1.2033898305084745,,47
S78119372,Physics of Life Reviews,journal,3.7442528735632186,,95
S78120914,Neurobiology of Learning and Memory,journal,1.8795811518324608,,157
S78280016,International Journal of Conflict Management,journal,1.7605633802816902,,91
S78398831,Learning and Instruction,journal,6.097251585623678,,201
S7858788,Analytical Biochemistry,journal,3.342908438061041,,408
S78735424,Cognitive Science,journal,1.6071428571428572,,249
S78750095,Psychosomatic Medicine,journal,1.4908536585365855,,295
S78787406,Archiv des öffentlichen Rechts,journal,0.049019607843137254,,17
S79054089,BMJ Open,journal,2.4085630091870343,,243
S79131028,Trends in Ecology & Evolution,journal,7.808791208791209,,513
S79233773,Medical Care,journal,1.826086956521739,,274
S79397681,Human Development,journal,1.8059701492537314,,129
S79415054,Psychologist,journal,0.0,,24
S79519963,International Affairs,journal,4.217731421121251,,245
S79535635,Child Development Perspectives,journal,5.631578947368421,,134
S79551877,ACM Transactions on Accessible Computing,journal,4.490909090909091,,53
S79564839,International Journal of Modelling and Simulation,journal,5.194756554307116,,43
S79587319,Journal of Experimental Psychology Applied,journal,0.7166666666666667,,130
S79704628,Neurology,journal,1.1427617298380364,,527
S79832926,Electroanalysis,journal,2.3422818791946307,,154
S80033963,Open Biology,journal,4.2612903225806456,,112
S80045625,Journal of Asian Earth Sciences,journal,2.063169164882227,,170
S80123269,Inquiry Critical Thinking Across the Disciplines,journal,0.3333333333333333,,27
S80146597,American Psychologist,journal,3.4297945205479454,,506
S80184758,Journal of the American Helicopter Society,journal,1.4,,70
S80299544,Advances in Psychiatric Treatment,journal,0.0,,79
S80334769,Psychopharmacology,journal,2.9984202211690363,,288
S80480649,ergoscience,journal,0.0,,6
S80523760,Archives of Ophthalmology,journal,0.0,,312
S80542075,Aging Neuropsychology and Cognition,journal,2.4146341463414633,,84
S80660208,Biological Conservation,journal,4.1802197802197805,,325
S8081180,Preventive Medicine,journal,3.5172413793103448,,261
S80967739,Ecology Letters,journal,6.670571010248902,,392
S80991962,Neurorehabilitation,journal,1.5873925501432664,,97
S81071032,Group Processes & Intergroup Relations,journal,3.4833333333333334,,123
S81120478,Cognitive Neuropsychology,journal,1.3617021276595744,,139
S81166593,Zeitschrift für Klinische Psychologie und Psychotherapie,journal,0.4846153846153846,,52
S8119441,Brain Research Bulletin,journal,3.41735918744229,,204
S81330422,Health Education Research,journal,1.8467153284671534,,156
S81474683,Behavioural Brain Research,journal,2.833059210526316,,252
S81563257,Developmental & Comparative Immunology,journal,1.7907869481765835,,162
S81624066,Journal of Mathematical Chemistry,journal,2.4173553719008263,,83
S81674035,Injury Prevention,journal,1.804494382022472,,125
S81718308,Measurement in Physical Education and Exercise Science,journal,1.2542372881355932,,62
S81924583,Psychoneuroendocrinology,journal,1.978702807357212,,255
S81947917,Journal of Fluorine Chemistry,journal,1.032490974729242,,111
S82098733,Journal of Applied Ecology,journal,4.087056128293241,,317
S82137956,Asian American Journal of Psychology,journal,0.8029197080291971,,57
S82148420,Oman Medical Journal,journal,0.48985507246376814,,65
S82332189,Clinical Psychology Science and Practice,journal,1.0642201834862386,,152
S82334308,Language Learning,journal,3.6783625730994154,,227
S82452678,Systematic Reviews,journal,5.515186915887851,,140
S82595977,BMC Neuroscience,journal,3.9384615384615387,,136
S82722058,Canadian Journal of Physiology and Pharmacology,journal,2.271604938271605,,143
S82774605,Hearing Research,journal,2.3076923076923075,,193
S82984449,Educational Measurement Issues and Practice,journal,2.084507042253521,,99
S8329894,Child and Adolescent Mental Health,journal,2.242152466367713,,93
S83504141,Women & Health,journal,1.8707865168539326,,96
S83616544,Social Justice Research,journal,1.64,,93
S83637746,IEEE Journal of Solid-State Circuits,journal,3.7045454545454546,,303
S83651209,Journal of Hepatology,journal,2.2515689678194684,,382
S83853393,International Journal of Biological Macromolecules,journal,8.56057254391672,,272
S84022812,World Patent Information,journal,2.7770700636942673,,52
S84027950,Studies in Second Language Acquisition,journal,4.269035532994923,,196
S84074229,Psychiatry Research,journal,4.392378263937897,,251
S84156235,American Journal of Orthopsychiatry,journal,3.4440298507462686,,182
S84268765,The Journal of Positive Psychology,journal,2.908296943231441,,146
S8427965,Biomedical Signal Processing and Control,journal,4.753177531775318,,152
S84398851,Noise and Health,journal,1.393103448275862,,63
S84525459,Journal of Safety Research,journal,3.8265765765765765,,138
S84664706,Personnel Psychology,journal,3.2641509433962264,,265
S84742693,The Journal of Roman Studies,journal,0.02952029520295203,,144
S84764624,Belgian Journal of Linguistics,journal,260.0,,38
S84775595,IEEE Transactions on Visualization and Computer Graphics,journal,3.792929292929293,,207
S84784070,Literary and Linguistic Computing,journal,0.0,,71
S84867234,International Journal of Biometeorology,journal,3.300148588410104,,142
S84989246,Technology Pedagogy and Education,journal,3.4791666666666665,,79
S8500805,Computational Statistics,journal,1.3517441860465116,,67
S85012985,Journal of Cognition and Development,journal,1.2357723577235773,,92
S85016161,Journal of Stored Products Research,journal,3.397911832946636,,116
S8524894,Problems of Post-Communism,journal,2.2314814814814814,,50
S85265705,The Journal of Creative Behavior,journal,3.879166666666667,,108
S85421537,Ethics & Behavior,journal,2.556701030927835,,72
S85644695,Roeper Review,journal,1.2465753424657535,,81
S85680040,Language Learning and Development,journal,0.8333333333333334,,70
S85864898,Journal of Neurotrauma,journal,3.1812627291242364,,218
S85888571,Critical Reviews in Plant Sciences,journal,11.45945945945946,,186
S86016331,Journal of Literary Theory,journal,1.037037037037037,,25
S86033158,PLoS Computational Biology,journal,4.159335727109515,,289
S86037174,Pastoral Psychology,journal,0.9360902255639098,,53
S86063550,Aphasiology,journal,1.9193548387096775,,108
S86137544,Biological reviews/Biological reviews of the Cambridge Philosophical Society,journal,11.06027397260274,,303
S86329351,Indian Journal of Animal Research,journal,0.3794642857142857,,21
S86387881,The Laryngoscope,journal,1.7498813478879924,,239
S86512602,Desalination,journal,10.18661971830986,,281
S86558740,Development,journal,3.5415896487985212,,472
S86567873,Brittonia,journal,0.6101694915254238,,110
S86605427,Language and Cognition,journal,1.7307692307692308,,50
S86852077,The Science of The Total Environment,journal,11.289813836273474,,491
S86871763,Sports Health A Multidisciplinary Approach,journal,2.6509695290858724,,98
S87117105,The Journal of Early Adolescence,journal,1.2054794520547945,,123
S87202501,European Psychiatry,journal,0.35050270688321733,,144
S8722945,Chemical Senses,journal,2.4893617021276597,,147
S87240457,Acta Mechanica,journal,3.8513119533527695,,122
S87328381,Journal of Occupational and Organizational Psychology,journal,4.401606425702811,,189
S87560609,Evolution,journal,2.6016528925619835,,375
S87561820,Environmental Science and Pollution Research,journal,5.9435648220724255,,265
S87620869,Journal of Studies on Alcohol and Drugs,journal,1.2551319648093842,,106
S87719511,Regulatory Toxicology and Pharmacology,journal,3.5092024539877302,,154
S87781914,Research in Autism,journal,1.839679358717435,,135
S87914957,Journal of Child and Family Studies,journal,1.946218487394958,,141
S87930725,Journal of Applied Entomology,journal,1.4436781609195402,,95
S87940674,Materials science forum,book series,2.193103448275862,,102
S87982657,Nederlandsch tijdschrift voor geneeskunde/Nederlands tijdschrift voor geneeskunde/NTvG-databank,journal,0.0,,8
S8802318,Annals of the New York Academy of Sciences,journal,3.618915159944367,,399
S88061139,International Journal of Control,journal,1.1338912133891212,,186
S88198767,Cognition,journal,2.917539267015707,,356
S88603889,New Media & Society,journal,4.620790629575403,,212
S88763227,Psychology and Health,journal,1.7757847533632287,,142
S88795315,Cognitive Brain Research,journal,0.0,,176
S88884646,Japanese Psychological Research,journal,0.8222222222222222,,53
S88978795,Team Performance Management,journal,2.375,,59
S8901149,The Canadian Journal of Psychiatry,journal,3.614785992217899,,185
S89276529,ACM Transactions on Computer-Human Interaction,journal,6.857142857142857,,145
S89333158,Engineering With Computers,journal,3.9305263157894736,,107
S89339265,Journal of Cerebral Blood Flow & Metabolism,journal,3.9945945945945946,,285
S89389284,European Journal of Marketing,journal,4.711974110032362,,232
S89452420,Mathematical Methods in the Applied Sciences,journal,1.8384647827920708,,109
S89525197,Experimental Aging Research,journal,1.3448275862068966,,87
S89564548,BIBLIOTHEK Forschung und Praxis,journal,0.425531914893617,,15
S8962223,Journal of Aircraft,journal,1.5948616600790513,,139
S89660639,Psychomusicology Music Mind and Brain,journal,0.0,,51
S89717723,International Journal of Comparative Sociology,journal,1.632,,78
S8983540,Revue Romane Langue et littérature International Journal of Romance Languages and Literatures,journal,0.12698412698412698,,19
S902750600,The Electronic Library,journal,3.2642857142857142,,71
S90347677,Quality of Life Research,journal,3.3367609254498714,,231
S90466346,Interactive Learning Environments,journal,5.100961538461538,,122
S90519018,Infant and Child Development,journal,1.2808510638297872,,89
S90526950,Analyses of Social Issues and Public Policy,journal,1.5470588235294118,,60
S90591482,International Urogynecology Journal,journal,1.5049683830171634,,133
S90626604,European Journal of Trauma and Emergency Surgery,journal,2.3752886836027716,,68
S90670110,Annual Review of Psychology,journal,15.014285714285714,,406
S90678448,The Canadian Journal of Sociology,journal,0.0,,166
S90721015,The Japanese journal of psychology,journal,0.3368421052631579,,38
S90745127,Journal of Thoracic Oncology,journal,1.1754880257597102,,224
S90791864,Monthly Weather Review,journal,1.7254408060453401,,320
S90816027,American Journal of Men s Health,journal,2.5416666666666665,,78
S91067379,Cardiovascular Research,journal,4.701401050788091,,299
S91213080,The Economists Voice,journal,1.0253164556962024,,24
S91354186,Copeia,journal,0.0,,209
S91386000,Applied Cognitive Psychology,journal,1.486910994764398,,160
S91639875,International Studies Quarterly,journal,4.350819672131148,,179
S91660768,Philosophical Transactions of the Royal Society B Biological Sciences,journal,9.195098963242224,,423
S91696817,Physiological Reports,journal,2.134137686302342,,83
S91713211,Wuhan University Journal of Natural Sciences,journal,0.5950920245398773,,31
S91771295,Violence and Victims,journal,0.6577181208053692,,139
S9181514,Behavioural Pharmacology,journal,1.3615384615384616,,109
S9211381,Creativity Research Journal,journal,5.5,,142
S92370695,British Journal of General Practice,journal,1.3835616438356164,,125
S92508993,International Journal of Social Psychiatry,journal,2.1962025316455698,,115
S92522684,Journal of the Academy of Marketing Science,journal,9.907692307692308,,292
S9267903,Learning and Individual Differences,journal,5.995305164319249,,151
S92682373,The Psychological Record,journal,1.1965811965811965,,93
S92688875,Annals of Behavioral Medicine,journal,3.0661157024793386,,186
S92692057,American Journal of Hospice and Palliative Medicine®,journal,1.2601626016260163,,86
S92695244,Andamios,journal,0.37222222222222223,,23
S92747870,Revue d Épidémiologie et de Santé Publique,journal,0.0,,43
S92766711,Frontiers in Psychiatry,journal,3.3115069812229176,,193
S92895470,Review of Educational Research,journal,5.953642384105961,,321
S92959288,School Mental Health,journal,3.2190812720848054,,72
S93028289,Community Work & Family,journal,1.311377245508982,,73
S93143966,Biological Procedures Online,journal,3.4384615384615387,,65
S93284759,Journal of Business Research,journal,9.824366110080396,,399
S93319263,Corpus Linguistics and Linguistic Theory,journal,1.7142857142857142,,55
S93354060,Australian Veterinary Journal,journal,1.0118343195266273,,125
S93356601,American Journal of Respiratory and Critical Care Medicine,journal,0.5897256794513589,,509
S93508928,Journal of Addictive Diseases,journal,1.6304347826086956,,83
S9351502,Journal of Fish Biology,journal,1.6323119777158774,,193
S93520703,Global Health Promotion,journal,0.8783783783783784,,56
S93630570,Journal of Product Innovation Management,journal,5.640243902439025,,242
S93676754,The Modern Language Review,journal,0.009554140127388535,,174
S93921930,Banko Janakari,journal,0.6,,21
S939220348,European Science Editing,journal,1.2857142857142858,,12
S93932044,Exceptional Children,journal,2.317073170731707,,168
S94011184,Journal of Applied School Psychology,journal,0.525,,53
S94020291,Sexual & Relationship Therapy,journal,0.7569444444444444,,68
S94083415,Journal of Behavioral Finance,journal,1.646341463414634,,67
S94210703,Neuropsychiatrie,journal,1.10752688172043,,24
S9424914,Statistics & Probability Letters,journal,0.6604046242774566,,106
S94313546,Colloids and Surfaces A Physicochemical and Engineering Aspects,journal,5.52770618556701,,227
S94345546,CBE—Life Sciences Education,journal,4.738636363636363,,125
S94429145,International Journal of Earth Sciences,journal,2.163090128755365,,137
S94432539,Applied Ergonomics,journal,3.8414872798434443,,183
S94499970,Energy Economics,journal,12.446481665014867,,292
S94520284,Journal of Psychosomatic Obstetrics & Gynecology,journal,2.8476190476190477,,99
S94610253,BMC Psychiatry,journal,4.316927169936814,,199
S94618750,Teaching and Teacher Education,journal,4.742497579864472,,248
S94619837,Small,journal,8.69119040101042,,348
S94640471,Reading and Writing,journal,1.9210526315789473,,130
S9470471,English Studies,journal,0.21160409556313994,,53
S94746221,Health Promotion International,journal,4.3169877408056045,,146
S9475327,Polish Psychological Bulletin,journal,0.9056603773584906,,33
S94854268,The journal of nutrition health & aging,journal,4.849194729136164,,123
S948795172,Advances in Clinical and Experimental Medicine,journal,1.9611650485436893,,62
S94901319,Journal of Spatial Information Science,journal,2.625,,29
S94908168,Higher Education,journal,4.522569444444445,,199
S94971995,Educational Policy,journal,2.4615384615384617,,94
S951647178,Zeitschrift für Bibliothekswesen und Bibliographie,journal,0.016304347826086956,,9
S95395365,Molecular Medicine Reports,journal,5.25211097708082,,113
S95691132,British Journal of Political Science,journal,3.3553113553113554,,188
S95739953,The Journal of Physical Chemistry C,journal,3.6849579242636747,,371
S95770868,Clinical Neuropathology,journal,0.6901408450704225,,41
S95818940,Datenschutz und Datensicherheit - DuD,journal,0.11380145278450363,,21
S95854419,Spinal Cord,journal,1.7751677852348993,,163
S95965737,Journal of Sports Sciences,journal,2.9531963470319633,,214
S96031117,Isokinetics and Exercise Science,journal,1.011764705882353,,45
S960608072,Journal of International Management,journal,3.3617021276595747,,111
S96095673,British Journal of Educational Psychology,journal,4.038022813688213,,174
S96254641,Cognitive Systems Research,journal,3.7761194029850746,,87
S9652748,International Journal for the Psychology of Religion,journal,2.5444444444444443,,78
S96544531,Applied Economics Letters,journal,1.1507150715071508,,97
S96638545,Brain Research,journal,3.270248596631917,,399
S96699677,Maternal and Child Health Journal,journal,1.5854214123006833,,142
S96708334,Journal of Family Theory & Review,journal,2.486631016042781,,77
S96839988,European Psychologist,journal,1.635135135135135,,105
S96868337,Journal of Nursing Care Quality,journal,0.8978723404255319,,73
S96871409,European Urology,journal,1.379144641999039,,326
S96873385,Spectrochimica Acta Part A Molecular and Biomolecular Spectroscopy,journal,4.865654474350126,,191
S9692511,Frontiers in Psychology,journal,3.457182208539253,,308
S96961628,The International Journal of Biostatistics,journal,1.0526315789473684,,59
S96975567,Frontiers in Neurology,journal,2.8794185156847742,,162
S97033246,Equality Diversity and Inclusion An International Journal,journal,2.46,,59
S97042997,Jahrbücher für Nationalökonomie und Statistik,journal,1.22,,46
S971171794,Applied Acoustics,journal,5.002127659574468,,131
S9733372,Theory Into Practice,journal,2.414141414141414,,130
S97426521,Neuropsychology,journal,1.1921708185053381,,187
S97434221,Frontiers in Systems Neuroscience,journal,1.3484848484848484,,133
S97575921,Cellular & Molecular Biology Letters,journal,9.728601252609604,,87
S975761300,PS Political Science & Politics,journal,1.8308157099697886,,113
S97866008,Media Psychology,journal,2.4017094017094016,,117
S98026630,Food Chemistry,journal,9.499611432518781,,398
S9803440,Journal of the International Neuropsychological Society,journal,2.077294685990338,,177
S98137347,Conservation Biology,journal,4.037156704361874,,339
S98183460,IEEE Transactions on Neural Systems and Rehabilitation Engineering,journal,5.731985940246045,,190
S98289679,British Journal of Developmental Psychology,journal,1.9608938547486034,,141
S98355519,Poetics,journal,2.4427480916030535,,119
S983763965,Journal of Marital and Family Therapy,journal,1.3052208835341366,,115
S98538415,Kind en adolescent,journal,0.0,,17
S9856456,International Political Science Review,journal,1.871212121212121,,106
S98741722,L’Année psychologique,journal,0.4,,47
S9877893,Natural Areas Journal,journal,0.7593984962406015,,53
S98834204,Nursing Forum,journal,1.186046511627907,,80
S9889374,Tizard Learning Disability Review,journal,0.8979591836734694,,33
S991052871,Ceramics technical,journal,0.0,,4
S99313352,British Food Journal,journal,3.645083932853717,,139
S99400149,Journal of Health Care for the Poor and Underserved,journal,0.9591194968553459,,95
S99462834,Heredity,journal,2.7401960784313726,,212
S99546260,Journal of physiotherapy,journal,2.006849315068493,,94
S99574856,Journal of Genetic Counseling,journal,1.9697624190064795,,81
S996012213,Psychology Public Policy and Law,journal,0.8706896551724138,,95
S99753134,Cognitive Processing,journal,1.7047619047619047,,74
S997572834,MCN The American Journal of Maternal/Child Nursing,journal,0.8177966101694916,,72
S99765469,Public Archaeology,journal,0.5555555555555556,,34
S998751717,The Classical World,journal,0.04838709677419355,,200
S99909709,Urban forestry & urban greening,journal,5.99057412167952,,165
